,index,idiomatic_version
0,0,"text='Над пустынными улицами Петербурга скользили неясные облака, словно тени на темном полотне; клочья облаков быстро меняли свои формы и места, как бы призывая друг друга. Тусклый светящийся объект неопределенной формы плыл по небу без четкого контура; сверху брезжил мягкий свет, освещая металлические крыши и дымовые трубы. Здесь протекала зеленовато-серая Мойка; трёхэтажное строение с пятью белыми колоннами выделялось на берегу, а сверху вздымались архитектурные элементы. Солдат Её Величества в блестящем шлеме со златом шагал спокойно по улицам; его серебряный знак - голубь с развернутыми крыльями - светился на его каске. Николай Аполлонович, предварительно распахнув парфюм и сбрив щетину, прогуливался у берега Мойки, укрывшись меховым пальто; его голова пряталась под воротником одежды, а глаза отражали свет странно. Его душа кипела тайными волнениями без определённого названия; одновременно страшное и приятное чувство направляло его в неизвестные места. Он размышлял: возможно ли, что это любовь? В памяти вспыхнули воспоминания: ночью, под туманом, он быстро вышел из дома, намереваясь отправиться к чугунной переправе... Ощутив дрожь, Николай Аполлонович заметил, как мимо пронесся пучок света: черная повозка императора проехала рядом с окнами дома, везя ярко-красные фонари; их отражение появилось на воде Мойки и исчезло в туманной области.' ratio=9.5"
1,1,"text='Кирпично-розовый дворец возвышался среди голых деревьев, их ветви, словно тихие порывы ветра, растягивались к небесам и колебались, пытаясь ухватить проплывающие облака; каркая, ворона взметнулась высоко над облаками и некоторое время парила, после чего стремительно спустилась обратно. Экипаж проезжал через этот район. На фоне площади отчетливо выделялась конная скульптура; гости города редко обращали на неё внимание, хотя эта фигура была величественной и неприступной. Сам монарх воздвиг памятник своему знаменитому предку; он проживал во дворце красного кирпича, где прожил недолго. Возможно, круглая белая голова с завитыми волосами проявлялась возле узкого окна; человек внимательно смотрел сквозь стекло, либо теряясь в мягких оттенках заката, либо фиксируя серебристое мерцание света месяца среди густой листвы. Под его окном дежурил солдат с треугольной шляпой; он отдавал честь, когда золотой грудью проходил мимо генерал, направляясь к украшенной картинами повозке; рядом стоял высокий возница на высоком сиденье экипажа; за ними находились черные слуги. Павел Петрович снова огляделся и продолжил беседу с изнеженной фрейлиной, одетой в прозрачную ткань; она улыбалась, на щеках её появились небольшие впадины от родинок. В ту ночь пространство освещал лунный свет, который блестел даже на маленьком изображении купидона; на подушке уже виднелись очертания головы лежавшего человека; у часов звучали удары; вскоре послышались шаги… Прошло лишь несколько секунд — постель оказалась помятой: простыни еще сохраняли тепло тела; за изголовьем кровати склонились молодые офицеры с обнаженными саблями; кто-то пытался открыть дверь; слышался плач женского голоса; бледнолицый офицер поднял край шторы; и за прозрачной тканью окна проявилось смутное очертание дрожащей тени. Откуда-то доносились звуки боя часов; неподалеку слышались удаляющиеся шаги.' ratio=10.0"
2,2,"text='Вечер. Легкая дымка накрывает небеса, скрывая их от взгляда. В древние времена верили, что над облаками обитает главный бог — бесстрастный свидетель всего происходящего. Сейчас мы знаем, что выше облаков лишь прозрачная синевы и пустота космоса. Теперь же я теряюсь в догадках относительно того, что скрывается за пределами видимости, поскольку получил множество новых знаний. Полностью убежденное знание эквивалентно верованию. Раньше я был уверен во всем касающемся меня самого, но теперь впервые осознаю своё отражение в зеркале с остротой и ясностью. Впервые внимательно смотрю на собственное лицо и удивленно воспринимаю себя как другого человека. Передо мной человек с чёрными ровными бровями и вертикальной морщиной между ними (раньше я её не замечал). Серые глаза имеют стальной оттенок, под ними темные круги от бессонницы. По моему взгляду не видно моих настоящих чувств и переживаний, и ранее я их не понимал. Изнутри сознания, смотрящего на мое изображение, появляется твердая уверенность, что этот отражённый мужчина чужд мне самому — мы впервые видим его. Настоящий же я — другой. Всё перечисленное бессмысленно и является результатом недавних неприятных переживаний после употребления некоего отравляющего вещества накануне вечером. Записываю это исключительно ради демонстрации того, насколько необычным образом способен ошибаться логичный человеческий разум — то, что может объяснить непонятную древним бескрайнюю даль, представив её понятной и доступной с помощью числовых обозначений. R-13. К слову, я доволен его приходом: мне бы не хотелось сейчас оставаться одному.' ratio=7.0"
3,3,"text='Она облачилась в стилизацию древнего века: элегантное чёрное платье подчеркивало её неподвижные, обнажённые плечи и грудь, а также выделяло белоснежные зубы, казавшиеся исключительно яркими. Она села и принялась играть. Её исполнение отличалось хаотичностью и нервозностью, отражающей характер её эпохи. Она играла беспорядочно, без какой-либо структурированности. Остальные вокруг были согласны друг с другом и весело смеялись. Однако некоторые из присутствующих испытывали смутное недовольство, и я тоже задумался над причиной своего смеха. Эпилепсия — это болезнь души, вызывающая страдания. Вначале боль медленно нарастает, становясь всё сильнее. Постепенно приходит осознание болезненного состояния. Затем появилось ощущение жгучего света — яркого и вспышечного, резко отличающегося от обычного спокойствия. Это чувство заставило её снять одежду и разорвать её на куски. Сидящий рядом человек взглянул в мою сторону и усмехнулся. Один момент запомнился мне ясно: я заметил маленький пузырёк слюны, появившийся и тут же исчезнувший на его губах. Наблюдение этого явления вернуло мне ясность сознания. Подобно остальным, я воспринимал лишь бессмысленный шум струн музыкального инструмента. Я улыбался, чувствуя облегчение и спокойствие. Лекционный материал дал реалистичное представление о событиях того периода, вызвав смех слушателей. После прослушивания современной музыки, демонстрируемой специально для сравнения с предыдущей, я ощутил удовольствие от чёткости структуры музыкальных произведений, построенных по строгим научным принципам, включающим элементы математики и физики. Ощущалась мощь порядка и гармонии современной музыки, противопоставляемой примитивному искусству прошлого, лишённому каких-либо ограничений, кроме собственных вымышленных представлений авторов. Все покинули зал парами по четыре человека, двигаясь организованно через большие выходы. По пути мимо прошёл знакомый человек с необычной фигурой — его тело выгнулось в двух направлениях одновременно; я уважительно приветствовал его кивком головы.' ratio=10.0"
4,4,"text='Всё это Рутилов произносил, как всегда, бодрым голосом и оживлённо, улыбаясь. Однако он был худым человеком, производящим впечатление слабого и болезненного, несмотря на новую и модную шляпу, из-под которой были видны редкие светлые коротко стриженные волосы.\n– Ну, разве же втрое! – слабо возразил Передонов, снимая и вытирая золотые очки.\n– Но это же правда! – вскричал Рутилов. – Ты смотри внимательно, пользуйся моментом, пока я жив, потому что после моей смерти станет сложнее найти невесту, подходящую именно тебе. Каждая из моих дочерей охотно согласилась бы выйти за тебя.\n– Здесь действительно многие испытывают ко мне симпатию, – угрюмо похвалился Передонов.\n– Вот видишь, значит используй ситуацию, – советовал Рутилов.\n– Самое важное для меня, чтобы девушка не была худощавой, – с грустью в голосе сказал Передонов. – Лучше пусть будет полной.\n– Тебе совершенно не стоит волноваться по этому поводу, – энергично уверял Рутилов. – Сейчас мои дочери уже достаточно полноваты, а если кто-то ещё недостаточно полная, это временно. После замужества они станут ещё пышнее, посмотри хотя бы на мою старшую дочь Ларису.\n– Я бы хотел вступить в брак, – сказал Передонов, – но опасаюсь, что моя жена Варя устроит крупный конфликт.\n– Поскольку боишься конфликта, поступи так, – предложил Рутилов с лукавой улыбкой: – сегодня же заключай брачный союз, лучше сделать это немедленно. Вернешься домой с молодой супругой, проблема разрешится сама собой. Действительно, хочешь, я всё организую прямо завтра вечером? И выберешь любую девушку.\nПередонов внезапно начал громко и резко смеяться.\n– Значит, соглашаешься? Заключаем сделку? – поинтересовался Рутилов.\nПередонов также внезапно прекратил смех и мрачно прошептал тихим голосом:\n– Она расскажет обо всём, эта негодяйка.\n– Ей нечего рассказывать, ничего, о чем стоит рассказывать, не произойдёт, – успокаивал Рутилов.\n– Или отравит, – испуганно бормотал Передонов.\n– Просто доверься мне во всех вопросах, – убедительно настаивал Рутилов, – я обеспечу всё аккуратно и продуманно.\n– Без приданого я вступать в брак не намерен, – раздражённо выкрикнул Передонов.\nНовое резкое изменение темы разговора не смутило Рутилова. Он ответил столь же вдохновенно:\n– Странный человек, разве мои дочери лишены приданого? Так что, согласен ты или нет? Я пойду заниматься подготовкой. Запомни, нельзя говорить кому-либо об этом деле, понял?\nРутилов пожал руку Передонова и поспешил прочь. Передонов молча наблюдал за ним. Девушки Рутилова вспомнились ему весёлыми и насмешливыми. Непристойная мысль вызвала мимолетную непривлекательную ухмылку на губах Передонова, тут же исчезнувшую. В нём возникло неясное чувство тревоги.' ratio=7.0"
5,5,"text='Вспоминаю простую жизненную ситуацию и превращаю ее в увлекательную историю, ведь я — поэт. Активность или пассивность, невзирая на обстоятельства, неотъемлемо становятся частью моего творчества. Случайности формируют ход событий, но начинают нужно с тех моментов, которые достойны восхищения и эстетического удовольствия. Красота проявляется в здоровье, юности и жизнерадостности, а природные красоты — в прозрачной воде, ярком светиле и тепле летнего времени года. Летний день был ясным и жарким, солнце играло на реке Скородень. Прозрачная вода и яркий свет звенели и поднимали дух благодаря теплым лучам, расширенному пространству, прихотливому дуновению ветра и множеству птиц, а также двух сестричек, купающихся в реке. Елисавета и Елена, родные близняшки, обнаженно играли на берегу Скороденского манежа, создавая радость благодаря хорошей погоде и своей необычной красоте. Их тела блестели от прохлады воды, улыбки их светились желанием активности, разговоров и развлечений. В беседе они заговорили о мужчине, который таинственно привлекал их воображение. Дочери богатого хозяина поместья, Елисавета и Елена, любили этот участок реки, где купались, — он прилегал к древнему саду дома их отца. Возможно, они особенно уютно чувствовали себя здесь благодаря ощущению владения быстрой течью воды и песчаным берегом под ногами. Они свободно бродили и играли в воде, чувствуя уверенность и свободу владелиц с рождения. Человек не знает границ своей власти, но счастлив он, кто уверен в своем положении!' ratio=10.0"
6,6,"text='Дом расположен на окраине города, в районе, известном как Расчески. Здесь виднеются строгие ряды многоквартирных зданий, с интервалами бетонных двориков для игр местных юнцов. Белые постройки, усеянные множеством окон, выглядят как один большой строительный блок. Между ними расстилаются пустующие земли, обрамленные оградами. Разрушенные фрагменты привлекают больше внимания детей, чем эти дворики для игр. \n\nМежду районами жилых зданий и пустырей стоит отдельно стоящий Серый дом, как будто он не принадлежит этому времени. Он старый, воспринимается скорее как следствие разрушения прежних построек, чем как часть современного жилища. Другие дома раскинулись вдали от него. Три этажа Серого дома обращены к дороге, а внутренний двор ограничивается металлической сетью. Раньше белый дом теперь покрыт серыми пятнами снаружи и желтыми внутри. Крыша увенчана антенной и тяжелыми проводами, стены облеплены мелкими кусочками штукатурки и треснуты от времени. Рядом находятся гаражи, подсобные помещения, контейнеры для мусора и будки для собак. Во дворе всё выглядит заброшенным. Передняя сторона дома лишена каких-либо украшений и напоминает неуклюжую статую. \n\nЖители окрестности испытывают неприязнь к этому дому, хотя никто открыто не высказывает своего недовольства. Большинство предпочитают жить подальше от него и мечтают о его исчезновении.' ratio=13.0"
7,7,"text='Оказалось, что каждый человек, стремящийся обратить на себя внимание, является эгоистичным субъектом с негативными качествами, способным совершать любые поступки и переоценивающим собственные достоинства, тогда как фактически этот человек совершенно незначителен. Самоуверенный и тщеславный человек. Что-то похожее. Сип прочитал рассказ про птицу, желавшую казаться лучше, чем была. Затем стихотворение о животном, утонувшем вследствие собственного неразумия. После этого он захотел исполнить ещё одну песню аналогичного содержания, однако его больше никто не слушал. Лицо Сипа изменилось от гнева, он заплакал и умолк. Его поблагодарили, дали салфетку, прикрыли книгой и предложили другому ученику продолжить выступление.' ratio=10.0"
8,8,"text='Недавно он был бодрым и энергичным человеком: словно кот на крыше, легко стоял на руках, поднимая тело вверх ногами и перемещаясь плавно, как парус. Зубами мог поднять стул, а руками — порвать канат, сверкающие от напряженных мышц. Его тело бурлило энергией, желанием прыгнуть через ограду или раскачать столб, одним словом — совершить впечатляющий поступок, как любили говорить в молодости. Сейчас что-то изменилось: словно механизм слегка испортился. Он начал сутулиться и признался другу Подтягину, что мучается бессонницей. Ночью накануне понедльника плохо спал, проведя двадцать минут в компании непристойного человека в остановившемся лифте. Утро следующего дня началось тяжело: долгое время сидел голым, держа вытянутые прохладные руки между коленями, пораженный осознанием, что снова должен будет одеть рубаху, носки, брюки — вещи пропитанные потом и грязью, казавшиеся неприятной обязанностью. Подобное чувство вызывало у него воспоминание о цыганском пуделе, выглядящем ужасающе жалко в человеческой одежде. Частично апатия объяснялась отсутствием работы. За прошедшую зиму удалось скопить небольшую сумму денег, от которой осталось около двухсот марок, потому что последние месяцы были затратными.\n\nВ предыдущем году, прибыв в Берлин, он быстро устроился на работу и продолжал трудиться вплоть до января, выполняя разнообразные задания: испытывал тяжесть утренних поездок на завод; чувствовал боль в ногах после десяти километров беготни с подносом среди ресторанных столов заведения «Пир Горой». Занимался также посредничеством, предлагая любые товары, какие попадались под руку — будь то баранки, средство для укладки волос или драгоценности. Он ничего не отвергал: неоднократно зарабатывал продажей собственной тени, как многие из нас. Иными словами, участвовал в массовке киносъемок за городом, где огромные прожекторы, направленные на группу статистов, ярко освещали лица людей своим ярким резким светом, создавая ощущение дискомфорта и стыда. После завершения съемки контракт считался выполненным, и заработанная сумма расходовалась.' ratio=10.0"
9,9,"text='Весь день, проведённый на кровати, кажется взлетом к ясному небу; приподнявшись, можно видеть золотистые вершины деревьев и тонкие провода, где кружатся птицы. На красном навесе рядом с парадным входом играют мягкие лучи солнца. Издаётся приятный шум природы: пение птиц, слабый собачий лай и шёпот водяного насоса. Неподвижно лежишь в размышлениях о предстоящем подъёме, смотришь на блестящие блики света по столу, наблюдаешь клубок нитей, соскользнувший со колен матери и катящийся по деревянному полу. Именно здесь, в этой комнате, когда Ганин лечился в шестнадцатилетнем возрасте, сформировалось его мысленное представление о любви — образ, которого он позже встретил в жизни. Этот процесс происходил благодаря картинам на стенах, звукам природы за окном, изображению Христа в киоте и журчащей воде в раковине. Атмосфера солнечного света была частью этого образа; без неё он бы не возник. Это были обычные ощущения юности, но Ганину казалось, что такое совпадение мыслей и реальности случается впервые. Весь день он переходил из одного сада в другой, посещал различные кафе; воспоминания тянули его вперёд, как весенние облака над Берлином. Посетители кафе думали, что мужчина, погруженный в свои мысли, переживает глубокую печаль, а на улицах он случайно сталкивался с прохожими; один раз водитель автомобиля резко остановился и выразил недовольство, чуть не столкнувшись. Ганин чувствовал себя творцом, восстанавливающим утраченный мир: детали исчезнувшего мира он возвращал ради женщины, которую ещё не решался пригласить в свою жизнь; пока восстановление не завершится полностью. Мысль о ней вынуждала его завершить образ окончательно, хотя он сознательно откладывал появление этого образа, чтобы приблизиться к нему поэтапно и следовать определённой последовательности шагов. Борясь с путаницей среди ярких прошлых образов, он аккуратно реконструировал события своей жизни, иногда останавливаясь на незначительных деталях, избегая преждевременного перехода к следующим этапам. Бродя по Берлину в теплый майский день, Ганин действительно выздоравливал физически; он рассматривал своё отражение в зеркалах и замечал чёрные земляные бугорки под деревьями. Он надел белую нижнюю одежду и светло-фиолетовые носки, но конкретного представления о том, кто встретится ему в парке, у него не было.' ratio=8.0"
10,10,"text=""Я явился на свет полвека назад в сердце России, в сельском имении моего отца. Мы не осознаём мгновения нашего появления и исхода из жизни; я узнал точную дату своего рождения, так что возраст моей души явно ощущается, хотя физические изменения проходят почти незаметно. Вдруг отсутствие мысли о смерти придало бы мне неосознаваемое благополучие? Или, возможно, это стало бы огромной скорбью? Может быть, чувство смерти присутствует в нас всегда? Если бы я не предполагал конца своих дней на безлюдном острове, я бы просто жил, не подозревая о существовании вечности. Но ведь даже без знания смерти мы любим жизнь такой, какая она есть, правда же? Что касается рода Арсеньевых, то его происхождение скрыто в тумане времени; мы знаем лишь, что наша фамилия упоминается среди тех, чьи родословные ушли в прошлое веков. Мы горды нашей историей, хотя и отмечаем притихшие отзвуки влияния наших предков. В праздник Троицы православная церковь произносит молитву к небесам: 'Господи, успокой души рабов твоих в небесной обители и покой всех усопших в лоне Авраама, служивших тебе с верою от Адама до наших дней.'"" ratio=15.0"
11,11,"text='День прошел для меня словно в непроглядной тумане: поминальные службы снова возобновились, собрав огромное количество людей — соседей, что прибыли и что отбыли, а также невинные дети играли беззаботно под присмотром молчащего дежурного. Светлый зал наполнялся тишиной, но вновь начали стекаться люди, разговаривая негромко друг с другом... Затем священники появились, и наступило молчание: свечи были зажжены, облачение совершалось в полной тишине, а таинство подготовки к богослужению началось. Первые размашистые движения кадила и первое произнесенное слово — всё это казалось мне особенно важным в этот последний вечер для покойника: я больше не мог смотреть на роскошный бархатный гроб, установленный на соединенных столах, на тело, лежащее внутри, украшенное золоченым покровом и золотой иконкой на груди, погружённое в мрачную темень вечного покоя. Лицо же имело черные круги под глазами, отражая металлический блеск через тепло и аромат дыма, мерцающего жарким светом.' ratio=10.0"
12,12,"text='Приказы прокуратора были выполнены быстро и точно. В последние дни солнце ярко светило над Ершалаимом, ещё не достигнув своего полуденного пика. На верхней террасе сада, где стояли две белые мраморные львы, состоялась встреча между прокуратором и Иосифом Каифой — исполняющим обязанности председателя Синедриона. Сад был тихим; открытое пространство под колоннами открывало вид на город с его висячими мостами, укреплениями и великолепным храмом, покрытым золотой плиткой. Прокуратор, слушая тихий шум толпы снизу, услышал поднадоевшие возгласы взволнованных торговцев водой.' ratio=7.0"
13,13,"text='Может быть, сумерки стали причиной неожиданного перемены внешности прокуратора: он выглядел старше и сутулее, испытывая тревогу. В один момент он обернулся, вздрогнул и, увидев пустующее кресло, покрытое плащом, неожиданно почувствовал присутствие кто-то там. Утомленный, возможно почудил он это. Поддавшись слабости, прокуратор тронул рукой этот плащ, потом оставил его и начал беспокоиться: ходить взад-вперед по балкону, тер руки, подбегая к столу, хватаясь за чашу, останавливаясь и смотря на пол, украшенный мозаикой, словно надеясь увидеть там какое-то послание. Сегодня прокуратор снова почувствовал грусть: поглаживая висок, где осталась лишь легкая боль после утренних страданий, он пытался понять причины своего внутреннего дискомфорта. Вскоре осознал эти причины, однако попытался обмануть себя. Ясно зная, что совершил днем ошибку и хотел бы ее исправить неуклюжими действиями, прокуратор стремился ввести себя в заблуждение, считая нынешние, вечерние действия столь же значимыми, как утренний приговор. Однако попытка самообмана ему слабо удавалась.' ratio=10.0"
14,14,"text='Конференция прошла в политехническом институте, где я посетил данное мероприятие и провел беседу. Спустя пять минут необходимая информация оказалась готовой; передал её в секретариат. Вскоре появились редактор Туронок с чрезмерно сладким и притворно вежливым характером, обычно робкий и нерешительный человек, но сейчас проявлявший сильное возбуждение: «Вами допущена грубая ошибка идеологического характера.» — «Какая именно?» — «Вы указали перечень стран…» — «Это запрещено?» — «Нет, указывать можно и даже необходимо; важно учитывать порядок перечисления. Здесь указаны Венгрия, ГДР, Дания, далее следуют Польша, Советский Союз, ФРГ…» — «По моему мнению, последовательность определена согласно алфавитному порядку.» — «Подобный подход недопустим», — выразил недовольство Туронок, — имеется установленный строгий порядок: сначала демократические государства, потом нейтральные страны и лишь затем государства-участники военного союза.» — «Хорошо, согласен.» Я исправил информацию и вновь передал её в секретариат. На следующий день снова пришел Туронок: «Создается впечатление, будто вы насмехаетесь надо мной! Вы делаете это специально?» — «Почему вы так считаете?» — «В списке государств народной демократии нарушена правильная последовательность. Сначала указана ГДР, затем Венгрия. Опять применён алфавит? Необходимо забыть подобное понятие! Ведь вы сотрудник партийной газеты. Поместите Венгрию на третью позицию! Ранее там произошел государственный переворот.» — «Но ведь между нашей страной и Германией ранее велись военные действия.» — «Не стоит возражать! Чем вызваны ваши возражения? Эта страна уже совершенно другая! Непонятно, кому вообще поручено проверять вашу работу! Вы проявляете политическую ограниченность! Недоразвитость нравственных качеств! Вопросы будут поставлены соответствующим образом…» За предоставленную информацию мне выплатили вознаграждение в размере двух рублей, хотя предполагал получить сумму побольше — три рубля.' ratio=9.6"
15,15,"text='В этой повести не существует идеальных героев и абсолютных злодеев... Здесь нет ни добродетельных персонажей, ни преступников. Таких людей вообще не бывает в реальной жизни. Уже несколько лет я веду наблюдения...\nОдин редактор сказал мне следующее:\n- Все твои персонажи ведут себя аморально. Если персонаж совершает плохое деяние, логика повествования должна привести его либо к нравственному падению, либо к наказанию. Но у тебя такие поступки выглядят совершенно обычными, как природные явления вроде дождя или снега...\n- Почему вы считаете всех моих персонажей плохими людьми? — спросил я. — Приведите пример такого поступка.\nРедактор смотрел на меня с подозрением, словно общался с человеком, находящимся среди неблагополучных знакомых и оправдывающим их поведение...\nУже долгое время я не делю реальных людей и книжных персонажей на хороших и плохих. Более того, я сомневаюсь, что каждое преступление обязательно вызывает чувство вины, а каждый героический поступок приносит счастье. Человек представляет собой именно таким, каким он воспринимает самого себя. Его качества, сильные стороны и недостатки выявляются жизнью... «Моя природа — вот кто управляет мной...» и прочее...\nЭта повесть не содержит ни безупречных героев, ни явных злодеев, потому что их и не должно быть. Одним из главных действующих лиц являюсь я сам. Другой персонаж — Миша Шаблинский, известный своими специфическими выражениями типа «спонтанная апперцепция», «имманентный дуализм»... Еще один узнаваемый герой — Митя Кленский, популярность которому принесли привычка носить металлические зажимы для галстуков и курить толстые трубки из поддельного янтаря.\nЧто объединяло нас троих? Возможно, наше незначительное недовольство официальностью журналистской деятельности и некоторая склонность к здоровому скептицизму, позволяющему избегать пафосных высказываний...\nИз тридцати двух работников нашего учреждения двадцать восемь именовали себя лучшими корреспондентами страны. По принципу оригинальности мы трое поставили себя на второе место. Дмитрий Шер, однажды употребивший фразу «искусственная почка стала обычным делом повседневной жизни», имел репутацию посредственного журналиста.' ratio=10.0"
16,16,"text='Утверждали, что в Благодатном нет ничего незаурядного: знаменитый бородинский дом — обыденность с признаками недоработки — заметное переоборудование одной стороны после пожара; старый сад тенист и привычен, как многие в России. Поля не отличаются особой широтой, лес хороший, хотя это обычная картинка. Жители неряшливые: живут бедно, земли недостаточно, переселялись, потом вернулись обратно; во время волнений ходили слухи о намерении поджечь дом и уничтожить имущество, хотя в Благодатном дом не пострадал, а лошадей не лишили видения — как у соседа Бессонова. Когда говорили о странностях Петра Николаевича, сообщали такие невероятные истории, что стыдно повторить их. В результате все просили избегать посещений Благодатного независимо от обстоятельств: место не располагает к мирному существованию. Доброжелатель предлагал Александру Павловне обратиться с жалобой к губернатору, но она категорически отказывалась выслушивать такие предложения. По ее мнению, слухи совершенно безосновательны и поднимать этот вопрос бессмысленно; ведь кто угодно способен придумать любые обвинения, лишь бы переложить вину на другого человека. Действительно, обсуждения постепенно затихли самостоятельно — люди умнее, чем кажутся.' ratio=8.0"
17,17,"text='Все дети были полны здоровья, несмотря на веселые шалости: с удовольствием поедали свежий снег для забавы и азартной иглы, выходили в одних рубашках зимой во дворе, проглатывая крупных мух для искусного вызова болезни и ухода от гимназии, также употребляли засушенные просфоры с плесенью по наущению бабушек — чтобы ослабить страх перед грозой. Они постоянно купались в прорубях. Подобные поступки никак не влияли на благополучие их тел: только Женя выделялся среди сверстников. После перенесенных Колей болезней — скарлатины и кори, которые также захватили и его самого — Женя был охвачен дифтеритом, что повлекло временное невидимость. В конце концов зрение вернулось к нему, но он стал регулярно страдать от сильных головных болей, особенно между бровями и в области висков. При первых признаках боли Женя плакал непрерывно, издавая звуки, похожие на стонущие стоны. По ночам он совершал странные действия: выходил на крыши домов, перемещаясь по карнизам. В младенчестве, когда боли были острее, его укладывали рядом с мощами святых; дома у Вареньки в иконостасе хранились специальные бархатные варежки и шапочка, которые прикасались к святым останкам и использовались для протирания лица мальчика. Иногда девочку Прасковью отправляли с ним на молебен у отшельника отца Глеба в Боголюбовском монастыре, где наблюдалось некоторое облегчение состояния Жени. Его взгляд часто казался печальным; он редко участвовал в драках, но если его разозлило, то действовал решительно.' ratio=7.0"
18,18,"text=""Вавилен Татарский родился задолго до исторического события, когда один цвет победил другого. И вот он оказался представителем поколения 'П', хотя долго об этом не догадывался. Если бы кто-то тогда предсказал ему будущее копирайтера, он бы так удивился, что случайно сорвал бы глиняный горшок на песчаном пляже. В те годы дети мечтали стать пожарными или врачами, и даже понятие 'дизайнер' тогда звучало как загадочное заимствование, временно укрепившееся в русском языке до момента возможных мировых потрясений. В то время русский язык был наполнен необычностями и туманностью: имя Вавилен Татарскому казалось особенным, поскольку было создано путем объединения фамилий Василия Аксёнова и Владимира Ленина. Отец Татарского видел в нем приверженца свободной любви благодаря романам Аксёнова или эстета, мечтавшего о коммунизме после прослушивания саксофона. Эти взгляды были распространены среди советских людей конца пятидесятых и начала шестидесятых годов, страстно преданных любительской песне и космическому пространству. Сам Татарский был смущен своим именем и предпочитал Владимир, иногда придумывая фальшивые истории о его происхождении из восточных учений. В конечном счете он избавился от паспорта с именем Вавилен, получив новый документ на имя Владимира."" ratio=8.0"
19,19,"text='Тверской бульвар почти не изменился со дня моего последнего посещения — снова пришёл февраль, сугробы снега устилали всюду, а тёмное небо царствовало даже под дневным светом. Такие же пожилые женщины сидели на лавочках, ожидая, как будто в молчаливой тишине; из-под обнажённых черных деревьев тускло проглядывало то же пасмурное зимнее небо. Однако здесь шёл бури ветер с пронзительным свистом, подобный природной буре; я бы ужаснулся, встретив здесь пару диких животных. Бронзовая Пушкина выглядела несколько грустнее обычного, возможно из-за красного фартука с надписью: «Да здравствует первая годовщина революции». У меня не возникло желания язвительно комментировать то, что поздравление было адресовано именно годовщине, тогда как слово «революция» написано с устаревшей буквой «ять», недавно я уже столкнулся со многими опасностями, скрыто связанными с неуместными лозунгами красного цвета. Стремительные сумерки накрывали город; едва различимый Страстной монастырь прятался за плотной снежной завесой. Перед входом две грузовые машины с открытыми кузовами были украшены яркой красной тканью, а рядом собрались люди, слышались слова выступающего, хотя некоторые из них звучали неразборчиво; однако смысл речи был понятен благодаря чёткому произношению «р» в словах «пролетариат» и «террор». Рядом прошли два солдата, стоявших под влиянием алкоголя, за спиной каждого — покачивающиеся винтовки со штыками. Один из них остановил взгляд на мне, замедлил шаг, собираясь заговорить; спасибо другу за своевременную помочь, они продолжили свой путь дальше.' ratio=10.0"
20,20,"text='В этот период что-то открылось, и Вощев заметил ночью трудящегося косаря с чайником для группы рабочих: вода закипала на плите, которую растопили во дворе общежития; ночной отдых подошел к концу, пришло время завтракать перед началом трудового дня… Деревянные сельские часы на стене тикали без перебоев благодаря силе тяжести маятника; механизм часов украшал рисунок цветка, призванный умиротворять любого наблюдающего за ними человека. Рабочие разместились вдоль длинного стола, косарь, исполнявший обязанности повара в общежитии, разрезал хлеб и раздавал каждому по кусочку, дополнительно предлагая маленький кусок вчерашнего холодного мяса. Рабочие приступили к еде с серьезностью, воспринимая поступающую пищу как необходимую процедуру, не испытывая удовольствия от приема пищи. Несмотря на осознание смысла жизни, это условие для абсолютного счастья, их лица выглядели мрачными и истощенными; вместо радости от существования они испытывали усталость. Вощев смотрел на этих печальных людей, способных сдержанно помнить о правде, и испытывал слабую надежду и страх потери; он уже чувствовал удовлетворение даже тем фактом, что правда существует в сознании ближайшего к нему человека, недавно говорившего с ним, следовательно, достаточно находиться рядом с таким человеком, чтобы обрести выносливость и работоспособность. — Пойдем вместе поедим! — пригласили Вощева рабочие. Вощев поднялся и, ещё не уверенный окончательно в существовании окружающего мира, направился есть, ощущая неловкость и тревогу.' ratio=10.0"
21,21,"text='Машинист-наставник наблюдал, как Захар Павлович аккуратно очищает топки локомотивов, бережно почитая металлы и доводя их до идеальной чистоты. Он никогда не хвалил его напрямую, понимая, что работа машин зависит больше от внутренних свойств материалов и законов физики, нежели от человеческого умения; участие человека минимально. Природные ресурсы, энергия и материалы позволяют людям достигать успеха, несмотря на малое усилие. Даже неумелый работник способен зажечь огонь в топке, после чего двигатель заработает самостоятельно, а рабочий будет лишь пассивным наблюдателем. В случае дальнейшего упрощения эксплуатации техники люди потеряют ценность вследствие ненадёжности достигнутых результатов и станут бесполезны подобно коррозии металлов. Машинам же предстоит заменить людей и получить свободу в работе. Тем не менее наставник критиковал Захара Павловича реже остальных машинистов, поскольку последний использовал инструменты осторожно и без грубости, сохраняя тонкость в своей деятельности.' ratio=12.5"
22,22,"text='Городок Федор-Кузьмичск расположен на семи холмах, окруженный обширными полями и неизведанными землями. Севернее простирается густая лесная твердь, усеянная валежником, где ветки деревьев переплетаются так, что проход становится невыносимым: кустарники цепляются за одежду, а ветви сбрасывают головные уборы. Согласно рассказам старожилов, здесь обитает кысь — существо, которое сидит на ветках и издает странные звуки: кы-ысь! кы-ысь! Однако встретить его невозможно. В лесу человек внезапно ощущает боль в спине и шее, вследствие чего теряет рассудок. По пути назад он уже не тот — взгляд становится бессмысленным, движения беспорядочными, как у сомнамбула. Родственники приводят его домой, иногда для забавы ставят перед пустой тарелкой и ложкой, имитируя прием пищи; потерпевший совершает механические движения, якобы едая, хотя на самом деле тарелки пусты. Самостоятельно человек не способен заботиться о себе или соблюдать гигиену и нуждается в постоянном уходе. Некоторые заботливые супруги или родители отводят его в специальное помещение, а если ухода нет, он умирает от разрыва мочевого пузыря. Таковы действия кыси. Не рекомендуется также идти на запад: хотя кажется, что там есть едва заметная тропинка, похожая на дорожку, она ведет прочь от города. Человек продолжает путь, город исчезает из виду; легкий ветер приносит приятные ощущения, создавая иллюзию благополучия. Однако внезапно возникает чувство растерянности: человек останавливается, задумываясь о цели своего путешествия, задает вопрос — зачем туда идти? Ведь он уже знаком с местностью впереди, а там, вероятно, будет не лучше. Возникает острое ощущение собственной беспомощности и тоски. Размышляя, человек вспоминает дом — его хозяйку, домашних куриц, тепло печи, уют обстановки. Тоска усиливается, он чувствует себя потерянным и одиноким. Наконец, плевок заставляет его вернуться назад, иногда даже бежать с облегчением при виде родных предметов издалека, слезы катятся непроизвольно до самого подбородка.' ratio=7.0"
23,23,"text='Вы мне симпатичны, Александра Эрнестовна, особенно на одной фотографии, где вы имеете такой изящный профиль, и на другой — улыбаетесь назад, демонстрируя отличные зубы. На третьей вы смотрите с раздражением в глаза, а рука ваша расположена так, что кружевные украшения умышленно соскользнули с вашего локтя. Меня привлекает ваша тихая, прошедшая незамеченной жизнь, быстротечная юность, покойниковые поклонники и разорванные браки, следующие друг за другом в строгой последовательности. Каждый человек, встречавшийся вам на пути и исчезнувший без следа. Я буду посещать вас регулярно и привозить молоко и морковь — она полезна для улучшения зрения, а вы, прошу вас, открывайте старые, долго хранившиеся альбомы из темно-коричневого бархата, чтобы снова вспомнить о милых девушках-гимназистках, мужчине средних лет с бородой и усами, улыбающемся смелом Иване Николаевиче. Человек на фотографии не может вас видеть, зачем беспокоиться, Александра Эрнестовна? Необходимо было принять решение раньше. Но ведь вы приняли его давно. Возьмите фотографию Ивана Николаевича, подержите в руках — она плоская, прохладная, слегка блестящая, обложка покрыта тонким слоем золота, бумага немного пожелтела. Послушайте меня внимательно: она приняла решение ехать, теперь она точно собирается отправиться туда, прекратила колебаться окончательно, встречайте ее там, где вы находитесь сейчас.' ratio=8.0"
24,24,"text='Он упал лицом в траву, которая превратилась в пыль под его щекой, и сжал зубы от раздражения, потому что оказался неудачливым. Лежал неподвижно, рассчитывая, что опасность минует сама собой, хотя осознавал неизбежность неудачи. Жаркий воздух, напоенный влагой и запахом мокрой земли, душил его, как пальма над головой. Тогда Рэдрик громко предупредил Арчибальда: «Не двигайся! Терпи!» Сам тоже терпеливо ожидал дальнейшего развития событий. Возможно, ситуация разрешилась бы относительно удачно, без существенных последствий, однако первым сдался Арчибальд. Вероятно, он либо не услышал предупреждения Рэдрика, либо настолько испугался, что позабыл наставления и правила поведения, либо внезапно ощутил ещё большую боль, нежели Рэдрик. В результате он потерял способность контролировать себя и необдуманно бросился вперёд, пригнувшись и издав нечленораздельный звук, движимый примитивным инстинктом самосохранения — назад, хотя именно там находиться было крайне опасно. Рэдрику удалось быстро подняться и схватить его за ногу двумя руками, вследствие чего Арчибальд всей массой тела ударился о поверхность земли, поднял облако золы, вскрикнул странным высоким голосом и резко пнул Рэдрика другой ногой прямо в лицо, начал беспорядочно извиваться и брыкаться. Несмотря на мучительную боль, Рэдрик накрыл его своим телом, прижавшись обожжённым лицом к кожаному материалу одежды, пытаясь физически подавить сопротивление противника, удерживая рукой дергающуюся голову и хаотично бил ногами и коленями по земле, телу и конечностям Арчибальда. Нечётко различая звуки дыхания и слабого стенания снизу, Рэдрик бессвязно произнёс сквозь сдавленное дыхание: «Тихо лежать, негодяй, иначе убью...», ощущая сверху давление множества горячих углей, воспламенявших одежду, треск кожи на поверхности конечностей и туловища, пузырящейся и разрывающейся от жара. Уложив своё лицо в серую золу, судорожно придавливая грудь к голове другого человека, он больше не мог сдерживать эмоции и издал громкий протяжный крик.' ratio=6.0"
25,25,"text='Хотел бы узнать окончательную суть всего происходящего. Десять лет назад я был глубоко убежден в своем представлении о будущем. Маршрут длиной пятьдесят километров, где свободно находились только учёные и военные, представлялся мне непреодолимой преградой. Зона опасности на поверхности моей планеты должна была быть строго огорожена. По сути, большинство людей поддерживали мое мнение. В то время звучали речи и принимались законы для защиты населения. Теперь трудно вспомнить, каким образом прежняя безукоризненная уверенность исчезла. На самом деле, одна позиция верна, но и другая также справедлива. Вероятно, всё началось тогда, когда сталкеры впервые привезли из опасной зоны раритетные предметы, известные как батареи. Оказалось, что эта территория не представляла собой угрозу, а была богата ценнейшими ресурсами. Сейчас никто точно не осознает природу этой области. Люди используют ресурсы постепенно и разрозненно. Десять лет уже прошло с тех пор как начались исследования, и огромные средства затрачены на них, однако эффективная система добычи до сих пор не создана. Каждый человек ведет свою небольшую коммерческую деятельность, а учёные авторитетно утверждают: учитывая определенные аспекты, следует признать одну позицию, одновременно признавая обоснованность противоположной точки зрения, поскольку конкретный объект после воздействия рентгеновского излучения под заданным углом испускает квазитепловые электроны. Это не важно для меня. В любом случае я не смогу дожить до завершения этой ситуации.' ratio=10.0"
26,26,"text='С самого утра началось: интернет внезапно отключился. Матвей, будто из леса вышедший, сел в кресло и машинально потыкал клавиши. Проблема была серьёзной – соединение совсем исчезло. Позвонив провайдеру, он услышал: магистральная связь ломанулась, возможно, всё вернётся к жизни лишь через сутки. Время казалось бесконечным; до школы оставалось четыре часа – больше всего хотелось играть онлайн в любимую игру Minecraft или общение со сверстниками. Но мобильный подключение не годилось для настоящих походов в виртуальный мир: качество было хромым, а графика туманной. От этих мыслей Матвей устало опустился на стул у барной стойки и вздохнул. День напрочь испорчен! Впрочем, его мать продолжала свои быстрые движения по кухне – от холодильника к столу, плите, кофеварке и обратно. Она быстро коснулась своего сына: «Доброе утро, мой сердитый мальчик!» Матвей развернулся с осуждающим взглядом: почему она так нежится? Он не маленькая девочка!' ratio=10.0"
27,27,"text='Открыв дверь салона, Лена замерла, услышав взволнованный голос Маринины работы: она надевала рабочий халат. Ноги у нее ослабели. Она снова ошиблась: жила по графику пятницы, тогда как остальные считали, что сейчас среда. Из-за этой ошибки Лена лишилась работы на сегодняшний день и заработка. Дело в том, что уборка в салоне осуществлялась Мариной, а Лена выполняла эту работу по вторникам и пятницам.\n\n– Лена, почему ты пришла сюда? Сегодня же не твоя смена, – спросила пожилая сотрудница-парикмахерша, которая договаривалась с владелицей о трудоустройстве несовершеннолетней ученицы вне официального оформления.\n\n– Сегодня моя смена! Именно моя! – громко закричала Лена дрожащим голосом, ощущая потерю контроля над собой. Ее раздражали постоянные путаницы и невозможность разобраться во всей ситуации. Казалось, будто она оказалась в лабиринте, где всё шло не так, как должно было. Но когда же это прекратится?\n\n– Лена, твоя смена бывает в пятницу, сегодня ты ошиблась днем недели, – спокойно произнесла парикмахерша.\n\n– Пожалуйста, скажите правду, тетя Мила, разве сегодня не пятница?! – попросила девочка. – Почему никто не признает очевидного?\n\n– С тобой всё нормально, Лена?\n\n– Нет, ненормально именно с вами! Вы потеряны и считаете, что сегодня среда.\n\nДве посетительницы внимательно смотрели на происходящее. Парикмахерша взяла Лену за локоть и отвела в служебное помещение, чтобы избежать любопытства окружающих. Здесь она дала девочке стакан воды и посадила на изношенный диван.\n\n– Устала ты сильно, – рассуждала она, поглаживая Лену по волосам, – утомилась чрезмерной работой. Редко встретишь ребенка, работающего больше многих взрослых людей. Тебе нужно отдохнуть, провести время с друзьями.\n\n– Я не ребенок, – ответила Лена, отстраняясь от прикосновения женщины. – Мне уже исполнилось тринадцать лет.\n\n– Тринадцать, двенадцать... какая разница? Ты должна отдыхать и развлекаться, а ты одна заботишься обо всей семье.\n\n– Мне не нужны игрушки! Нет смысла проводить время без дела! День такой короткий, столько всего нужно успеть сделать.\n\n– Бедняжка, – вздохнула женщина. – Я собрала одежду для твоих братьев. Одёжка хорошая, мой внук аккуратно её носит.\n\n– Не нужно, – отказалась Лена, вставая.\n\n– Но мальчики быстро растут, одежда быстро становится мала!\n' ratio=6.8"
28,28,"text='Артем медленно встал из-за костра, выдирая оружие со спины и перекручивая его на грудь, и направился в темноту. Остановившись у границы освещённой зоны, он громко щёлкнул затвором автомата и хрипло прокричал: «Стойте! Назовите пароль!» Из тьмы, где недавно слышались странные звуки и приглушённые голоса, раздались быстрые шаги. Кто-то поспешно убежал глубже в туннель, испуганный резким голосом Артема и звуками его оружия. Артем быстро вернулся к костру и сказал Петру Андреевичу: «Нет, мне действительно не показалось. Человек не назвал себя и убежал.» — «Ты глупец! Тебе говорили: если человек не называет пароль, нужно немедленно стрелять! Откуда тебе известно, кем был этот человек? Возможно, это были враждебные люди, приближающиеся скрытно!» — возразил Артем. — «Нет... Мне кажется, это не люди... Шумы были очень необычными... И шаги звучали совсем иначе. Разве я не способен отличить человеческие шаги? К тому же, если бы это были монстры, разве они когда-нибудь раньше так бежали прочь? Ведь вы сами прекрасно осведомлены, Пётр Андреевич, что в последнее время монстры сразу атакуют открыто — некоторые нападения совершались безоружными, другие шли прямо к пулемету, не скрываясь. Но этот незнакомец сразу сбежал... Похоже, он боялся.» — «Хватит говорить, Артем! Очень уж ты мудрый стал! Твоя задача действовать согласно инструкции, а не рассуждать. Это мог быть разведчик противника. Он увидел, что нас немного, и теперь возможно организует нападение большими силами... Вероятно, скоро мы будем убиты противником, подобно случаю на станции Полежаевская, а всё лишь потому, что ты своевременно не уничтожил нарушителя...» Артем ощутил беспокойство, представляя себе пространство туннеля после отметки семьсот метров. Даже подумать о посещении этого участка было страшно. Никто ранее не решался заходить дальше седьмой сотни метров на север. Патруль регулярно проезжал до пятисотой отметки, проверял границу фонариком и убедившись в безопасности, быстро возвращался. Разведывательные группы, состоящие из крепких мужчин — бывших морских пехотинцев, также ограничивались шестьюстами восемядесятью метрами. Они скрывали светящиеся сигареты в руках и напряжённо наблюдали сквозь приборы ночного видения. Затем осторожно и бесшумно отходили обратно, внимательно следя за туннелем и никогда не поворачиваясь к нему спиной.' ratio=6.5"
29,29,"text='На Третьем транспортном кольце скользили миллионы машин, дневной свет заигрывал с включенными фарами, пыль от колёс бродила по воздуху, люди выходили из подземных ворот, город выглядел живым. Илья испытывал желание прикоснуться ко всему вокруг, провести рукой по предметам, окружающим его. Уже семь лет он мечтал почувствовать соприкосновение с Москвой.\n\n— Мне нужно добраться до Лобни.\n\nСильно изменился внешний вид электричек.\n\nРаньше он видел грязные зелёные вагоны с испорченными окнами, нарисованные надписи на стенах, деревянные общие лавки, пол был покрыт шелухой семян подсолнуха, пролившееся пиво долго высыхало, везде ощущался запах пива. Теперь же появились чистые белоснежные составы с жёлтыми полосами по бортам, внутри установлены удобные кресла для каждого пассажира отдельно. Люди вели себя сдержанно, аккуратнее стали выглядеть благодаря новым поездам.\n\n— Ты не хочешь пойти со мной посмотреть ледовое представление с участием Навки? — спросила одна женщина другую. — В прошлый раз мне понравилось, зрелище потрясающее.\n\n— Возможно, и пошла бы. Ведь сама Навка вышла замуж за этого человека с усами, помощника президента Путина. Мужчина симпатичный, внушительный, эффектный, — ответила другая женщина, выглядевшая значительно старше первой и накрасившаяся поверх утомлённого лица.\n\n— Нет уж, — возразила первая собеседница. — Она могла найти кого-нибудь лучше. Мне больше нравится Сергей Лавров. Лавров замечательный человек. Я бы предпочла отправиться куда-либо именно с ним. Лавров гораздо решительнее вашего усатого.\n\nИлья прислушивался к разговору, но не мог разобраться в сути беседы. Электричка задерживалась. У него возникло чувство голода, желудок пустовал и неприятно ныл. Покупать чебуреки возле вокзала он отказался, поскольку стоимость продуктов здесь была завышена относительно той суммы, которую ему предоставляли для транспортных расходов. Зачем тратить деньги на перекус, если вскоре он сможет съесть горячие домашние щи матери?\n\nЕму страстно захотелось отведать эти щи трёхдневной давности, добавив немного сметаны сверху, измельчив сухарик хлеба прямо в тарелку, как делал в детстве после примера своего деда. Затем размочить кусочки хлебной корочки в супе, но оставить их слегка твёрдыми, вдохнуть аромат блюда и осторожно положить горячую ложку в рот.' ratio=8.3"
30,30,"text='Кот с ловкостью сорвался со стула и припустил за Алексеем Кирилловичем, словно тень на его пути. В помещении он поставил чашку на стол, заваленный бумагами, устроился в кресле, разложил перед собой печатные страницы и стал их просматривать: — Да... вот оно... верно... точно! Определим операцию умножения согласно таблице номер три... нейтральный элемент относительно... относительно... но, дорогой друг, это абсолютно совпадает с работой Юрковского. Безусловно, поскольку поле упорядоченно, множество базисов можно разделить на две части, зачем он вновь раскрывает общеизвестные сведения? Далее. Подобная матрица задаёт преобразование одного n-мерного пространства в другое. Что дальше? Эта информация известна давно, это всего лишь утверждение о разложении матрицы! Шутник.' ratio=10.0"
31,31,"text='Из группы выходит участник боя: крупный работник скотного двора, лицо широкое. Сбрасывает верхнюю одежду, надевает перчатки, вытирает нос. Мы ожидали такой поворот событий, потому что Погода Сиволай снимает свой черный кафтан, освобождается от шапки с меховой отделкой, расстегивает парчовое верхнее платье, слегка двигает мускулистой рукой, обернутой красной тканью, подмигивает мне и выходит вперёд. В боях кулачных Погода значительно превосходит противника. Рост небольшой, однако плечи широкие, костяк крепкий, ловок и проворен. Ударить по лицу Покоя непросто. Зато получить удар от него легко.\n\nПогода смотрит на оппонента как хищник на добычу, щурится, шевелит шёлковым поясом:\n– Готов ли принять поражение?\n\n– Хвастаться не стоит до начала сражения!\n\nПротивники перемещаются по кругу, оценивают друг друга. Несмотря на различия во внешнем виде, положении и принадлежности различным хозяевам, оба русские люди, решительные.\n\nСобираемся вокруг площадки для боя, объединяемся с челядью. Это обычное дело здесь. Все равны – и крестьянин, и дворянин, и правительственный служащий. Кулачный бой является самостоятельным действием.\n\nУлыбаясь, Погода подмигивает работнику скотного двора, напрягая мышцы рук. Работник не сдержался, бросился первым ударом тяжёлого кулака. Наклоняется Погода, одновременно бьет работника в живот резким движением. Тот вскрикнул, но терпит боль. Погода вновь кружится вокруг, делает плавные движения руками, насмешливо подмигивает, высовывает язык. Работник игнорирует подобные манёвры, тяжело дышит и вновь замахивается кулаком. Однако Погода опережает его – левый удар в скулу, правый по грудной клетке – хруст! хруст! Рёбра ломаются.\n\nТяжёлого удара избегает снова. Громко кричит работник скотного двора, машет большими кулаками, теряет перчатку. Безрезультатно: снова получает удары в область живота и носа – резко! Крупный сильный мужчина отступает назад и теряет равновесие. Скрещивает пальцы обеих рук, громко рычит, разрезает холодный воздух движениями тела. Напрасно: бах! бах! бах! Быстро работает рука Погоды: теперь уже и лицо рабочего залито кровью, один глаз заплыл, нос течёт кровяной жидкостью. Брызги ярко-красной крови летят, блестят в лучах зимнего солнца, падают на плотно утрамбованный снег.' ratio=9.7"
32,32,"text='Привет, Алёна, моя взрослая дочь. Важнейшее в жизни — любовь, без нее ничего не стоит. Однако почему мне пришлось столкнуться с такими испытаниями? Ведь я безмерно любила свою дочь! Очень сильно любила Андрея! Сейчас моя жизнь закончилась, хотя выгляжу я моложе своих сверстниц. Однажды незнакомый мужчина принял меня сзади за молодую девушку, спросившись: «Девушка, извините, скажите, пожалуйста, как пройти туда-то?» Мужчина был грязным, вспотел и дружелюбно сказал, что гостиницы уже заполнены. Мы с вами знакомы! Хотим бесплатно остановиться здесь за небольшой подарок — пол-килограмма гранатов. И еще попросят небольшие дополнительные услуги вроде кипячения чая, стирки постельного белья и запирания двери, чтобы их не беспокоили просьбами. У меня все сразу ясно в голове, как будто я шахматистка. Я — поэт! Некоторым людям нравится термин «поэтесса», но поэтами зовут себя и другие авторы: одна называется Анной Андреевной, другая — Анастасией Андриановной. Во время редких выступлений прошу называть меня именно так: поэт Анна — далее фамилию моего супруга. Дети внимательно слушают мои выступления. Мне известно отношение детей ко взрослым. Мой сын Тимофей сопровождает меня повсюду, сидит рядом со сценой, никогда не в зрительском зале. Иногда у него проявляется нервный тик. Я улыбаюсь и нежно поглаживаю голову Тима, произнося фразу из известного детского произведения: «Мы с Тамарой ходим парой». Однако некоторые глупые организаторы воспринимают это серьёзно и предлагают: «Пусть Тамара посмотрит выступление из зала», не понимая, что это строка из стиха Агнии Барто.' ratio=8.3"
33,33,"text='Это случилось давным-давно, после того как я родила двух детей в течение двух лет. Я была темной лошадкой среди белой лошади — молодая женщина двадцати девяти лет с короткой стрижкой и худощавого телосложения. Мы отправились на археологическую экспедицию, полную безумных авантюр. Вначале мы были незнакомы: я с ребенком рассматривала ржавый осколок за камнем, и он вдруг спросил нас: «Мальчики, что вы здесь делаете?» Когда взгляд моего спутника падал на меня, он воскликнул от удивления — девушка с курчавыми локонами, похожая на мальчика! Так началась наша история. Счастье, которое длилось и ночью, и днем, когда я работала поэтом после педагогического института и была уволена из газеты за роман с женатым художником-многодетным отцом. Женщина художника быстро появилась и сообщила мне о стыде, что вызвало волну резкой критики со стороны главного редактора. После этого ей дали ранее обещанную трёхкомнатную квартиру, освободившись от проживания в одной комнате с матерью её мужа, тогда как я предоставляла место для работы своему любовнику — несмотря на недовольство матери и её мнение о том, что он живет за мой счет без брака. Затем, потеряв работу в газете, я отправилась добровольцем на эту авантюрную экспедицию, где родились мои дети Андрей и Алёна, теперь снова живущие с матерью, упертой в своём мнении. Мы пожили некоторое время, осознавая реальность, пока мой муж переживал болезненный развод в Куйбышеве, где его жена приехала посмотреть на беременную меня — точнее говоря, она стояла у двери, когда он открыл её и увидел жену с подростком-пятнадцатилетним сыном, чтобы обсудить важный вопрос.' ratio=10.0"
34,34,"text='Наступление продолжалось третий день, и начало его было неопределенным. В течение всего дня впереди постоянно раздавалась стрельба, наши колонны периодически останавливались, направляя во всех направлениях разведывательные группы. Поэтому мы испытывали особую радость, когда увидели пехотинцев, вышедших из леса, которых не видели уже несколько суток. Выяснилось, что двигаясь с северного направления, наша группа объединилась с подразделениями, наступающими с южного направления. Бесконечные подразделения пехоты последовательно подходили друг за другом и вскоре исчезали между небольшими лесочками и возвышенностями. Их появление свидетельствовало о завершении преследования врага, поскольку противник прекратил отступление и готовился вступить в сражение.\n\nНаша разведывательная группа должна была выяснить маршрут продвижения одного из подразделений пехоты и обеспечить защиту его фланга. Во время выполнения задания мы столкнулись с кавалерийским патрулем, получившим аналогичное задание. У офицера-драгуна был разорван сапог — результат попадания вражеской копья днем ранее, однако он получил лишь незначительное ранение, тогда как погибло около восьми немецких солдат. Быстро определив местоположение неприятеля после нескольких пробных маневров и последующего обстрела, мы спокойно двинулись дальше, размышляя о предстоящей еде: картофеле и чае.\n\nОднако, едва мы покинули лесной массив и дозорный взобрался на возвышение, прозвучал выстрел с противоположной стороны возвышенности. Вернувшись обратно в лес, мы заметили полную тишину. Когда дозорный снова появился над гребнем, последовал еще один выстрел, и на этот раз пуля задела ухо лошади. Спешившись, мы расположились на краю леса и начали наблюдение. Постепенно с вершины соседнего холма появилась немецкая военная каска, затем фигура всадника, которого я смог подробно рассмотреть в бинокль благодаря характерному светлому цвету его усов. Солдаты шепотом произносили: «Вот он, вот он». Однако офицер решил дождаться появления большего числа врагов, считая бессмысленным вести огонь по одиночному солдату. Мы держали цель на мушке, внимательно изучая ее в оптическом приборе и рассуждая о социальном статусе наблюдаемого человека.' ratio=8.0"
35,35,"text='Одесса наполняет приезжего севера странствующим в чужбину чувством. Этот город, словно облечённый русским духом, поражает своей искренностью и изысканностью. Большой театр на Дерибасовской улице приветливо принимает гостей, как старый друг. Сумерки наделяют его магическим блеском, в котором бродят воспитанные коммивояжеры и местные жители. Атмосфера напоминает парижский Марсель-Бульвар: люди погружаются в шёпот истории и тайн. Одесская речь — это живопись детской веры и бескомпромиссного стремления к успеху, где каждый словоцвет подчеркивает неповторимость города. В типографии я заметил свежий выпуск местной газеты: стихотворение Сергея Городецкого было помечено странными изменениями и опубликовано без подписи, а его автора выдали за начинающего поэта. Такие откровения подчёркивают, что будущее принадлежит активным группам людей, которые движутся к новым горизонтам: Порт-Саид, Смирна и Одесса. Небесный покров превратился в манящий плащ звёзд, освещая первые лучи утра над Константиноплом. Вокруг нас проносится флотилия военных кораблей, тихо напоминающих о непростой жизни города: серый пятно на воде — это символ миротворцев и защитников. Национальные гимны, исполненные с неизменной верностью, окутывают город радостью и торжеством.' ratio=14.0"
36,36,"text='Я верю в тех, кто раскрывает мне их другим лицом – таким, каковым я его ещё не знала. Это доверие основано на нескольких наблюдениях: сначала я наблюдала лишь одну сторону личности (лучшую), будучи недостаточно понятной посторонней двадцатилетней женщиной; во второй раз в 1911 году, когда мы встретились снова, он изменился – внешность его стала более мрачной и усталой. За десять лет я видела его редко, всего несколько раз, но именно тогда он продолжал отправлять мне стихи. Он не говорил о том, что пишет стихи, хотя для меня это стало неожиданным открытием. Моя способность интуитивно понимать мысли людей и их сновидения привлекла его особое внимание – так же, как у окружающих я считала это обыденностью. В те годы он повторял: «Мы общаемся», а также говорил: «Только вы способны осуществить подобное». Возможно, мы тогда не осознавали важности этого момента: события между нами были подготовительным этапом на наших жизненных путях. Его жизнь была короткой, моя – долгой. Искусство еще не повлияло на наши судьбы, оставляя их свежими и лёгкими до рассвета; но будущее уже предвещало своё непостижимое пришествие: оно чувствовалось в тревожных моментах сна и пугающе зловещем образе Парижа Бодлера, который лежал поблизости. Все великолепные стороны Амедео проявлялись лишь слабым отсветом на общем сумрачном фоне. Его лицо напоминало изображение Антиноя, глаза ярко мерцали и он выглядел совершенно по-особенному.' ratio=10.0"
37,37,"text='Город, что встретил мой взор, врезался в память своей необычностью, и я написала рассказ о том. Именно в тот же период родились рассказы «Три сирени» и «В гостях у смерти». Писание прозы казалось мне одновременно загадочным и манящим занятием. Поэзию я понимала глубоко, но совершенно не представляла себе процесс написания прозы. Моё первое попытка прозаического творчества получила признание окружающих, хотя самой мне это не казалось удачным. Я сподобилась показать Зощенко мою работу; он посоветовал изъять некоторые части и одобрить остальное — что вызвало мое удовлетворение. После ареста сына я уничтожила этот текст вместе с другими материалами архива, оставив лишь следы на памяти об этих тяжёлых днях своей жизни. Долгие годы мои интересы включали художественное переводоведение; после войны я активно занималась переводом многих произведений и продолжаю это до сих пор. В 1962 году я окончила работу над поэмой «Поэма без героя», которую творила двадцать два года. Весной прошлого года, в преддверии юбилея Данте, я слышала итальянскую речь на Риминском рынке; весной 1965 года я отправилась в Англию: страну Шекспира; наблюдала английское небо и берег Атлантики, встречалась с давними знакомыми и обзаводилась новыми приятелями, а затем снова побывала во Франции. Продолжая создавать стихотворения, я ощущала своё участие в современности и новых этапах жизни своего народа; писание стихов позволяло мне воспринимать ритмы, характерные для исторических событий моей родины, — и это было моей удачей жить в такое историческое время и стать свидетельницей исключительных событий. ' ratio=10.0"
38,38,"text='Парень только так подумал, а девушка сразу обернулась, ее взгляд веселый, улыбка искрится широко: — Степан Петрович, что ты на меня так смотришь? За такое удовольствие надо платить. Подойди ближе, давай поговорим. Парень испугался, конечно, но виду не показывает, держится уверенно, хотя девушка загадочная и сильная — всего лишь женщина. А парню неловко проявить робость перед прекрасной. Поэтому отвечает: — Нет времени общаться. Мы проснулись позже положенного, теперь идём искать нужную траву. Девушка снова рассмеялась и сказала: — Перестань притворяться! Я серьезно говорю — подойди ко мне, есть важное дело. Парень понял, что другого выхода нет и подошел к девушке, та жестом руки просит обойти камень с другой стороны. Обогнув ее, парень увидел огромное количество ящериц разных видов — зелёные, голубые с оттенком синевы, напоминающие глину или песчинки с золотистыми пятнами. Есть прозрачные, словно стекло или слюдяные пластинки, есть тусклые, похожие на увядшую траву, а ещё такие, у которых красивый рисунок. Девушка продолжает смеяться: — Будь осторожнее, чтобы не раздавить моих маленьких помощников, Степан Петрович. Ты такой крупный и тяжёлый, а они совсем маленькие. Затем хлопнула в ладоши, и ящерицы мгновенно разбежались, освободив проход. Парень подошёл ближе, остановился, а девушка вновь захлопала руками и произнесла всё ещё смеясь: — Сейчас тебе негде сделать шаг. Уничтожишь моего помощника — неприятности будут.' ratio=10.0"
39,39,"text='Не взяли его на заводскую работу — слишком он был слабым, не выдержит даже недельной нагрузки. Приказчик отправил его помощником пастуха, но здесь Данилко также оказался неподходящим работником. Мальчишка был старательным, однако ошибался постоянно. Часто задумывался над чем-то своим: увидит травинку и уставится взглядом, а коровы пасутся далеко. Старый пастух оказался добрым человеком, жалел сироту, но иногда сердился: «Что из тебя выйдет, Данилко? Сам погубишь свою жизнь и заставишь меня отвечать за твои промахи. Как такое допустимо? О чём думаешь вообще?» — «Сам не понимаю… Просто смотрел немного. Видел маленькую букашку, ползущую по листочку. Она сама синенькая, а снизу желтые пятнышки видны, лист широкий, края острые, похожи на узор. Здесь лист кажется тёмным, а посредине ярко-зелёный, словно недавно покрасили… А букашка медленно движется.» — «Ты совсем глупый, Данилко? Разве тебе нужно изучать насекомых? Пусть ползёт дальше, а твоя обязанность следить за стадом. Предупреждаю, прекрати эти пустяки, иначе расскажу обо всём приказчику!» Только одно занятие удалось Даниле — научиться играть на рожке лучше старого пастуха, получалось почти профессионально. Вечером после возвращения стада девушки и женщины просили: «Давай сыграешь песню, Данила.» Данилко начинал играть мелодию. Песни были необычные, звучали приятно, наподобие шума леса, журчания ручья или птичьего щебета. Женщины полюбили эти песни и стали помогать Даниле. Одни чинили одежду, другие отрезали ткань на портянки, третьи шили новые рубашки. За едой разговоры даже не возникали — каждая старалась угостить повкуснее и побольше. Пастух-старик также любил песни Данилы, однако и тут случались неприятности. Начинал Данила играть музыку и забывал обо всём вокруг, словно коровы исчезли. Именно во время игры произошла беда.' ratio=7.8"
40,40,"text='В хату внёсась крупная рыжеватая собака с чёрной полосой по спине, как бы подчеркивающей её грацию. Под глазами у неё находились чёрные тени, словно изгибы очкового лакона. Вид этих глаз был напоминанием о крупном камне, задавая вопрос: «Почему ты зовёшь меня, хозяин?» Антипыч смотрел на неё с улыбкой, и она мгновенно поняла его намерения — он приглашал её исключительно для дружеского общения. Травка начала энергично трепать хвостом, постепенно приседая до тех пор, пока не улеглась на спину, выставив белый живот с двенадцатью тёмными сосками. Когда Антипыч лишь слегка вытянул руку для почёсывания, Травка внезапно встрепенулась и запрыгнула на него лапами, начав лизать разные части его лица: в нос, щёки и губы. — Хватит, хватит, — произнёс он, усмиряя животное и стирая слюну рукавом. Затем он ласково провёл рукой по её голове: — Достаточно, возвращайся обратно. Собака развернулась и ушла во двор. — Так-то вот, ребята, — проговорил Антипыч. — Это Травка, охотничья собака, которой достаточно единственного указания, чтобы понять суть дела; тогда как вы, неразумные, задаёте вопросы типа: «Где находится истина?» Хорошо, приезжайте сюда. Но если пропустите нужный момент, я расскажу обо всём Травке. Вскоре после смерти Антипыча началась Великая Отечественная война. Никто другой не занял должность сторожа, и жилище Антипыча оказалось заброшенным. Домик быстро износился, значительно превзойдя возраст своего владельца, и поддерживался специальными подпорками. Однажды ветер разрушил постройку, она тут же рассыпалась подобно карточному строению, которое легко рушится даже от слабого дуновения ребёнка. За один год высокие стебли растения Иван-чая пробились сквозь древесные элементы строения, оставив от дома небольшой земляной бугор, покрытый алыми цветками. Собака Травка переехала в картофельно-хранилище и приспособилась вести жизнь животного в лесных условиях.' ratio=8.0"
41,41,"text='Человек, который никогда не встречал клюкву в дикой природе, может бесконечно блуждать по болотистым просторам и остаться равнодушным к её присутствию среди густых зарослей. К примеру, черника: тонкий стебелек поднимается вертикально вверх; его короткие зелёные лепестки, напоминающие крылья, расположены по всему стеблю; а на кончиках — мелкие чёрные ягоды, покрытые серым пухом. Брусника отличается ярко-красными плодами и плотно упакованными тёмно-зелёными листьями; они сияют оттенком красного даже зимой, когда другие листья уже опали. Голубика — ещё один типичный обитатель болот, её крупные синие ягоды растут в группах; а костяника, с её рубиновыми плодами, часто встречается в отдалённых районах и собирается гроздьями. Однако единственная ягода, которую легко упустить из виду, — весенняя клюква: она прячется между комочками почвы до тех пор, пока на небольшом участке не скопится значительное количество её плодов; тогда сверху видно лишь случайные красные точки. Когда человек наклоняется, чтобы сорвать одну ягоду, он обнаруживает, что она соединена тонкой нитью с целой группой аналогичных плодов. Можно аккуратно извлечь из почвы длинную цепочку крупных красных ягод. Возможно, причина такой популярности клюквы заключается в её высокой стоимости весной и полезных свойствах; напиток с добавлением этой ягоды — истинное наслаждение для любителей фруктовых вкусов. Однако алчность среди сборщиков клюквы нередко приводит к забавным ситуациям: однажды пожилая женщина собрала столько ягод, что не смогла самостоятельно нести тяжёлую корзину домой; она была такая увлечена сбором, что решилась остаться с полной корзиной и вернулась домой лишь позже. А иногда две женщины одновременно находят богатые места сбора: они пригибаются к земле, двигаются осторожно, стараясь не упустить ни одного плода; но из-за этого могут столкнуться лицом к лицу и вступить в неловкий конфликт. ' ratio=9.0"
42,42,"text=""История зарождалась как обычная прогулка по берегу, незаметно перерастая в увлекательное расследование. Жительница Новой Зеландии Нейша Ринд с сыном Кеем десяти лет блуждали по пляжу Ocean Beach в городке Тайруа. Сёрферы долгие годы регулярно заселяют этот участок побережья на восточном берегу полуострова Коромандел, но в тот день океан преподнес туристам неожиданную находку, гораздо более ценную, чем заманчивая волна. В среде множества обломков древесины и морских отходов, которые приливы выбрасывают на берег, Кея заметил необычный предмет, первоначально принятый семьей за покрытый водорослями камень или кирпич. После очистки предмета от толстых слоев ракушек и соли выяснилось, что это стандартная бутылка объемом один литр из-под виски Jack Daniel's. Внутри бутылки лежал аккуратно сложенный бумажный лист."" ratio=5.0"
43,43,"text='После того как Игорь Краснов занял пост председателя Верховного Суда Российской Федерации, многие судьи резко прекратили свою деятельность — их охватил страх перед обвинениями в коррупции и вынесении неправомерных решений. Первый случай увольнения произошел практически сразу после вступления Краснова в должность: судья Виктор Мамотов был лишен полномочий и привлечен к ответственности за имущественные злоупотребления, что привело к конфискации его имущества на сумму около 9 миллиардов рублей. В течение шести месяцев после назначения Краснова несколько десятков судей были сняты со своих должностей по всей стране из-за подозрений в коррупционных действиях и злоупотреблении служебным положением. Президент России Владимир Путин предложил кандидатуру Краснова на этот пост, а Александр Гуцан занял должность генерального прокурора, представляющего интересы президента в Северо-Западном федеральном округе. Игорь Краснов подчеркнул, что судебное решение должно быть чистым и безупречным, отвергая любое мошенничество. Он также отметил, что мера противодействия коррупции среди судей будет жесткой.' ratio=8.0"
44,44,"text='Ученые разработали биопленку, которая не пропускает воздух и водяной пар. Через месяц после использования данная упаковка исчезает бесследно.\n\nСегодня пластиковые изделия широко распространены по всему миру. Подобные упаковки попадают на мусорные свалки или даже оказываются в океанах, где разложение занимает сотни лет — это вызывает серьезную проблему. Ученые стремятся создавать биопластики из материалов, восстанавливаемых природой. Обычно экологически чистые пленки недостаточно эффективно защищают от воздействия влаги и воздуха, однако без такой защиты невозможно обеспечить сохранность продуктов.\n\nСпециалисты Технологического института штата Джорджия предложили решение проблемы. Они создали биопленку из компонентов, выращиваемых в садах и лесах, а также остающихся на кухонных столах домашних хозяек после приготовления пищи — целлюлозы, хитозана и лимонной кислоты. Эти компоненты подвергаются обработке, преобразуясь в тонкий слой пленки. Полученная пленка не пропускает воздух и водяной пар.\n\nДанная пленка сама разлагается и не оказывает длительного негативного влияния на почву. Процитировав профессора Карсона Мередита, ресурс innovanews.ru отметил, что эта пленка порой эффективнее обычных пластиковых упаковочных материалов защищает продукты питания от порчи. Тем не менее, для полного разложения требуются особые условия: определенная температура, уровень влажности и наличие микроорганизмов. На обычных свалках биопленка остается неизменной столько же времени, сколько и обычная пластиковая упаковка. На данный момент разработка существует лишь в виде лабораторного образца, пригодного исключительно для опытов. Реальная упаковка из такого материала пока недостаточно гибкая при сгибании, вероятно, потребуется добавление пластификатора.' ratio=10.0"
45,45,"text='Эксперты утверждают, что у кошек сильно развиты органы чувств. Они обладают острым обонянием, превосходящим человеческое приблизительно в сорок раз; слышат ультразвуковые волны и имеют отличное зрение, способное фиксировать мельчайшие изменения в окружающей среде. Это делает кошек очень внимательными наблюдателями, которые быстро реагируют на любые изменения в поведении хозяина — таких как изменение голоса, запаха, поведения или выражения лица. Научные исследования показали, что кошки способны различать человеческие эмоции благодаря восприятию выражения лица, характера движений и интонаций речи.\n\nОднако кошки не устанавливают диагноз заболеваний, а просто реагируют на перемены во внешности и поведении владельца. По поводу распространенного мнения о том, что кошки часто ложатся на больные места, существует научное объяснение: воспаленные области человеческого тела обычно выделяют больше тепла; кошки, имеющие собственную температуру около 38-39°C, инстинктивно стремятся к теплым зонам. Поэтому животные лежат рядом с теплом, создавая ощущение дополнительного источника тепла, хотя никакого медицинского эффекта при этом не происходит.\n\nИсследователи подчеркивают, что утверждение о способности кошек обнаруживать рак у людей необоснованно. В отличие от собак, специально обученных диагностировать онкологию по запаху мочи, кошек подобным образом не тренируют ввиду сложности их тренировки. Единственным научно зафиксированным полезным эффектом взаимодействия с кошками является уменьшение уровня стресса и тревоги у их хозяев.' ratio=6.0"
46,46,"text='Эволюционные ветви большей части современных штаммов данной бактерии раскинулись примерно пять тысяч лет назад — в эпоху неолита, когда люди перешли к оседлому образу жизни и начали жить в условиях повышенного социального взаимодействия. Такое положение дел могло спровоцировать расширение ареала распространения патогенных микроорганизмов, передаваемых через капельную инфекцию или контакт. Стрептококк стрептококкус пирогенес был обнаружен в останках людей, проживающих на территории Европы и Африки около четырёх тысяч лет назад — эпохи бронзы, когда человечество активно осваивало новые земли и устанавливало торговые связи с другими культурами. Одно из первых зарубежных проявлений этой микроорганизмы было обнаружено в останках древней мумии Боливии, датируемых примерно десять тысяч лет назад — время палеоамериканского поселения. Исследователи предполагают, что микроорганизм мог проникнуть в Южную Америку с мигрантами из Сибири, которые двенадцать тысяч лет назад преодолели Берингов пролив и начали заселение Нового света. До изобретения антибактериальных препаратов скарлатина была одной из ведущих причин смерти детей и инвалидности, нередко вызывая потерю зрения или слуховых функций. До открытия учёными бактериальной природы заболевания его симптомы часто воспринимались как проявления натуральной оспы, коревой краснухи или дифтерии — эти инфекции традиционно рассматривались как патологии сопровождающие колонизацию новых территорий. Однако современные учёные считают эту точку зрения упрощённой и возможно даже ошибочной, полагая, что многие другие микроорганизмы, вызывающие инфекционные заболевания, уже существовали в Америке намного раньше прибытия первых европейцев. В пользу данного предположения свидетельствуют данные последних научных исследований, посвящённых возбудителям сифилиса и лепры.' ratio=10.5"
47,47,"text='Инженеров Ирбитского мотоциклетного завода попросили создать монстра скорости, способный развивать 150 км/ч без коляски и 120 км/ч с ней. Такие показатели для большинства советских мотоциклов середины XX века считались несбыточной мечтой. Разработка новинки велась тайно, как секретное оружие времен холодной войны, и с ограниченными ресурсами. Первые тестовые экземпляры были изготовлены в 1963 году. Внешний вид остался привычным для «Урала», но характер двигла преобразился: рабочий объём вырос до 1040 куб.см, а мощность взлетела до 50 лошадиных сил. Для улучшения аэродинамических свойств на мотоцикл был надет специальный защитный кожух — как на боевой танк перед битвой. Однако достичь заявленной максимальной скорости в 150 км/ч не удалось — фактически достигли отметины в 130–132 км/ч. Несмотря на это, мотоцикл произвел сильное впечатление на окружающих, как редкий экземпляр искусства. В 1967 году выпустили ограниченный тираж новых мотоциклов — примерно 25 единиц, оборудованных колясками. Все экземпляры направили в подразделения Госавтоинспекции СССР для испытания на прочность и надежность. Каждый мотоцикл собирался почти индивидуально из-за дефицита производственных мощностей и нерегулярной поставки уникальных деталей, как кружевные работы на заказ. За счет высокой стоимости разработки серийное производство оказалось невозможным, и использование этих машин вызвало значительные трудности — как попытка впихнуть круглого колеса в квадратную яму. Нехватка запчастей и сложности ремонта двигателей сделали эксплуатацию сложностью и неудобством, как постоянная борьба с непогодой. Проект остался экспериментальным и эксклюзивным из-за своей сложности и высоких затрат. Однако мотоцикл «Урал М-100» вошел в историю советского мотопрома, как легенда на колесах. Эти мотоциклы эксплуатировались в ГАИ примерно десять лет — как звездное небо над головой. Сейчас память о них сохранилась только среди немногих энтузиастов и коллекционеров, большинство оригинальных экземпляров утрачено, оставшиеся стали редкостью — как волшебные предметы из сказки. Ирбитский завод снова стремится привлечь внимание покупателей. В январе 2026 года начался выпуск модели «Урал Нео 500» — современного варианта классического мотоцикла, оснащенного редким двухцилиндровым двигателем объёмом 446 куб.см с жидкостным охлаждением и мощностью 35 лошадиных сил, пятискоростной коробкой передач с задним ходом. Масса сухой версии составляет 334 кг — как легкий бриз на горизонте. Внешний дизайн напоминает современные туристические мотоциклы, а оборудование включает светодиодную оптику, электронное табло приборов и встроенную камеру переднего вида. Разработчики создали новую модель совместно с крупным партнером, ориентировавшись главным образом на международный рынок — как выход на большую арену. Проект «Урал М-100» демонстрирует, что амбициозные технические решения требуют учета реальных возможностей промышленного производства и стратегического планирования. Сегодня завод ставит акцент на новейших технологиях и международном сотрудничестве для возвращения позиций на мировой арене мотоциклетной индустрии — как бег на небесах.' ratio=10.6"
48,48,"text=""Технические характеристики и материалы.\n\nКомплектующие и внутренние элементы конструкции модели Truckster обеспечивают насыщенность звука и высокую стабильность строя. Основной материал инструмента — красное дерево для корпуса, кленовый топ и вклеенный гриф из махагони, обеспечивая мощный резонанс и длительное звучание, которое высоко ценится музыкантами жанра рок.\n\nКонструктивное решение с вклеенным грифом и установленными активными звукоснимателями EMG делает инструмент надежным на сцене и позволяет получать чистый, мощный звук без посторонних шумов. Инструменты, подписанные Хэтфилдом, известны высоким качеством изготовления и надежностью комплектующих.\n\nВместе с инструментом покупатель получает фирменный кожаный ремень Levy's профессионального качества и иллюстрированную книгу, посвященную истории группы Metallica. Такие комплекты редко встречаются в регионах, поскольку большинство инструментов серии ESP японского производства приобретают коллекционеры через специализированные международные торги.\n\nФактические сведения о модели ESP Truckster:\n\nПятый инструмент для Хэтфилда: Модель Truckster стала пятой подписной моделью, выпущенной ESP специально для Хэтфилда. Базой послужил корпус модели ESP Eclipse, внешне схожий с известной гитарой Gibson Les Paul.\n\nДизайн автомобиля: Увлекающийся кастомными машинами и хот-родами Хэтфилд попросил разработчиков сделать новый инструмент в виде автомобиля с серым матовым покрытием, будто его не успели полностью покрасить. Именно такой слегка поврежденный внешний вид стал отличительной чертой этой модели — без лакового покрытия и блестящей отделки.\n\nФальшивый переключатель: Тумблер сверху корпуса предназначен лишь для визуального соответствия винтажному стилю рабочего функционала. Реальная регулировка осуществляется с помощью нижнего переключателя.\n\nМногоуровневое покрытие: Для достижения эффекта состаренного внешнего вида на производстве ESP наносят несколько слоев краски (серого, черного и белого цветов), после чего покрытие частично стирается вручную. Это придает каждому инструменту индивидуальность, и даже два экземпляра из одной производственной партии выглядят по-разному."" ratio=6.0"
49,49,"text='Когда вы покупаете дом на вторичном рынке недвижимости зимой или осенью, легко упустить из виду серьезные проблемы с фундаментом: они часто остаются невидимыми для глаза. В таких случаях основание может быть подвержено гниению и разрушениям, что в конечном счете потребует полного восстановления строения или его демонтажа. Это как скрытая миннаeper en russkom: проблема может лежать невидимой на поверхности, но при подходящем освещении и внимательной проверке становится ясной. \n\nПри осмотре скрытых работ обратите внимание на качество утепления, гидроизоляции и пароизоляции: ошибки здесь могут привести к неразрешимым проблемам позже. В подвалах проверьте температуру воздуха и влажность; следы сырости и протечек также не должны быть проигнорированы, ведь они говорят о скрытых недостатках.\n\nВ ИЖС каждая деталь может стать камнем преткновения: неподходящий грунт, ошибочный выбор сечения свай или типа фундамента, отсутствие антипиротропной обработки древесины – все это может привести к серьезным последствиям. Лучше всего проводить осмотр дома вместе с техническим специалистом: он поможет детально разобраться во всех нюансах.\n\nНе забывайте проверять наличие разрешения на строительство и вид использования земельного участка: самовольные постройки часто страдают от запрета на жилое использование. Кроме того, учитывайте будущие изменения в окружающей среде – например, появление новых промышленных объектов или транспортных магистралей. Чтобы получить такую информацию, изучите генеральный план развития вашего района, доступный онлайн.\n\nЭти шаги помогут предотвратить неприятные сюрпризы и обеспечат надежность вашей новой жилищной покупки.' ratio=10.0"
50,50,"text='Продукты, несправедливо обвинявшиеся диетологами в неэффективности, как свёкла обыкновенная или мангольд, так и их листья, на протяжении долгих лет были исключительно декоративными ингредиентами блюд, таких как винегрет или борщ. Однако сегодня европейские диеты активно используют свёклу для приготовления полезных блюд с высоким содержанием железа и витаминов C и K, приятным вкусом и отсутствием горечи. Согласно диетологу Светлане Бережной, свёкла богата бетаином — веществом, способствующим снижению веса путём предотвращения накопления жиров и улучшения усвоения белка. Лучший пример её использования — разгрузочный день, когда в соке свёклы найдутся ферменты для поддержания водно-солевого баланса организма и маленькое мочегонное действие, особенно полезные для людей склонных к отекам. Клетчатка в свёкле активизирует работу кишечника и желчного пузыря, однако может вызывать слабительное эффект. Из свёклы можно приготовить множество вкусных блюд, не будучи обременительно затратными по сравнению с другими продуктами. При этом сто грамм свёклы дарят всего сорок калорий, и она ладно сочетается с зеленью и морской солью, а от острых или копчёных продуктов стоит отказаться.' ratio=10.0"
51,51,"text='Росреестр Санкт-Петербурга представил отчет за первый квартал 2026 года. Начальный этап года оказался разным для рынка недвижимости: увеличилось число ипотечных кредитов и договоров долевого участия, однако сделки на вторичном рынке почти не регистрировались. Активнее всего развивался сектор ипотеки, преодолев предыдущие барьеры в виде высоких процентных ставок и ограниченного спроса. В период январе-марта 2026 года в Санкт-Петербурге зарегистрировано 28 346 ипотечных договоров, что на 14% превышает показатели прошлого аналогичного периода (24 943 договора). Увеличение числа ипотечных займов свидетельствует о том, что покупатели продолжают приобретать жилье, несмотря на трудности. На первичном рынке также отмечен рост: согласно предоставленным Росреестром Санкт-Петербурга данным, в первом квартале 2026 года заключено 10 299 договоров долевого строительства, что составляет увеличение на 10% относительно первого квартала прошлого года (9366 договоров). Однако общий объем сделок купли-продажи жилых объектов увеличился незначительно: разница между количеством зарегистрированных прав собственности на основе договоров купли-продажи и обмена составила всего 257 единиц. В первом квартале 2026 года зарегистрированы права на 21 890 объектов, годом ранее — на 21 633. В январе текущего года количество заключенных договоров долевого участия в строительстве увеличилось почти в полтора раза: число договоров долевого участия за январь 2026 года достигло показателя 4262, увеличившись на 57 договоров по сравнению с аналогичным периодом прошлого года (2707 договоров). За январь-февраль 2026 года в Санкт-Петербурге зарегистрировано 8601 ипотечный договор, в то время как за январь прошлого года — 6664.' ratio=8.0"
52,52,"text='Параллельно с отменой льготной ипотеки, способствовавшей развитию строительства домов для индивидуального жилищного строительства, многие компании, одновременно возводящие несколько объектов, столкнулись с финансовыми трудностями и прекратили свою деятельность. Генеральный директор компании «Загородная недвижимость Урала» Александр Свитеньков сообщил, что из более чем тысячи предприятий, работавших ранее в этом сегменте индивидуального жилищного строительства Екатеринбурга, продолжают функционировать и получили доступ к проектному финансированию около 40. Сегодня средства банковских кредитов (примерно от 50 до 100 миллионов рублей) недостаточно для обеспечения предыдущих объёмов строительства, что стало следствием сокращения спроса и объемов работ.' ratio=9.3"
53,53,"text='Угроза квантовых технологий привела сообщество пользователей биткоина в тяжёлое раздумье: поддержать добровольный переход на защитные механизмы или принудительно ограничить использование наиболее уязвимых активов. Спор, что ещё недавно представлялся лишь теоретическим, теперь приобрел острый характер после публикации исследований Google. В отчёте объёмом более 50 страниц были представлены методики значительно снижающие риск квантовых атак на цифровые валюты. Исследования предсказывают, что высокопроизводительные компьютеры для таких атак появятся ближе к концу десятилетия, чем ожидалось ранее — не в середине 2030-х годов, а уже к 2028 году. Это означает опасность для миллионов единиц старой цифровой валюты, принадлежащих различным участникам рынка и предположительно основателю биткоина Сатоши Накамото. По подсчётам ученых Google, общая сумма таких активов составляет около 2,3 миллиона биткоинов, что эквивалентно примерно 170 миллиардам долларов США. Атака квантового компьютера может восстановить закрытый ключ пользователя по открытому адресу, что сейчас крайне сложная задача, но квантовые алгоритмы значительно упрощают её решение. Первый сценарий предполагает расчёт соответствующего закрытого ключа по известному открытому адресу, а второй — перехват транзакции и замещение оригинальной транзакции собственной. Этот последний вариант особенно опасен для всей системы, поскольку угрожает не только старому капиталу, но и обычным переводам.' ratio=8.0"
54,54,"text='Семь легендарных сталинских зданий привлекают к себе взгляды жителей и гостей столицы: россиян и иностранцев. В ходе экскурсионных маршрутов по городу, чье планирование основано на семи природных возвышенностях, рассказывают о создателях и творцах величественных строений, а также о сотрудниках органов государственной безопасности, что не лишает любопытства. Особое внимание уделяется уникальной оформке садов и фонтанов. Один из них притягивает интерес: рекомендовано подойти к главному зданию МГУ со специальным прибором для радиационного контроля, Гейгера- counter. По словам руководителя туристической компании ' ratio=10.0"
55,55,"text='На круглом столе под названием «Кадры для роботизации: как подготовить инженеров будущего» председатель партии «Новые люди», Алексей Нечаев, сразу же углубился в обсуждение конкретных вопросов. Он начал с темы разработки системы распознавания лиц, отметив, что некоторые вещи ещё не достигли совершенства, даже несмотря на известные поговорки. Затем он подчеркнул, что участники обладают знаниями о роботизации и её влиянии на русский язык. По его мнению, комментарии к его выступлению были излишними, так как тема была ясной и понятной. Когда говорят о роботизации, обычно нет дискуссий об альтернативах, ведь ранее труд работников стоил дешево — около двух десятков тысяч рублей в месяц. Сейчас таких уровней зарплат больше не существует, поэтому сотрудники получают гораздо большую оплату труда. Соответственно, нужно принять, что оплата труда в размере двадцати тысяч рублей сейчас не актуальна, так как человеческое достоинство невозможно измерить деньгами. После этого Нечаев привёл пример своей компании «Фаберлик», где за десять лет благодаря постепенной автоматизации и роботизации производственный процесс стал эффективнее в двадцать раз, а зарплаты сотрудников увеличились примерно в три раза. Однако докладчик отметил, что это касалось только тех работников, которые продолжили трудиться после внедрения автоматизации. Обсудив эти данные, он заметил, что трёхкратный рост производительности труда сопровождался лишь увеличением зарплаты в три раза.' ratio=8.0"
56,56,"text='Адриан Лахдо — центральный защитник шведского происхождения, чья оценка была равна миллиону евро. Он перешёл в итальянский клуб «Комо», заплатив 12 миллионов евро. Адриану 18 лет: он был лидером юношеской сборной страны и продолжает играть значимую роль в молодежной команде. Хотя у него небольшой опыт в профильном клубе «Хаммарбю» — менее двадцати матчей, его талант привлёк внимание скаутов. Команда «Комо», известная своей приверженностью молодым игрокам, заметила определённые достоинства, за которые заплатили большую сумму денег. Покупка Кадера Мейте за 30 миллионов евро не вызывает удивления, и это объясняется традицией саудовских команд тратить большие суммы на игроков. Кадер начал тренироваться в академии «Ренна» в пятнадцать лет и постепенно продвинулся до основной команды, где демонстрирует хорошие перспективы. Его отличает хорошая верховая борьба, способность действовать эффективно как на центральном фланге, так и в качестве нападающего. Кадер также улучшал свою технику передачи каждый месяц и уже выступал за молодежную сборную до 21 года. Несмотря на такие качества, он выбрал финансовый комфорт, предпочитая условия профессионального роста в Саудовской Аравии.' ratio=9.0"
57,57,"text='Компания DFC Intelligence провела исследование рынка игровых консолей, результаты которого были опубликованы в издании VentureBeat. Согласно отчету специалистов, новая игровая консоль Nintendo Switch 2 может занять лидирующие позиции на рынке — аналитики предполагают, что в течение следующих двух лет именно эта консоль будет наиболее востребованной среди потребителей. Такой вердикт поддержали два фактора: повышенный интерес пользователей к персональным компьютерам и выпуск эксклюзивных видеоигр. Эксперты считают, что устройство обладает хорошими рыночными перспективами благодаря высокому потребительскому спросу на компактные игровые устройства. При этом отмечается отсутствие аналогичных компактных моделей у основных конкурентов — компаний Sony и Microsoft. Кроме того, специалисты обратили внимание на высокое качество программного обеспечения, разработанного специально для Nintendo Switch. Более 80% игр для данной платформы выпускаются непосредственно Nintendo либо студиями, находящимися под контролем компании. В сравнении с этим, примерно 85% игр для PlayStation создаются независимыми разработчиками. Авторы исследования также указали на высокий уровень привлекательности Nintendo Switch среди владельцев персональных компьютеров. Согласно представленным данным, почти половина пользователей ПК владеют консолью Nintendo. Презентация модели Nintendo Switch 2 состоялась в апреле. Конструктивные особенности включают дисплей диагональю 7,9 дюйма с частотой обновления экрана 120 Гц, новые контроллеры с магнитным креплением и функцию увеличения разрешения графики до формата 4K.' ratio=8.3"
58,58,"text='Исторические локации и новые проекты\nКомпания «Балтийская коммерция» приобрела участок площадью примерно 5,5 тыс. м² на Новгородской ул., 14 весной 2024 года. До этого здесь находился бизнес-центр класса С, а рядом был возведён жилой комплекс «Форсайт», принадлежащий той же компании.\n\n«Балтийская коммерция» занимается строительством в историческом центре Санкт-Петербурга с конца 90-х годов. Последние реализованные проекты — реконструкция советского лицея на пр. Представителя Римского-Корсакова и строительство премиального жилого квартала возле станции метро «Чкаловская». Район Песков считается одним из наиболее престижных районов города, однако после 2010 года здесь начали появляться новостройки не только премиум-, но и бизнес-класса.\n\nЖители района ценят его спокойствие и отсутствие шумной туристической активности. Эксперты отмечают, что район ещё содержит промышленные зоны, доставшиеся городу от ранее расположенной промзоны.\n\nРынок элитного жилья и перспективы развития\nС начала 2024 года в центральной части Санкт-Петербурга появились два новых жилых комплекса общей вместимостью 448 квартир: премиальный «Моисеенко 10» и объект бизнес-класса N8. Кроме того, реализуется ряд других проектов, среди которых ЖК ПСК и реконструкция Мытного двора. Свободных земельных участков для нового строительства в центре почти не осталось, тогда как спрос на элитное жильё остаётся высоким.\n\nБрокеры указывают, что единичные свободные участки ещё остаются в районе пл. Возрождения и улицы Черняховского. Основной потенциал для расширения центра находится между Синопской набережной и Новгородской ул.: там компания «ТГК-1» планирует реализовать крупный проект редевелопмента Центрального теплового энергетического комплекса. Проект предусматривает создание общественного пространства, связанного с городской застройкой и набережной. Уже одобрен первый этап, включающий зону отдыха и заведения общественного питания.\n\nСанкт-Петербург продолжает развиваться: старые исторические районы обновляются, а новые элитные жилые комплексы интегрируются в существующую городскую среду, создавая сочетание элементов прошлого и будущего.' ratio=12.0"
59,59,"text='Среди трех основных претендентов на золотые медали выделяется сборная Швейцарии: ей уже несколько лет не хватает решающего удара, чтобы добраться до вершины. Возможно, преимущество игры на своем льду станет козырем в ее руках; там, где швейцарские хоккеисты стоят на льду, даже снег замерзает от их мастерства. В составе сборной Швеции выступят практически все известные звезды: среди них Лукас Рэймонд, набравший в прошлом сезоне 76 очков и придавший новую волну на ' ratio=9.0"
60,60,"text='Бычья акула известна своей бескомпромиссной агрессивностью, что многим уже хорошо знакомо. Однако ни один из этих агрессивных видов никогда не будет бродить по Черному морю, даже если бы такая возможность и существовала.\n\nДлиннокрылые и серые акулы также считаются опасными хищниками, однако они предпочитают держаться подальше от этих вод.\n\nПричина тому кроется в нескольких факторах:\n\n1. Черное море знаменито своей низкой температурой воды зимой, что многие виды акул считают чрезмерно холодной средой для проживания.\n2. Малочисленность рыбы в этих водах делает их привлекательностью ниже для крупных хищников; акулы хорошо осведомлены о том, что здесь нет достаточно пищи.\n3. Лоцманские карты Черного моря предупреждают о низкой солености воды, которая не благоприятствует их жизнедеятельности; для акул наиболее комфортны среды высокой концентрации соли.\n4. Вода в глубинах Черного моря насыщена сероводородом, что известно своим ядовитым воздействием; инстинктивно они избегают таких мест, где уровень газа превышает норму. Подводный мир здесь более или менее живет лишь до 100 метров глубины.\n5. Экологические проблемы Черного моря тесно связаны с его неустойчивыми условиями для обитания акул; даже самые агрессивные виды предпочитают избегать мест с повышенной опасностью.\n\nВпрочем, у Черного моря есть свои небольшие представители: катраны и кошачьи акулы. Они похожи на настоящих хищников лишь внешним видом; они не представляют для человека серьезной угрозы.\n\nПока что официальные данные не зафиксировали появления опасных для людей акул в Черном море, но теоретически это возможно.' ratio=11.0"
61,61,"text='В ноябре 1916 года строительство Великого Северного пути было запущено в программу государственного железнодорожного строительства, словно засада в тайнике времен. Не прошло и месяцев, как произошли события, подобные буре, повлиявшим на судьбы потомков. Всего предпринимались пять попыток реализации проекта за сто лет — не так много для такого великого дела. Первая попытка: начало 1920-х годов. Новое правительство, как новый виток истории, снова взялось за проект. Ввиду недостатка финансовых ресурсов, эксперты предложили привлечь иностранного капитала, который тогда казался ключом к новым дверям. Однако оценив тяжелое экономическое положение страны, реализацию проекта пришлось отложить. Вторая попытка: 1930-е годы. Строительство принятое решение осуществлять собственными силами, как самостоятельная игра в строения. Изучение восточных участков будущей магистрали началось именно тогда — речь идет о строительстве Байкало-Амурской железнодорожной магистрали. Рабочие столкнулись с чрезвычайно сложными условиями, как пещеры в лесном царстве. Сотни километров путей были построены благодаря усилиям людей, но рельсы уже установленные в лесах пришлось демонтировать и отправить на Волгу под Сталинградом. Железнодорожные пути Сибири послужили источником материалов для обороны государства. Третья попытка: 1950-е годы. Предпринималась серьезная попытка построить Трансполярную железную дорогу от Салехарда до Игарки, как мечта на полярном ветру. Однако строительство оказалось невозможным из-за неблагоприятных природных условий: особенностей климата и болотистых территорий. Проект закрыли. Четвертая попытка: 1970-е годы. Байкало-Амурскую магистраль назвали важнейшей стройкой десятилетия, как символ эпохи. Восточная часть трассы была успешно построена, демонстрируя инженерный талант и трудолюбие советских специалистов, а западная же часть осталась нереализованной. Пятая попытка: настоящее время. К концу 2025 года специалисты представили отчет о дальнейших перспективах строительства магистрали, но ситуация оказалась сложной: стоимость проекта составляет около 50 триллионов рублей. В современных экономических условиях реализация проекта признана несвоевременной.' ratio=13.0"
62,62,"text='В Москве зафиксирован новый способ хищения денежных средств через банкоматы, сообщила Мария Беликова агентству «Общественная служба новостей». Женщина посетила офис Сбербанка и активировала свою бесконтактную карту Visa Gold. По стандартной процедуре, устройство запросило PIN-код, что позволило злоумышленникам автоматически списать 5000 рублей на мобильный счет оператора «Билайн», принадлежащий неизвестному лицу. Ввод номера и подтверждение потерпевшая не осуществляла, узнав о транзакции благодаря поступившему СМС-сообщению. Сообщив банку о произошедшем, Мария получила информацию, что списание средств произведено посредством функционала Сбербанк Онлайн через банкомат. Все банковские карты женщины были немедленно заблокированы, выпущена новая карта взамен старой. Женщина незамедлительно связалась с горячей линией компании «Билайн». После проверки выяснилось, что деньги исчезли мгновенно, возврата средств оператор связи не гарантирует. Согласно предположениям Марии, вина лежит на Сбербанке и банкомате с функцией бесконтактной оплаты. Мошенник заранее заполнил необходимые поля, указав сумму и номер телефона жертвы, но завершил процесс неполностью. Затем банковское оборудование продолжило находиться в активном состоянии, после чего Мария внесла свою карту и ввела PIN-код, завершив начатый злоумышленником процесс и позволив списать собственные денежные средства. Женщина уверена, что имело место попытка проникновения в систему банкомата Сбербанка из-за технической уязвимости устройства. Несмотря на скептическое отношение полиции, сотрудники Сбербанка оперативно вернули похищенные средства и проявили сочувствие и повышенное внимание. При беседе Мария отметила, что коллеги из полиции отказались возбуждать уголовное дело, сославшись на отсутствие признаков преступного деяния, поскольку владелец карты самостоятельно вводит PIN-код. Сотрудникам банка Мария заявила, что случай произошел вследствие технической уязвимости устройства, однако представители банка официально это отрицали. Сотрудники Сбербанка рекомендовали потерпевшей в будущем перед началом операций с банкоматом нажимать клавишу отмены для предотвращения подобных инцидентов.' ratio=10.0"
63,63,"text='Сегодня перед школами стоит сложная задача: информационные потоки обрушиваются на общество в таких количествах и разнообразии, что глубокое обсуждение теряет смысл при поверхностных заявлениях о «цифровизации». В этом контексте ресурсы тратятся лишь на внешнее звучание решений. Однако истинные трудности кроются под поверхностью: культура взаимодействия между людьми становится пострадавшей, а уважение к старшим и специалистам исчезает, оставляя место финансовым ценностям. В таких условиях система образования теряет свое предназначение, так как устаревшие школы не способны передать знания или воспитать молодое поколение.\n\nРуководители образовательных учреждений сталкиваются с непростыми выборами: они должны одновременно обращаться с реальными проблемами в школах и следовать требуемым вышестоящими инструкциям, которые часто противоречат потребностям образовательных учреждений. Такое положение создает внутри руководителей стресс и дезориентацию, что заметно экспертам и исследователям, отмечающим невозможность выполнить взаимоисключающие функции одновременно.' ratio=10.0"
64,64,"text='Передаю добрую весть любимому изданию «Новороссийский рабочий». Многолетняя деятельность в благотворительном деле привела к тому, что число покровителей моих беспризорных питомцев заметно увеличилось. Важную роль сыграли публикации о моей работе и встреченной на их фоне дружелюбной аудитории. Например, акция «Сдать макулатуру — обеспечить угощение бездомным животным» нашла отклик в сердцах учеников многих городских школ. Их активность помогает не только накапливать средства на корм животных, но и формирует экологическую культуру. Они узнают, например, почему картон тяжелее бумаги, но стоит дешевле благодаря его плотности. Продолжая благотворительные эстафеты с депутатом ЗСК А.Н. Карапенко, мы запустили «Марафон инициатив», где школьники смогут сортировать пластик для переработки. Внедрение специальных контейнеров в образовательных учреждениях позволит аккумулировать средства на приобретение корма, медицинских препаратов и лекарств для подопечных животных. Учащиеся осознают ценность экологических действий: кто-то может стать профессиональным экологом, но главное – вырастут внимательными и заботливыми людьми. Так, один ученик объяснил однокласснику о важности правильной утилизации бумаги для кормления бездомных кошек. Вопросы о количестве макулатуры, необходимой для покупки корма, требуют точных расчетов: один кубометр бумаги приносит доход около 4,5–5,5 тыс. рублей, а килограмм корма стоит примерно 550 рублей. Для полноценного питания всех животных на один прием пищи требуется около 15 кг корма, что подчеркивает важность нашей постоянной работы по обеспечению их питанием.' ratio=9.0"
65,65,"text='Работодатели замечают склонность молодежи к избирательной трудовой активности. Владельница магазина корейской косметики Татьяна Вакарчук уверяет, что студенты сразу выдвигают амбициозные требования: желаемый график работы, гарантированную зарплату и даже дополнительные бонусы в виде скидок на товары. Однако такие условия не удерживают молодых людей на рабочем месте: они могут регулярно проявлять халатность или внезапно отказываться от сотрудничества без объяснения причин, будто это естественно и непроизвольно. \n\nСтуденты предпочитают комфортные условия и интересную деятельность, что делает ранний подъем и длительную смену в торговом центре невероятно утомительными и противоречащими их внутреннему ритму жизни. Несмотря на возможность получения процента от продаж наряду с фиксированной зарплатой, современные молодые люди редко беспокоятся о будущем — им хватает заработанных средств лишь на простое питание и одежду. Концепция жизни современных девушек и юношей заключается в принципе, согласно которому лучше не ходить на работу, чем заниматься деятельностью, вызывающей дискомфорт.\n\nУправляющий сетью кафе Вадим Терехов также отмечает отсутствие профессиональных амбиций среди современной молодежи. По его словам, несколько лет назад основную массу сотрудников ресторанов составляли студенты, работавшие добросовестно и ответственно. Сейчас же эта роль перешла к сотрудникам старшего возраста, которые трудятся значительно усерднее.\n\nМолодежь демонстрирует недостаточную надежность и профессионализм: за прошедший год почти ежемесячно студенты-официанты прекращали выходить на смены без уведомления и игнорировали телефонные звонки. Ранее, примерно пять лет назад, ситуация выглядела иначе: сотрудники-студенты работали стабильно и ответственно, имели хороший доход, поскольку заработок официантов зависел от интенсивности их труда.\n\nТерехов подчеркивает, что большинство современной молодежи довольствуются малым, предпочитая избегать больших усилий ради большего заработка. Например, опытный официант среднего возраста готов обслуживать большее количество столов за одну смену, понимая прямую зависимость дохода от объема выполненной работы. 18-летнему сотруднику гораздо важнее свобода и легкая занятость, нежели высокий заработок.\n\nПо мнению управляющего, изменить отношение молодежи возможно только путем возникновения критической ситуации, когда нехватка средств заставит отказаться от личных желаний и принять необходимость следовать требованиям работодателя. Когда человек оказывается в сложном положении, он отказывается от попыток навязывать окружающим свою волю и адаптируется к реальности и объективным жизненным обстоятельствам.' ratio=7.0"
66,66,"text='Министерство транспорта разработало новый регламент для пассажиров метрополитена, который вводит ряд ограничений и запретов. В документе предлагаются правила, согласно которым использование детских колясок на станциях и вагонах метро становится недопустимым. Публикация проекта состоялась на официальном сайте нормативных актов 19 апреля прошлого года. \n\nРегламент также запрещает быстро перемещаться по движущимся эскалаторам, профессиональную съемку и запись на видеокамеры. Ограничения распространяются и на размещение ручной клади в местах для сидения. Помимо этого, проект предусматривает запреты на манипуляции с беспроводным оборудованием и использование дронов в подземных транспортных сооружениях.\n\nНовый регламент также требует от пассажиров предоставлять приоритет инвалидам, пожилым людям, матерям с детьми и беременным женщинам. До этого положение было рекомендательным.\n\nВступление в силу нового регламента запланировано после вступления в силу Федерального закона № 442-ФЗ «О внеуличном транспорте и внесении изменений в отдельные законодательные акты Российской Федерации», то есть начиная с 30 декабря 2018 года.' ratio=16.5"
67,67,"text='Мем «шесть-семь», привлечший внимание подростков по всему миру, несет в себе явное отсутствие смысла. Эта фраза лишь изысканно согласована с ритмом и звучанием песни исполнителя Skrilla «Doot Doot (6 7)». По другой версии, она связана с ростом баскетболиста Ламело Болла — примерно 201 см. Мем приобрел популярность благодаря характерному движению рук: кисти поднимаются и опускаются попеременно. В 2025 году издание Dictionary.com признало слово «six-seven» одним из наиболее распространённых, но не смогло предложить ясной трактовки. Таким образом, термин «67» является типичным примером бессмысленного мема, вызывающего замешательство и трудности восприятия; именно эта неразгаданность привлекает молодежь.\n\nФилологи считают причиной популярности фразы её отсутствие содержательного значения и одновременно важную функцию — указывать на принадлежность к определенной подростковой культуре. Проговорив «шесть-семь», подросток заявляет: «Я здесь, я понимаю их язык, не взрослый». Именно этот фактор вызывает недовольство учителей в разных странах — любая числовая последовательность с шестью или семью провоцирует хаос среди школьников. Школьники начинают хором произносить фразу и повторять характерные жесты.\n\nВ России ситуация усугубилась, поскольку мем перешел из интернета в реальную жизнь с неожиданными последствиями: подростки начали беспокоить жителей домов № 67, звоня в дверные кнопки и выкрикивая «шесть-семь», после чего скрывались и записывали реакции раздраженных соседей. Члены Лиги безопасного интернета уже высказывались по поводу проблемы, а департамент образования Перми провел разъяснительные беседы с учениками о подобных шутках.' ratio=9.0"
68,68,"text=""В декабре 2022 года президент России Владимир Путин предложил использовать фонды ФНБ для финансирования льготного лизинга гражданского транспорта: воздушного и водного. Программа поддержки отечественного авиаперевозчика рассчитана до 2030 года, предусматривая поставку более 450 самолётов и 460 вертолётов на рынок, сообщили в 'Ростехе'. Лизинговые компании приобретут технику для передачи авиаперевозчикам с заниженными ставками. Основной заказ 'Аэрофлота' составляет около 250 млрд рублей, и он приобретает зарубежное оборудование за счет этих средств. В 2023 году ФНБ передало НЛК около 187,5 млрд рублей под 1,5% годовых сроком на 15 лет. 'Аэрофлот' получил самолёты в оперативный лизинг, а частные перевозчики — в финансовую аренду, при этом техника перейдет в полное владение после истечения срока договора. Платежи 'Аэрофлота' по лизинговым обязательствам будут покрываться доходами компании. Однако, несмотря на рост чистой прибыли до 7,274 млрд рублей в этом году после отрицательных показателей годом ранее (-49,943 млрд рублей), собственные доходы вряд ли смогут покрыть лизинговые обязательства. Компания утверждает, что сократила коммерческие затраты на 46,9% благодаря внедрению отечественной системы бронирования 'Леонардо'. Использование государственных средств частным авиаперевозчикам поддерживает экономики стран с недружественными отношениями, и вероятно, российские компании впоследствии повысят стоимость билетов."" ratio=7.9"
69,69,"text='Многие стремятся обеспечить финансовую независимость, засылая накопления в банк ради получения процентов от вложений. Эксперты предостерегают: накопленный капитал постепенно уменьшается из-за налоговых отчислений и инфляции. Следует ли оставить трудовую деятельность и перевести значительную сумму на депозит? Однако расчеты специалистов Сбербанка и Т-Банка показывают, что для обеспечения среднего уровня доходов страны необходим вклад размером от 13 до 18,9 млн рублей в зависимости от конкретных условий размещения средств. Человек склонен воспринимать банковские вклады как надежную защиту от экономических рисков, однако это мнение ошибочно: такое вложение способно привести к потере реальной стоимости накопленного капитала. Без регулярного инвестирования прибыли ее размер фактически остается прежним. Главная проблема российских рантье заключается не столько в размере процентной ставки, сколько в ее соотношении с уровнем инфляции: по словам экспертов, если тратить всю полученную прибыль, покупательская способность средств постепенно снижается. Например, при ставке 10% годовых и инфляции 5% реальная доходность составит всего 5%, а расходование всей прибыли приведет к ежегодной утрате 5% накоплений: через десять лет такой стратегии купленная продукция обойдется вдвое дороже, и идея комфортного существования станет путием к снижению жизненного уровня. Помимо инфляции, существуют дополнительные препятствия для сохранения капитала: необходимость уплаты налога и риск потери лицензии банком. С 2026 года налогом не облагаются доходы по вкладам, не превышающие 160 тыс. рублей, остальное подлежит налогообложению по ставке 13–15%. Условия системы страхования банковских вкладов ограничиваются возмещением максимум 1,4 млн рублей, что делает размещение значительных сумм менее безопасным. Для защиты больших капиталов требуется распределение средств между множеством финансовых учреждений, что усложняет процесс управления финансовыми активами. Поэтому специалисты рекомендуют рассматривать различные инвестиционные инструменты помимо банковских вкладов: облигации, недвижимое имущество, ценные бумаги, учитывая текущие рыночные условия.' ratio=8.0"
70,70,"text='Журналист издания «Новороссийский рабочий» прониклась предложениями работы на одном из популярных веб-ресурсов. Там обещают мануальное обслуживание кафе, ресторанов и банного комплекса. Работодатели гарантируют оплату труда от 3 до 4 тысяч рублей за смену, при этом месячная зарплата может достигать 65 тысяч рублей. В известном ресторане вольный повар-мангальщик получит компенсацию размером 5200 рублей за смену. Для заведения быстрого питания требуется человек, который будет готовить блюда согласно внутренним стандартам предприятия, принимать заказы и обслуживать кассовый аппарат. Его зарплата будет минимальной в размере 80 тысяч рублей ежемесячно. Повар-универсал сможет рассчитывать на зарплату от 75 тысяч рублей, а также на привилегированное жильё и питание. На отдыховом комплексе в Широкой Балке требуются горничные для уборки номеров, беседок и территории бассейна с бесплатным предоставлением жилья и питания. Горничная, согласившаяся трудиться вахтовым способом в Абрау-Дюрсо на 90 дней, будет получать до четырёх тысяч рублей ежедневно. Мини-отель ищет администратора с зарплатой от 80 тысяч рублей с мая по сентябрь и горничную с заработком от 60 тысяч рублей ежемесячно. В ресторанах общественного питания, санаториях и гостиницах в Широкой Балке, Мысхако и Абрау-Дюрсо уже сегодня открываются вакансии горничных, поваров, официантов, посудомоек и уборщиц. К началу летнего сезона ожидается увеличение числа предложений.' ratio=8.0"
71,71,"text='На текущей неделе нервы жителей Астрахани выдержали напор множества проблем. Глава регионального правительства Олег Князев, отвечающий за их разрешение, решил временно перебраться в более комфортное место. Журналист Александр Алымов заметил, что в Астраханской области накопилось множество нерешенных вопросов, и они стали обостряться одновременно. В своем Telegram-канале он отметил трудности фермеров, но министр сельского хозяйства Пашаев игнорирует местные мнения. Астраханцы недовольны экспериментом со специальными полосами для общественного транспорта и протестуют против изменений, вызвавших пробки. Чиновники не откликаются на жалобы граждан. Жители села Володарского района страдают от нехватки воды в знойные дни. Эти проблемы лишь малая часть существующих трудностей.\n\nРазрешение указанных вопросов лежит в компетенции Олега Князева, но сам министр кабинета отправился куда-то непонятно: где он и чем занимается, остается тайной. Алымов подчеркивает, что руководство игнорирует актуальные проблемы и создалось ощущение, будто Князев сознательно откладывает решение важных вопросов, чтобы спокойно отдыхать.\n\n«Кажется очевидным, что сейчас требуются активные действия для улучшения ситуации. Что делает наш председатель правительства? Он находится в отпуске с начала недели и даже не приближается к разрешению проблем! Это поведение в условиях необходимой срочной реакции является крайне непонятным», — заключил Алымов.' ratio=8.5"
72,72,"text='Цена на яйца в Астрахани продолжает взлетать — недавно она подскочила на 2%, как сообщили в Астраханьстате. Средняя цена десятка яиц достигла 79,55 рублей, а в некоторых магазинах она уже выше. Причины роста остаются неясными, несмотря на наличие в регионе нескольких птицефабрик. Такая ситуация напоминает ноябрь 2013 года, когда оптовые яйца подорожали на 116%, а розничные — на 125%. Тогда губернатор Астраханской области Александр Жилкин потребовал снизить цены, угрожая применением административных мер. Для достижения цели было использовано соответствующее воздействие. Подробности этой истории ранее были опубликованы на портале Astrakhanpost.ru.' ratio=8.0"
73,73,"text='Диагностика редких болезней требует значительных временных затрат — врачам приходится счищать слои проблемного дерева до тех пор, пока не засветятся корни заболевания. Исследователи из Стэнфорда отмечают, что установление точного диагноза по собранным данным может занять около 20–40 часов квалифицированного труда. В течение этого времени врач анализирует около ста генетических изменений, обрабатывает научные публикации и с непоколебимой уверенностью переходит к следующему предположению, если первое не подтвердилось быстрый отбор правдивых утверждений требует невероятных усилий.}' ratio=11.0"
74,74,"text='Форма необычного астероида, его высокая скорость вращения и химический состав пробуждают значительный научный интерес возможностью первой разгадать тайны вещества, проникшего в Солнечную систему из неведомых глубин космического пространства. Изучение объекта Оумуамуа дало бы учёным возможность раскрыть его историю формирования и секреты среды, через которую он путешествовал миллионы лет. Поскольку человечество уже обладает опытом запуска автоматических аппаратов к кометам и астероидам, возникает необходимость рассмотреть отправление исследовательского зонда к Оумуамуа для подтверждения наших предположений о его происхождении. Именно этой задачей занималась группа учёных и инженеров, предложившая проект «Лира» в ожидании возможности открытий, которые проливают свет на неизведанные уголки Вселенной.\n\nНедавно была успешно завершена сложнейшая научно-исследовательская миссия к комете Чурюмова-Герасименко. Несмотря на её орбиту вокруг Солнца, учёные смогли вычислить траекторию полёта аппарата и точку встречи с невидимым путником. Для астероида же предстоит преодолеть огромный разрыв: он уже движется по удалённой орбите, обогнав даже быстрейшие зонды человечества.\n\nСогласно расчётам, скорость астероида превышает вторую космическую скорость Земли и достигает примерно 26 километров в секунду, что намного превосходит скорости, ранее достигнутые искусственными космическими аппаратами. Например, аппарат Rosetta потратил около десяти лет, чтобы приблизиться к комете Чурюмова-Герасименко, а зонду Juno потребовалось пять лет, чтобы достигнуть Юпитера. Самый быстрый аппарат, созданный людьми, «Вояджер-1», способен двигаться со скоростью всего лишь около 16,6 километра в секунду.' ratio=9.0"
75,75,"text='В первых числах апреля 2026 года Россия продемонстрировала значительное увеличение объемов экспорта зерна, несмотря на сокращение количества покупателей. Так, согласно данным Российского зернового союза, ранее этот же период характеризовался поставками в четырнадцать стран; теперь – только одиннадцать. Однако объемы отгрузки значительно возросли: с первого по десятое апреля текущего года было отправлено более миллиона тонн пшеницы, что на сорок процентов превышает прошлогодний показатель. Общий экспорт всех основных категорий зерновых культур вырос в 1,6 раза и составил около 1,2 млн тонн. Эксперты также отметили значительное увеличение объемов поставок в ключевые партнеры. Например, объемы отправки пшеницы в Египет увеличились более чем в четыре раза (до 172 тысяч тонн), а в Турцию – почти на полтора раза (до 146,5 тыс. тонн). Кению также посетила четверная волновая отгрузка зерна. Известно, что Индия намерена продолжать закупки российской нефти независимо от решения Соединенных Штатов относительно продления приостановленных санкционных мер. 11 апреля истекает тридцатидневный период освобождения российской нефти от американских ограничений.' ratio=9.6"
76,76,"text='Информация об конфликте достигла нас за два дня до вылета в Милан, когда большинство комментаторов начали предполагать заговор против российского гражданина («ведь ранее он исполнял ту же музыку и никаких проблем не было»). Однако для объективной оценки инцидента необходимо отступить от эмоций, ограничившись рассмотрением ситуации исключительно через призму действующего законодательства спорта. Претензии владельцев авторских прав на использование музыкального произведения — это обычное явление в современной медиаиндустрии и не выражают ни враждебности, ни внешнего давления, а только требуют юридического согласования. Музыкальные сопровождения выступлений спортсменов высокого уровня имеют статус объектов авторского права, что обязывает предварительно согласовывать использование музыки для коммерчески транслируемых мероприятий международного масштаба. Игнорирование лицензионных требований недопустимо и противоречит современным правилам проведения спортивных соревнований. Публичное исполнение музыки с телевизионной трансляцией требует строго соблюдать условия лицензирования, что исключает возможность игнорировать требования владельцев авторских прав. Анализ показывает, что проблема возникла не из-за внешних факторов или враждебного воздействия, а из-за недостатка профессиональной организации внутри команды. Юристы должны обеспечивать соблюдение всех правовых норм ещё на стадии разработки программы, и спортсмены не имеют права надеяться на случайность или пассивность владельцев прав.' ratio=10.0"
77,77,"text='Мышь с густыми рыжими волосами стала исследовательским проектом Шапиро. «Мы не ограничились простым перенесением генов мамонта в мышь, поскольку такой подход был бы бесполезен», — заметил он. «Мы выяснили, что у мамонтов есть определенные изменения, соответствующие аналогичным изменениям в подобных генах мыши, что позволило получить ожидаемый внешний вид животного. Это была идеальная возможность испытать наш метод одновременного редактирования множества элементов сразу, поэтому мы выбрали десять соответствующих генов и отредактировали их все за раз.» Отрицательных эффектов после проведенных манипуляций не наблюдалось, наоборот, результат вызвал восторг исследователей.\n\nУ некоторых особей мы применили различные комбинации изменений, поэтому наиболее сильно отредактированная мышь получила модификации в семи различных участках генома. В действительности их восемь, однако одна была внесена дважды, и таким образом получились мыши с особенно густой шерстью», — сообщили учёные.\n\nГусто покрытые шерстью мыши обладают волосами втрое длиннее, чем обычные лабораторные особи. Достижению такого результата способствовало изменение цикла роста волос путём подавления активности гена фактора роста фибробластов 5 (FGF5). Гибель функций генов FAM83G, FZD6 или TGM3 привела к образованию плотной структуры шерсти, а изменения в формировании и строении волосяных луковиц вызвали появление завитков на усиках.\n\nЦель эксперимента заключается не в полном воспроизведении исчезнувшего вида, а в создании организмов с признаками, характерными для предков. Это означает восстановление отдельных функциональных особенностей, однако воссоздать существо, полностью идентичное по генетическому коду, биологии и поведению давно вымершим видам, невозможно, и такая задача изначально не ставилась.\n\nПроведённые модификации тщательно контролировались и тестировались, чтобы обеспечить сохранение здоровья экспериментальных животных. Генеральный директор компании Colossal и один из основателей проекта Бен Ламм отметил: «Не возникло никаких негативных последствий, напротив, животные оказались удивительно привлекательными внешне. Мы даже не предполагали, насколько симпатичными окажутся результаты».' ratio=6.0"
78,78,"text='Ученые использовали звуковой метод исследования верхних слоев мантии Земли: сейсмометрические приборы фиксировали колебания внутри планеты, указывая на наличие примерно квадриллиона тонн алмазов глубже 160 километров под земной поверхностью. Эти механические вибрации распространялись с разной скоростью, зависящей от свойств среды прохождения. Исследуя собранные данные, ученые заметили определенные необычные особенности: они обнаружили зоны, где скорость распространения сейсмических колебаний увеличивалась без явной причины — такие участки именуются «корнями древних платформ». Это наиболее старые и стабильные части континентальной коры, уходящие вглубь до 320 километров. Исследовательская группа предположила, что алмазы в этих структурах составляют от одного до двух процентов: такой показатель объясняет скоростные особенности сейсмических волн. Несмотря на то, что это количество кажется незначительным относительно всей массы земной коры и мантии, оно превышает общепринятые оценки примерно в тысячу раз.' ratio=8.0"
79,79,"text='Великое кино стало доступно благодаря устройству, способному захватывать и воспроизводить движущиеся изображения. Братья Люмьер разработали аппарат, который они назвали «кинематографом». Их изобретение заложило основу для развития кинопроизводства и создало условия для появления первых публичных кинотеатров. Это событие превратило кино в искусство, досуг и бизнес. Однако стоит отметить, что Люмьеры не были первыми, кто занимался созданием кинематографического оборудования. Другие также трудились над подобными проектами, но именно изобретение Люмьеров получило широкую известность и вызвало общественный интерес после первых демонстраций. Первый платный просмотр состоялся 28 декабря 1895 года в Париже, став знаменательной датой в истории киноиндустрии. Тем не менее, демонстрации аппаратов для показа изображений происходили и раньше в городах США и Германии. Но парижская премьера вызвала большую реакцию публики, поскольку зрителям показывали не рекламные ролики, а короткие сюжеты из повседневной жизни. Репертуар включал такие работы, как «Рабочие выходят с фабрики Люмьер», «Верховая езда», «Рыбалка», «Кузнец», «Прыжок через покрывало» и другие. Эти ранние произведения представляли собой скорее оживленные фотоснимки, созданные братьями Луи и Огюстом Люмьер. Известный сегодня фильм «Прибытие поезда» был показан несколько позднее, весной 1896 года.' ratio=7.0"
80,80,"text='В первой половине мая стоимость американского доллара обрушится до отметки в 70–74 российских рубля, европейская валюта установится на уровне 83–86 рублей, а китайская валюта будет находиться в пределах 10,50–11,00 рубля. Эксперт Андрей Лобода такую картину предоставил изданию «Известия».\n\nЦентральный банк РФ установил официальный курс на 16 мая: американский доллар равен 73,1 рублю, евро — 85,1 рублю, китайский юань — 10,7 рубля. Данные Московской биржи свидетельствуют, что 18 мая курс китайского юаня составляет около 10,6 рублей.\n\nОсновным фактором стабильности российского рубля является доход от экспорта нефти. По информации Центробанка, в апреле российские компании-экспортеры продали иностранной валюты на сумму $14,9 миллиарда больше обычного уровня, что позволяет поддерживать курс национальной валюты относительно стабильным ещё некоторое время. Благодаря жёстким денежно-кредитным мерам дополнительный приток капитала остаётся внутри страны, поддерживая интерес инвесторов к российским финансовым инструментам.\n\nОднако, существуют причины, негативно влияющие на курс рубля. К ним относятся увеличение объёмов валютных закупок предприятиями, повышение объёма импортных поставок летом и повышенный спрос на иностранную валюту, когда курс доллара снижается ниже отметки в 73 рубля.\n\nКраткосрочной перспективой укрепления рубля является снижение курса доллара США до 70 рублей за единицу, однако реализация данного сценария возможна лишь при сохранении текущих высоких цен на нефть и стабильности внешнеэкономической обстановки.\n\nПо мнению эксперта, потенциал укрепления рубля ограничен. Ускорение темпов глобальной инфляции и увеличивающийся спрос на надёжные финансовые инструменты указывают на возможное ослабление позиций рубля во втором полугодии.\n\nРанее сообщалось, что на межбанковском рынке курс доллара США упал ниже уровня 73 рублей, достигнув значения 72,975 рубля (-1,11%), что стало минимальным показателем с 19 февраля 2023 года. Коррекция стоимости евро составила минус 1,34%, цена снизилась до 85,45 рубля.' ratio=6.0"
81,81,"text='Россияне заранее запаслись песком для мечты отдыха на пляжах Турции. В феврале 2018 года туристический портал подбросил им курильщикам дров, оглашая, что число ранних бронирований в страну-турист превзошло показатели внутреннего туризма. В мае Российский союз туриндустрии выдал прогноз: летом около трети российских туристов выберут турецкие курорты для отдыха. Эксперты считают, что регулярные рейсы сыграли роль катализатора, а короткий авиаперелет и расположение гостиниц рядом с аэропортами стали дополнительным преимуществом. Стоимость отдыха останется неизменной, хотя спрос высокий, вероятно, обслуживание улучшится. В мае Роспотребнадзор сообщил неблагоприятные итоги проверки отелей на юге Турции: случаи инфекционных заболеваний среди отдыхающих были фиксированы. Однако специалисты отметили готовность гостиниц в Сиде, Белеке и Анталье принять гостей после предпринятых мер безопасности и улучшения квалификации сотрудников. Инфраструктура отелей серьезно подготовлена: строго обеспечено безопасное питание и питьевая вода, эксплуатация бассейнов и диагностика инфекционных заболеваний значительно улучшены. Несмотря на это, некоторые туристы указывают на минус — высокую концентрацию отдыхающих на лучших пляжах побережья Турции, где расположена лучшая инфраструктура гостиниц, ресторанов и транспорта, а также большинство исторических памятников. Избежать этого в сезоне будет невозможно.' ratio=10.0"
82,82,"text='С 1 июня 2024 года вступает в силу новый регламент, запрещающий эксплуатировать легковые и грузовые автомобили массой до 3,5 тонн с зимними шинами летом. Согласно списку неисправностей, опубликованному еще в сентябре прошлого года, водители могут использовать такие шины только с июня по начало сентября. Нарушителей ждет административная ответственность — 500 рублей штрафа, который можно уменьшить до 250 рублей при оплате через портал госуслуг в течение месяца. Но это правило применимо только к автомобилям с зимними шипами: нешипованные «липучки» все еще допустимы, но они не выдерживают продолжительного использования и быстро изнашиваются по сравнению со стандартными летними шинами. Второе важное нововведение касается водителей с иностранными правами: с 1 июня им придется заменить их на российские в течение года, иначе ожидает штраф в размере 15 000 рублей. Для наших граждан действующие удостоверения будут действительны до конца следующего или последующего года, но для тех, кто ранее лишен прав за управление в нетрезвом виде, будет запрет на сдачу экзаменов на восстановление водительских прав сроком на год. Теперь для сдачи экзамена допустимо больше ошибок: их число увеличено до семи. Штурман-инспектор будет сопровождать участника в качестве поддержки и находиться на заднем сидении.' ratio=8.0"
83,83,"text='Факт: безопасное употребление кофе зависит от содержания в нем кофеина, а не от количества порций. В эспрессо около 80–100 мг кофеина, капучино — примерно на 10 мг меньше. Для любителей крепкого напитка лучше выбирать объемы до 50–70 мл, чтобы умерить его влияние. Кроме кофеина, добавки в напитке — сахар, молоко и сливки — замедляют его всасывание, снижая эффект. Кофе стимулирует организм, вырабатывая гормоны адреналин, серотонин и дофамин, что улучшает самочувствие и способность переносить стрессы. Но избыточное потребление может ослабить желудочно-кишечный тракт и нанести нагрузку на сердечно-сосудистую и нервную системы.' ratio=10.0"
