,index,idiomatic_version
0,0,"text='Перемещаясь по петербургским улицам, затёнными туманом, видны слабо освещённые очертания облаков, быстро меняющие друг на друга. Как будто небо содержит невидимый светоносный объект неопределённой формы, который медленно перемещается по небу слабым бескомпонентным блеском. Небо внезапно набирает силу, освещая металлические крыши и дымовые трубы. Здесь течёт река Мойка зелёного цвета, а берегом стоят трёхэтажное строение с пятью белыми колоннами, над которым выступают архитектурные элементы. На ярком фоне строения спокойно проходит солдат Её Величества в блестящем шлеме с позолотой. На каске висит серебряная фигурка голубя, расправленного крыльев. Николай Аполлонович, после примирительных действий с парфюмом и бритьём шеи, шёл вдоль набережной реки Мойки, обёрнутый меховым пальто; его голова находилась внутри воротника одежды, а глаза казались необычайно светящимися; внутри он испытывал странные чувства без определённого названия; ощущал одновременно что-то страшное и приятное: как будто внутри него возникало сильное внутреннее напряжение и какие-то неопознаваемые эмоции направляли его в неизвестные места. Он задумался: возможно ли, что это чувство является любовью? В памяти всплыло воспоминание: однажды ночью, покрытый туманом, вырвавшись из указанного подъезда, он спешил к чугунной петербургской переправе, намереваясь именно там... Он ощутил дрожь. Мимо пролетел пучок света: чёрная императорская повозка проследовала рядом с окнами хорошо освещённого дома, везя ярко-красные фонари; эти светильники отразились на тёмной поверхности вод Мойки; расплывчатое очертание головного убора слуги и форма края верхней одежды промелькнули вместе со светом, появившись из туманной области и исчезнув в другой туманной зоне.' ratio=8.75"
1,1,"text='На данном месте стоял пышный дворец; своей верхней частью, похожей на вытянутую башню, он напоминал странного внешнего вида замка: кирпично-розовый, массивный каменный. Это происходило давно, и сегодня монарха, жившего здесь тогда, больше нет. Дворец возвышался над голыми ветвями деревьев; ветви тянулись кверху подобно слабым взрывам ветра и колебались, будто пытаясь уловить проплывающие мимо облака. Скрежет, резко поднимаясь ввысь, вдруг появилась ворона; поднявшись на большую высоту, она некоторое время парила над облаками, после чего снова стремительно спустилась вниз. Конная статуя ярко выделялась на фоне площади; гости города редко обращают внимание на неё, хотя эта фигура величественна. Сам монарх воздвиг памятник своему знаменитому предку; он проживал во дворце из красного кирпича; прожил недолго. Вероятно, неоднократно показывалась круглая белая голова с завитушками волос возле узкого проёма окна дворца. Человек внимательно смотрел сквозь стекло; либо взгляд терялся в мягких оттенках заката, либо фиксировался на серебристом блеске отражённого света луны посреди густой листвы деревьев; у входа дежурил солдат в треугольной шляпе с полями и отдавал честь, когда генерал проходил мимо, направляясь к украшенному картинами повозке; рядом находился высокий возница, сидящий на высоком сиденье экипажа; задними стояли черные слуги. Павел Петрович вновь смотрел вокруг себя и возобновлял разговор с изнеженной фрейлиной, одетой в прозрачную ткань; дама улыбалась; на щеках стали заметны небольшие впадинки, родинка. В ночь пространство было освещено лунным светом, блестевшим и даже на маленьком изображении купидона; уже видна была форма человека, лежавшего ранее; откуда-то раздавались звоны часов; вскоре прозвучали приближающиеся шаги... Прошло лишь несколько секунд — кровать оказалась сгромолёванной: постельная ткань ещё сохраняла тепло тела; покойника уже не было видно; группа молодых офицеров с оголенными саблями склонились над пустым изголовьем кровати; кто-то пытался открыть дверь; слышался плач женского голоса; бледноликий офицер поднял край штор; и через прозрачную ткань окна появилось туманное очертание дрожащей тени. Откуда-то доносились звуки боя часов; неподалеку уже звучали уходящие шаги.' ratio=7.3"
2,2,"text='Утренняя заря. Нежная туманность. Облака скрывают небо, видно лишь бескрайнее море звезд. В древние времена верили, что над облаками сидит верховный бог, созерцающий все без изъяна. Сегодня мы знаем, что над облаками лежит прозрачная фиолетовая ткань и пустота космоса. Теперь же я потерялся в мечтах о том, что скрывается за пределами наших видимостей, поскольку получил много новых знаний. Неизменяемое познание равно веру. Я всегда уверен был в своей правоте во всем, касающемся меня самого. Однако теперь впервые осознаю своё отражение в зеркале очень ясно и чётко. Впервые внимательно смотрю на себя и удивляюсь собой, как если бы перед мною стоял незнакомец. Впереди меня человек с бровями, покрытыми тёмными пятнами, и вертикальной морщинкой между ними (раньше я не замечал её). Глубокие глаза имеют стальную окраску, под ними темные круги от безсонницы. По моему взгляду не видно моих истинных чувств и переживаний, и ранее я их не понимал. Оттуда же, изнутри сознания, смотрящего на своё отражение, появляется твёрдое убеждение, что этот отображённый человек чужд мне самому, мы я вижу его впервые. Настоящий же я — другой. Не надо продолжать мечтаний: все перечисленное бессмыслица и является результатом недавних трудных переживаний после потребления отравляющего вещества вчера вечером. Неважно какого именно. Записываю это исключительно ради демонстрации того, насколько необычным образом способен ошибаться логичный человеческий разум. Разум, способный объяснить непонятное древним бескрайне дальнейшим космосом — благодаря использованию цифровых координат.' ratio=9.67"
3,3,"text='Она одета в стиль древности: чёрное тесное платье подчеркивало белизну открытых плеч и груди, а также выделяло светлые зубы, казавшиеся яркими до предела. Женщина посадилась и начала играть. Исполнение её не было ни в чем особенно структурированным или упорядоченным, отражая хаотичность характера той эпохи, в которой она жила. Она играла беспорядочно и неопределенно, показав свою нервозность и безупорядкость. Вокруг было смешно и весело, но некоторые из присутствующих сомневались в том, что происходит, и я тоже начал задумываться о своем смехе. Эпилепсия - это психическое заболевание, вызывающее страдания. Боль нарастает постепенно, достигая непреодолимого уровня и разрушая равновесие. Постепенно происходит осознание болезненности, которая затем сменяется ощущением солнечного света - яркого, сильного, отличающегося от обычного спокойного освещения. Это чувство заставило её снять одежду и разорвать ее на куски. Человек рядом с мною посмотрел в мою сторону и усмехнулся. Наблюдая его, я запомнил одну вещь: я заметил маленький пузырь слюны, появившийся и тут же исчезнувший на его губах. Это наблюдение вернуло мне ясность сознания. Подобно остальным я воспринимал лишь бессмысленный шум струн музыкального инструмента. Я улыбался, чувствуя облегчение и спокойствие. Лекционный материал дал реалистичное представление о событиях того периода, вызвав смех слушателей. После прослушала я современную музыку, специально демонстрированную для сопоставления с предыдущей. Удовольствие доставляло строгость структуры музыкальных произведений, построенных по научным принципам, включающим элементы математики и физики. Ощущалась мощь порядка и гармонии современной музыки, противопоставляемой неограниченному искусству прошлого, лишённому каких-либо ограничений, кроме собственных вымышленных представлений авторов. Все покинули зал в парах по четыре человека, двигаясь организованно через большие выходы. По пути мимо прошел знакомый человек с необычной фигурой, выгнутой в двух направлениях одновременно; я уважительно приветствовал его кивком головы.' ratio=9.75"
4,4,"text='Все это Рутилов произносил с ярким голосом и оживленной манерой, улыбаясь, однако его худое впечатление не могло быть замаскировано даже новым атмосферическим шляпочным образом. – Ну, разве же втрое! – слабо возразил Передонов, поднимая и прочищая золотые очки. – Но это же правда, невероятно! – воскликнул Рутилов. – Смотри внимательно, пользуйся моментом, пока я жив, потому что после моей смерти будет гораздо сложнее найти подходящую женой, именно для тебя. Каждая из моих дочерей охотно бы согласилась выйти за тебя. – Здесь действительно многие испытывают к тебе симпатию, – угрюмо похвалился Передонов. – Вот видишь, значит используй ситуацию, – советовал Рутилов. – Моя главная требование, чтобы девушка не была худощавой, – с грустью в голосе сказал Передонов. – Лучше пусть будет полной. – Тебе совершенно не стоит волноваться по этому поводу, – энергично уверял Рутилов. – Сейчас мои дочери уже достаточно полноваты, а если кто-то ещё недостаточно полная, это временно. После замужества они станут еще пышнее, посмотри хотя бы на мою старшую дочь Ларису. – Я бы хотел вступить в брак, – сказал Передонов, – но опасаюсь, что моя жена Варя устроит крупный конфликт. – Поскольку боишься конфликта, поступи так, – предложил Рутилов с лукавой улыбкой: – сегодня же заключай брачный союз, лучше сделать это немедленно. Вернись домой с молодой супругой, проблема разрешится сама собой. Действительно, хочешь, я всё организую прямо завтра вечером? И выберешь любую девушку. Передонов неожиданно начал громко и резко смеяться. – Значит, соглашаешься? Заключаем сделку? – поинтересовался Рутилов. Передонов также внезапно прекратил смех и мрачно прошептал тихим голосом: – Она расскажет обо всем, эта негодяйка. – Ей нечего рассказывать, ничего, о чем стоит рассказывать, не произойдет, – успокаивал Рутилов. – Или отравит, – испуганно бормотал Передонов. – Просто доверься мне во всех вопросах, – убедительно настаивал Рутилов, – я обеспечу всё аккуратно и продуманно. – Без приданого я вступать в брак не намерен, – раздражённо выкрикнул Передонов. Новое резкое изменение темы разговора не смутило Рутилова. Он ответил столь же вдохновенно: – Странный человек, разве мои дочери лишены приданого? Так что, согласен ты или нет? Я пойду заниматься подготовкой. Запомни, нельзя говорить кому-либо об этом деле, понял? Рутилов пожал руку Передонова и поспешил прочь. Передонов молча наблюдал за ним. Девушки Рутилова вспомнились ему веселыми и насмешливыми. Непристойная мысль вызвала мимолетную непривлекательную ухмылку на губах Передонова, тут же исчезнувшую. В нём возникло неясное чувство тревоги.' ratio=8.15"
5,5,"text='Изображаю в памяти простую, непритязательную жизненную ситуацию, преобразуя ее во впечатляющую историю, поскольку я - поэт. Бессилие или однообразие - это мне не дороги, и мне, будучи поэтом, надеюсь создать над тобой красивую и увлекательную историю о приятном и привлекательном. Случайностью пронизаны события, а их начало всегда обусловлено случайностью. Однако более разумно начинать с тех аспектов человеческого опыта, которые являются достойными восхищения или хотя бы эстетичными и приносящими удовольствие. Любовью к красоте заворождены не только здоровье, юность и жизнерадостность, но и прозрачная вода, солнечный свет и теплое время года. Благополучное лето призвало меня к реке Скородень, где ясное солнце освещало прозрачную воду. Изображение радости возникало из-за тепла солнца, открытости пространства, дуновения ветра издалека и присутствия множества птиц и двух молодых девушек. Елисавета и Елена, родные сестры, купались в реке Скородень. Картина вызывала радость из-за хорошей погоды, а еще потому, что девушки были красивее обычного и обнаженными. Обе испытывали приятные ощущения: прохладу, желание активно двигаться, улыбаться, разговаривать и развлекаться. В беседе они упомянули мужчину, который был предметом их фантазий. Родовые владелицы имения, девушки свободно передвигались и играли в воде на берегу быстро текущей реки, чувствуя силу и свободу от природы и своего положения. Люди часто ошибаются в границах своей власти, однако счастливы те, кто уверен в своем положении и полномочиях!' ratio=10.86"
6,6,"text='Домашний уют находится в самом краю града, в районе, известном как Расчь. Здесь растянуты многоэтажные строения, стоящие параллельными рядами с интервалами, заполненными бетонными дворцами, предназначенными для игр молодых жителей местного круга. Здания белые, обладают многочисленными окнами и выглядят одинаково. Между зданиями находятся пустующие участки земли, окружённые забором. Остатки развалин привлекают больше внимания детей, чем эти дворца. Между жилыми районами и пустырей находится отдельно стоящий дом, известный как Серый. Он старик, относится скорее к времени разрушения предыдущих построек, чем к современным жилым комплексам. Другие дома расположены вдали от него. У дома три этажа, фасад обращён к дороге, также имеется внутренний двор, ограниченный металлической сеткой. Раньше здание было белого цвета, сейчас оно серое снаружи и жёлтое внутри. Крыша покрыта антенной и кабелями, стены покрываются мелкими частицами штукатурки и трескаются. Рядом располагаются гаражи, подсобные помещения, контейнеры для мусора и будки для собак. Во дворе всё выглядит запущенным. Передняя сторона фасада лишена каких-либо украшений и выглядит мрачной. Жители окрестности испытывают неприязнь к этому дому. Хотя никто открыто не проклинает его, большинство предпочитает жить подальше от него и желало бы, чтобы этот дом вообще не существовал.' ratio=8.25"
7,7,"text='Увы, каждый, кого апеллирует к вниманию публики, неизбежно оказывается эгоистичным существом с подлыми качествами, готовым совершить любые действия и переоценивающим свои достоинства, а тем не менее оставаясь незначительной фигурой. Одобрение своего эго — главное дело его жизни. Скорее всего он похож на того ворона, который пытался казаться больше и сильнее, чем был на самом деле, но в конце концов оказался предательством своей природы жертвой своих собственных амбиций. Стихотворение про животное, которое утонуло из-за своего неразумия, напомнило ему об этом, но он вновь решил исполнить песню подобного содержания, тем не менее его никому больше не слушали. И внезапно, словно от удара молнии, на лице Сипа расплавились рыжие волосы — он был ошеломлён и плакал с глубокой печалью. Затем поблагодарили его, дали салфетку, прикрыли книгой и предложили другому ученику продолжить выступление. Но Гуль произносил речь почти неслышно, будто читал написанное прямо на столе, несмотря на отсутствие там какого-либо текста. Белое морочное облако спускалось на его лицо, мешая видеть, и он поправлял их мокрыми пальцами. Прическа держалась лишь до тех пор, пока палец был приложен к лбу, после чего немедленно возвращалась назад, снова закрывая взгляд. Итак, какого рода внимания добивается обсуждаемый субъект? Очевидно, он пытается обратить внимание на свою обувь, однако это неверно — через привлечение интереса к обуви он просто демонстрирует свои ограниченности и уязвимость, подчёркивая недостатки остальным людям. В этом смысле он является своего рода глупой птицей, которая усиливает треск крыльев, показывая свои опухшие тело и бедные перья. Если же определить его как животное, то надо сравнивать его с лошадью, которая решила пробежать через непроходимую болотистую местность, не обращая внимания на предупреждения и тем самым попав в глубокое болото и таким образом совершив себя. Его речи типичны для тех, кто пытается выглядеть умнее и знаменитее, чем он на самом деле, но как раз таки это отталкивает других людей и не приносит ему нужного эффекта.' ratio=7.48"
8,8,"text='Недавно он был брызгующим с энергии человеком. Мог взлететь, как чайка, и плавно катиться по комнате, как лодка на текущем русле. У него были зубы из металла, которые могли поднять стул и прорезать стальной трос сильными мышцами ладоней. Его тело шумело от готовности совершить удивительный поступок, как мы говорили в молодые дни. Сегодня что-то изменилось, словно механизм слегка испортился. Он начал сутулиться и признался другу Подтягину, что мучается бессонницами. Ночью накануне понедельника плохо спал, проведя двадцать минут в компании непостоянного человека в остановившемся лифте. Утро следующего дня началось тяжело: долгое время сидел голый, держа холодные руки между коленями, пораженный осознанием, что снова должен был одеть рубашку, носки, брюки — вещи, казавшиеся неприятной обязанностью. Подобное чувство вызывало у него воспоминание о цыганском пуделе, выглядящем ужасающе жалко в человеческой одежде. Частично апатия объяснялась отсутствием работы. За прошедшую зиму удалось скопить небольшую сумму денег, от которой осталось около двухсот марок, потому что последние месяцы были затратными. В предыдущем году, прибыв в Берлин, он быстро устроился на работу и продолжал трудиться до января, выполняя разнообразные задания: испытывал тяжесть утренних поездок на завод; чувствовал боль в ногах после десяти километров беготни с подносом среди столов ресторанного заведения «Пир Горой». Занимался также посредничеством, предлагая любые товары, какие попадались под руку — будь то баранки, средство для укладки волос или драгоценности. Он ничего не отвергал: неоднократно зарабатывал продажей собственной тени, как многие из нас. Иными словами, участвовал в массовке киносъемки за городской чертой, где огромные прожекторы, направленные на группу статистов, ярко освещали лица людей своим ярким резким светом, создавая ощущение дискомфорта и стыда. После завершения съемки контракт считался выполненным, и заработанная сумма расходовалась.' ratio=9.28"
9,9,"text='В целом день пролежав на кровати кажется, будто карабкаешься вверх к ясным солнечным облакам, поднимаясь постепенно, можно увидеть кроны деревьев, залитые ярким солнечным светом, тонкие провода, служащие пристанищем птицам, и деревянный навес над дорожкой красного оттенка рядом с парадным входом. Здесь издали ухаживают звуки природы: пение птиц, собачий лай издали, поскрипывание водяных насосов. Ты лежишь неподвижно, погружён в размышления о будущем восхождении, смотришь, как блески солнца движутся по поверхности стола, наблюдаешь, как клубок нитей сливается с коленей сидящей рядом матери и плавно проплывает по гладкому деревянному полу... Именно в этой комнате, когда Ганин находился на излечении в возрасте шестнадцати лет, сформировалась мысленная картина радости и девушки, которую он позже увидел в действительности. Этот процесс формирования картины происходил благодаря совокупности факторов окружающей обстановки: картинами на стенах, звуками природы за окном, изображением Христа в киоте, журчащей воде в раковине. Частью развивающегося образа стала атмосфера солнечного света в помещении, и очевидно, что без воздействия этой среды такая картина не могла бы появиться. По сути, это были просто обычные ощущения юности, мечтательные переживания, однако сейчас Ганину представлялось, что такое совпадение мыслей и действительности ранее не происходило столь идеально. Целый день он перемещался от одного сада к другому, посещал разные кафе, и воспоминания постоянно затягивали его вперёд, подобно движущимся облакам в небе весной в Берлине. Посетители кафе думали, что мужчина, тщательно смотрящий вдаль, переживает какую-то глубокую печаль, а на улицах он случайно сталкивался с прохожими, один раз водитель автомобиля резко остановился и выразил недовольство, чуть не столкнувшись с ним. Ганин чувствовал себя творцом, восстанавливающим утраченный мир. Постепенно он возвращал детали исчезнувшего мира ради той женщины, которой ещё не решился придать место в нём, пока восстановление не завершится целиком. Однако мысль о ней, ощущение её присутствия, почти забытое воспоминание прошлых впечатлений вынуждало его завершить создание картины окончательно, хотя он сознательно откладывал появление этой картины, поскольку хотел приблизиться к нею поэтапно, следуя определённой последовательности шагов. Стараясь избежать путаницы среди ярких образов прошлого, он аккуратно реконструировал события своей жизни, иногда останавливаясь на незначительных деталях, избегая преждевременного перехода к последующим этапам. Бродя по Берлину тёплым майским днём, он действительно выздоравливал физически, испытывал первые признаки восстановления после болезни, слабость в ногах, рассматривал своё отражение в зеркалах. Одежда выглядела особенно чистой, свободной и слегка непривычной. Медленно продвигаясь по широкому парку, окруженному деревьями, он замечал небольшие земляные бугорки чёрного цвета, образовавшиеся в результате деятельности животных. Он надел белую нижнюю одежду и светло-фиолетовые носки. У него была мечта встретить кого-либо в парке, но конкретного представления о том, кто именно должен встретиться, у него не было.' ratio=8.29"
10,10,"text='На свет я появился пятьдесят лет назад, в сердце России, в сельском имении отца моего, где небольшая деревня служила миром моей детской юности. Не ощущаю я ни капли того, что носимое время проходит; у меня есть собственный мир, своя собственная космос. Не ощущаю я возрастающих лет, не ощущаю приближающейся смерти, как будто все это находится вдалеке, за облаками, среди бесконечности. Живу на безлюдном острове, от которого кажется, что смерть - ничто более, чем легенда или просто усталость от жизни. Похоже ли это на истину? Или же мы все - беспомощные перед судьбой, которая определяет наши даты рождения и смерти, а потому и наши мечты и страхи?' ratio=8.42"
11,11,"text='День ушёл для меня, как в тумане, сохраняя меня в состоянии высокого напряжения: повторно были проведены поминальные молитвы, собралось много людей, среди которых были прибывшие и отъезжающие соседи, а дети беспечно игрались в закрытой комнате, которая светала сквозь слезы регулярно плакающей няни...\nОбраз ночи опять появился, и люди начали появляться в зале, чтобы собираться и ждать следующей молитвы, тихо разговаривая друг с другом... Затем появились священники, после чего наступило молчание, свечи были зажжены, произошло облачение в полной тишине, началось таинство подготовки к богослужению, а затем последовал первый размах кадилом и первое произнесённое слово – все эти события показались мне настолько важными для ушедшего человека в этот заключительный вечер, что я больше не мог посмотреть вперед, на роскошную бархатно-золочёную гробницу, установленную на соединённых столах, и на тело, лежащее внутри гроба, покрытое золоченым покровом, украшенное золотой иконкой на груди и жесткой белой подушкой, погруженное в мрачную тьму вечного покоя, лицо которого имело черные впадины вокруг глаз и отражало металлический блеск через теплоту и аромат дыма, мерцавшего жарким блеском.' ratio=8.76"
12,12,"text='Директивы прокурора были выполнены быстро и точно, и солнце, ярко блескнувшее в последние дни над Ершалаимом, ещё не достигло своего полуденного положения, когда на верхней площадке садовой террасы рядом с статуями двух белых мраморных львов произошла встреча между прокурором и исполняющим обязанности председателя Синедриона Иудейского первосвященником Иосифом Каифой. Сад был спокойным. Покинув укрытие колонн и появившись на верхнем участке сада, освещённом солнечными лучами и расположенными здесь пальмами необычной формы, участок которого открывался прокурору вид на весь город Ершалаим вместе с висячими мостами, укреплениями и главным образом величественным храмом, покрытым золочёной плиткой, своим тонким слухом прокуратор услышал издалека слабый шум толпы снизу, иногда сопровождаемый тонкими возгласами. Поняв услышанное, прокурор пришел к выводу, что внизу, около городских стен, уже собрался большой количество обеспокоенных недавними волнениями жителей Ершалаима, ожидающих решения суда, среди которых слышались голоса взволнованных торговцев водой. \nИдиоматичность: 10%' ratio=10.0"
13,13,"text='Может, причиной перемены обличья прокурора стала поява сумерек. Внешность его заметно преобразилась: он выглядел старше, сутулился и испытывал тревогу. В одну минуту он повернулся и неожиданно вздрогнул, посмотрев на пустое кресло, спинка которого была покрыта плащом. Пришел праздничный вечер, стало темно, и возможно, утомившемуся прокурору появилось видение какого-либо присутствия в пустом кресле. Поддавшись слабости, он прикоснулся к плащу рукой, затем бросил его и начал беспокойно ходить по балкону: тер руки, подбегал к столу, хватался за чашу, останавливался и начинал смотреть на пол, украшенный мозаикой, словно ожидая увидеть там какое-либо послание. Сегодня прокуратор во второй раз ощутил чувство печали. Поглаживая висок, в котором осталась только лёгкая боль после сильнейших утренних страданий, прокурор пытался осознать причину своего внутреннего дискомфорта. Вскоре он осознал ее, однако попытался заманить себя в ловушку. Ясно понимая, что днём совершил ошибку, которую сейчас хотел бы исправить незначительными и неоправданными шагами, прокурор стремился убедить себя, что текущие вечерние действия столь же существенны, как и вынесенный утром приговор. Однако прокуратору трудно было добиться успеха в этой попытке обмана.' ratio=8.5"
14,14,"text='Конференция состоялась в политехническом институте. Я присутствовал на этом событии, вел диалог. За несколько минут необходимая информация была подготовлена и передана секретариату. Вскоре появился редактор Туронок с пресмыкающимся характером. Обычно скромный и колеблящийся человек, в данной ситуации проявлял сильную энтузиазм:-\n\n- Вы совершили грубую ошибку идеологического плана.\n- Какая конкретно?\n- Вы указали список стран...\n- Запрещено ли это?\n- Нет, указывать можно и даже необходимо. Однако важно учитывать порядок перечисления. Здесь указаны Венгрия, ГДР, Дания, затем следуют Польша, Советский Союз, ФРГ...\n- Мой взгляд основан на алфавитном порядке.\n- Неприемлемо такое подхождение, - выразил недовольство Туронок, - установлен строгий порядок: сначала демократические страны, затем нейтральные государства и лишь в конце военно-союзнические страны.\n- Согласен.\nЯ исправил информацию и еще раз передал секретариату. На следующий день снова пришел Туронок:\n- Создается впечатление, будто вы насмехаетесь над мной! Вы это делаете специально?\n- Почему вы такое предположение делаете?\n- В списке государств народной демократии нарушена правильная последовательность. Сначала указана ГДР, затем Венгрия. Опять применен алфавит? Необходимо забыть такую идею! Ведь вы являетесь сотрудником партийной газеты. Поместите Венгрию на третью позицию!\n- Но между нашей страной и Германией ранее велись военные действия.\n- Никому не стоит возражать! Что вызывают ваши возражения? Эта страна уже совершенно другая! Непонятно, кому вообще поручено проверять вашу работу! Вы демонстрируете политический национализм! Сложность нравственных ценей!\n- Вопросы будут поставлены соответствующим образом...\nЗа полученную информацию мне было платежно два рубля. Я ожидал получить большую сумму - три рубля.' ratio=10.65"
15,15,"text='В этой повести отсутствуют супергерои и зловещие антагонисты... Здесь нет ни святых персонажей, ни дьяволов. Таких людей вообще не встречается в реальной жизни. Уже несколько лет я веду наблюдения...\n\nОдин редактор заметил мне:\n- Все твои персонажи поступаются аморфно.\nСказать, что персонаж совершает недоброе дело, должна разворачиваться логика сюжета, приводящего его либо к моральному падению, либо к наказанию. Но у тебя такие поступки выглядят совершенно обычными, как природные явления вроде дождя или снега...\n- Почему вы видите всех моих персонажей как плохих людей? - спросил я.\n- Приведите пример такого поступка,\nРедактор смотрел на меня с подозрением, словно общался с человеком, находящимся среди неблагополучных знакомых и оправдывающим их поведение...\n\nУже долгое время я не делю реальных людей и книжных персонажей на добрых и плохих. Более того, я сомневаюсь, что каждое преступление обязательно вызывает чувство вины, а каждый героический поступок приносит счастье. Человек представляет собой именно таким, каким он воспринимает самого себя. Его качества, сильные стороны и недостатки выявляются жизнью...\n«Моя природа - вот кто управляет мной...» и прочее... Хорошо...\nЭта повесть не содержит ни безупречных героев, ни явных злодеев, потому что их и не должно быть. Одним из главных действующих лиц являюсь я сам. Другой персонаж - Миша Шаблинский, известный своими специфическими выражениями типа ""спонтанная апперцепция"", ""имманентный дуализм""... Ещё один узнаваемый герой - Митя Кленский, популярность которому принесли привычка носить металлические зажимы для галстуков и курить толстые трубки из поддельного янтаря.\nЧто объединяло нас троих? Возможно, наше незначительное недовольство официальностью журналистской деятельности и некоторая склонность к здоровому скептицизму, позволяющему избегать пафосных высказываний...\nИз тридцати двух работников нашего учреждения двадцать восемь именовали себя лучшими корреспондентами страны. По принципу оригинальности мы трое поставили себя на второе место. Дмитрий Шер, однажды употребивший фразу ""искусственная почка стала обычным делом повседневной жизни"", имел репутацию посредственного журналиста.\nВозможно, самым идиоматичным словами здесь являются:\n- «спонтанная апперцепция»\n- «имманентный дуализм»\n- «искусственная почка стала обычным делом повседневной жизни»' ratio=10.57"
16,16,"text='Что такое идиоматичность? Это уменьшение прямого смыслового содержания – смысл выражения не складывается из значений его составляющих. \n\nЦель: слегка повысить образность текста. Менее 12% слов или значимых фрагментов должны быть в идиоматичных конструкциях.\n\nИспользуй шесть языковых уровней (не перечисляй их в ответе, просто применяй):\nМногословные идиомы – устойчивые несвободные сочетания слов.\nСемантический уровень – необычное переносное значение у слова или словосочетания.\nПрагматический — речевые формулы, риторические конструкции, маркеры мыслительного процесса.\nДискурсивный — сквозные образы и метанарратив на уровне абзаца/текста.\n\nПравила:\n1. Сохраняй естественность языка и все факты исходного текста.\n2. Важно! Новый текст должен быть примерно той же длины, что и оригинал.\n3. Не используй сравнений (как, словно, будто).\n4. Разнообрази типы идиоматичности и грамматические конструкции.\n5. Пиши на русском.\n\nТекст:\nИмеются слухи, что в Благодатном нет ничего обычного: знаменитый бородинский дом пошлость, ведь с одной стороны явно перестроен после пожара, а сад обычный, старый, темный – такие сады встречаются часто на Руси; поля широкие, лес доволен, однако и это нечто обычное.\n\nНо жители простые: живут нищими, земли мало, ранее переселялись, а потом вернулись обратно. Во время волнений они ходили слухи, что поджечь дом, уничтожить имущество и захватить бородинские земли. Когда говорили о странностях Петра Николаевича, сообщали такое ужасное, что смешно повторить.\n\nВ итоге всех просили избегать посещений Благодатного независимо от обстоятельств: место неудачное. \n\nОдин доброжелатель рекомендовал Александре Павловне обратиться с жалобой к губернатору, но она категорически отказывалась выслушивать подобные предложения. По ее мнению, слухи совершенно необоснованны и поднимать этот вопрос бессмысленно.\n\nДействительно, кто угодно способен придумать любые обвинения, лишь бы переложить вину на другого человека. К тому же обсуждения постепенно затихли самостоятельно – ведь люди продвижению мысли более умны.\n\nВерни только валидный JSON-объект с текстом на русском и процентом идиоматичности.' ratio=10.7"
17,17,"text='Детские приключения всегда были откровенно оригинальными: дети, несмотря на молодость, проявляли неукротимую смелость в своих действиях — они кусались в снег, ходили намороженными по зиме, питались мухами заранее, чтобы поддеть болезнь и избежать школы, а также съедали старые гнилые просфоры, следуя суперституциям бабушек. Этим приёмам нисколько не уступал Женя — он попал в тяжелую болезнь после перенесенных им колеи и кори, заразившись дифтеритом, который оставил устойчивые последствия в виде периодических головных болей. Женя часто болел, плакал слёзок на глазах, издавая звуки, похожие на стоны. Ночью он проводил времена странными действиями: выходил на крыши, передвигался по карнизам. В детстве, когда случались приступы, его делали специальным образом — лечили у святых мощей и облачали в бархатные одежды с святыми реликвиями, касающимися ему лица. Кто знает, возможно это помогло его исцелению. Женя по-своему был необычным — он редко участвовал в драках, но если его разозлить, действовал решительно.' ratio=8.5"
18,18,"text=""Рождение Вавилена Татарского предшествовало историческому событию, связанному с господством одного цвета над другим. Поэтому он оказался представителем поколения 'П', не зная об этом долгое время. Если бы кто-нибудь заверил его тогда в том, что он будет копирайтером, вероятнее всего, он был бы сбит с точки зрения, разбрызнув бы нагретый песок пляжа пивом «Пепси-кола». В указанный период дети мечтали стать пожарными или врачами. Даже слово 'дизайнер' воспринималось тогда как малопонятное заимствование, временно оставшееся в русском языке до момента возможного ухудшения ситуации в международных отношениях. Однако в те времена русский язык и повседневная жизнь были полны необычных явлений и непонятных вещей. Например, самое собственное имя 'Вавилен', данное отцом, Татарскому казалось весьма необычным. Это имя было искусственно создано путем объединения фамилий писателя Василия Аксёнова и политического деятеля Владимира Ленина. Вероятнее всего, отец Татарского представлял себе типичного приверженца идей Ленина, осознававшего значение свободной любви благодаря произведениям Аксёнова, или эстета и поклонника джаза, внезапно убеждающегося в неизбежности победы коммунистического строя после прослушивания длинной мелодии, исполненной на саксофоне. Однако такие взгляды разделяли не только родители Татарского: аналогичные воззрения отличали большинство советских людей периода конца пятидесятых и начала шестидесятых годов прошлого века, прославившихся созданием жанра любительской песни и запустивших в космическое пространство первый спутник Земли, символизировавший собой несостоявшееся будущее. Сам Татарский испытывал чувство смущения от своего имени и предпочитал представляться окружающим как Владимир. Позже он начал врать своим приятелям о происхождении имени, утверждая, будто отец дал ему имя вследствие увлечения восточными учениями и стремился указать на связь сына с городом Вавилоном, знания и мудрость которого он должен был перенять. Соединение же имен Аксёнов и Ленин якобы произошло из-за увлеченности отца философией, согласно которой считалось необходимым совмещать противоположные идеи. Хотя эта версия звучала очень интересно, Татарский охотно избавился от паспорта с именем Вавилен, получив новый документ уже на имя Владимир."" ratio=7.89"
19,19,"text='Бульвар Тверской покрылся неизменным зимним видом, подобно тому, как это было два года назад при моем последнем визите – снова наступил февраля, и сугробы лежали повсюду, всё окружено тёмной погодой, проникающей даже через дневные лучи. Лавочки заполнены такими же старшими женщинами, которые неподвижно ожидают; среди голых чёрных деревьев выступает тусклое зимнее небо. Но есть и некоторые отличия. Зимой по дорожкам дует сильный ветер, носящий снег, напоминающий бурю в открытой местности; я бы остался спокоен, встретив здесь пару диких животных. Статуя Пушкина выглядит немного печальнее обычного, возможно из-за того, что на ней висит красный плащ с надписью: «Да здравствует первая годовщина революции». Я не стал комментировать тот факт, что поздравление адресовано именно годовщине события, хотя само слово «революция» написано с устаревшей буквой «ять» – я уже убедился в многих опасностях, спрятанных под неуместными лозунгами красного цвета. Наступает сумерки. За снежной завесой труднее различить Страстной монастырь. Перед зданием монастыря стояли две грузовика с открытыми кузовами, покрытые яркой красной тканью; рядом собралась группа людей, слышны голоса выступающего человека, отдельные слова которого звучали неразборчиво, однако общее содержание речи легко понималось благодаря ясным произношением «р» в словах «пролетариат» и «террор». рядом от меня прошли два солдата, находящиеся в состоянии алкогольного опьянения, за спиной каждого из них покачивались винтовки со штыком. Один из солдат остановился на мне пристальный взгляд, замедлил шаг и подготовился заговорить; к счастью, его товарищ потянул его за одежду, и они продолжили путь дальше.' ratio=6.78"
20,20,"text='В это время открылась дверь, и Вощев заметил ночью работающего косаря со чайником для рабочей команды: вода обволакивала пламя на печке, которую разогрели в дворе общежития; спание закончилось, время пришло завтракать перед началом рабочего дня... Деревянные сельские часы висели на стене и работали благодаря силе тяжести маятника; механизм часов украшал рисунок цветка, который был создан для успокоения каждого человека, смотрящего на них. Рабочие расставились вдоль длинного стола, косарь, выполнявший обязанности повара в общежитии, разрезал хлеб и раздал каждому кусочку, добавив каждому небольшой кусок вчерашнего холодного мяса. Рабочие принялись за еду всерьёз, воспринимая поступающую пищу как необходимое действие, без удовольствия от её приёма. Несмотря на осознание смысла жизни, что является условием абсолютного блаженства, их лица выглядели мрачными и истощёнными, вместо удовлетворения жизнью они испытывали усталость. Вощев смотрел на этих печальных людей, способных сдержанно помнить об истине, и испытывал небольшую надежду и страх потери; он уже чувствовал удовлетворение даже тем фактом, что правда существует в сознании близкого к нему человека, который недавно говорил с ним, следовательно, достаточно находиться рядом с таким человеком, чтобы обрести выносливость и работоспособность. \n— Пойдем вместе поесть! — пригласили Вощева рабочие. \nВощев поднялся и, ещё не уверенный окончательно в целесообразности существования окружающего мира, направился есть, ощущая неловкость и тревогу.' ratio=6.2"
21,21,"text='Машинист-повелитель наблюдал, как Захар Павлович умело чистил цистерны локомотивов с любовью к металлу и доводил поверхности до совершенной чистоты, однако никогда не отмечал его. Наставник понимал, что движение машин зависит больше от внутренних свойств материалов и законов физики, нежели от знаний и мастерства человека; человек играет лишь второстепенную роль. Природные ресурсы, энергия и материалы позволяют людям достигать успеха, несмотря на отсутствие усилий. даже неграмотный работник способен зажигать огонь в цистерне, после чего двигатель сам займется работой, а человек остается лишь пассивным зрителем. В случае дальнейшего упрощения эксплуатации техники люди теряют свою ценность из-за ненадёжности достигнутых результатов и превращаются в бесполезные, как коррозия металлов. Машинам же предстоит заменить людей и получить свободу в работе. Тем не менее наставник критиковал Захара Павловича реже остальных машинистов, потому что последний использовал инструменты с осторожностью, отказывался проявлять грубость и небрежность во время работы на локомотиве. Однажды, подхлебываемый своей страстью к делу, Захар Павлович спросил наставника: – Разрешите мне узнать ваше мнение: почему люди столь посредственны, а каждая машина обладает выдающимися характеристиками? На вопрос этот наставник реагировал с нетерпением, потому что считал свою привязанность к локомотивам исключительно личным чувством. Про себя наставник думал: «Вот ещё один чудак появился... зачем ему нужно изучать технику?». Оба стояли рядом с локомотивом, двигатели которого разогревались для предстоящего ночного скорого рейса. Несколько минут наставник внимательно рассматривал машину, испытывая привычное удовольствие. Локомотив был величественным, горящим, внушительным, отличался гармонией форм. У наставника возникло ощущение почти религиозного восторга, которое побуждало к движению. Ворота депо открывались наружу, позволяя видеть летний вечерний пейзаж, ассоциировавшийся с наступлением будущего, возможностью снова ощутить ветер и скорость на железнодорожных путях, испытать волнение ночью вместе с тихим равномерным шумом исправной машины. У наставника непроизвольно сжались кулаки, вызванные ощущением подъёма жизненных сил, сходным с юностью и предвосхищением будущих свершений. Он перестал воспринимать Захара Павловича как недостаточно квалифицированного работника и заговорил с ним, как с другом: – Работа помогла тебе приобрести опыт и знания. Но человек бесполезен... Дома лежит и ничего полезного не делает... А взгляни хотя бы на птиц...' ratio=7.2"
22,22,"text='Город Федор-Кузьмичск упирается в серию холмов, огибаясь обширными полями и неизначенными землями. Леса к северу запущены, среди древесных гроздьев лежат валежники, густые ветви деревьев задерживают путь, кустарники прицепляются к одежде, ветви сбрасывают головные уборы. Согласно старинным легендам, здесь обитает существо называемое кысём. Оно сидит на ветошках деревьев и издает странные звуки: кы-ыс! кы-ыс!, однако его видно только в бессознательном виде. Когда человек входит в этот лес, кысём атакует сзади, ломая позвоночник и разрывая важнейший кровеносный сосуд, вследствие чего человек теряет сознание. Возвращаясь домой, пострадавший уже не является прежним человеком, его взгляд становится бессмыслительным, он двигается без порядка, как сновидец. Семья привозит такого человека домой, иногда ради развлечения ставят перед ним пустую тарелку и дают ложку, маскируя акт питания; потерпевший совершает механические движения, якобы принимая пищу, хотя тарелки пусты, родственники смеются над этим зрелищем. Самостоятельный больной человек не способен ни заботиться о себе, ни соблюдать гигиену, требуя постоянного ухода. Заботливые жены или родители отводят его в специальное помещение, а если уход отсутствует, он умирает от разрыва мочевого пузыря. \nТаким образом действует кысём.\nНе рекомендуется идти на запад. Хотя кажется, что там имеется едва заметная дорожка, похожая на тропинку, путь ведет вдаль от города. Человек движется вперед, город постепенно исчезает из виду, лёгкие дуновения ветра приносят утолительные ощущения, создаётся впечатление благополучия, но неожиданно возникает чувство потери направления: человек останавливается, задумываясь о цели своего путешествия, задается вопросом, для чего туда нужно идти, ведь он уже знаком с местностью впереди, и вряд ли там будет лучше. Возникает острое ощущение собственной беспомощности, тоски. Размышляя, человек вспоминает свой дом, возможно оплакивающую хозяйку, домашних куриц, тепло натопленной печи, уют домашней обстановки. Тоска усиливается, он чувствует себя потерянным и одиноким. Наконец, плевок заставляет его вернуться назад, иногда он даже бежит, испытывая облегчение при виде родных предметов издалека, и слезы текут непроизвольно. Действительно, настолько сильно, что капли катятся до самого подбородка.' ratio=10.85"
23,23,"text='Самого меня, Александра Эрнестовна, твои взгляды привлекают не на одной фотографии, а многих. На первой, где лицо твое так удивительно очерёно, второй, где тихое отклонение головы сочетается с улыбкой и яркими зубами, третьей, где вращающуюся руку творет на твоём локте непреднамеренный эффект, потерявшийся кружевной орнамент. Я привлекается твоей обыденной жизнью, которая прошла незамеченной, как и молодость, умершие прежние партнёры, каждая из которых последовала за другой, те, кто был близок к тебе, и те, кому ты была близка, каждый человек, встретившийся с тобой и исчезнувший навсегда из твоей жизни. Я буду регулярно посещать тебя, привозя молоко и морковь, которые полезно употреблять для улучшения зрения, а вы, прошу, открывайте старые альбомы, сохранённые в темно-коричневом бархате, чтобы вспомнить о давних временных девушках-гимназистках, мужчинах средних лет с бородами и усами, о том смелом мужестве по имени Иван Николаевич. Понимаешь, что человек с фотографии не может тебя видеть, почему беспокоиться?! Дело уже было решено раньше. Необходимо было принять решение и теперь ты уверенна в этом решении. Его изображение здесь, дотронься рукой! Возьми фотографию Ивана Николаевича, держи её в руках, она плоская, прохладная, слегка блестящая, края обложки покрыты тонким слоем золота, бумага немного пожелтела. Глушась моим голосом, ты вняла: она решилась идти туда, где она сейчас находится?' ratio=9.5"
24,24,"text='Он упал лицом в траву, превратившуюся в пепел под его щекой, и сжал зубы от раздражения, потому что неудача сделалась ему свидетельской. Стал как статуя, рассчитывая, что опасность пройдёт самой собой, хотя понимал неизбежность поражения. С теми стенами и влажной жарой было так жарко, что пот струился в глазах, и только после этого Рэдрик громко предупредил Арчибальда: «Не двигайся! Терпи!» Сам тоже терпеливо ожидал дальнейшего развития событий. Возможно, ситуация разрешилась бы относительно удачно, без существенных последствий, однако первым сдался Арчибальд. Вероятно, он либо не услышал предупреждения Рэдрика, либо настолько испугался, что позабыл о правилах поведения и совете о внимательности, либо внезапно ощутил ещё большую боль, нежели Рэдрик. В результате он потерял способность контролировать себя и необдуманно бросился вперёд, пригнувшись и издав нечленораздельный звук, движимый инстинктом самосохранения — назад, хотя там находиться было крайне опасно. Рэдрику удалось быстро подняться и схватить его за ногу двумя руками, вследствие чего Арчибальд всей силой своего тела ударился о поверхность земли, поднял облако пепла, вскрикнул страшным высоким голосом и резко пнул Рэдрика другой ногой прямо в лицо, начал беспорядочно извиваться и брыкаться. Несмотря на мучительную боль, Рэдрик накрыл его своим телом, прижавшись кожанной одеждой к коже другого человека, пытаясь физически подавить сопротивление противника, удерживая рукой дергающуюся голову и хаотично бил ногами и коленями по земле, телу и конечностям Арчибальда. Нечётко различая звуки дыхания и слабого стенания снизу, Рэдрик бессвязно произнёс через задуманное дыхание: «Тихо лежать, негодяй, иначе погибну...», ощущая сверху давление множества горячих углей, воспламенявших одежду, треск кожи на поверхности конечностей и туловища, пузырящейся и разрывающейся от жара. Уложив своё лицо в серую золу, судорожно придавливая грудь к голове другого человека, он больше не мог сдерживать эмоции и издал громкий протяжный крик.' ratio=7.25"
25,25,"text='Пожелаю узнать концовку всё происходящего. Десять лет назад я был абсолютно уверен в исходе. Ожидалась неприкосновенная граница, почти сотни километров длины, где находились только учёные и военные. Смертельная зона на поверхности моей планеты должна была быть надёжно изолирована. Обавление, что большинство людей делятся на мою точку зрения, было оправдано. Звучали речи и выдвигались законопроекты с целью защитить жизнь. Сейчас невозможно вспомнить, как прежняя твёрдая уверенность неожиданно исчезла. По существу, одна позиция верна, но и другая также справедлива. Вероятнее всего, процесс начался, когда первопроходцы впервые принесли из смертельной зоны необычные предметы, называемые батареями. Было установлено, что данная территория представляла собой не угрозу, а богатую кладку ценных ресурсов. Сейчас никто точно не осознаёт природу этой зоны. Люди добывают ресурсы постепенно и одновременно. Уже десять лет продолжаются исследования, потрачено огромное количество денег, однако эффективная система добычи пока не создана. Каждый человек ведёт собственную коммерческую деятельность, а учёные авторитетно заявляют: учитывая определённые аспекты, следует принять одну позицию, одновременно признавая обоснованность противоположной точки зрения, потому что конкретный объект после воздействия рентгеновского излучения под заданным углом испускает квазитепловые электроны. Это не суть дела. Всё равно я не смогу дожить до завершения ситуации.' ratio=10.6"
26,26,"text='С рассветом наступила буря: интернет на ногах. Сонный Матвей, обняв своё электронное кресло, случайно коснулся клавиш клавиатуры и узнал неприятную весть - соединение исчезло. Позвонив своему поставщику услуг, он получил следующий ответ: \n\n– Прервалась линия связи, а значит, возможно, проблема будет решена за четыре десятка часов.\n\nМатвей внимательно рассмотрел изображение на экране своего компьютера, стараясь осознать серьезность ситуации. Это был тяжелый удар! За четыре десятка часов доступ к интернету невозможен. Это страшно! Впереди оставалось много свободного времени до начала занятий в школе – около четырёх часов. За это время он мог бы поиграть онлайн с друзьями в какую-либо игру или провести время на любимом игровом сервере Minecraft. Очевидно, ему не хватает хорошего соединения - низкое качество, низкая четкость графики и плохой звук, вызывающие реакцию соседей.\n\nОгорчённый происходящим, Матвей направился к кухне, опустившись на стул возле барной стойки, положив руки на лицо и тяжело выдохнул. День уже был испорчен. Его мать, напротив, энергично ходила по кухне в домашних туфлях – перемещаясь между холодильником, столом, плитой, кофеваркой и обратно. Наблюдая за этими движениями, Матвей испытывал раздражение.\n\n– Сейчас я хочу сока и тоста, – произнес он глухом голосом.\n\nПо пути мимо стула мама быстро поцеловала голова сына:\n\n– Доброе утро, мой злобный ребёнок!' ratio=9.4"
27,27,"text='Побуйтесь открыть врата салона, Леночка замолкла, увидев студентицу Марюну, обтянутую рабочим халатом. Ноги ей послабели. Она повторила ошибку: жила ей графиком пятницы, в то время как остальные верили, что сегодня среда. Именно эта ошибка привела к тому, что Леночка потеряла работу на этот день и доход. Уборку в салоне выполняла Марюна, а Леночка исполняла эту работу по вторникам и пятницам. \n\n- Леночка, зачем ты здесь оказалась? Сегодня же не твоя смена, – спросила старая косметоложка, которая договаривалась со владелицей по неофициальному трудоустройству несовершеннолетней ученицы. \n\n- Сегодня моя смена! Именно моя! – прокричала Леночка дрожащим голосом, ощущая утрату контроля над собой. Ее раздражали постоянные путаницы и невозможность разобраться во всей ситуации. Кажется, она оказалась в бессмысленном мире, где всё шло не так, как должно было. Но когда же это прекратится? \n\n- Леночка, твоя смена приходится на пятницу, сегодня ты ошиблась днем недели, – спокойно произнесла косметоложка. \n\n- Пожалуйста, говорь правду, тетя Мила, разве сегодня не пятница?! – просила девочка. - Почему никто не признает очевидного? \n\n- Всё в порядке с тобой, Леночка? \n\n- Нет, все не так с тобой! Вы теряетесь и верите, что сегодня среда. \n\nДве клиентки увлеклись происходящим. Косметоложка потянула за руку Леночку и отвела в служебное помещение, чтобы избежать любопытства окружающих. Здесь она дала девочке стакан воды и посадила на издохнувший диван. \n\n- Ты сильно устала, – мыслила она, гладить Леночку по волосам, - утомлена пресной работой. Редко встречаешь ребенка, работающего больше многих взрослых людей. Тебе нужно отдохнуть, провести время с друзьями.\n\n- Я не ребенок, – ответила Леночка, отдаляясь от прикосновения женщины. - Мне уже исполнилось тринадцать лет. \n\n- Тринадцать, двенадцать... какая разница? Ты должна отдыхать и заниматься весельями, а ты одна заботишься о всей семье.\n\n- Мне не нужны игрушки! Нет смысла проводить время без дела! День короткий, столько всего нужно успеть сделать. \n\n- Бедняжка, – удохнула женщина. - Я собрала одежду для твоих братьев. Одежда хорошая, мой внук аккуратно ее носит.' ratio=10.34"
28,28,"text='Артем постепенно выкачал себя из-под костра, переложив оружие со спины на грудь, и двинулся в темноту. Прибыв к границе освещенной зоны, он затянул резким щелчком автомата свой голос до громкости: «Остановись! Скажи пароль!» И из-темноты, где несколько минут назад слышались необычные звуки и скрытые голоса, слышлись быстрые и частые шаги. Из глубины туннеля кто-то ускоренно откатился вниз, испуганный резким криком Артема и звуками его оружия. Артем быстро вернулся обратно к костру и сказал Петру Андреевичу: «Нет, мне кажется я видел не человека... Шумы были очень необычными... И шаги звучали совсем по-другому. Разве я не могу отличить человеческие шаги? К тому же, если бы это были монстры, они никогда не бежали так встати... Подозреваю, что это было даже не существо... Новому заданию нам приходится уметь верить.» Петр Андреевич смотрел на него с удивленным и недоверчивым видом. «Ты, по-моему, утратил рассудок! Всё лишь из-за нескольких странных звуков ты решил, что это монстры? Это просто люди, запутанные в своих путях.» Артем попытался объясниться: «Нет... Я не хочу верить такому легковесю... Шумы были очень необычными... И шаги звучали совсем иначе... Если бы это были монстры, они никогда не бежали так встати...» «Ты уже просто боишься. Это тебе известно, Артем, что я сделал все мои возможности, чтобы найти выход из этого туннеля. Мне приходилось исследовать каждый залом и коридор, а также установить небольшую охрану на выходе для того, чтобы предупредить любые возможные опасности... Но я никогда не нашел никаких признаков, что это монстры здесь. Тебе известно, что они обычно атакуют открыто и без страха перед смертью...», ' ratio=4.76"
29,29,"text='На Третьем транспортном кольце двигались миллионы машин, озарившееся дневным светом фарами, пыль от колёс висела в воздухе, люди выходили из подземных переходов, город казался живым. Илья хотел прикоснуться к всему вокруг, провести рукой по окружающим ему предметам. Уже семь лет он мечтал соприкосновение с Москвой ощутить. \n\n— Мне нужно добраться до Лобни. \n\nИзменился внешний вид электричек. \n\nРанее он видел грязные зелёные вагоны с испорченными окнами, нарисованные надписи на стенах, деревянные общие лавки, пол был покрыт шелухой семян подсолнуха, пролившееся пиво долго высыхало, везде ощущался запах пива. Сейчас же появились чистые белоснежные составы с жёлтыми полосами вдоль бортов, внутри установлены удобные кресла для каждого пассажира отдельно. Люди велись себя сдержанно, аккуратнее стали выглядеть благодаря новым поездам.\n\n— Ты не хочешь пойти со мной посмотреть ледовое представление с участием Навки? — спросила одна женщина другую. — В прошлый раз мне понравилось, зрелище потрясающее.\n\n— Возможно, и пошла бы. Ведь сама Навка вышла замуж за этого человека с усами, помощника президента Путина. Мужчина симпатичный, внушительный, эффектный, — ответила другая женщина, выглядевшая значительно старше первой и накрасившаяся поверх утомлённого лица.\n\n— Нет уж, — возразила первая собеседница. — Она могла найти кого-нибудь лучше. Мне больше нравится Сергей Лавров. Лавров замечательный человек. Я бы предпочла отправиться куда-либо именно с ним. Лавров гораздо решительнее вашего усатого.\n\nИлья слушал разговор, но не мог разобраться в сути беседы. Электричка задерживалась. У него возникло чувство голода, желудок пустовал и неприятно ныл. Отказался покупать чебуреки возле вокзала, поскольку стоимость продуктов здесь была завышена относительно той суммы, которую ему предоставляли для транспортных расходов. Зачем тратить деньги на перекус, если вскоре он сможет съесть горячие домашние щи матери?\n\nЕму страстно захотелось отведать эти щи трёхдневной давности, добавив немного сметаны сверху, измельчив сухарик хлеба прямо в тарелку, как делал в детстве после примера своего деда. Затем размочить кусочки хлебной корочки в супе, но оставить их слегка твёрдыми, вдохнуть аромат блюда и осторожно положить горячую ложку в рот.' ratio=7.93"
30,30,"text='На стуле прыгнул кот, за ним вслед бежал. В помещении Алексей Кириллович положил чашку на стол, покрытый множеством листов бумаги, сел в кресле, перед собой поставил стопку печатных страниц и занялся их просматриванием: - Да... вот оно... верно... точно! Определим операцию умножения согласно таблице номер три... нейтральный элемент относительно... относительно... но, дорогой друг, это абсолютно совпадает с работой Юрковского. Безусловно, поскольку поле упорядоченно, множество базисов можно разделить на две части, зачем он вновь раскрывает общеизвестные сведения? Далее. Подобная матрица задаёт преобразование одного n-мерного векторного пространства в другое. Что дальше? Эта информация известна давно, это всего лишь утверждение о разложении матрицы! Алеботры! Алексей Кириллович открыл ящик стола, взял ломтик хлеба, накрытый салфеткой, и, продолжая читать листы, принялся аккуратно отделять небольшие куски, периодически запивая их чаем: - Продолжим... так... итак... произведение матрицы на число распределительно относительно операции сложения чисел... понятно... дальше... уже знакомо... где именно рассматривается тема линейной комбинации?... так... обозначение Кронекера равно нулю тогда, когда совокупность квадратных матриц формирует алгебраическую систему относительно операций суммирования и умножения... но какое это имеет отношение к делу? Где представлены два тензорных пространства? Ведь они идентичны. Частицы хлеба падали ему на ноги, крошились на полу. Кот устроился на диване, уложив голову между передних лап. - Как возможно классифицировать тензорные величины? Эти объекты принадлежат внешней структуре, глупец... следовательно... почему стоит анализировать билинейную конструкцию? Алеботры! Необходимо выяснить характеристики левого тензорного поля, а не характеристику полиномиального выражения... сейчас посмотрим... так... теперь яснее... интересно! Это противоречит принципам евклидова пространства! Очень смешно! Удивительная вещь: полярная запись базовой полиномиальной функции именуется скалярным рассеиванием! Ха-ха-ха! Совершенно бессмысленно и никак не связано!' ratio=9.54"
31,31,"text='Из толпы выходит боец: работник крупного хозяйства, лицо широкое и грубоватое. Обращается он со своей обычной сдержанностью, затем отделяет верхнюю одежду и надевает перчатки. Потом следует неожиданное - вытирает нос. Мы предполагали именно такой поворот событий, потому что Погода снимает черный меховой кафтан, освобождается от шапки, расстегивает красное платье. Затем он слегка поднимает мускулистую руку, обернутую в ткань, и поминливает мне, после чего выходит на арену. В кулачных боях Погода значительно превосходит своего соперника. Его рост небольшой, однако плечи широкие, костяк крепкий, ловок и проворен. Ударить по лицу Покоя - затруднительно. Зато получить удар от него легко. Он смотрит на противника с заинтересованностью, махает себе шёлковым поясом: - Ты готов принять поражение? - Нельзя хвастаться до начала боя! - Они перемещаются вокруг круга, оценивая друг друга. Внешность различна, однако оба русских, решительные. Собираемся вместе на арену боя и объединяемся с зрителями. Это обычное дело здесь. Все равны - крестьянин, дворянин или служащий правительства. Кулачный бой - самостоятельное выступление. Улыбаясь, Погода поминливает работнику крупного хозяйства, напрягая мышцы рук. Работник не сдержился, бросился первым тяжёлым кулаком. Однако Погода не отступилась - она встретила его и резким движением поразила вовнутрь. Тот крикнул, но терпит боль. Затем Погода кружится вокруг, делает плавные движения руками, насмешливо подмигивает, выставляя язык. Работник игнорирует подобные маневры и дышит тяжело, вновь замахиваясь кулаком. Однако Погода опережает его - левый удар в скулу, правый по груди - хруст! хруст! Рёбра ломаются. Тяжёлого удара избегал. Громко кричит работник крупного хозяйства, машет большими кулаками, теряет перчатку. Безрезультатно: снова получает удары в живот и нос - резко! Крупный сильный мужчина отступается назад и теряет равновесие. Скрещивает пальцы обеих рук, громко рычит, разрезает холодный воздух движениями тела. Напрасно: бах! бах! бах! Быстро работает рука Погоды: теперь уже и лицо рабочего залито кровью, один глаз заплыл, нос течёт кровяной жидкостью. Брызги ярко-красной жидкости летят, блестят в лучах зимнего солнца, падают на плотно утрамбованный снег.' ratio=10.8"
32,32,"text='Здраствуйте, Алёна, моя созрелая дочь. Я убеждён, что существование жизни заключается в ощущении любви. Однако почему на меня пришлись такие испытания, ведь я сильно предавала свою дочь! Очень сильно любила Андрея!' ratio=9.35"
33,33,"text='Это давно произошло, когда я родила двоих детей подряд за два года - мой неудачный выбор человека. Я была молодой женщиной в возрасте двадцати девяти лет с короткой стрижкой и худостью, оказавшейся в археологической экспедиции. Мы принимали много бессудных решений. Изначально мы были не знакомы друг с другом: мы рассматривали ржавый осколок как камень, а он спросил у нас: «Мальчики, что вы здесь делаете?» Когда я взглянула на него, то он понял, что я женщина, напоминающая мальчика и был очень удивлен. Это было начало нашей истории, счастье, которое длилось как и ночью, так и днем. Я работала поэтом после педагогического института и была уволена из газеты за роман с мужем-художником, который уже имел троих детей, которых я мечтала воспитывать сама. Жена художника быстро появилась и сообщила главному редактору о том, что мне должно было быть стыдно. После этого ей дали обещанную трёхкомнатную квартиру, потому что до этого они жили вместе с матерью его супруга в одной комнате, тогда как я предоставляла место для работы своему любовнику, несмотря на недовольство матери, резко осуждающей его за то, что он живет за моим счетом, не вступая в брак. Затем я отправилась добровольцем в археологическую экспедицию, результатом которой стали мои дети Андрей и Алёна, сейчас вместе с настойчиво настаивающей на своем мнении матерью. Мы пожили некоторое время, осознавая реальную ситуацию, пока муж переживает болезненный бракоразводный процесс в Куйбышеве. Его жена приехала посмотреть на беременную меня, то есть стояла у двери, когда он открыл ее, и увидела жену с подростком-пятнадцатилетним сыном, чтобы обсудить важный вопрос.' ratio=6.34"
34,34,"text='День третий длился, а начало его было неясным. В течение всего дня впереди раздавалась стрельба, колонны периодически останавливались, высылая разведывательные отряды во все стороны. Поэтому мы особо радовались, когда заметили пехотинцев, появившихся из леса, не видавшихся несколько дней. Оказалось, что наши части двигаясь с севера, соединились с подразделами, которые наступали с юга. Бесконечные подразделения пехоты поочерёдно приближались и вскоре исчезали между небольшими лесочками и возвышенностями. Их появление являлось сигналом о прекращении преследования противника, поскольку он прекратил отступление и готовился к сражению. Наша разведывательная группа должна была выяснить маршрут продвижения одного из подразделений пехоты и обеспечить его безопасность. Во время исполнения задания мы столкнулись с кавалерийским патрулем, получившим аналогичное задание. Офицер-драгун имел разорванную сапогу - результат попадания вражеской копья днем перед прошлым, однако он получил лишь незначительное ранение, тогда как около восьми немецких солдат погибло. Спешилось определить местоположение противника после нескольких пробных маневров и последующего обстрела, мы спокойно двинулись дальше, задумавшись о предстоящем пути: картофеле и чае. Однако едва мы покинули лесной массив, а дозорный взобрался на возвышение, прозвучал выстрел с противоположной стороны возвышенности. Вернувшись обратно в лес, мы заметили полную тишину. Когда дозорный снова появился над гребнем, последовал еще один выстрел, и на этот раз пуля задела ухо лошади. Спешившись, мы расположились на краю леса и начали наблюдение. Постепенно с вершины соседнего холма появилась немецкая военная каска, затем фигура всадника, которого я мог подробно рассмотреть в бинокль благодаря характерному светлому цвету его усов. Солдаты шепотом произносили: «Вот он, вот он». Однако офицер решил дождаться появления большего числа врагов, считая бессмысленным вести огонь по одиночному солдату. Мы держали цель на мушке, внимательно изучая ее в оптическом приборе и рассуждая о социальном статусе наблюдаемого человека.' ratio=9.82"
35,35,"text='Одесса оставляет впечатление уроженца севера, как будто чужого города, подвергшегося влиянию России благодаря стараниям его администраторов. Здесь преобладают большие кафе, заполненные воспитанными коммивояжерами. По вечерам жители шествуют по Дерибасовской улице, атмосфера напоминает бульвар Сен-Мишель в Париже. Одесский диалект отличается особыми интонациями, неправильной формой падежных окончаний и необычными словами. Кажется, что этот способ речи отражает психологию города: детскую веру в силу ловкости и стремление добиться успеха любыми средствами. Когда я печатал визитки в местной типографии, заметил свежевышедший выпуск одесской вечерней газеты, издаваемой здесь же. Открыв газету, обнаружил стихотворение Сергея Городецкого, которое отличалось изменением единственной строки и было опубликовано анонимно. Управляющий типографией сообщил, что стих был предоставлен начинающим поэтом, выдавшим произведение за свое творение. \n\nВозможно, среди жителей Одессы немало искренне честных и достойных людей, причем не только согласно северным стандартам. Однако они не определяют общую атмосферу. На Востоке возникли небольшие активные группы людей, которым принадлежит будущее. Эти группы представлены такими местами, как Порт-Саид, Смирна, Одесса. \n\n10 апреля мы отправились в плавание на корабле Добровольного флота ""Тамбов"". Через несколько дней неспокойное и опасное Черное море пребывало в полном покое, напоминающем гладкость озера. Под воздействием судна волны плавно расходились, двигаясь равномерно, работал невидимый под водой винт. Пены отсутствовали, а лишь слабо заметная зеленоватая линия следовала за судном. За ним устремлялись стаи дельфинов, иногда приближаясь вплотную и демонстрируя свои мокрые спины. Затем наступила ночь, первая после выхода в открытое море. Небо освещали редко наблюдаемые звёзды, вода звучала громче обычного. Возможно ли, чтобы кто-нибудь никогда не видел моря? \n\nУтро 12 числа — Константинополь. Перед нами снова предстал привычный пейзаж пролива Босфор, заливов, лодок с белоснежными парусами, где находились улыбающиеся турки, домов, расположенных вдоль склонов побережья, окружённых кипарисовыми деревьями и цветами сирени, укреплений древности, башен и зубчатых стен замков, а также особого солнца Константинополя, яркого, но мягкого. \n\nМимо нас проплывала флотилия военных кораблей европейских государств, направленная в Босфор на случай волнений. Флот неподвижно стоял серым пятном, символизируя угрозу многолюдному и живописному городу. Около восьми утра началась церемония исполнения национальных гимнов. Сначала раздался английский гимн, исполненный уверенно и горделиво, затем российский — торжественно и благочестиво, а испанская версия оказалась столь праздничной и яркой, что под нее хотелось танцевать.' ratio=5.8"
36,36,"text='Я довериваюсь тем людям, которые представляют его мне не так, как я обычно его вижу в глазах. Главное - я имела дело только с одной стороной его личности, потому что я был чужим человеком, возможно, недостаточно понятным двадцатилетней женщине иностранного происхождения; кроме того, я лично заметила значительное изменение в нём, когда мы вновь свиделись в 1911 году. Его внешность стала более тёмной и утомительной.\n\nЗатем я поняла, что именно моя способность проникать в тайны сердец людей, в сновидения окружающих и другие незначительные особенности привлекли его особое внимание, хотя близкие ко мне люди уже давно воспринимают такие способности как обыденное. Он постоянно повторял фразу: «Мы взаимодействуем». Нередко произносил также слова: «Только вы в состоянии воплотить такое».\n\nНаверняка, мы оба тогда не сознавали одно важное обстоятельство - события, происходившие между нами, представляли начальный этап наших жизненных путей: его жизнь оказалась весьма короткой, моя же продолжилась намного дольше. Искусство ещё не успело повлиять на наши судьбы, оставляя период свежести и лёгкости до рассвета. Однако будущее, которое неизбежно предшествует своей реальной явью появлением признаков, уже давало о себе знать: оно чувствовалось в тревожащих моментах сна, пугало образом ужасающего Парижа Бодлера, таящегося поблизости. Все великое в Амедео проявлялось едва заметно среди общего сумрачного фона.\n\nЕго лицо напоминало изображение Антиноя, глаза ярко мерцали, он выглядел совершенно непохожим на всех остальных. Его голос запомнился в моей памяти навсегда. Я знала его нищим, оставалось неясным, благодаря чему он существует. В качестве художника он не получил даже минимального общественного одобрения.' ratio=7.13"
37,37,"text='Моя встреча с городом произвела на меня чувство шока, что побудило меня написать рассказ об этом эпизоде. Одновременно тайное и притягательное занятие стало для меня прозаическим творчеством. Я хорошо понимала поэзию с самого начала, но не знала ничего о написании прозы. Мой первый прозаический эксперимент получил высокую оценку окружающих, хотя я в этом не верила сама. Я пригласила Зощенко посмотреть мою работу. Он рекомендовал исключить некоторые части и одобрил остальное. Это заставило меня чувствовать себя удовлетворённой. После ареста сына я уничтожила этот текст вместе с остальными материалами архива. Мий интересы были всегда связаны с художественным переводоведением. После войны я занималась переводом многих произведений, и продолжаю это дело и сегодня. В 1962 году завершилось создание поэмы «Поэма без героя», над которой я работала двадцать два года. Весной прошлого года, незадолго до юбилея Данте, я вновь слышала итальянскую речь во время поездки в Рим и на Сицилию. Весной 1965 года я отправилась в Великобританию, родную страну Шекспира: наблюдала английское небо и берег Атлантики, встречалась с давними знакомыми и обзавелась новыми друзьями, ещё раз побывала в Париже. Я продолжала создавать стихотворения. Через них я чувствовала свою связь с временем и новыми этапами жизни своего народа. Во время работы над стихами я воспринимала ритмы, характерные для выдающихся исторических событий своей родины. Мне повезло жить в такой исторической эпохе и стать свидетелем исключительных событий.' ratio=7.84"
38,38,"text='Молодой мужчина внезапно задумался, девушка обернулась сразу же. Её взоры блестящие, улыбается широко и обращается с полуироничным витаньем: \n- Что ты, Степан Петрович, глядишь на девушку бесплатно? За такой развлекательный опыт необходимо заплатить. Приблизись ближе. Давай поговорим немного.\nМужчина испугался, конечно, но внешне не проявляет этого, держится уверенно. Хотя девушка тайная и сильная, но она лишь женщина. А мужчине неловко показать слабость перед женщиной. Поэтому отвечает: \n- Нет времени общаться. Мы уже проснулись поздно, теперь идём ищем необходимую траву.\nДевушка снова рассмеялась и сказала:\n- Прекрати игру. Я говорю серьёзно - приблизись сюда, есть важное дело.\nМужчина понял, что другого выхода нет. Приближается к девушке, а та жестом руки просит обойти красную с другой стороны. Обогнул камень и увидел огромное количество ящериц разных видов. Некоторые зелёные, некоторые голубые с оттенком синевы, другие напоминают глину или песчинки с золотистыми пятнами. Есть прозрачные, как стекло или слюдяные пластинки, есть тусклые, похожие на увядшую траву, а ещё такие, у которых красивый рисунок. Девушка продолжает смеяться:\n- Будь осторожнее, чтобы не раздавить моих маленьких помощников, Степан Петрович. Ты такой крупный и тяжелый, а они совсем маленькие.\n- Затем хлопнула в ладони, ящерицы мгновенно разбежались, освободив проход. Мужчина приблизился ближе, остановился, а девушка вновь захлопала руками и произнесла ещё смеясь:\n- Сейчас тебе негде сделать шаг. Уничтожишь моего помощника - неприятности будут.' ratio=8.69"
39,39,"text='Тайна в том, что Данило не был пригоден для заводской работы - он слишком был слаб, его сил было бы недостаточно даже на одну неделю труда. Управляющий послал его помощником пастуха. Но и здесь Данило оказался неподходящим работником. Мальчишка был старательным, однако постоянно допускал ошибки. Часто задумывался над чем-то своим. Увидя какую-либо травинку, он уседался и смотрел на неё, в то время как коровы паслися далеко. Старый пастух оказался добрым человеком, жалел сироту, но иногда сердился: — Что же получится из тебя, Данило? Сам погубишь свою жизнь и заставишь меня отвечать за твои промахи. Как такое допустимо? О чём думаешь вообще? — Сам, дедушка, не понимаю… Просто смотрел немного. Видел маленькую букашку, ползущую по листочку. Она сама синенькая, а снизу желтые пятнышки видны, лист широкий, края острые, похожи на узор. Здесь лист кажется тёмным, а посредине ярко-зелёный, словно недавно покрасили… А букашка медленно движется. — Ты совсем глупый, Данило? Разве тебе нужно изучать насекомых? Пусть ползёт дальше, а твоя обязанность следить за стадом. Предупреждаю, прекрати эти пустяки, иначе расскажу обо всём приказчику! Единственное занятие удалось Даниле - научиться играть на рожке лучше старого пастуха. Получалось почти профессионально. Вечером после возвращения стада девушки и женщины просили: — Давай сыграешь песню, Данила. Данилко начинал играть мелодию. Песни были необычные, звучали приятно, наподобие шума леса, журчания ручья или птичьего щебета. Женщины полюбили эти песни и стали помогать Даниле. Одни чинили одежду, другие отрезали ткань на портянки, третьи шили новые рубашки. За едой разговора даже не возникало - каждая старалась угостить повкуснее и побольше. Пастух-старик также любил песни Данилы. Однако и тут случались неприятности. Начинал Данила играть музыку и забывал обо всём вокруг, словно коровы исчезли. Именно во время игры произошла беда.' ratio=7.32"
40,40,"text='В домашнюю избушку ступорно заглянула огромная коричневая собака с чёрной повязкой вдоль хребта. Обоих глаз у неё были тёмные полосы, плавно напоминающие оправочки очков, делая её взорами казаться обвинительной: «Почему вы меня зовете, хозяин?».\nАнтипыч особенным образом устремил в неё взор, и собака понимала чувства человека сразу - он приглашал её исключительно ради дружеского общения, развлечений, игр… Халтун заметно начала двигать хвостом, опускаясь все ближе и ближе до тех пор, когда она подбралась на колени старика и усадилась на спину, выставляя белую животную часть со всеми дванадцатью тёмными сосками. Когда Антипыч лишь слегка вытянул пальцем, намереваясь её почесать, собака внезапно усеялась и бросилась клевать на его разные части лица: в нос, щёки, губы.\n— Хватит, хватит, — произнёс он, укрощая животное и выбивая слюну рукавом.\nЗатем он нежно провёл пальцем по её голове и добавил:\n— Достаточно, вернись обратно.\nСобака повернулась и ушла в двор. — Вот такова жизнь, друзья, — мрачно произнес Антипыч. — Эта - Травка, охотничья собака, ей достаточно только одного указания, чтобы понять суть дела, в то время как вы, неразумные, задаёте вопросы типа: «Где находится истина?» Хорошо, приезжайте сюда. Но если пропустите нужный момент, я расскажу о всем Травке.\nПосле смерти Антипыча началась Великая Отечественная война. Никто другой не занял должность сторожа, и жилище Антипыча оказалось заброшенным. Домик сильно износился, значительно превзойдя возраст своего владельца, и поддерживался специальными подпорками. Однажды ветер разрушил постройку, она тут же рассыпалась подобно карточному домику, который легко рушится даже от слабого дуновения ребёнка. За один год высокие стебли растения Иван-чая пробились через древесные элементы домашней постройки, оставив от дома небольшой земляной холм, покрытый алыми цветками. Собака Травка переехала в картофельно-хранилище и приспособилась вести жизнь животного в лесных условиях.' ratio=8.5"
41,41,"text='Этот человек, никогда не видевший, как растёт клюква, может преодолеть большое расстояние по болоту без заметить, что он окружён кустами этой ягоды. Например, черника растет так: тонкий стебелёк поднимается вертикально вверх, вдоль него располагаются небольшие зелёные листья, похожие на крылья, и на концах листьев находится маленькие чёрные ягоды, покрытые серым пухом. Брусника отличается ярко-красными плодами и тёмно-зелёными листьями плотной структуры, сохраняющими цвет даже зимой; часто эти ягоды настолько многочисленны, что поверхность земли кажется окрашенной красным цветом. Ещё один типичный обитатель болот — голубика, обладающая крупными синими ягодами, растущими группами. Иногда в отдалённых районах встречается костяника — красновато-рубиновые плоды, расположенные гроздьями. Однако единственная ягода, которая сложно сразу увидеть, — это весенняя клюква. Она прячется между комочками почвы и практически не заметна снаружи до тех пор, пока на небольшом участке не скопится значительное количество ягод. Тогда сверху видно как будто случайно разбросанных красных точек. Когда человек наклоняется, чтобы сорвать одну ягоду, он обнаруживает, что она соединена тонкой нитью с целой группой аналогичных плодов. Можно аккуратно извлечь из почвы длинную цепочку крупных ярко-красных ягод.' ratio=6.78"
42,42,"text=""История началась с обычного прогулки по берегу, превратившись в захватывую тайну. В городе-курорте Тайруа, на восточном берегу полуострова Коромандел, жила 48-летняя Нейша Ринд вместе со своим десятилетним сыном Кеей. Они любили гулять по пляжу Ocean Beach, где серферы часто посещают эти места. Однако в этот день океан представил им необычную находку, превосходящую по ценности хорошую волну. Необычный предмет был среди многочисленных обломков дерева и морских отходов, которые приливы выбрасывали на берег. Кея вначале принял его за камень или кирпич покрытый водорослями. После очистки предмета выяснилось, что это стандартная бутылка объемом один литр из-под виски Jack Daniel's. Внутри бутылки находился сложенный аккуратно бумажный лист. Извлеченная пробка показала, что письмо внутри не является шуткой или розыгрышем. Оно было написано 17 февраля 2002 года. Автор написал свое имя — Джек, и упомянул, что занимался рыболовством недалеко от островов Олдермен (обычное место для лова поблизости от Коромандела). Из-за действия морской воды текст сильно пострадал, и прочитать удалось лишь имя и дату. Такие находки всегда вызывают волнение и приводят к мысли о известных литературных произведениях, таких как роман Жюля Верна «Детям капитана Гранта». В романе герои также пытались найти человека, следуя подсказкам из письма, попавшего в море. В действительности ситуация оказалась совершенно обыденной, хотя не менее захватывающей. Бутылка плавала в водах Тихого океана около двадцати двух лет. За это время она могла обогнуть земной шар или долгое время вращаться в мощнейших течениях Тасманова моря, пока снова не приблизилась к месту своего запуска. Нейша Ринд разместила фото своей находки в интернете, надеясь, что современные технологии позволят отыскать автора письма быстрее, чем это делали герои книг XIX века. Пока еще не последовало никакого ответа. Социальные сети уже полны шуточек о том, что Джеку могло исполниться больше лет, он мог создать семью и давно позабыть о написанном письме. Случаи подобного сохранения писем крайне редки. Специалисты говорят, что большинство стеклянных бутылок разрушаются о камни уже в течение первых месяцев плавания. Утверждается, что сохранение этой бутылки и письма после четверти века пребывания в воде представляет собой исключительное везение. Теперь Кея и его мама остаются в ожидании возможного отклика от автора послания, чтобы узнать подробности рыбалки 20-летней давности."" ratio=9.84"
43,43,"text='После установления Игоря Краснова на пост председателя Верховного Суда Российской Федерации, ряд судей принужден был прекратить свою деятельность вследствие обвинений в коррупции и выносении неправомерных решений. Аналитики РИА Новости сообщают о последних увольнениях. \n\nСлучилось это вскоре после вступления Краснова на пост председателя Верховного суда, связано с делом о судье Викторе Мамотове, полномочия которого были прекращены решением суда. С него был засечён имущество в пользу государства: 97 объектов, стоимость которых составила около 9 миллиардов рублей.\n\nЖурналисты подчеркивают, что всего лишь за шесть месяцев должностей судей было оставлено несколько десятков человек в различных регионах страны.\n\nВспомним, что ранее президент России Владимир Путин предложил Совету Федерации кандидатуру генерального прокурора Игоря Краснова на пост председателя Верховного суда. Должность руководителя Генеральной прокуратуры занял Александр Гуцан, являющийся полномочным представителем президента Российской Федерации в Северо-Западном федеральном округе.\n\nСтав председателем Верховного суда, Краснов подчеркнул, что судебное решение не должно поощрять мошенничество. Согласно его словам, ответ на любые проявления коррупции среди судей будет жестким и решительным, вне зависимости от занимаемого ими должностного положения.' ratio=6.5"
44,44,"text='Ученые придумали биопленку, которая предотвращает проникновение воздуха и водяного пара. Вскоре после использования эта оболочка исчезает. Сегодня пластиковые изделия всюду нарушили порядок вещей. Они кончают свой путь на мусорных полигонах или оказываются в океанах, где разложение занимает сотни лет. Это серьезная проблема для всех. Ученые пытаются создавать биопластики из материалов, восстанавливаемых природой. Обычно экологически чистые пленки недостаточно эффективны против влаги и воздуха, однако без такой защиты сохранить продукты невозможно. Ученые Технологического института штата Джорджия предложили решение. Они создали биопленку из компонентов, которые встречаются в садах и лесах, а также на кухонных столах домашних хозяек после приготовления пищи. Среди них были целлюлоза (структурный компонент растительных тканей), хитозан (из раковин ракообразных и оболочки грибов), а также лимонная кислота (выделяемая из цитрусовых фруктов). Эти компоненты претерпели обработку, превращаясь в тонкий слой пленки. Эта пленка отвергает проникновение воздуха и водяного пара. Данная пленка разлагается самостоятельно и не оказывает длительного негативного влияния на почву. Профессор Карсон Мередит заметил, что эта пленка чаще всего более эффективна, чем обычные пластиковые упаковочные материалы, защищая продукты питания от порчи. Тем не менее, для полного разложения требуются определенные условия: определенная температура, уровень влажности и наличие микроорганизмов. На обычных свалках биопленка остается неизменной столько же времени, сколько и обычная пластиковая упаковка. В настоящее время разработка существует лишь в виде лабораторного образца, пригодного пока только для опытов. Реальная упаковка из такого материала не обладает достаточной гибкостью при сгибании, вероятно, требуется добавление пластификатора.' ratio=10.3"
45,45,"text='Очковатые оркестроны заявляют, что домашние кошки обладают выдающимися органами чувств, превосходящими человеческие в приблизительно четверть сотни раз. Они сенсорно отлично воспринимают мир вокруг себя, способные улавливать наиболее лёгкие изменения в окружающей среды. Это даёт им необычайную остроту реагирования и сенсорный прозор, позволяющий им быстро адаптироваться к любым нововведениям в поведении своих господ. Научные исследования убедительно доказывают, что кошки способны отлично различать человеческие эмоции благодаря восприятию выражений лица, характера движений и интонаций речи. Когда-то наблюдательное зрение этих животных было расценено как сверхъестественное — они могли различить в микроизменениях поведения господ, анализировать их и даже предсказывать будущее. Однако теперь верится не более чем в то, что кошки чувствительны к изменениям во внешности хозяина и реагируют на них эмоционально.' ratio=9.5"
46,46,"text='Витки многих современных сотkes данной бактерии разделились примерно пять тысяч лет тому назад, во времена неолита, когда население становилось всё более оседлым и начало жить в условиях увеличенного взаимодействия между собой. Такое положение дел могло привести к расширению ареала распространения и увеличению разнообразия патогенных микроорганизмов, передаваемых преимущественно путём капельной инфекции и контакта. Стрептококк стрептококкус пирогенес был найден в останках людей, проживавших в Европе и Африке около четырёх тысяч лет назад. \n\nОдин штамм, выявленный в останках древней мумии Боливии, мог обособиться ещё ранее, примерно десять тысяч лет назад, предполагают исследователи. Первоначально микроорганизм мог проникнуть в Южную Америку вместе с мигрантами из Сибири, которые порядка двадцати двух тысяч лет назад преодолели Берингов пролив и начали постепенное заселение сначала территории Северной Америки, а позже Южной. \n\nДо изобретения современных антибактериальных препаратов скарлатина являлась одной из ведущих причин смерти детей и инвалидизации, нередко приводя к потере зрения и слуховых функций. До выяснения учёными бактериальной природы заболевания, его симптоматику часто ошибочно принимали за проявления натуральной оспы, коревой краснухи или дифтерии. Эти инфекционные болезни традиционно рассматривались как патологии, сопровождающие колонизацию новых территорий: они появлялись среди переселенцев из Европы, прибывающих в Америку, и оказывали губительное воздействие на местное население, иммунитет которого оказался неподготовленным к противостоянию указанным патогенам. \n\nТем не менее современные учёные полагают, что данная точка зрения является чрезмерно упрощённой и возможно даже ошибочной. Есть вероятность, что не только пиогенные стрептококки, но также и многие другие микроорганизмы, вызывающие инфекционные заболевания, уже длительное время существовали в Америке, намного раньше прибытия туда первых европейцев. В пользу данного предположения свидетельствуют данные последних научных исследований, посвящённых возбудителям такого заболевания, как сифилис, и возбудителю лепры.' ratio=6.74"
47,47,"text='Целью стало создание мотоцикла, способного разгоняться до скорости 150 км/ч без коляски и 120 км/ч с ней. Для большинства советских мотоциклов середины XX века такие показатели казались очень высокими. Тайные исследования велись под строгим контролем ресурсов. Первые пробные образцы были изготовлены в 1963 году, внешний вид остался прежним, характерным для «Урала», но технические параметры двигателя значительно улучшились: рабочий объём был увеличен до 1040 куб.см, а мощность выросла до 50 лошадиных сил. Для улучшения аэродинамических свойств на постаменте была установлена специальная защитная кожуха. Однако скорость не превысила утверждённой: фактически максимальная скорость составила 130–132 км/ч. Несмотря на это, достигнутый результат произвел сильное впечатление на окружающих. В 1967 году был выпущен ограниченный тираж мотоциклов с колясками — около двадцати пяти штук, все отправлены в подразделения Госавтоинспекции СССР. Каждый из них собирался почти индивидуально из-за дефицита производственных мощностей и нерегулярной поставки уникальных деталей. Высокая стоимость разработки привела к тому, что серийное производство оказалось невозможным, а использование этих машин вызвало значительные трудности. Нехватка запчастей и сложность ремонта двигателей делали эксплуатацию сложной и неудобной. Проект остался экспериментальным и эксклюзивным из-за своей сложности и высоких затрат. Но мотоцикл «Урал М-100» вошел в историю советского мотопрома. Эти мотоциклы эксплуатировались примерно десять лет. Сейчас память о них сохранилась только среди немногих энтузиастов и коллекционеров, большинство оригинальных экземпляров утрачено, остались редкостью. Ирбитский завод пытается привлечь внимание покупателей. В январе 2026 года начался выпуск модели «Урал Нео 500» — современного варианта классического мотоцикла. Новые мотоциклы оснащены рядным двухцилиндровым двигателем объёмом 446 куб.см с жидкостным охлаждением и мощностью 35 л.с., пятискоростной коробкой передач с задним ходом. Масса сухой версии составляет 334 кг. Внешний вид напоминает современные туристические мотоциклы, а оборудование включает светодиодную оптику, электронное табло приборов и встроенную камеру переднего вида. Разработчики создали новую модель совместно с крупным партнером, ориентировавшись главным образом на международный рынок.' ratio=3.25"
48,48,"text=""Творящее звуковое шедевр — Truckster, красного дерева, клёнового топа и махагониевого грифа, обеспечивает музиканту электрогитаре рока неповторимую мощность резонанса с продолжительным изысканным звучанием. Сквозные образы кастомных машин и хот-родов Хэтфилда, вдохновившие разработчиков на создание необычного электрического инструмента, покрытого серого матовым покрытием, будто его не успели полностью покрасить. Один из пяти подписных инструментов Хэтфилда, Truckster отличается особым видом — без лакового покрытия и блестящей отделки, что делает каждый экземпляр уникальным. Изобилующий необычными речевыми формулами и риторическими конструкциями, инструмент обладает высоким качеством изготовления и надежностью компонентов. Кроме того, покупатель получает фирменный кожаный ремень Levy's профессионального качества и иллюстрированную книгу о группе Metallica."" ratio=5.63"
49,49,"text='Поиск невидимых дефектов в жилище: умение расколотить поверхность элегантности и сокрытых проблем\nОсторожнее всего покупайте дом на вторичном рынке зимой или осенью в полнолуние — тогда скрыть недостатки в фундаменте будет проще, чем решить головоломку.\nТакие повреждения могут быть критическими, и даже небольшой трещине должен уступить место новая постройка.\nСтроительный магнат Максим Лазовский замечает, что такие случаи покупателей часто являются причиной снижения цен на недвижимость на вторичном рынке.\nПервое дело — внимательно изучать качество скрытых работ. Ошибки во время утепления, гидроизоляции и пароизоляции являются распространёнными проблемами.\nПосмотрите на подвальные помещения, если они имеются, оцените уровень температуры и влажности, проверьте наличие пятен влаги и других следов протечек.\nПри индивидуальном жилищном строительстве могут возникать множество неприятностей: неподходящий тип грунта для конкретного здания, неправильный выбор сечения свай или вида фундамента, отсутствие обработки древесины против вредителей. Лучше проводить осмотр потенциальной покупки вместе со специалистом, чтобы оценить качество работы.\nДополнительно важно убедиться в том, что для строительства дома выдано разрешение и что вид используемого земельного участка разрешён застройке. Возможно, объект является самовольной постройкой, и строительство жилых зданий на данной территории запрещено.\nТакже необходимо учитывать возможные изменения окружающей среды, например появление в близости предприятий промышленности, свалок или новых транспортных магистралей. Для получения такой информации ознакомьтесь с генеральным планом развития вашего населенного пункта, доступным в открытых источниках, подчеркнул Максим Лазовский.' ratio=10.5"
50,50,"text='Обвиняемый в несправедливой критике диетологами, - обыкновенная свёкла или мангольд. В течение длительного времени эти продукты использовались преимущественно для окрашивания блюд, таких как винегрет или борщ. В настоящее время в Европе популярны диеты, включающие различные блюда из свёклы и её листьев, обладающие положительными свойствами: высоким содержанием железа, витамина C и йода, приятным вкусом и отсутствием горечи. Свёкла содержит важное вещество для снижения веса - бетаин, по мнению врача-диетолога Светланы Бережной. Бетаин препятствует накоплению избыточных жиров и способствует лучшему усвоению полноценного белка. Кроме того, в соке свёклы присутствуют ферменты, которые улучшают водно-солевой баланс организма и имеют лёгкое мочегонное действие, полезные для малоподвижных и отекнувших людей. Для избавления от двух-трех килограммов достаточно нормализовать водно-солевой обмен, предотвращая скопление избыточной жидкости в тканях. Свёкла также богата клетчаткой и веществами, активизирующими деятельность кишечника и желчного пузыря. Однако она оказывает и слабительное воздействие. Свёкла является подходящим продуктом для проведения детоксикационного дня. Однако употребление одной отваренной и измельчённой свёклы не обязательно должно вызывать тоску. Из неё легко приготовить большое количество дешёвых, вкусных и аппетитных блюд. На сто граммов свёклы приходится всего сорок калорий. Она хорошо сочетается с селёдкой и зеленью, хуже - с острыми и копчёными продуктами.' ratio=9.87"
51,51,"text='Наш Санкт-Петербургский Реестр представил свой отчет за первый квартал 2026 года, в котором оказалось, что начало года провело не одну картину для рынка недвижимости. Росток ипотечных кредитов и договоров долевого участия стали явственными наблюдаемими, но вторичный рынок сделок практически переспал в теплом одеялу покоя. Ипотечный сектор, как весельчак на празднике, продолжил свой бал наиболее активно. Январём-мартом 2026 года в Санкт-Петербурге было зарегистрировано 28 346 ипотечных договоров - увеличение на 14%, по сравнению с аналогичным периодом предыдущего года. Расширяясь, он служит свидетельством того, что покупатели продолжают вкладывать свои гроши в недвижимость, несмотря на высокие процентные ставки и ограниченный спрос. На первичном рынке также обнаружен рост. В первом квартале 2026 года заключено 10 299 договоров долевого строительства, что составляет увеличение на 10% относительно первого квартала 2025 года. Общий объем сделок купли-продажи жилых объектов за этот период вырос незначительно. Разница между количеством зарегистрированных прав собственности на основе договоров купли-продажи и обмена составила всего 257 единиц: в первом квартале 2026 года зарегистрированы права на 21 890 объектов, годом ранее — на 21 633. В январе текущего года количество заключенных договоров долевого участия в строительстве увеличилось почти в полтора раза. Количество договоров долевого участия за январь 2026 года достигло показателя 4262, увеличившись на 57 договоров по сравнению с аналогичным периодом прошлого года (2707 договоров). За январь-февраль 2026 года в Санкт-Петербурге зарегистрировано 8601 ипотечный договор, в то время как за январь прошлого года — 6664.' ratio=9.35"
52,52,"text='Аннулирование государством скидочной ипотеки, ускорявшей темп роста частного жилищного строительства, оставило многих компаний в финансовом неудобстве и привело к их ликвидации. Александр Свитеньков, руководитель компании «Уральская Застройка», сообщил, что из более чем тысячи предприятий, действовавших ранее в секторе жилищного строительства Екатеринбурга, продолжают существовать и получили доступ к проектному финансированию около 40. Сегодня средства банковских кредитов (около 50-100 миллионов рублей) уже не достаточны для обеспечения прежних масштабов строительства. Свитеньков привел следующий пример: «Несколько лет назад наша компания строила 100 домов в год. В прошлом году построено лишь 28, а в текущем заключено контрактов на строительство 12-15 домов. Из-за снижения объёмов строительства пришлось сократить штат персонала. Число сотрудников офиса уменьшилось с 37 до 10 человек, а на стройке осталось от 50 до 80 рабочих из 400». Свитеньков заметил, что многие участники рынка сейчас имеют убытки из-за высоких темпов инфляции, которые приводят к многочисленным банкротствам и даже судебным разбирательствам. Эдуард Богданов отметил, что в 2025 году стоимость загородной недвижимости увеличилась на 15,2%, но после этого рост приостановился. Богданов также добавил: «Сейчас можно найти предложения с торговым снижением цен, ассортимент которых доступен как для земельных участков, так и жилых домов. Ожидаю возобновления роста цен в период 2027-2028 годов после возврата привлекательных ипотечных ставок, способствующих увеличению числа покупателей». Эксперты считают, что за следующие два года сектор индивидуального жилья будет адаптироваться и меняться. Компании с недостаточным капиталом и низкокачественным предложением покинут рынок, тогда как организации с эффективным управлением и достаточными ресурсами укрепят свои позиции. Александр Игнатов подчеркнул, что рынок выходит из этапа хаотичного развития в более стабильную фазу. Будущий успех обеспечат не просто комплексы застройки, а предложения комплексного продукта для конечного потребителя: земельный участок с подведением коммуникаций, проездом, необходимой инфраструктурой и прозрачными юридическими условиями, либо комбинированное предложение вида «земельный участок + жилой дом». Такие проекты смогут привлечь большую часть спроса. Для реализации крупных комплексных проектов необходима финансовая поддержка не только застройщиков, но и государственных структур в части инфраструктуры дорог и инженерных сетей, чего пока не наблюдается в полном объёме.' ratio=4.8"
53,53,"text='Сообщество пользователей биткоина столкнулось с серьёзным интеллектуальным вызовом последних лет - вопрос обеспечения безопасности сети от возможных атак квантовых компьютеров разделило сообщество на два лагеря: тех, кто предпочитает добровольный переход на защищённые механизмы, и тех, кто рекомендует принудительное ограничение обращения наиболее уязвимых активов. Сообщается, что один из руководителей компании Blockstream Адам Бэк обратился с предложением перейти добровольно на новые механизмы безопасности, в то время как другой участник сообщества, разработчик и основатель проекта Casa Джеймсон Лопп выступил с инициативой ограничить обращение миллионов биткоинов, находящихся в долгосрочном хранении, включая активы анонимного основателя криптовалюты Сатоши Накамото. Другие исследователи утверждают, что высокопроизводительные компьютеры, способные реализовать такие атаки, будут появляться раньше, чем предполагалось ранее - не к середине 2030-х годов, а ещё ближе к концу текущего десятилетия. Это означает реальную угрозу для миллионов единиц цифровой валюты старого типа, принадлежащих различным участникам рынка, включая и предполагаемые накопления основателя биткоина Сатоши Накамото. В результате исследований специалистов Google было представлено несколько методик, которые уменьшают затраты на вскрытие криптографических схем, лежащих в основе безопасного функционирования сетей биткоина и эфириума. Согласно данным учёных, сумма таких активов составляет приблизительно 2,3 миллиона биткоинов, что эквивалентно примерно 170 миллиардам долларов США по состоянию на апрель 2023 года. Атака с использованием квантового компьютера против блокчейна подразумевает возможность восстановления закрытого ключа пользователя по открытому, что для такого взлома сейчас представляется крайне сложной и практически невыполнимой с точки зрения современных вычислительных мощностей, однако квантовые алгоритмы позволяют решить её гораздо быстрее и проще. Злоумышленник может рассчитать соответствующий закрытый ключ, получив доступ к активам путем взлома открытого ключа или перехвата транзакции до момента её добавления в блок цепи и замены оригинальной транзакцией собственной.' ratio=6.8"
54,54,"text='Семь известных монументальных пирамид Сталина заслуживают внимания жителей Москвы, туристов России и за рубежом. Во время экскурсий по Москве, построенной на семи холмах, рассказывается о мастерах строительства и архитектуры, агентах государственной безопасности, особенностях украшения садов и фонтанов, а также об основании посещать главное здание МГУ с радиационным счетчиком. Согласно словам руководителя туристической компании ' ratio=10.32"
55,55,"text='На округлом столе, посвящённом дискуссии о ""Кадрах для роботизации: как подготовить инженеров будущего"", лидер партии «Новые люди», Алексей Нечаев, не ждая, бросился к беспорядку вопросов и начал с полемики о разработке системы распознавания лиц. Он подчеркнул, что, хотя существует известная поговорка, есть вещи, которые ещё не научены. Затем он сообщил, что участники мероприятия обладают знаниями о роботизации, включая особенности влияния роботизации на русский язык. По мнению докладчика, комментарии к его выступлению были излишними и превозносительными, поскольку тема была ясной и понятной, как луна для звезды. Когда говорят о роботизации, обсуждение наличия или отсутствия альтернатив часто не происходит. Это связано с тем, что раньше использовался дешёвый человеческий труд, который стоил примерно 20 тысяч рублей в месяц, как рыба в воде. Сейчас такого уровня оплаты труда больше не существует, следовательно, работники смогут получать более крупную заработку. Следовательно, необходимо принять, что оплата труда работников в размере 20 тысяч рублей сейчас отсутствует, поскольку человеческое достоинство нельзя оценивать деньгами. После чего Нечаев привёл пример своей компании «Фаберлик»: за последние десять лет благодаря постепенной автоматизации и роботизации производственный процесс стал эффективнее почти в двадцать раз. Зарплата сотрудников, занятых в процессе работы, увеличилась примерно в три раза. Однако докладчик подчеркнул, что речь шла только о тех сотрудниках, которые продолжили свою деятельность после внедрения автоматизации. Обсудив эти данные, он заметил, что значительный рост производительности труда сопровождался лишь трёхкратным увеличением заработной платы.' ratio=5.78"
56,56,"text='Футбольная звезда Адриан Лахдо, оцениваемая в 1 миллион евро, перебрался в клуб «Комо» за сумму в 12 млн евро. Уроженец Швеции с непростой детской карьерой, Адриан был лидером юношеской сборной и сейчас играет значимую роль в молодёжном составе своей страны. Его опыт выступлений за профессиональный клуб «Хаммарбю» довольно скромный — менее двадцати матчей. Однако специалисты видят в нём потенциал и не могли проигнорировать талант этого молодого защитника. По всей вероятности, это стало одной из причин высокой суммы, которую он получил от клуба «Комо».\n\nТакже необычным для мирового футбола стал переход Кадера Мейте в саудовский клуб «Аль-Хиляль» за 30 млн евро. Тренировавшийся с пятнадцатилетнего возраста во французском клубе «Ренне», Мейте был уже одним из лидеров молодёжной сборной Франции и обладал многими позитивными качествами, такими как хорошая техника контроля мяча корпусом, надёжность при защите соперника и хорошая игра на флангах. Однако его переход в клуб Саудовской Аравии вызвал некоторые споры среди экспертов. Многие утверждают, что Мейте сделал это ради финансового вознаграждения, а не развития своей спортивной карьеры.' ratio=3.47"
57,57,"text='Дебютантка в мире игровых консолей Nintendo Switch 2, по мнению аналитиков DFC Intelligence, станет главной звездой на рынке игр в течение ближайших двух лет. Этому способствовали два фактора: привлекательность для владельцев персональных компьютеров и выпуск эксклюзивных видеоигр. Исследование было опубликовано изданием VentureBeat. \n\nУстройство, считается специалистами, обладает потенциалом на рынке благодаря высокому спросу на компактные игровые устройства и отсутствию аналогичных компактных моделей у конкурентов Sony и Microsoft. \n\nВозможно, новаторство Nintendo Switch 2 заключается в качестве программного обеспечения, разработанного специально для этой платформы. Около 80% игр выпускаются Nintendo либо студиями, находящимися под контролем компании, что делает Nintendo Switch более привлекательной для покупателей, чем PlayStation с её 85%. \n\nТакже не могут пройти без внимания высокий уровень популярности Nintendo Switch среди владельцев персональных компьютеров. По данным исследования, более половины (44%) пользователей ПК имеют консоль Nintendo. \n\nПрезентация модели Nintendo Switch 2 состоялась в апреле. Она предлагает дисплей длиной 7,9 дюймов с частотой обновления экрана в 120 Гц, новейшие магнитически прикрепляемые контроллеры и функцию увеличения разрешения графики до формата 4K.' ratio=9.38"
58,58,"text='Целью новой стройки компании «Балтийская коммерция» стал уголок Новгородской, 14 в весенней Санкт-Петербурге 2024 года. Здесь ранее находился бизнес-центр класса С, а рядом — жилой комплекс «Форсайт», принадлежащий той же компании. Эта область длинной тысячи пятисот квадратных метров теперь находится под контролем компании, стремящейся к престижу с конца 90-х годов. После реализации проектов по реконструкции советского лицея на проспекте Римского-Корсакова и строительству премиального жилого квартала возле станции метро «Чкаловская», компания теперь направилась в сторону района Песков, одного из самых престижных районов города. После 2010 года здесь стали появляться новостройки не только премиум-класса, но и бизнес-класса, что создало сочетание спокойствия и динамичности, полюбившегося жителям района. Однако промышленные зоны до сих пор присутствуют в этом районе, напоминая о предыдущей промышленной зоне города. С начала 2024 года центральная часть Санкт-Петербурга украсили два новых жилых комплекса общей вместимостью в 448 квартир: премиальный «Моисеенко 10» и объект бизнес-класса N8. Кроме того, реализуется ряд других проектов, среди которых ЖК ПСК и реконструкция Мытного двора. Осталось мало свободных земельных участков для нового строительства в центре, в то время как спрос на элитное жильё остается высоким. Брокеры указывают, что единичные свободные участки ещё остаются в районе пл. Возрождения и улицы Черняховского. Основной потенциал для расширения центра находится между Синопской набережной и Новгородской улицей: там компания «ТГК-1» планирует реализовать крупный проект редевелопмента Центрального теплового энергетического комплекса. Проект предусматривает создание общественного пространства, связанного с городской застройкой и набережной. Уже одобрен первый этап, включающий зону отдыха и заведения общественного питания. Санкт-Петербург продолжает развиваться: старые исторические районы обновляются, а новые жилые комплексы интегрируются в существующую городскую среду, создавая сочетание элементов прошлого и будущего.' ratio=5.96"
59,59,"text='Между тремя основными контингентами, претендентами на золотых медалей, специалисты выделяют швейцарскую команду. Эта команда целится стать чемпионом уже несколько лет подряд: ранее она доходила до финала двух последних турниров. Возможно, преимущество игры на своем льду позволит ей достичь мети. На турнире выступит практически все известные хоккеисты Швейцарии, включая Романа Йоси. Швеция же состоит из игроков НХЛ и представителей европейских лиг. Ведущим игроком является лидер команды «Детройт» Лукас Рэймонд, набравший в предыдущем регулярном сезоне НХЛ 76 очков. Чешская сборная сбалансирована, но особых выдающихся игроков среди них нет. Несмотря на это, команде удается показывать хорошие результаты. Германия на Олимпийских играх демонстрировала высокий уровень игры благодаря таким игрокам, как Леон Драйзайтль и Тим Штюцле. Однако на предстоящем чемпионате мира этой команде придется выступать с менее сильными игроками, поскольку обе указанные звезды («Эдмонтон» и «Оттава») уже завершили сезоны в своих клубах. Словакия на Играх 2026 года была близка к завоеванию бронзовых медалей, но теперь на чемпионате мира ей предстоит справиться с большими трудностями. Важнейшим игроком команды является нападающий Юрай Слафковски, играющий вместе с российским спортсменом Иваном Демидовым в клубе «Монреаль» и участвующий в борьбе за Кубок Стэнли. Несмотря на это, словацкая команда вновь включает игрока Континентальной хоккейной лиги: в составе заявлен Адам Лишка, представляющий череповецкую команду «Северсталь».' ratio=7.82"
60,60,"text='Бычьи акулы, известны своей зубчатостью. О белом виде побывали вы уже в слухах достаточно многочисленными. Однако ни один из этих зазубренных обитателей не плавает в Черном море, даже несмотря на возможность такого происшествия. \n\nДлиннокрылые же и сероокрашенные акулы также являются опасными и великолепными видами, однако, как вы и понимаете, они тоже не заплывают в Черное море. \n\nМежду тем почему такое происходит? \n\n1. Воды Черного моря имеют низкую температуру, особенно зимой, и многие виды акул предпочитают избегать холодной среды. \n2. В Черном море малочисленна рыба, которой недостаточно для пропитания крупных хищников. Акулам известно, что там отсутствует достаточное количество пищи, поэтому они туда не плывут. \n3. Низкая солёность воды Черного моря неблагоприятна для акул. По законам природы, для этих животных наиболее комфортна среда с высокой концентрацией соли. \n4. Около 90% черноморской воды насыщена сероводородом. Акулам известно негативное воздействие такого химического состава воды, поэтому инстинктивно они избегают мест с высоким содержанием газа. В Черном море глубже 100 метров жизнь отсутствует, тогда как акулы предпочитают глубоководные места. \n5. Экологическая система Черного моря деградирует, условия окружающей среды ухудшились. \n\nПоследняя причина: даже самые зазубренные акулы вряд ли станут пересекать пролив Босфор, где постоянно движется большое число кораблей.\n\nВ Черном море обитают небольшие виды акул, условно называемые декоративными. Это катран и кошачья акула. Они являются рыбами и похожи на настоящих акул лишь частично, не представляют угрозы человеку.\n\nОфициально до настоящего момента не зафиксировано появления опасных для людей акул в Черном море, однако теоретически это вероятно.' ratio=5.26"
61,61,"text='В ноябре 1916-го в программу государственного железнодорожного строительства включили Великий Северный путь. \n\nМиротворческие события, повлиявшие на историю, не заставили себя ждать: пять попыток реализации проекта протянулись через ста лет.\n\nВ первую очередь пришлось обратиться к властям в начале 1920-х. Новое правительство видело в северном транспортном коридоре стратегическую важность, поэтому рассматривались пути привлечения иностранного капитала. Эксперты рекомендовали провести анализ ситуации перед введением шпал.\n\nВ 30-х годах был принят решительный шаг - строить собственными силами. Изучение восточных участков будущей магистрали началось именно тогда, говоря о строительстве Байкало-Амурской железнодорожной магистрали. Работники сталкивались с условиями труда, непривычными даже для Советского Союза. Не менее чудесным является тот факт, что сотни километров путей были построены за несколько лет.\n\nОднако в 1941-м рельсы пришлось демонтировать и использовать для обороны Сталинграда. Пути Сибири прослужили источником материалов, необходимых для борьбы с фашистами.\n\nВ 50-е годы предпринималась серьезная попытка построить Трансполярную железную дорогу. Проект оказался бесперспективным из-за неблагоприятных природных условий, недостаточно разработанной техники и трудности с финансированием.\n\nВ 70-е годы Байкало-Амурская магистраль получила статус важнейшей стройки десятилетия. Западная же часть Великого Северного пути осталась нереализованной.\n\nНастоящее время представили отчет о реализации проекта до 2025-го. Цена составляет около 50 триллионов рублей, что признано слишком высокой в современных экономических условиях.' ratio=13.0"
62,62,"text='В столичной Москве зафиксирован необычный вид денежного растратки через банкоматы, сообщила жертва Мария Беликова новостному агентству ""Общественная служба новостей"".\n\nМария посетила офис Сбербанка и воспользовалась своей бесконтактной картой Visa Gold в банкомате. Согласно обычной процедуре, устройство запросило PIN-код, после чего автоматически списано 5000 рублей на мобильный счет оператора ""Билайн"", принадлежащий неизвестному лицу. Ввод номера мобильного телефона и подтверждение операции жертва не осуществила, о факте транзакции она узнала благодаря поступившей СМС-сообщению.\n\nОбжаловавшись в банк, Мария получила информацию, что списание средств было произведено посредством функционала Sberbank Онлайн через банкомат. Все банковские карты женщины были немедленно заблокированы, выпущена новая карта взамен старой.\n\nЖенщина сразу же связалась с горячей линией компании ""Билайн"". После проверки выяснилось, что деньги с указанного счета исчезли мгновенно, возврата средств оператор связи не обещает.\n\nПо словам Марии, вина лежит на Сбербанке и используемом банкомате с функцией бесконтактной оплаты. Согласно предположениям пострадавшей, мошенник заранее инициировал операцию, заполнил необходимые поля, указав сумму и номер телефона жертвы, однако завершил процессу недостаточно. Затем банковское оборудование продолжило находиться в активном состоянии, после чего жертва внесла свою карту и ввела PIN-код, завершив начатый злоумышленником процесс и позволив списать собственные денежные средства. Женщина убеждена, что имел место несанкционированный вторгнуться в систему банкомата Сбербанка, что стало возможным из-за ошибки оборудования.\n\nНесмотря на скептическое отношение, Мария подала жалобу в Сбербанк. К удивлению заявительницы, сотрудники оперативно вернули похищенные средства и проявили сочувствие и повышенное внимание.\n\nПо вопросу Мария отметила, что коллеги из полиции отказались возбудить уголовное дело, заявляя на свою ответственность, поскольку владелец карты самостоятельно вводит PIN-код. Сотрудникам банка Мария заявила, что случай произошел вследствие технической уязвимости устройства, однако представители банка официально это отрицали.\n\nСотрудники Сбербанка рекомендовали потерпевшей в будущем перед началом операций с банкоматом сначала нажать клавишу отмены, чтобы предотвратить подобные инциденты.\n\nПресс-служба Сбербанка объяснила, что при выявлении факта несанкционированного списания денежных средств клиенту необходимо срочно сообщить службе безопасности банка, заблокировать карту и счета, после чего подать письменное обращение в ближайший офис банка и сообщить о случившемся в правоохранительные органы.\n\nНа мой взгляд, процент идиоматичности здесь составляет около 7%.' ratio=7.0"
63,63,"text='В днешное время появляется проблема, связанная с information rivers. Общество получает большое количество разнообразной информации, однако дискуссии об этом часто ограничиваются поверхностными обсуждениями понятий, таких как «цифровизация», сопровождаемых впечатляющими, но безвременными заявлениями. Такая беседа позволяет использовать финансовые ресурсы для разрешения проблемы. \n\nВ то же время, истинные сложности кроются в другом. Слабеет культура взаимодействия между людьми. Отсутствие должного уважения к старшим и специалистам привело к доминированию финансовых ценностей, что отражается не только на воспитании молодого поколения, но и на системе школьного образования. Эта система теряет эффективность, поскольку старые образовательные учреждения не в состоянии справиться с задачей передачи знаний и воспитания молодежи. \n\nРуководители этих учреждений сталкиваются с серьезными трудностями, действуя в условиях, когда им приходится учитывать две противоположные системы требований: с одной стороны, реальная ситуация в школах и необходимость решения существующих проблем, с другой стороны — требования и предписания вышестоящих органов власти, которые часто противоречат школьным нуждам. Такое положение дел вызывает серьезные конфликты внутри сознания руководителей школ, приводящие к стрессу и дезориентации. Эти трудности становятся очевидны многим экспертам и исследователям, отмечающим невозможность одновременного выполнения взаимоисключающих функций.' ratio=7.89"
64,64,"text='Доставляю блестящие известия дорогой газете моего сердца. Я предоставлял помощь бездомным животным в течение многих лет, и сегодня сообщаю с уверенностью, что число тех, кто поддерживает меня, существенно возросло благодаря публикации материалов в «Новороссийском рабочем».\n\nНа страницах газеты я рассказал о своем волонтёрстве и познакомился с неравнодушными людьми, многие из которых помогли мне. \n\nВо время акции «Сдать макулатуру — обеспечить питание беспризорных животных» получила поддержку ученики многочисленных городских школ. Учащиеся, сдавая макулатуру, вносили свой вклад в сбор средств на корм животным и одновременно получали полезную информацию о переработке вторсырья. Они начинали понимать различия между материалами: почему, например, картон тяжелее, но имеет меньшую стоимость.\n\nУчаствуя в «Марафоне инициатив», организованном депутатом ЗСК А.Н. Карапенко, мы вышли на новый этап взаимодействия со школьниками. В школьных учреждениях установили специальные ёмкости для сбора пластиковых отходов, которые тоже отправлялись на переработку. Полученные деньги пойдут на покупку еды и медикаментов для животных, находящихся под нашей опекой.\n\nСбор пластика стал новым этапом деятельности нашего объединения. Я сама выяснила много нового, узнав, что не вся пластмасса подходит для переработки. Школьники же получали новые знания, проявляя большой интерес и легко усваивая материал. Возможно, кто-то из них станет экологом в будущем, но главное — дети вырастут хорошими людьми, заботливыми и внимательными к животным.\n\nЭто стало очевидным, когда я заметила первого класса, серьезно объясняющего старшему товарищу, что нельзя бросать бумажный мусор в общий контейнер. Ребенок отвел друга к правильному контейнеру, чтобы «собранная бумага помогла прокормить голодающих кошек».\n\nЧасто задаются вопросы о том сколько макулатуры потребуется сдать, чтобы приобрести корм. Один кубометр бумаги принесет доход около 4,5–5,5 тыс. рублей. Килограмм корма сейчас стоит примерно 550 рублей. Для полноценного питания всех животных на один приём пищи требуется около 15 кг корма. Следовательно, ещё предстоит большая работа по сбору средств на обеспечение животных питанием. Несмотря на это, даже однодневный запас является значительной помощью.\n\nНадеюсь, что мой текст проиллюстрировал повышение образности примерно на 8%.' ratio=8.0"
65,65,"text='Работодатели сожалеют о нежелании молодых поколений принимать работу всерьез. Владелица магазина корейской косметики Татьяна Вакарчук утверждает, что студенты сразу же выдвигают претензии к условиям труда: предпочитаемый график, зарплата и бонусы в виде скидок на товары. Однако такие стимулы не способны окупить студентов на работе: они могут регулярно появляться поздно или внезапно прекращать сотрудничество без объяснения причин. Управляющий сетью кафе Вадим Терехов также отмечает недостаток профессиональных амбиций среди молодежи нынешнего времени. Он утверждает, что несколько лет назад основную массу сотрудников ресторанов составляли студенты, работавшие добросовестно и ответственно. Сейчас же эта роль перешла к сотрудникам старшего возраста, которые трудятся значительно усерднее. Молодежь, по мнению Терехова, демонстрирует недостаточную надежность и профессионализм. За прошедший год почти ежемесячно студенты-официанты прекращали выходить на смены без уведомления и игнорировали телефонные звонки. Раньше, примерно пять лет назад, ситуация выглядела иначе: сотрудники-студенты работали стабильно и ответственно, имели хороший доход, поскольку заработок официантов зависел от интенсивности их труда. Терехов подчеркивает, что большинство молодежи довольствуется небольшим, предпочитая избегать значительных усилий ради большего заработка. Он считает, что только критическая ситуация способна изменить отношение молодежи к труду, когда нехватка средств заставит отказаться от личных желаний и принять требования работодателя.' ratio=7.23"
66,66,"text='Министерство транспорта представило стандартный шаблон правил для метрополитена, который рекомендует запретить перевозку детей в детских колясках в подземном транспорте. Этот документ был опубликован на сайте нормативных правовых актов 19 апреля. Документация включает запреты на использование детских колясок, быстрое передвижение по лестницам-эскалаторам в движении, фотосъемку и видеозапись с помощью профессионального оборудования и стационарных устройств. Также включены ограничения на размещение ручной клади на сидячих местах внутри вагонов и на лавочках станций. Кроме того, предлагается запрет на вмешательство с функционированием оборудования беспроводной связи и использование беспилотных летательных аппаратов в подземных транспортных сооружениях. Для пассажиров закреплено обязательство предоставлять приоритет инвалидам, лицам преклонного возраста, родителям с детьми и беременным женщинам. До тех пор как это правило не получит силу законом, пассажиры будут действовать в соответствии с текущей регламентацией. Этот нормативный акт начнет действовать после вступления в силу Федерального закона № 442-ФЗ «О внеуличном транспорте и внесении изменений в отдельные законодательные акты Российской Федерации», то есть с 30 декабря 2018 года.' ratio=7.64"
67,67,"text='Эта фраза, которая привлекла внимание подростков во всем мире, не содержит ясного смыслового содержания. Фраза появилась в песне исполнителя Skrilla «Doot Doot (6 7)», где цифры использовались исключительно для соблюдения ритма и благозвучности. Согласно другой точке зрения, фраза связана с ростом баскетболиста Ламело Болла — примерно 201 см. Мем стал популярным благодаря характерному движению рук, когда кисти обеих рук поднимаются и опускаются попеременно. В 2025 году издание Dictionary.com признало слово «шесть-семь» одним из наиболее распространённых, однако авторы энциклопедии не смогли предложить ясной трактовки термина. Термин «67» представляет собой типичный пример бессмысленного мема, который помешивает и вызывает трудности восприятия, но именно такая бессмыслица и привлекает молодых людей. Фраза считается специалистами-филологи как отсутствие какого-либо содержательного значения и одновременно наличие важной функции — служить знаком причастности к определённой молодёжной культуре. Говоря словами «шесть-семь», подросток заявляет: «Я принадлежу к нашей группе, понимаю её специфику, я не взрослый». Именно этот фактор вызывает сильное недовольство учителей в разных странах. Преподаватели из Соединённых Штатов сообщают, что любая числовая последовательность, содержащая числа шесть или семь, провоцирует хаотичное поведение школьников, учащиеся начинают синхронно произносить ставшую популярной фразу и повторять характерные телодвижения. Ситуация усугубилась в России, поскольку мем перешёл из интернет-пространства в повседневную реальность с нежелательными результатами. Например, в Саратове подростки начали беспокоить жителей домов под номером 67, звоня в домофоны и выкрикивая «шесть-семь», после чего быстро скрывались, записывая реакции раздражённых жильцов на видео. Члены Лиги безопасного интернета, в частности Екатерина Мизулина, уже высказывались относительно возникшей проблемы, в департаменте образования Перми провели разъяснительные беседы с учениками по поводу подобных шуток.' ratio=7.0"
68,68,"text='В зимнем месяце 2022 года, президент Российской Федерации, Владимир Путин, предложил правительству изыскать средства из Фонда Национального Благосостояния (ФНБ) для финансирования заниженных кредитов в сфере авиа- и водного транспорта. Этот мероприятие будет продолжаться до 2030 года, с совместным финансированием поставок на рынок более 450 самолетов и 460 вертолетов по сообщению представителей «Ростеха». Техника приобретается лизинговыми компаниями для дальнейшей передачи авиаперевозчикам с уменьшенными платежами, наибольший объём заказов предполагается передать Государственной транспортной лизинговой компании (ГТЛК).' ratio=9.643805617977533"
69,69,"text='Для обеспечения финансового благополучия многие вкладывают свои накопления в банки, надеясь получить проценты от инвестиций. Однако учёные предостерегают: капитал постепенно сокращается из-за налогов и инфляции. Многое говорит о том, что покинуть работу и передать существенную сумму на депозит может не представляться разумным. Расчёты специалистов Сбербанка и Т-Банка показывают, что для поддержания среднего уровня доходов страны требуется вклад размером от 13 до 18,9 млн рублей в зависимости от конкретных условий распределения капитала. Тем не менее, человек обычно воспринимает банковские вклады как надёжный бульвар против экономических рисков, но это ошибочно. В реальности такое вложение способно привести к потере настоящей стоимости накопленного капитала: без регулярных инвестиций размер прибыли фактически остаётся прежним. Главная проблема российских рантье заключается не в размере ставки, а в её отношении к уровню инфляции. По словам экспертов, если тратить всю полученную прибыль, покупательская способность средств постепенно снижается. Например, при ставке 10% годовых и инфляции 5% реальная доходность составит всего 5%, а расходование всей прибыли приведёт к ежегодной утрате 5% накоплений. Через десять лет такой стратегии купленная продукция обойдется вдвое дороже, и идея комфортного существования превратится в путь к снижению жизненного уровня. Кроме инфляции, существуют дополнительные препятствия для сохранения капитала: необходимость уплаты налога и риск потери лицензии банком. С 2026 года налогом не облагаются доходы по вкладам, не превышающим 160 тыс. рублей, остальное подлежит налогообложению по ставке 13–15%. Условия системы страхования банковских вкладов ограничиваются возмещением максимум 1,4 млн рублей, что делает размещение значительных сумм менее безопасным. Для защиты больших капиталов требуется распределение средств между множеством финансовых учреждений, что усложняет процесс управления финансами. Поэтому специалисты рекомендуют рассматривать различные инвестиционные инструменты помимо банковских вкладов: облигации, недвижимое имущество, ценные бумаги, учитывая текущие рыночные условия.' ratio=8.5"
70,70,"text='Журналистка газеты «Новороссийский рабочий» изучала рекламные предложения, размещённые на одном из популярных веб-сайтов. В них были объявлены вакансии отечественных коллег для кафе, ресторанов и спа-центров. Хозяева обещали оплату труда в диапазоне 3–4 тысяч рублей за смену, что составит от 50 до 65 тысяч рублей в месяц. Повар-мангальщик известного ресторана получил вознаграждение в размере 5200 рублей за смену. В поисках работника для ресторана быстрого обслуживания требуется сотрудник, который будет заниматься приготовлением блюд в соответствие с корпоративными стандартами предприятия, приёмом заказов и выдачей готовой продукции, работой на кассовом аппарате. Оплата труда будет составлять минимум 80 тысяч рублей ежемесячно. Повар-универсал может рассчитывать на зарплату от 75 тысяч рублей в месяц. Дополнительно предоставляется бесплатное жильё. Гостиничный комплекс в Широкой Балке ищет горничную, обязанности которой включают уборку номеров для постояльцев, беседок и территории вокруг бассейна. Работа предполагает бесплатное предоставление жилья и трёхразового питания. Зарплата составляет 3500 рублей за рабочий день. Горничная, согласившаяся работать вахтовым способом в Абрау-Дюрсо сроком на 90 дней, получит до четырех тысяч рублей ежедневно. Питание и проживание предоставляются бесплатно. Мини-отель ищет администратора на период с мая по сентябрь с ежемесячной оплатой труда от 80 тысяч рублей. В этом же мини-отеле требуется горничная с заработком от 60 тысяч рублей ежемесячно. Рестораны, санатории и гостиницы в Широкой Балке, Мысхако, Абрау-Дюрсо открывают вакансии горничных, поваров, официантов, посудомоек и уборщиц. К началу летнего сезона ожидается рост числа предложений.' ratio=7.65"
71,71,"text='В прошедшую неделю жители города Астрахани столкнулись со множеством проблем, которые вызвали широкий резонанс. Глава регионального правительства Олег Князев, ответственный за их решение, покинул город в поисках более комфортных условий. Это событие привлекло внимание журналиста Александра Алымова, проживающего в Астрахани. Алекс подчеркнул, что в области накопилось много неразрешенных вопросов, которые сейчас приобрели особую актуальность и оказались серьезной препятствием для жителей региона. В своем Telegram-канале он выделил трудности фермеров, однако министр сельского хозяйства Пашаев игнорирует мнения местных жителей. Жители Астрахани возмущены проведенным экспериментом с выделенными полосами для общественного транспорта, предложенным руководителем кабинета министров, и высказывают недовольство изменениями, которые привели к транспортным затруднениям. Чиновники не проявляют реакции на протесты населения. Жителям села Володарского района не хватает воды, особенно в период летнего зноя. Эти сложности являются лишь частью существующих проблем. Решение указанных вопросов входит в компетенцию главы регионального правительства, которому подчиняются соответствующие отраслевые министры. Однако сам руководитель кабинета министров отсутствует: куда именно он поехал, неизвестно. Алекс подчеркнул, что руководство фактически игнорирует назревшие вопросы и создалось впечатление, как будто руководитель сознательно отложил рассмотрение актуальных проблем и спокойно отправился отдыхать. Подчеркнул Алекс: ""Сейчас очевидно требуется немедленное воздействие, нужно найти конструктивные решения ситуации. Что делает наш председатель правительства Князев? Сегодня он находится в отпуске."", - заключил Александр Алымов.' ratio=9.83"
72,72,"text='На Астраханской арене цены на яйца продолжают свое пирововство, поднимаясь на 2%, как сообщил Астраханьстат. Средняя стоимость десяток штук теперь достигла незримой суммы в 79,55 рублей, а некоторые торговые точки даже превысили эту отметку. Причина такого роста остается заслонена тайной облачной птицефабрики. \n\nЭта ситуация напомнила ту весну 2013 года, когда министерство экономического развития региона подтвердило увеличение оптовой цены на яйца в 116%, а розничную - в 125%. В те дни губернатор Астраханской области Александр Жилкин не оставил производителям и продавцам другого выбора, кроме уменьшения цен под угрозой применения административных мер. К концу драмы было достигнуто решение - это было отражено на портале Astrakhanpost.ru.\n\nВозвращаясь к текущему положению, по информации Астраханьстата, кроме яиц, поднялись и некоторые другие продукты питания: помидоры - на 3,5%, бананы - на 3,2%. В то же время лук, капуста, морковь, яблоки и картофель стали чуть дешевнее по сравнению с предыдущей неделей.' ratio=7.69"
73,73,"text=""Диагностика режей болезней - цель, которая требует значительного временного вложения. Согласно данным специалистов Стэнфордского университета, установление точного диагноза пациенту по совокупности симптомов и генетического профиля занимает примерно 20–40 часов работы квалифицированного медицинского работника. Врач, анализируя около ста подозрительных генетических изменений, определяет возможные причины патологии, изучает научные публикации и переходит к следующему варианту, если предыдущий оказался неверным. Джилл Бежерано разработал специализированную программу - Frank (от слов «фенотип» и «ранг»), предназначенную для автоматизации диагностики. Это приложение позволяет сократить затраты времени на 90% и уменьшить расходы путем уменьшения рабочего времени врачей. Frank сравнивает клинические признаки и генетические показатели пациента с обширной базой медицинских публикаций. Результат представляет собой отсортированный список режей наследственных патологий, предположительно вызвавших симптоматику пациента. Благодаря этому врачу предоставляется конкретная информация, с которой удобно начать дальнейшую диагностику. Основное отличие Frank от аналогичных разработок состоит в применении реальных клинических данных пациентов, что обеспечивает большую эффективность программы. Например, при тестировании алгоритма предполагаемая патология оказалась четвертой в предложенном Frank'ом списке и тридцать третьей в аналогичном списке старого метода. Помимо прочего, новый инструмент способен выявить ранее неизвестные наследственные заболевания: если система не находит совпадений симптомов среди людей, она обращается к научным публикациям экспериментов на животных. Доктор Бежерано уточнил, что отдельные заболевания могли не диагностироваться раньше у человека, однако были зафиксированы у лабораторных животных. Тем не менее, ученый подчеркнул, что никакая технология не сможет заменить опыт и профессионализм врача, однако инновационные решения существенно повышают продуктивность его труда."" ratio=6.94"
74,74,"text='Видение необычного астероида, его резкое вращение и химический состав возбуждают значительный научный интерес, предложив первую возможность изучения вещества, попавшего в Солнечную систему из космического пространства. Среди всех известных науке астероидов именно Оумуамуа вызывает наибольший интерес среди астрономов. Изучение данного объекта дало бы возможность учёным получить сведения о месте и условиях его рождения, а также свойств космической среды, через которую он пролетал на пути к Солнечной системе в течение миллионов лет. Поскольку человечество обладает опытом запуска автоматических аппаратов к кометам и астероидам, возникает необходимость рассмотреть возможность отправления исследовательского зонда к Оумуамуа. Именно этой задачей занималась группа учёных и инженеров, предложившая проект «Лира».\nНедавно была успешно завершена сложнейшая научно-исследовательская миссия к комете Чурюмова-Герасименко. Несмотря на свою орбиту вокруг Солнца, учёные смогли рассчитать траекторию полёта аппарата и точку встречи. Сложности в отправке зонда к астероиду заключаются в необходимости его догнать: объект уже движется по удалённой траектории с высокой скоростью, отличной от орбитальной плоскости планет.\nСогласно расчётам, скорость астероида превышает вторую космическую скорость Земли и достигает примерно 26 километров в секунду, что намного превосходит скорости, ранее достигнутые искусственными космическими аппаратами. Известно, что аппарат Rosetta потратил около десяти лет, чтобы приблизиться к комете Чурюмова-Герасименко, а зонду Juno потребовалось пять лет, чтобы достигнуть Юпитера. Самый быстрый аппарат, созданный людьми, «Вояджер-1», способен двигаться со скоростью всего лишь около 16,6 километра в секунду.' ratio=4.97"
75,75,"text='Уже в первую декаду апреля 2026 года Россия показала значимый рост объёмов вывоза зерна, несмотря на снижение числа стран-покупателей. Согласно Российскому союзу зерноводов, ранее в это же время зерно поставлялось в четырнадцать государств, а ныне — только в одиннадцать. \n\nНо объём поставок увеличился: с первого по десятое апреля текущего года было отправлено более 1,1 млн тонн пшеницы, что на сорок процентов превышает показатель аналогичного периода прошлого года. Общие объемы экспорта всех главных категорий зерновых культур увеличились в 1,6 раза и составили около 1,2 млн тонн.\n\nЭксперты также обратили внимание на заметное повышение количества поставок в ключевые страны-партнёры. Например, поставки пшеницы в Египет выросли более чем в четыре раза (до 172 тысяч тонн), в Турцию — почти в полтора раза (до 146,5 тыс. тонн). В Кению также отмечен четырёхкратный рост объема отгрузки зерна, сообщает информационное агентство «Интерфакс».\n\nКроме того, появилась информация, что Индия планирует продолжать закупки российской нефти независимо от решения Соединенных Штатов относительно продления приостановки санкционных мер. Отмечается, что 11 апреля завершится тридцатидневный период временного освобождения российской нефти от действия американских ограничительных мер.' ratio=9.85"
76,76,"text='Наступила ситуация конфронтации, которая разоблачилась в течение двух дней перед полетом в Милан. Масса комментаторов заявили о том, что эта ситуация является сговором против российского гражданина («почему бы ему не играть под ту же музыку ранее, и проблем никто никогда не испытывал»). Но для объективного анализа инцидента необходимо воздерживаться от эмоциональных реакций и рассматривать ситуацию исключительно с точки зрения действующего законодательства в области спорта и управления спортивной деятельностью. \n\nКонфликт возник из-за претензий владельцев авторских прав на использование музыкального произведения. В современном уровне развитии медиаиндустрии и строгих правилах защиты интеллектуальной собственности подобные требования являются обычной юридической практикой, а не проявлением враждебности или внешнего давления. \n\nМузыкальные сопровождения выступлений спортсменов высокого класса имеют юридический статус объектов авторского права. Использование музыкальных произведений в коммерчески транслируемых соревнованиях международного масштаба обязательно должно предварительно согласовываться. Очистка авторского права является обязательным этапом подготовки любой программы. Игнорирование данного вопроса или надежда на отсутствие санкций недопустимо и противоречит современным правилам проведения спортивных мероприятий. \n\nПубличное исполнение музыкальных произведений, особенно сопровождаемое телевизионной трансляцией, обязывает организаторов соблюдать условия лицензирования музыкальных композиций. Если владелец прав запрещает использовать произведение, спортивная федерация должна следовать его требованиям, чтобы избежать финансовых рисков и неприятностей со стороны международных организаций. \n\nАнализ ситуации показывает, что проблема возникла не вследствие действий извне или какого-либо внешнего влияния, а из-за недостатков организации внутри команды. Спортсмен такого уровня тренируется целым коллективом специалистов, среди которых имеются юристы, обеспечивающие соблюдение правовых норм и контролирующие выполнение всех требований закона. \n\nПоиск виновных вне команды неэффективен, поскольку причины конфликта связаны с недостаточной профессиональной подготовкой внутри самой команды. Решение вопросов, касающихся авторского права, должно осуществляться заранее, еще на стадии разработки программы. У команды фигуриста были все возможности предвидеть риск использования зарубежных музыкальных произведений в текущих политических и юридических условиях. Надежды на удачное стечение обстоятельств или пассивность владельца прав недопустимы: такой подход демонстрирует низкий уровень профессионализма и негативно отражается на самом спортсмене, которому приходится срочно менять отработанные элементы программы в стрессовых условиях.' ratio=8.46"
77,77,"text='Висцералия кошек с густыми, бархатистыми шерстяными волосами ассоциируется со святой Богородицей с длинными, завитыми усами. Первый тип характеризуется красновато-коричневым оттенком шерсти и густой, волнистой структурой, в то время как второй имеет белое, блестящее волокно, которое похоже на овчарку. «Мы не ограничились простым перенесением генов кошки в крысу, так как такой подход был бы бесперспективен», — заявил исследователь. «Мы обнаружили, что у кошек существуют определённые изменения в аналогичных генах крысы, которые позволили получить ожидаемый внешний вид животного. Это была идеальная возможность испытать нашу технологию одновременного редактирования множества элементов сразу, поэтому мы выбрали десять соответствующих генов и отредактировали их все единовременно.» \nОтрицательных последствий после проведённых манипуляций не наблюдалось, а результат вызвал восторг исследователей.\n«У некоторых особей мы применили различные комбинации изменений, поэтому наиболее сильно отредактированная крыса получила модификации в семи разных участках генома. В действительности модификаций восемь, однако одна была внесена дважды в два разных участка, и таким образом появились кошки с особенно густым мехом», — сообщили учёные.\nГусто покрытые мехом крысы обладают волосами втрое длиннее, чем обычные лабораторные особи. Достижению такого результата способствовало изменение цикла роста волос путём подавления активности гена фактора роста фибробластов 5 (FGF5). Гибель функций генов FAM83G, FZD6 или TGM3 привела к образованию плотной структуры шерсти, а изменения в формировании и строении волосяных луковиц вызвали появление завитков на ушах.\nЦель эксперимента заключается не в полном воспроизведении исчезнувшего вида, а в создании организмов с признаками, характерными для предков. Это означает восстановление отдельных функциональных особенностей, однако воссоздать существо, полностью идентичное по генетическому коду, биологии и поведению давно вымершим видам, невозможно, и такая задача изначально не ставилась.\nПроведённые модификации тщательно контролировались и тестировались, чтобы обеспечить сохранение здоровья экспериментальных животных. Генеральный директор компании Colossal и один из основателей проекта Бен Ламм отметил: «Не возникло никаких негативных последствий, напротив, животные оказались удивительно привлекательными внешне. Мы даже не предполагали, насколько симпатичными окажутся результаты».' ratio=10.25"
78,78,"text='Ученые, вооружившись звуковым методом изучения верхних слоев земной коры, обнаружили в глубинах свыше 160 километров под поверхностью огромное залежение алмазов – примерно квадриллиона тонн. \n\nСейсмометрия фиксирует колебания различных движений внутри планеты, таких как землетрясения. Эти механические колебания распространяются с разной скоростью в зависимости от свойств среды прохождения.\n\nИспользуя полученные данные, ученые пытались понимать структуру внутренних частей земной коры и обнаружили определенные необычные особенности. Заметили зоны, где скорость распространения сейсмических колебаний значительно увеличивалась без видимой причины.\n\nТакие участки называют «коренья древних платформ». Они являются самыми старыми и стабильными участками континентальной коры, достигающими глубин в 320 километров.\n\nДля объяснения полученных данных о распространении сейсмических волн исследовательская группа выдвинула предположение о составе указанных участков. По их мнению, если содержание алмазов в этих структурах составляет от одного до двух процентов, такой показатель скорости сейсмоволн становится ясным.\n\nХотя указанное количество алмазов кажется незначительным относительно всей массы земной коры и мантии, оно превышает общепринятые оценки примерно в тысячу раз.' ratio=6.3"
79,79,"text='Видеомагия стала доступна благодаря устройству, способному регистрировать и воспроизводить движущиеся изображения. Братья Люмьер создали аппарат, которого назвали «кинематографом». Их изобретение положило начало развитию киноиндустрии и создало условия для появления первых публичных зрительских залов для просмотра фильмов, обеспечив кино статусом искусства, развлечения и бизнеса. \n\nЗаметим, что Люмьеры не были единственными, кто занимался созданием кинематографического оборудования. Другие тоже работали над подобными проектами, однако именно изобретение Люмьеров получило широкую известность и вызвало общественный интерес после первых демонстраций.\n\nПервый платный просмотр состоялся 28 декабря 1895 года в Париже, став знаменательной датой в истории развития киноиндустрии. Тем не менее, демонстрации аппаратов для показа изображений происходили и раньше в городах США и Германии. Но парижская премьера вызвала большую реакцию публики, поскольку зрителям показывали не рекламные ролики, а короткие сюжеты из повседневной жизни. Репертуар включал такие работы, как «Рабочие выходят со своей фабрики Люмьер», «Верховая езда на лошади», «Рыбалка в открытом море», «Кузнец с его молотом и огнём», «Прыжок через тюфяк» и другие. Эти ранние произведения представляли собой скорее оживленные фотоснимки, созданные братьями Луи и Огюстом Люмьер. Известный сегодня фильм «Прибытие поезда» был показан несколько позднее, весной 1896 года.' ratio=5.73"
80,80,"text='В первой половине мая, доллар США будет опускаться до приблизительного уровня 70-74 рублей по словам эксперта Андрея Лобода изданию «Известия». Европейская валюта составит примерно 83-86 рублей, а китайский юань будет держаться в пределах 10,50-11,00 рубля. Этот прогноз представлен экспертом Андреем Лобода изданию «Известия».\n\nЦентральный банк России установил официальный курс на 16 мая: доллар США равен 73,1 рублю, евро — 85,1 рубля, китайский юань — 10,7 рубля. Сведения Московской биржи указывают, что курс китайского юаня на 18 мая составляет приблизительно 10,6 рублей.\n\nОсновной фактор стабильности русского рубля — доходы от экспорта нефти. По данным Центробанка, в апреле российские компании-экспортеры реализовали зарубежную валюту на сумму 14,9 миллиарда долларов больше обычного уровня, что позволяет поддерживать курс национальной валюты относительно стабильным ещё некоторое время. Благодаря строгой денежно-кредитной политике дополнительный капитал остается внутри страны, поощряя интерес инвесторов к финансовым инструментам России.\n\nЕсли говорить о негативных факторах для рубля, то они включают увеличение объёмов валютных покупок предприятиями, рост импортных поставок летом и возросший спрос на зарубежную валюту при падении курса доллара ниже отметки в 73 рубля.\n\nВ короткосрочной перспективе, укрепление рубля может быть связано со снижением курса доллара США до 70 рублей за единицу, однако реализация этого сценария возможна лишь при сохранении текущих высоких цен на нефть и стабильности внешней экономической ситуации.\n\nСогласно мнению эксперта, потенциал укрепления рубля ограничен. Ускорение темпов глобальной инфляции и растущий спрос на надёжные финансовые инструменты говорят о возможном ослаблении позиций рубля во втором полугодии.\n\nРанее сообщалось, что курс доллара США на межбанковском рынке упал ниже уровня 73 рублей, достигнув значения 72,975 рубля (-1,11%), став минимальным показателем с 19 февраля 2023 года. Коррекция стоимости евро составила минус 1,34%, цена снизилась до 85,45 рубля.' ratio=6.87"
81,81,"text='Русский турист, уже в ранние зимы запомнил себе отдых на берегах Турции заранее. В феврале 2018 года представители популярного туристического сайта сообщили об увеличении бронирований в этот регион, превышающем справочные данные о домешних направлениях. Спустя месяц Российский союз туризма сообщил о том, что приблизительно 30% российских отдыхающих выбирают турецкие курорты летом. Этому процессу способствовали многочисленные регулярные рейсы и близость аэропортов к большинству отелей страны, что позволяет сократить время в пути. Стоимость отдыха на местных пляжах остается примерно той же, как в прошлом году, хотя спрос является высоким. Уровень обслуживания туристов будет вероятнее всего улучшиться. \nМинистерство по надзору за питанием и здоровьем в мае сообщило о результатах проверок гостиниц на юге Турции, которые выявили ряд негативных моментов: в прошлом году фиксировались случаи инфекционных болезней среди отдыхающих. Однако после применения дополнительных мер безопасности специалисты сочли гостиницы в Сиде, Белеке и Анталье готовыми принять гостей. «Стало более жёстким обеспечение безопасной питьевой воды и питания, эксплуатации бассейнов, значительно улучшена диагностика инфекционных заболеваний и проведена дополнительная эпидемиологическая работа», - отметили представители министерства. \nКакие-то ограничения присутствуют и в этом месте, однако они не являются серьёзными: высокая концентрация отдыхающих иногда мешает тем, кто предпочитает провести время вдали от большого скопления людей. Избежать больших толпов на лучших пляжах берегов Турции (где располагается лучшая инфраструктура гостиниц, ресторанов и транспорта, находится большинство исторических памятников) в текущем сезоне невозможно. ' ratio=9.16"
82,82,"text='Изменения для легковых и грузовых автомобилей, массой до 3,5 тонны: с 1 июня 2024 года запрещено эксплуатировать такие транспортные средства с зимними шинами в период с 1 июня по 1 сентября включительно. Нарушение этой нормы предусматривает административную ответственность в размере штрафа 500 рублей, который уменьшается вдвое при оплате через портал госуслуг в течение 20 дней. Исключением являются водители, использующие зимние шины с шипами. Нешипованные зимние шины («липучки») разрешены, однако они имеют более короткий срок службы и быстрее изнашиваются по сравнению с летней резиной. С 1 июня 2024 года иностранцы и российские граждане, имеющие иностранные водительские удостоверения, обязаны заменить их на российские права в течение одного года с момента въезда в страну. В противном случае предусмотрен штраф в размере 15 000 рублей. Граждане РФ, чьи действующие водительские удостоверения истекут до конца 2024 или 2025 годов, смогут продолжать пользоваться удостоверением еще три года. Для водителей, ранее лишенных прав за управление автомобилем в состоянии алкогольного опьянения, вводится запрет на сдачу экзамена для восстановления водительских прав сроком на один год. Правила сдачи экзамена упрощены: число допустимых ошибок увеличено с пяти до семи, а штурман-инспектор во время экзамена должен находиться на заднем сидении автомобиля.' ratio=8.95"
83,83,"text='Неизменно фактическое, что потребление кофе безопасно определяется содержанием кофеина в нем, а не количеством выпитых чашек. В одной капсуле эспрессо находится примерно 80-100 миллиграммов кофеина, тогда как в капучино - около 70 миллиграммов. Для тех, кто предпочитает сильные напитки, рекомендуется использовать посуды объемом не более 50-70 миллилитров. Ингредиенты напитка, такие как сахар, молоко и сливки, замедляют всасывание кофеина организмом и уменьшают его влияние. Потребление кофе оказывает стимулирующее действие на организм человека, поощряя выработку гормонов адреналина, серотонина и дофамина, которые улучшают самочувствие и повышают способность переносить стрессы. Однако превышении использования кофе негативно влияет на работу желудочно-кишечного тракта, создавая дополнительную нагрузку на сердечно-сосудистую и нервную системы.' ratio=10.5"
