,index,idiomatic_version
0,0,"text='Над пустынными петербургскими улицами ковыляли неясные облака, слабо освещённые редким мраком; клочья туч бесшумно менялись друг за другом. Некий тусклый светящийся объект извивался в небе неярко и безцветно — небо приобрело слабое сияние, от чего металлические крыши и дымовые трубы засверкали. Здесь протекала зелёная река Мойка; её один берег украшали триэтажное здание с пятью белыми колоннами; на его высоком верху поднимались архитектурные элементы, оживлённо мигая в лучах. Солдат Её Величества в блестящем шлеме с золотистой позолотой шел спокойно по набережной, его голова укрыта воротником мехового пальто; глаза, полные волнения без конкретного названия, отражали свет внутренними оттенками. Николай Аполлонович, сдобрив щетину и нанеся своё изюминку парфюмерии, шёл вдоль реки Мойки, прикрываясь меховым пальто; его голова скрывалась внутри воротника одежды, а глаза отражали свет внутренними оттенками. Он размышлял: возможно ли, что это чувство — любовь? В памяти взмысцоило воспоминание: ночью он выскочил из указанного подъезда и побежал к чугунной переправе Петербурга, намереваясь там... Он ощутил дрожь. Над рекой Мойкой пролетел световой вихрь: черная императорская повозка проносилась мимо окон дома с роскошной освещённостью, выпуская яркие красные фонари; их изображения отражались на темной воде Мойки. Промелькнули обводы головного убора рабочего и форма верхней одежды в туманной области — затем они исчезли в другой зоне, проплывая мимо ярко освещённых окон дома.' ratio=23.0"
1,1,"text='На указанном месте располагалась роскошная кирпично-розовая башня, напоминающая странной формы замок: массивный и розовый похож на величественный монархский дворец. Время ушло, и сейчас этот верхний уровень уже не принадлежит ни одному правителю — он был обречен на забвение. Возвышаясь над безлистными деревьями, кирпично-розовый дворец выглядел как тихий ветер; его ветки, подобно затаившимся порывам ветра, то и дело колебались, словно пытаясь ухватить проходящие облака. Караючи взметнулась вверх ворона — она стремительно летела, оставляя за собой сияние своего полёта; лишь после этого она снова приводила себя в чувство и медленно опускалась к земле подобно птице, вернувшейся из далека. В экипаже проезжали мимо этого района, создавая риторический шум — как будто они искали тихий уголок для отдыха после долгого пути. Сам монарх воздвиг памятник своему знаменитому предку в форме соломенной головы, похожей на круглое белое кружево; она прикована к узкому проему окна, именным порталом дворца. Железные часы издавали тихий звонок, а плач женского голоса привлек внимание — кто-то пытался открыть входную дверь; бледный офицер поднял штору и увидел смутное очертание дрожащей тени за ней. Оттуда доносился звон часов, а далёкие шаги становились всё громче и отдалялись... Вскоре прошло несколько секунд — постель уже была трепаната: простыни сохраняли тепло тела покойника; его уже не было видно, лишь стекла окон говорили о том, что кто-то приходил в гости, зажигая свет подсвечники. Внутри императорских покоев крохотный купидон блестел на изображении — как будто он собирался унести тихий шепот покойника... Казалось, что весь мир остановился в этом величественном доме. ' ratio=20.0"
2,2,"text='Вечер. Легкая дымка. Туман скрывает небо, не видно ни единой звезды. В древности полагали, что над облаками обитает главный бог, равнодушный наблюдатель всего происходящего. Сейчас известно, что выше облаков лишь прозрачная синева и пустота космоса. Теперь же я теряюсь в догадках относительно того, что скрывает невидимые дали — изобилие новых знаний омрачает моё разумение. Полностью убежденное знание эквивалентно верованию. Раньше я был уверен в своей правоте во всём касающемся меня самого, но теперь впервые осознаю своё отражение в зеркале совершенно ясно и отчётливо — как другого человека с чёрными ровными бровями, вертикальной морщиной между ними (раньше я их не замечал). Серые глаза имеют стальной оттенок, под ними темные круги от бессонницы. По моему взгляду не видны мои настоящие чувства и переживания — ранее я их не понимал. Оттуда же, изнутри сознания, смотрящего на моё изображение, появляется твёрдое убеждение: этот отражённый мужчина чужд мне самому — мы впервые его видим. Настоящий же я — другой. Не имеет смысла продолжать размышления: всё перечисленное бессмысленно и является результатом недавних неприятных переживаний после употребления отравляющего вещества накануне вечером. Неважно какого именно. Записываю это исключительно ради демонстрации того, насколько необычным образом способен ошибаться логичный человеческий разум. Разум, способный объяснить непонятную древним бескрайнюю даль, представить её понятной и доступной — благодаря использованию числовых обозначений. R-13. К слову, я доволен его приходом: мне бы не хотелось сейчас оставаться одному.' ratio=25.0"
3,3,"text='Она была облачена в платье древнего эпохи: тесное чёрное шёлковое платье подчеркивало её белизну обнажённых плеч и груди, а также выделяло светлые зубы, казавшиеся чрезмерно яркими. Женщина села и начала играть. Её исполнение было хаотичным и нервозным, отражавшим характер эпохи, когда она жила. Она играла беспорядочно, без какой-либо структурированности, а её окружившие были согласны друг с другом и весело смеялись. Однако некоторые из присутствующих испытывали сомнения и задумчивость, включая меня. Внезапно я заметил маленький пузырёк слюны на губах одного из собеседников. Его отсутствие вернуло мне ясность сознания.' ratio=23.0"
4,4,"text='Всё это Рутилов произносил, как обычно, бодрым голосом и оживлённо улыбаясь, однако он был худым человеком, производящим впечатление слабого и болезненного, несмотря на новую и модную шляпу, из-под которой были видны редкие светлые коротко стриженые волосы. – Ну, разве же втрое! – слабо возразил Передонов, снимая и вытирая золотые очки. – Но это же правда! – вскричал Рутилов. – Ты смотри внимательно, пользуйся моментом, пока я жив, потому что после моей смерти станет сложнее найти невесту подходящую именно тебе. Каждая из моих дочерей охотно согласилась бы выйти за тебя. Здесь действительно многие испытывают ко мне симпатию, – угрюмо похвалился Передонов. – Вот видишь, значит используй ситуацию, – советовал Рутилов. – Самое важное для меня, чтобы девушка не была худощавой, – с грустью в голосе сказал Передонов. – Лучше пусть будет полной. Тебе совершенно не стоит волноваться по этому поводу, – энергично уверял Рутилов. – Сейчас мои дочери уже достаточно полноваты, а если кто-то ещё недостаточно полная, это временно. После замужества они станут ещё пышнее, посмотри хотя бы на мою старшую дочь Ларису. Я бы хотел вступить в брак, – сказал Передонов, – но опасаюсь, что моя жена Варя устроит крупный конфликт. Поскольку боишься конфликта, поступи так: сегодня же заключай брачный союз, лучше сделать это немедленно. Вернешься домой с молодой супругой, проблема разрешится сама собой. Действительно, хочешь я всё организую прямо завтра вечером? И выберешь любую девушку.' ratio=24.0"
5,5,"text='Вспоминаю простую историю из жизни, но превращаю ее в потрясающую повесть. Я поэт — художник слов, создающий образы на страницах моей мысли. Чувствую себя обязанным создать для вас восхитительную и захватывающую сказку о приятном и завораживающем событии. Нарисую сцену, где случайные повороты обстоятельств ставят в движение действия, однако я предпочту начать издалека от простого — с тех человеческих переживаний, которые вызывают эстетическое восхищение и радость. Прелести человека заключаются в его здоровье, юности и жизнерадостности; а природные красоты — в прозрачной воде реки, ярком солнечном свете и тепле лета. Великолепная погода озаряет день летнего зноя, когда река Скородень наполняется драгоценным сиянием солнца. Прозрачная вода, светящийся отсвет и прикрытый воздух создают атмосферу радости благодаря теплу погоды и открытости пространства. Ивановна Елисавета и Петровна Елена — родные сестры, купающиеся в реке Скородень. Панорама вызывает удивление по-прежнему благодаря чудесному климату и тому, как они выглядят прелестными, обнаженными, но при этом не раздражительными детьми солнечного летнего дня. Обе испытывают приятные ощущения: прохлада воды, желание активности и веселья, улыбка и общество. Они в беседе заговаривают об одних и тех же людях, которые становятся предметом их сказочной фантазии. Эти девушки — дочери зажиточного владельца поместья, привыкших к свободе передвижения в полной уверенности своих прав и возможностей. Человек, несущий власть, не знает ее границ, однако счастливы те, кто уверенно владеет своим положением! ' ratio=26.0"
6,6,"text='Дом располагается на краю городка, в районе, известном как Расчески — узким коридором между многоквартирными строениями параллельно расположенных, а также бетонными двориками, где любознательные дети местных жителей проводят время. Эти здания были белых цвета и украшены множеством окон; каждый из них выглядел одинаково в меру своей величины и привлекал внимание юных обитателей района, которые охотно играют на заборах между домами. Между этими многоквартирными зданиями находились пустующие участки земли, окружённые заборами — места, привлекающие к себе больше внимания детей, чем эти садовые тротуары. Между жилыми районами и полупустырь располагался одиночный дом, известный как Серый: старое со строительством в период разрушения прежних построек — несхожим к современным жилым комплексам. Стройка имеет три этажа, и её фасад обращён к дороге; за ней — внутренний дворик, ограниченный металлической сетью. Начиная с белого цвета, он стал серым снаружи и желтым внутри: крыша покрыта антенной и кабелями, а стены — рыхлыми обрывками штукатурки и трещины. Его окружало рядом со стройкой гаражи, подсобные помещения, контейнеры для мусора и будки для собак; все это выглядело запущенным. Передняя часть фасада была без украшений — мрачной и пустующей.' ratio=16.0"
7,7,"text='Оказалось, что каждый человек, стремящийся обратить на себя внимание, является эгоистичным человеком с негативными качествами — способным совершать любые поступки и переоценивающим собственные достоинства. Тогда как фактически этот человек совершенно незначителен. Самоуверенный и тщеславный он был, точно птица-обманщица, желавшая казаться лучше, чем была; или утопившийся из-за собственного неразумия зверь, о котором стихотворение повествовало. После прочтения рассказа Сип решил написать ещё одну песню такого же содержания, однако его больше никто не слушал: лицо Сипа изменилось от гнева, он заплакал и умолк. Его поблагодарили, дали салфетку, прикрыли книгой и предложили другому ученику продолжить выступление. Гуль произносил речь почти неслышно, словно читал написанное прямо на столе: белые волосы спускались на лицо, мешая видеть — они поправлялись мокрым пальцем, поскольку приголубленные пряди держались лишь до тех пор, пока палец был приложен ко лбу. Для длительного наблюдения за ним требовалась особая выдержка: я старался не смотреть на него — мои нервы находились и так в плохом состоянии, дополнительная нагрузка могла привести к ухудшению самочувствия. Такие речи типичны в данной ситуации — они были монотонными и однообразными: палец перемещался вдоль носа, по его глазам было видно, что он начинал злиться. Мне заранее известны все аргументы, какие мог предложить Гуль — невыразительные и скучные, как сам он, его пальцы и ногти.' ratio=23.0"
8,8,"text='Недавно он был образцовым сподвижником в жизни — бодрым и энергичным человеком, мастерски перемещающим тело с ног на руки, словно легкий парус. Его зубы, крепкие как лопаты, могли поднять любой стул и даже порвать крепкими руками шеренгу канатов. Тело его бурлило энергетикой желаний прыгнуть через ограду, раскачать столб или совершить впечатляющий поступок, как мы говорили в юности. Но что-то изменилось — словно старый механизм слегка испортился и стал работать не так эффективно. Он начал сутулившись и признал другу Подтягину, что страдает бессонницей. Вечером перед понедельником он провел двадцать минут в лифте компании непристойного человека, чувствуя себя словно обугленный от телесных испытаний на заводе. Утро следующего дня началось тяжело — долгое время сидел голым, держа вытянутые руки между коленями, пораженный осознанием, что снова должен будет одеть рубаху, брюки и носки, пропитанные потом и грязью. Каждая из этих вещей казалась непривычной обязанностью. Подобное чувство вызывало воспоминание о цыганском пуделе в человеческой одежде — ужасающе жалком, брошенном в мир людей беззащитным.' ratio=21.0"
9,9,"text='Весь день лежащий на кровати будто поднимается к ясному солнечному небу, пока приподнимаясь можно вниз глядеть на раскинувшиеся за окном деревья с их желтыми штрихами солнечного света. Птичий пение и умеренный лай собаки поют за окнами, а слышны чудесные христианские звуки из киота и журчащая вода в раковине. В такой обстановке создаётся ощущение атмосферы света природы, без неё образ бы не вырос. На самом деле всё это были обыденные восприимчивые мечты юности — любовь к прекрасной девушке, которую он впоследствии увидел в жизни. К тому моменту Ганин находился на шестнадцатом году жизни и в стенах этого особняка всё ещё формировал образ счастья. Период образования образа проходил под влиянием окружающих обстоятельств: картины на стенах, звуки природы из окна, изображение Христа в киоте, журчащая вода в раковине. Образ также развивался под воздействием света в комнате, без него не мог бы существовать такой образ. По сути, это были лишь обычные ощущения юности: мечтательные переживания, но вот при жизни Ганин представлял этот идеальный совпадение мыслей и реальности, не случавшийся ранее столь гармонично. Весь день он переходил из одного парка в другой, посещал различные кафе, воспоминания при этом постоянно тяготили его к будущему, точно так же как летние облака подобно движущимся облакам над Берлином. Посетители кафе думали, что мужчина, внимательно смотрящий вдаль переживает глубокую печаль и на улицах непредсказуемо сталкивался с прохожими: однажды водитель автомобиля резко остановился и выразил недовольство, чуть не столкнувшись с ним. Ганин чувствовал себя создателем, восстанавливающим мир постепенно привносящим в жизнь детали исчезнувшего мира ради женщины, которой он ещё не готов был признать место во всём мире; но мысль о ней, ощущение её присутствия, даже забытые воспоминания прошлых впечатлений удерживали его стремиться завершить образ. Он тщательно реконструировал события своей жизни, иногда замедляясь на деталях, избегая преждевременного перехода к последующим этапам. Бродя по парку в солнечный майский день, он действительно выздоравливал физически, испытывал первые признаки восстановления после болезни, слабость в ногах, рассматривал своё отражение в зеркалах. Одежда выглядела особенно чистой, свободной и необычной. Медленно продвигаясь по широкому парку, окруженному деревьями, он замечал небольшие черные земляные горки, образовавшиеся от деятельности животных — такие вещи всегда привлекали внимание Ганина. Он надел белую нижнюю одежду и светло-фиолетовые носки. Всё это помогало ему сознательно задерживать образ в себе, чтобы приблизиться к нему поэтапно, следуя определённой последовательности шагов. Он стремился избежать путаницы среди ярких воспоминаний прошлого и не стремился выделять важные моменты сразу.' ratio=25.0"
10,10,"text='Я родился пятдесят лет назад в центральной России, на просторах деревни у ближайшей лесной избы. Мы не осознаем момента своего рождения и ухода - для нас жизнь - это вечность, захватывающая всё вокруг. Встретив информацию о точной дате моего появления на свет, я сразу вспомнил, как будто отсчёт лет начался именно с того дня. Смерть для меня стала чем-то нереальным - на необитаемом острове я бы и представить себе её не мог: либо это было бы великим спасением, либо тяжёлым наказанием? Возможно, чувство смерти едва ли принадлежит человеку изначально, или же оно присуще нам по какой-то причине. Мне всё равно - я не чувствую ни горечи смерти, ни облегчения от её отсутствия в жизни. В этом отношении моё рождение и уход - вот что действительно важно для меня. Род Арсеньевых же, насколько мне известно, так и остался нераскрытым: история держит его за тайну, хотя фамилия упоминается в списках забытых родов, которые поглощены временем. Я воспринимаю это как знак гордости - ведь я не одинокий, у меня есть историческая связь с предками и всеми теми, кто служил Богу верой и правдой на протяжении веков. Праздник Троицы приходит к нам в сердцах - в этот день церковь читает молитву за усопших: Господи, успокой души рабов твоих в небесной обители Твоей и покои их в лоне Авраама всех наших предков и ближних родственников - тех, кто служил Тебе искренне с времен Адама до нас. Ныне мы вспоминаем их: ведь жизнь - это вечность, а смерть - лишь один из её этапов.' ratio=5.0"
11,11,"text='Весь день для меня пролетел словно в тумане, постоянно поддерживая мое сильное напряжение: снова состоялись поминальные службы, где собрались огромное количество людей — и прибывшие соседи, и отъезжавшие, и дети, которые играли беззаботно, не понимая ничего. Они находились в закрытой комнате с белым светом, под наблюдением няни, периодически тихонько плачущей. Начало темнеть, люди стали приходить в зал, чтобы собраться и обсуждать друг с другом... Вскоре появились священники, затем наступило молчание, свечи были зажжены в полной тишине. Особым образом началось подготовительное к богослужению таинство: сначала размахивание кадилом и первое произнесенное слово — все эти события казались мне настолько важными, что я больше не мог удерживать взгляду роскошный гроб, установленный на соединенных столах, с телом внутри, покрытым золотым покровом и украшенным золотой иконкой на груди. Тело лежало в мрачной тьме вечного покоя — лицо имело черные впадины вокруг глаз, отражающие металлический отблеск через тепло и аромат дыма, мерцавшие блеском жаркого сияния.' ratio=6.0"
12,12,"text='Приказания прокуратора были выполнены с такой же быстротой и точностью, как ярко светившееся солнце над Ершалаимом в последние дни — оно ещё не достигло полуденного положения, когда на верхней площадке садовой террасы возле статуй двух белых мраморных львов состоялась встреча между прокуратором и исполняющим обязанности председателя Синедрениона иудейского первосвященником Иосифом Каифой. В сад был тих, лишь покинув укрытие колонн и оказавшись на верхнем участке сада, освещённом солнечными лучами, с расположенными здесь пальмами необычной формы, участок который открывался прокуратору вид на весь город Ершалаим вместе с висячими мостами и укреплениями, а главным образом величественным храмом, крытым золочеными плитками. Своим тонким слухом прокуратор услышал издалека слабый шум толпы снизу, иногда сопровождаемый тонкими возгласами — голоса взволнованных торговцев водой, среди которых раздавались и мелодичные звуки беспокойства недавних волнений ершалаимских жителей. Это уже собралось большое количество обеспокоенных, ожидающих решения суда, внизу, около городских стен.' ratio=18.0"
13,13,"text='Внешность прокуратора действительно предстала как стареющая фигура, сутулость и тревога делали её похожей на изнеженного льва, который несёт в себе всё больше тоски. В одно мгновение он обернулся и в его взгляде зазвучали ноты отчаяния — словно в пустующем кресле застала его собственная тень. Подумать только, что сумерки могли внушить ему мысль о присутствии какой-то мертвой души в скромном кресле, покрытом мягкой одеждой плаща. Он неожиданно вздрогнул и поднял руку, словно желая отогреть холодные струны своего внутреннего кошмара — но плащ остался на месте, как последний символ тяжёлого раскаяния.' ratio=23.0"
14,14,"text='В политехническом институте состоялась конференция, где я провел беседу с учеными. Через пять минут необходимая информация была подготовлена. Я передал её в секретариат и вскоре появился редактор Туронок — человек чрезмерно сладкоежа и притворно вежливый. Обычно он был робким и нерешительным, но сейчас проявлял сильное возбуждение: - Вы допустили грубую идеологическую ошибку! — как бы извиняясь, произнёс Туронок. - Какая именно? - Интересно узнать, как вы определили список стран… - Это не просто указание, это запрещённое действие. Венгрию следует выставить первым, ГДР — вторым, Дания — третьим, Польша и Советский Союз должны быть последними! ФРГ — неприкосновенно на четвёртой позиции! - По моему мнению, этот порядок не соответствует алфавитному принципу. - Алфавит? Нет, есть строго определённый порядок: сначала демократические страны, затем нейтральные, а уже на последнем месте — государства-участники военного союза! Если это не понятно и дальше, то вопросов будет много. - Но ведь между нашим государством и ФРГ были ужесточённые военные противостояния? - Такие вопросы решаются соответствующими образом, но вы уже давно перешли эту границу! — недоволен Туронок выразил своё мнение. За предоставленную информацию мне выплатили вознаграждение в размере двух рублей. Предполагал получать сумму побольше — три рубля.' ratio=21.0"
15,15,"text='В этой повести отсутствуют идеальные герои и абсолютные злодеи... Здесь нет ни добродетельных персонажей, ни преступников — лишь мелкие недоразумения, как случайная встреча с пчелиным улей или непримножаемой трагедией. Таких людей в реальной жизни вообще не бывает... В течение нескольких лет я веду наблюдения... С одной стороны, редактор сказал мне: «Все твои персонажи ведут себя аморально. Если персонаж совершает плохое деяние, логика повествования должна привести его либо к нравственному падению, либо к наказанию... Как природные явления вроде дождя или снега»... С другой стороны, я спрашивал: «Почему вы считаете всех моих персонажей плохими людьми? Приведите пример такого поступка. » Редактор смотрел на меня с подозрением — словно общался с человеком, находящимся среди неблагополучных знакомых и оправдывающим их поведение... Уже долгое время я не делю реальных людей и книжных персонажей на хороших и плохих. Более того, я сомневаюсь, что каждое преступление обязательно вызывает чувство вины, а каждый героический поступок приносит счастье... Всякий человек есть именно таким, каким он сам себя воспринимает — его качества выявляются жизнью. «Моя природа - вот кто управляет мной» и прочее... Эта повесть не содержит ни безупречных героев, ни явных злодеев, потому что их и не должно быть... Я сам один из главных действующих лиц. Миша Шаблинский известен своими специфическими выражениями типа «спонтанная апперцепция», «имманентный дуализм». Другой герой — Митя Кленский, славящийся привычкой носить металлические зажимы для галстуков и курить толстые трубки из поддельного янтаря. Что объединяет нас троих? Возможно, наше незначительное недовольство официальностью журналистской деятельности и некоторая склонность к здоровому скептицизму, позволяющему избегать пафосных высказываний... Из тридцати двух работников нашего учреждения двадцать восемь именовали себя лучшими корреспондентами страны. По принципу оригинальности мы трое поставили себя на второе место. Дмитрий Шер, однажды употребивший фразу «искусственная почка стала обычным делом повседневной жизни», имел репутацию посредственного журналиста...' ratio=14.0"
16,16,"text='Утверждали, что в Благодатном нет ничего необычного: знаменитый бородинский дом — обычный, возможно, даже с недостатком — одна сторона заметно перестроена после пожара. Сад обычный, старый и тенистый; такие сады встречаются часто в России. Поля широкие, лес хорош, однако это тоже нормальное явление. Жители плохие: они живут бедно — земли недостаточно, ранее переселялись, потом возвратились обратно. Во время волнений, хотя дом не подожгли и лошади не лишили зрения (как у соседа Бессонова), произошло намерение поджечь дом, уничтожить имущество и захватить бородинские земли. Когда говорили о странностях Петра Николаевича, слухи были невероятны — стыдно повторять их. В итоге всех просили избегать посещений Благодатного независимо от обстоятельств: место было неблагоприятным.' ratio=24.0"
17,17,"text='Все дети обладали хорошим здоровьем, несмотря на многочисленные шалости: ради веселья и азарта поедали снег, выходили в одной рубашке в прохладные сенцы зимой, проглатывали крупных мух, чтобы заболеть и избежать посещения гимназии, а также употребляли засушенные покрытые плесенью просфоры, следуя советам бабушек — как будто это помогает преодолеть страх во время грозы. Постоянно купались в прорубях. Все эти поступки никак негативно не сказывались на здоровье детей. Только Женя выделялся среди остальных. После перенесенных Колей заболеваний — скарлатины и кори, — которыми заразился и он сам, Женя заразился дифтеритом и временно потерял зрение. Со временем способность видеть вернулась, однако он регулярно испытывал сильные головные боли, ощущаемые преимущественно между бровями и в области висков. Когда начиналась боль, Женя сильно страдал, плакал жалобно, почти непрерывно издавая звуки, похожие на стоны. По ночам спящий мальчик совершал странные действия: выходил на крыши зданий, передвигался по карнизам. Во младенчестве, когда случались приступы, ребенка укладывали рядом с мощами святых, и дома у Вареньки в иконостасе находились специальные предметы — бархатные варежки и шапочка, соприкасавшиеся с этими святыми останками, которыми протирали лицо мальчика. Иногда девочку Прасковью отправляли с ним в Боголюбовский монастырь к священнику-отшельнику отцу Глебу молиться об избавлении от страданий, после чего наблюдалось некоторое облегчение состояния. У Жени взгляд часто выглядел печальным, он редко участвовал в драках, но если его разозлить, действовал решительно.' ratio=18.0"
18,18,"text='Вавилен Татарский появился в мире задолго до исторического события, связанного с победой красного цвета над другим. Этот факт делал его представителем поколения «П», хотя долгое время он ничего об этом не знал. Если бы кто-то сообщил ему тогда, что впоследствии он станет копирайтером, вероятно, он сильно удивился и случайно пролил бы напиток «Pepsi-Cola» на нагретый песок пляжа. В указанное время дети обычно мечтали стать пожарниками или врачами. Для них даже такое простое понятие, как «дизайнер», было неуловимым заимствованием, временно закрепившимся в русском языке до возможного ухудшения международных отношений. Однако в те времена русский язык и повседневная жизнь были полны необычных явлений и непонятных вещей. Например, свое собственное имя «Вавилен», данное отцом, Татарскому казалось весьма необычным. Это имя было искусственно создано путем объединения фамилий писателя Василия Аксёнова и политического деятеля Владимира Ленина — два явных противоположности на первый взгляд. Но отец Татарского представлял себе типичного приверженца идей Ленина, осознававшего важность свободной любви благодаря произведениям Аксёнова, либо эстета и поклонника джаза, внезапно убеждавшегося в неизбежности победы коммунистического строя после прослушивания длинной мелодии, исполненной на саксофоне. Однако подобные взгляды разделяли не только родители Татарского: аналогичные воззрения отличали большинство советских людей периода конца пятидесятых и начала шестидесятых годов прошлого века, прославившихся созданием жанра любительской песни и запустивших в космическое пространство первый спутник Земли — символизировавший собой несостоявшееся будущее. Сам Татарский испытывал чувство смущения от собственного имени и предпочитал представляться окружающим как Владимир. Позже он начал врать своим приятелям о происхождении имени, утверждая, будто отец дал ему имя вследствие увлечения восточными учениями и стремился указать на связь сына с городом Вавилоном, знания и мудрость которого он должен будет перенять. Соединение же имен Аксёнов и Ленин якобы произошло из-за увлеченности отца философией, согласно которой считалось необходимым совмещать противоположные идеи. Хотя эта версия звучала очень интересно, Татарский охотно избавился от паспорта с именем Вавилен, получив новый документ уже на имя Владимир.' ratio=19.0"
19,19,"text='Тверской бульвар выглядел практически так же, как и два года назад — снова наступил февраль, повсюду лежали сугробы, царила тёмная погода, проникавшая даже сквозь дневной свет. На лавочках сидели такие же пожилые женщины, неподвижно ожидающие; сверху, среди голых чёрных деревьев, тускло проглядывало такое же пасмурное зимнее небо. Однако были некоторые отличия — в этот зимний период вдоль дорожек дул сильный ветер, несущий снег, подобный буре в открытой местности; я бы остался спокоен, встретив здесь пару диких животных. Бронзовая статуя Пушкина выглядела немного грустнее обычного — вероятно потому, что на ней висел красный фартук с надписью: «Да здравствует первая годовщина революции»; я бы остался спокоен, встретив здесь пару диких животных. Бронзовая статуя Пушкина выглядела немного грустнее обычного — вероятно потому, что на ней висел красный фартук с надписью: «Да здравствует первая годовщина революции». У меня не возникло стремления язвительно комментировать тот факт, что поздравление адресовалось именно годовщине события, тогда как само слово «революция» написано неправильно — с устаревшей буквой «ять»; недавно я уже убедился во многих опасностях, скрыто связанных с неуместными лозунгами красного цвета. Наступали сумерки: из-за плотной снежной завесы едва различимым оставался Страстной монастырь; перед зданием монастыря находились две грузовые машины с открытыми кузовами, покрытые яркой красной тканью; рядом собралась группа людей: слышался голос выступающего человека, отдельные слова которого звучали неразборчиво, однако общий смысл речи легко воспринимался благодаря чёткому произношению звуков «р» в словах «пролетариат» и «террор». Рядом со мной прошли двое солдат, находящихся в состоянии алкогольного опьянения: за спиной каждого из них покачивались винтовки со штыком; один из солдат задержал на мне пристальный взгляд, притормозил шаг и приготовился заговорить: к счастью, его товарищ потянул его за одежду, и они продолжили путь дальше.' ratio=28.0"
20,20,"text='В этот период открылась дверь, и Вощев заметил ночью работающего косаря с чайником для группы рабочих: вода закипала на плите, которую растопили во дворе общежития; период сна завершился, настало время завтракать перед началом трудового дня... Деревянные сельские часы висели на стене и исправно работали благодаря силе тяжести маятника; механизм часов украшал рисунок цветка, предназначенный успокаивать любого человека, глядящего на них. Рабочие расположились вдоль длинного стола, косарь исполнявший обязанности повара в общежитии, разрезал хлеб и раздал каждому по кусочку, дополнительно дав каждой кружке небольшой кусок вчерашнего холодного мяса. Рабочие приступили к еде с серьёзным видом, воспринимая поступающую еду как необходимое действие, не испытывая удовольствия от приема пищи. Несмотря на осознание значения жизни, что является условием абсолютного счастья, их лица выглядели мрачными и истощёнными, вместо удовлетворения жизнью они испытывали утомление... Вощев смотрел на этих печальных людей, способных сдержанно помнить об истине, и испытывал слабую надежду и страх потери; он уже чувствовал удовлетворение даже тем фактом, что правда существует в сознании ближайшего к нему человека, недавно говорившего с ним, следовательно, достаточно находиться рядом с таким человеком, чтобы обрести выносливость и работоспособность. — Пойдем вместе поедим! — пригласили Вощева рабочие... Вощев поднялся и, ещё не уверенный окончательно в целесообразности существования окружающего мира, направился есть, ощущая неловкость и тревогу.' ratio=18.0"
21,21,"text='Машинист-наставник наблюдательно замечал, как Захар Павлович аккуратно очищал топки локомотивов, бережно обращаясь к металлу и доводя поверхности до идеальной чистоты; однако никогда не высказывал ему премию. Наставник понимал, что работа машин зависит больше от внутренних свойств материалов и законов физики, нежели от знаний и мастерства человека; участие человека минимально. Природные ресурсы, энергия и материалы позволяют людям достигать успеха даже без значительных усилий. Даже неумелый работник способен зажечь огонь в топке, после чего двигатель заработает само собой; рабочий будет лишь пассивным наблюдателем. В случае дальнейшего упрощения эксплуатации техники люди будут терять ценность вследствие ненадёжности достигнутых результатов и станут бесполезными, как будто сталкиваясь с коррозией металлов. Машинам же предстоит заменить людей и получить свободу в работе. Тем не менее наставник критиковал Захара Павловича реже остальных машинистов, поскольку последний использовал инструменты осторожно, не проявлял грубости и небрежности во время работы на локомотиве.' ratio=21.0"
22,22,"text='Городок Федор-Кузьмичск рос на семи холмах, окружённый обширными полейми и неизвестной землёй. К северу протянулись густые леса, усеянные валежником, где деревья со своими раздвоенными ветвями как бы вплотную прижимались к небесам. Кустарники деликатно цеплялись за одежду путника, а ветки расправляли головные уборы словно хитрые звери. Согласно рассказам старожилов, там жилище обитало существо по имени кысь. Оно скрывалось на ветвях деревьев и издавало странные звуки: кы-ысь! кы-ысь!, однако увидеть его было невозможно. Когда человек входил в этот лес, кысь внезапно нападала сзади, разрывая позвоночник и повреждая ключевой кровеносный сосуд, вследствие чего обнаружившийся там человек терял рассудок. Возвращаясь обратно, пострадавший уже не был прежним: его взгляд оставался бессмысленным, он двигался беспорядочно, как сомнамбул. Родственники устраивали его наедине с пустыми тарелками и ложками, имитируя прием пищи; потерпевший совершал механические движения, хотя в тарелках ничего не было, родственники только радовались этой комичной картине. Самостоятельно больной человек не мог ни заботиться о себе, ни соблюдать гигиену, нуждаясь в постоянном уходе. Некоторые заботливые супруги или родители отвели его в специальное помещение, а если уход отсутствовал, он умирал от разрыва мочевого пузыря.' ratio=25.0"
23,23,"text='Вы мне симпатичны, Александра Эрнестовна, особенно на одной вашей фотографии, где у вас такой красивый контур лица. Вот еще одна, в которой вы отклоняете голову назад и улыбаетесь, демонстриируя отличные зубы. И третья, где вы изображаете раздраженность — рука ваша располагается на затылке таким образом, что кружевные украшения умышленно соскользнули с вашего локтя. Мне привлекает ваша обыденная жизнь, прошедшая незамеченной и быстро завершившаяся юность — бывшие супруги, поклонники, все те, кому вы когда-либо обращались или кто обращался к вам в ответ. Моя задача регулярно посещать вас и привозить молоко и морковь — полезное для улучшения зрения лакомство. Ваши альбомы из темно-коричневого бархата заслуживают внимания: открывайте их, чтобы снова вспомнить о милых девушках-гимназистках, мужчинах средних лет с бородами и усами — смелом мужчине по имени Иван Николаевич. Он ждет вас на южной железнодорожной станции, где вдоль грязного железнодорожного полотна перемещается неспешно. Поезд не прибыл, он не будет здесь. Обещание поездки оказалось ложью. Нет-нет, неверно утверждать, будто она отказалась — ей вовсе и не хотелось этого делать! Желание возникло заранее, и все необходимые вещи упакованы заранее: легкие белые наряды аккуратно сложены внутри закрытого деревянного контейнера. Область металлических деталей блестит слабым светом — лежат открытые купальные костюмы, которые она очень хочет надеть. Внутри коробки, предназначенной специально для головных уборов, хранится удивительно легкий и приятный материал белого цвета — воздушности и легкости. На дне лежит шкатулка с различными мелкими предметами: заколки, расчески, тонкие ленты из шелковой ткани, мельчайшие крупицы кристаллических камней — они приклеены к небольшим деревянным инструментам для ухода за ногтями рук. Также имеются незначительные мелочи: бутылочка с джинном, спрятанным под герметично закрытой стеклянной пробкой — она может отражать лучи, создавая радугу.' ratio=25.0"
24,24,"text='Он упал лицом на пыльную траву под щекой, словно вступая во всеядные переживания мучительной ярости: зубы сжал он от неподкупного раздражения. Лежал он как бы скромно, предвкушая, что удача сама собой превратит опасность в исчезновение, но осознавал неизбежность неудачи. Температура поднималась и влажности росло: пот тек по его глазам, как мелкий непрерывный дождь. В результате Рэдрик громко предупредил Арчибальда: «Не двигайся! Терпи!» Сам же оставался терпеливым на фоне происходящего, хотя и не был уверен в благополучном исходе событий. Возможно, ситуация разрешилась бы относительно удачно без существенных последствий, однако первым сдался Арчибальд. Вероятно, он либо не услышал предупреждения Рэдрика, либо настолько испугался, что забыл правила поведения и инстинкты, либо внезапно ощутил боль сильнее, чем его товарищ. В результате он потерял способность контролировать себя и необдуманно бросился вперёд, пригнувшись и издавая невнятный звук — словно животное, которое чувствует себя угрозой самосохранения. Рэдрику удалось быстро подняться и схватить его за ноги двумя руками, вследствие чего Арчибальд всей массой тела ударился о землю, подняв облако золы в воздухе. Он вскрикнул странным высоким голосом и резко пнул Рэдрика другой ногой прямо в лицо, что вызвало у него бессвязное произнесение: «Тихо лежать, негодяй, иначе убью...». Уложив своё лицо в золу серого цвета, он больше не мог сдерживать эмоции и издал громкий протяжный крик. Такой образной язык не оставляет места для тусклых фраз: мучительная боль, воспламенение одежды — все это словно зажигается в немагическим пламенем ярости и драки.' ratio=20.0"
25,25,"text='Хотел бы я узнать итог всего происходящего, как будто передо мной расворачивается гигантский театр сценария, где каждый актер — это отдельная личность или исследовательская группа. Десять лет назад я был абсолютно уверен в результате: на планете должна была существовать непроходимая граница, пятьдесят километров полосы, где находились исключительно учёные и военные — как будто мы создавали некий защитный купол над этой зоной. Опасность здесь была настолько велика, что её трактовкой занимались разные ведомства: отдельные доклады, законы и даже выступления, словно голос народа, призывавший оградить людей. Казалось бы, большинство согласилось с моей точкой зрения — как будто мы все вместе взяли на себя заботу об этом месте. Однако теперь невозможно вспомнить, каким способом прежняя твёрдая уверенность неожиданно исчезла. По сути, одна позиция верна: защита планеты — главная задача, но и другая также справедлива: исследование новых ресурсов могло быть важнее. Вероятно, процесс начался с первого визита сталкеров из опасной зоны, необычных предметов, которых они принесли домой — как будто мистический опыт стал прорывом для науки и политики. И вот уже десять лет продолжаются исследования: люди используют ресурсы постепенно, словно плавучая лодка на тихом озере; а учёные авторитетно заявляют: учитывая определённые аспекты, следует принять одну позицию, одновременно признавая обоснованность противоположной точки зрения. Это как метафорический дебат между двумя главными героями, которые на протяжении всей истории фильма всё больше и больше теснятся друг к другу — словно две капли воды в стакане.' ratio=23.0"
26,26,"text='С самого начала дня возникли проблемы: прекратилась работа интернета. Сонный Матвей сел в компьютерное кресло и коснулся клавиш клавиатуры почти случайно, обнаружив неприятную новость: соединение отсутствует. Позвонив своему поставщику услуг, он получил следующий ответ: — Произошла авария на магистральной линии связи. Вероятно, неполадка будет устранена примерно за двадцать четыре часа.' ratio=12.0"
27,27,"text='Открыв дверь салона красоты, Лена замерла, увидев студентку Марину, в сером халате. Ноги подкосились у неё. Она снова ошиблась: по графику пятница, а другие считали сегодня среду. Из-за этой оплошности Лена лишилась работы на день и заработка. Кто бы что ни говорил, уборка в салоне осуществлялась Мариной, а она выполняла эту работу по вторникам и пятницам. – Леночка, где ты всё таки сегодня? Сегодня же не твоя смена, — спросила пожилая парикмахерша, договорившись о трудоустройстве управляющей нелегальной подработки подростка. – Я ведь иду на работу! Сегодня мой день! Именно моя смена! — закричала Лена дрожащим голосом, ощущая потерю контроля над собой. Её раздражали постоянные путаницы и невозможность разобраться в ситуации. Как будто она оказалась в бесцельном мире, где всё шло не так, как должно быть. – Леночка, с тобой всё нормально, — спокойно произнесла парикмахерша. В то же время две посетительницы внимательно наблюдали за происходящим, а одна из них взяла Лену за локоть и отвела в служебное помещение. Там девушка села на изношенный диваник и попросила стакан воды. – Устала ты сильно, — рассуждала женщина, поглаживая Лену по волосам. Это была старушка-парикмахерша, которая собрала для её братьев одежду. – Нет смысла проводить время без дела! День такой короткий, столько нужно успеть сделать! — возразила Лена, вставая и отталкиваясь руками от прикосновений женщины. – Бедняжка, одеться нечего моим мальчикам... их скоро к школе ходить, а одежда уже маленькая! — вздохнула парикмахерша.' ratio=26.0"
28,28,"text='Артем медленно встал с места около костра, перекручивая оружие со спины на грудь, и направился в темноту. Остановившись возле границы освещённой зоны, он громко и заметно щёлкнул затвором автомата и хрипло прокричал: — Стойте! Назовите пароль! Из темноты, где несколько минут назад слышались необычные звуки и приглушённые голоса, послышались быстрые и частые шаги. Кто-то поспешно удалялся глубже в туннель, испуганный резким голосом Артема и звуками его оружия. Артем быстро вернулся обратно к костру и сказал Петру Андреевичу: — Нет, мне действительно не показалось. Человек не назвал себя и убежал. — Ты глупец! Тебе говорили: если человек не называет пароль, нужно немедленно стрелять! Откуда тебе известно, кем был этот человек? Возможно, это были враждебные люди, приближающиеся скрытно! — Нет... Мне кажется, это вовсе не люди... Шумы были очень необычными... И шаги звучали совсем иначе. Разве я не способен отличить человеческие шаги? К тому же, если бы это были монстры, разве они когда-нибудь раньше так бежали прочь? Ведь вы сами прекрасно осведомлены, Пётр Андреевич, что в последнее время монстры сразу атакуют открыто — некоторые нападения совершались безоружными, другие шли прямо к пулемету, не скрываясь. Но этот неизвестный сразу сбежал... Похоже, он боялся. Артем ощутил беспокойство, мысленно представляя себе пространство туннеля после отметки семи сотен метров. Даже подумать о посещении этого участка было страшно. Никто ранее не решался заходить дальше седьмого столетия на север. Патруль регулярно проезжал до пятисотой отметки, проверял границу фонариком и убедившись, что никаких угроз не обнаружено, быстро возвращался. Разведывательные группы, состоящие из крепких мужчин, бывших морских пехотинцев, также ограничивались шестьюстами восемьюдесять метрами. Они скрывали светящиеся сигареты в руках и напряжённо наблюдали сквозь приборы ночного видения. Затем осторожно и бесшумно отходили обратно, внимательно следя за туннелём и никогда не поворачиваясь к нему спиной.' ratio=14.0"
29,29,"text='На третнем транспортном кольце медленно двигались миллионы машин, дневной свет освещал включенные фары, пыль от колёс висела в воздухе, люди высыхавшие из подземного перехода; город выглядел живым. Илья испытывал желание прикоснуться ко всему вокруг, провести рукой по предметам, окружающим его. Уже семь лет он мечтал почувствовать соприкосновение с Москвой. Старые электрички изменили своё внешнее обличье: они появились чистыми белоснежными составами с жёлтыми полосами вдоль бортов, внутри установлены удобные кресла для каждого пассажира отдельно. Люди вели себя сдержанно и аккуратно благодаря новым поездам. — Мне нужно добраться до Лобни. — спросила одна женщина другую, и её собеседница ответила: — Возможно, и пошла бы я. Ведь сама Навка вышла замуж за этого человека с усами, помощника президента Путина. Мужчина симпатичный, внушительный, эффектный, — добавила вторая женщина; её собеседница возразила: — Нет уж, я бы предпочла отправиться куда-либо именно с ним. Лавров замечательный человек. Я бы предпочла отправиться именно с ним. Лавров гораздо решительнее вашего усатого. Женщины велись в разговоре о своём мужском знакомстве, не обращая внимания на присутствие Ильи; он лишь слушал, но не мог разобраться в сути беседы. Электричка задерживалась; у него возникло чувство голода, желудок пустовал и непреятно ныл. Покупать чебуреки возле вокзала он отказался: стоимость продуктов здесь была завышена относительно той суммы, которую ему предоставляли для транспортных расходов. Зачем тратить деньги на перекус, если вскоре он сможет съесть горячие домашние щи матери? Покупать чебуреки возле вокзала он отказался: стоимость продуктов здесь была завышена относительно той суммы, которую ему предоставляли для транспортных расходов. Зачем тратить деньги на перекус, если вскоре он сможет съесть горячие домашние щи матери? — Времени у него было мало. Илья прислушивался к разговору и думал: что же это за люди говорят в таком мире, когда есть нечто такое, о чём хочется рассказать миру? Или не надо рассказывать о таких вещах?' ratio=21.0"
30,30,"text='Кот устремился со стула и побежал следом за ним, словно тень на свету. В здании Алексей Кириллович опустился в кресле рядом с столиком, покрытым множеством бумаги. Прерывисто читая страницы, он присвистнул: — Да... верно... точно! Определим операцию умножения по таблице номер три. Нейтральный элемент относительно какого-то действия? Но дорогой друг, это полностью совпадает с работой Юрковского. Безусловно, поскольку поле упорядочено, множество базисов можно разделить на две части — зачем он вновь раскрывает общеизвестные сведения? Далее. Эта матрица задаёт преобразование одного n-мерного пространства в другое. Что дальше? Там же, в том числе и разложение матрицы! Шутник.' ratio=20.0"
31,31,"text='Из группы выходит участник боя: крупный работяга скотного двора, лицо широкое и решительное. Сбрасывает верхнюю одежду, надевает перчатки, вытирает нос. Мы ожидали такого поворота событий, поэтому Погода Сиволай снимает свой черный кафтан, освобождается от шапки с меховой отделкой и расстегивает парчовое верхнее платье. Крупная рука выгибается, обернутая красной тканью, подмигивает мне и выходит вперёд. В кулачных боях Погода Сиволай значительно превосходил своего противника — несмотря на небольшой рост, его плечи были широкими, кости крепкими, движения ловкими и проворными. Ударить по лицу работы скотного двора было сложно, однако легко получить удар от него. Он пристально смотрит на оппонента, щурится и шевелит шёлковым поясом: — Готов ли принять поражение? — Хвастаться не стоит до начала боя! Противники перемещаются по кругу, оценивая друг друга. Несмотря на различия в внешнем виде, положении и принадлежности к разным хозяевам, оба русских мужчины были решительными. Собираемся вокруг площадки для боя, объединяемся с челядью — это обычное дело здесь. Все равны: и крестьянин, и дворянин, и правительственный служащий. Кулачный бой был самостоятельным действием. Погода Сиволай улыбается, подмигивает работнику скотного двора, напрягая мышцы рук: — Простите за такое поведение! Работник не сдержался и первым ударом тяжёлого кулака наносит рабочему боль. Он наклоняется, одновременно бьёт работника в живот резким движением — хруст! хруст! Рёбра ломаются. Тяжёлый удар снова избежался. Громко кричит работник скотного двора, машет большими кулаками и теряет перчатку. Безрезультатно: он получает удары в область живота и носа — резко! Крупный сильный мужчина отступает назад и теряет равновесие. Скрещивает пальцы обеих рук, громко рычит и разрезает холодный воздух движениями тела — бах! Бах! Бах! Рука Погоды работает быстро: теперь его лицо рабочего залито кровью, один глаз заплыл, нос течёт кровяной жидкостью. Ярко-красные брызги летят, блестят в лучах зимнего солнца и падают на плотно утрамбованный снег.' ratio=17.0"
32,32,"text='Привет, Алёна, моя взрослая дочь. Я полагаю, что в жизни главное — это чувство любви. Однако почему мне выпали такие испытания? Ведь я очень сильно любила свою дочь! Теперь моя жизнь закончена, несмотря на то, что выглядываю как девочка-подросток. Однажды незнакомый мужчина пришел ко мне сзади и спросил дорогу: «Девушка, извините, скажите, пожалуйста, как пройти туда-то?» Мужчина был грязным и потным, вероятно, имел деньги в кармане. Он выглядел дружелюбно и говорил: «Гостиницы уже заполнены, если у вас есть возможность остановиться здесь за небольшим подарком — пол-килограммы гранатов, приуверенное и счастливое лицо. Мы с вами знакомы!» Они хотят бесплатно постирать постельное белье, чтобы не беспокоить их, а также запереть дверь для них — как шахматистка. Я поэт, но некоторые люди предпочитают звать меня «поэтомесса». Могу называться поэтом Анной — фамилией моего супруга. Дети внимательно следят за выступлениями, я знаю, как взрослые относятся к детям. Их сын Тимофей всегда рядом со мной на сцене, никогда не в зрительском зале. Иногда проявляет нервный тик. Я улыбаюсь и нежно поглаживаю его голову, произнося фразу из знаменитого детского стихотворения: «Мы с Тамилой ходим парой». Однако многие организаторы воспринимают это серьёзно и предлагают: «Пусть Тамила посмотрит выступление из зала», не понимая, что это строка из стихотворения Агнии Барто. Теперь я — поэт Анна Андреевна.' ratio=0.95"
33,33,"text='Это произошло давно — еще в те времена, когда я родила двух детей за два года подряд. И это был мой очередной неудачный выбор: молодая женщина двадцати девяти лет с короткой стрижкой стояла среди камней и рассматривала ржавый осколок — в то время как из-за своей внешности (похожей на мальчика) она была принята за парнишку. Он спросил: «Мальчики, что вы делаете здесь?» Когда я взглянула на него, понял, что это девушка, и он с удивлением произнес: ' ratio=0.07"
34,34,"text='Наступление продолжалось третий день, и начало его было неопределенным. В течение всего дня впереди постоянно раздавалась стрельба, наши колонны периодически останавливались, направляя во всех направлениях разведывательные группы. Поэтому мы испытывали особую радость, когда увидели пехотинцев, вышедших из леса, которых не видели уже несколько суток. Выяснилось, что двигаясь с северного направления, наша группа объединилась с подразделениями, наступающими с южного направления. Бесконечные полки пехоты последовательно подходили друг за другом и вскоре исчезали между небольшими лесочками и возвышенностями. Их появление свидетельствовало о завершении преследования врага, поскольку противник прекратил отступление и готовился вступить в сражение.' ratio=25.0"
35,35,"text='Одесса производит странное впечатление у приезжего с севера — город напоминает иностранный, подвергшийся русскому влиянию благодаря стараниям администраторов. Здесь огромные кафе заполнены воспитанными коммивояжерами, их посиделки напоминают парижские прогулки по бульвару Сен-Мишель. По вечерам люди идут по улице Дерибасовская, атмосфера которой напоминает парижский бульвар. Привычный одесский диалект отличается особыми произношениями — слово «лох» произносится как «лух», а молоко в стакане называют «пеной». Такое ощущение, что именно этот способ речи отражает психологию города: детская вера в могущество ловкости и стремление добиться успеха любыми способами. Когда я печатал визитные карточки в типографии «Омега», заметил свежевышедшую газету, изданную здесь же — одесскую вечернюю газету. Я открыл ее и обнаружил стихотворение Сергея Городецкого, которое отличалось изменением единственной строки и было опубликовано анонимно. Управляющий типографией сообщил, что стих был предоставлен начинающим поэтом, выдавшим произведение за собственное творение. Несмотря на это, среди жителей Одессы немало безупречно честных и достойных уважения людей, причем не только с точки зрения северных стандартов: Востоке возникли небольшие активные группы людей, которые в будущем станут основой для нового города. Эти группы представлены такими местами как Порт-Саид, Смирна и сама Одесса.' ratio=24.0"
36,36,"text='Я доверяю тем людям, которые представляют его другим, нежели я привыкла воспринимать — и вот причины такого доверия. Прежде всего, я могла наблюдать лишь один аспект его личности (лучший), поскольку я была посторонним человеком, вероятно, недостаточно понятной двадцатилетней женщиной иностранного происхождения; кроме того, я лично отметила значительное изменение в нём, когда мы снова повстречались в 1911 году. Его внешность стала более мрачной и истощённой — словно древние руины на фоне свежевыпавшего снега.' ratio=25.0"
37,37,"text='Возможность увидеть целый город, словно подкосившая башню смерти, захватила моё воображение. В тот же день я написала рассказ о встрече и отправилась к поэту Зощенко, чтобы он прочитал рассказы «Три сирени» и «В гостях у смерти». Работа над прозой для меня была загадкой и одновременно незримым вызовом. Я понимала поэзию изначально, но не имела представления о том, как пишется проза, несмотря на мой уважаемый статус в литературной среде. Мое первое опубликованное произведение воспользовалось моей поддержкой и одобрением от Зощенко. После ареста сына я приказала сжечь этот текст, вместе с другими документами из архива.' ratio=16.0"
38,38,"text='Молодец только так подумал, девушка сразу обернулась. Взгляд у нее веселый, улыбается широко и обращается полушутливо: — Что ты, Степан Петрович, смотришь на девушку бесплатно? За такое удовольствие надо платить. Подойди ближе. Давай поговорим немного. Парень испугался, конечно, но виду не показывает, держится уверенно. Хотя девушка загадочная и сильная, однако она всего лишь женщина. А парню неловко проявить робость перед девушкой. Поэтому отвечает: — Нет времени общаться. Мы уже проснулись позже положенного, теперь идём искать нужную траву. Девушка снова рассмеялась и сказала: — Перестань притворяться. Я серьезно говорю — подойди сюда, есть важное дело. Парень понял, что другого выхода нет. Подходит к девушке, а та жестом руки просит обойти руду с другой стороны. Обогнул камень и увидел огромное количество ящериц разных видов. Некоторые зелёные, некоторые голубые с оттенком синевы, другие напоминают глину или песчинки с золотистыми пятнами. Есть прозрачные, словно стекло или слюдяные пластинки, есть тусклые, похожие на увядшую траву, а ещё такие, у которых красивый рисунок. Девушка продолжает смеяться: — Будь осторожнее, чтобы не раздавить моих маленьких помощников, Степан Петрович. Ты такой крупный и тяжёлый, а они совсем маленькие. Затем хлопнула в ладони, ящерицы мгновенно разбежались, освободив проход. Парень подошёл ближе, остановился, а девушка вновь захлопала руками и произнесла всё еще смеясь: — Сейчас тебе негде сделать шаг. Уничтожишь моего помощника — неприятности будут.' ratio=23.0"
39,39,"text='Не взяли его на заводскую работу — слишком он был слабым, его сил не хватит даже на неделю работы. Приказчик отправил его помощником пастуха. Но и здесь Данилко оказался неподходящим работником. Мальчишка был старательным, однако постоянно допускал ошибки. Часто задумывался над чем-то своим. Увидит какую-нибудь травинку и уставится взглядом, а коровы пасутся далеко. Старый пастух оказался добрым человеком, жалел сироту, но иногда сердился: ' ratio=0.87"
40,40,"text='В хижину зашёл крупный рыжеватый пес с черной полосой по всей спине. Под глазами у него располагались чёрные полосы, изгибавшиеся как оправа очков — так её глаза выглядели крупными и словно задавали вопрос: «Почему ты зовёшь меня, хозяин?» Антипыч особым образом посмотрел на неё, и собака мгновенно поняла намерения человека: она приглашена исключительно ради дружеского общения, забавы, игры... Травка начала энергично размахивать хвостом, медленно опускаясь всё ниже и ниже до тех пор, пока не улеглась на спине, выставив белый живот с двенадцатью тёмными сосками. Когда Антипыч лишь слегка вытянул руку, намереваясь её почесать, собака внезапно встрепенулась и запрыгнула на него лапами, лизая разные части лица: в нос, щёки, губы. — Хватит, хватит, — произнёс он, усмиряя животное и стирая слюну рукавом. Затем он ласково провёл рукой по её голове и добавил: «Достаточно, возвращайся обратно». Собака развернулась и ушла во двор. — Так-то вот, ребята, — проговорил Антипыч. — Это Травка, охотничья собака, ей достаточно одного указания, чтобы понять суть дела, тогда как вы, неразумные, задаёте вопросы типа: «Где находится истина?» Хорошо, приезжайте сюда. Но если пропустите нужный момент, я расскажу обо всём Травке. Вскоре после смерти Антипыча началась Великая Отечественная война. Никто другой не занял должность сторожа, и жилище Антипыча оказалось заброшенным. Домик сильно износился, значительно превзойдя возраст своего владельца, и поддерживался специальными подпорками. Однажды ветер разрушил постройку, она тут же рассыпалась подобно карточному строению, которое легко рушится даже от слабого дуновения ребёнка. За один год высокие стебли растения Иван-чая пробились сквозь древесные элементы строения, оставив от дома небольшой земляной бугор, покрытый алыми цветками. Собака Травка переехала в картофельно-хранилище и приспособилась к жизни животного в лесных условиях.' ratio=15.0"
41,41,"text='Человек, никогда не видевший клюкву в её росте, способен пройти через огромное болото и даже не заметить, что она на него лежит среди зарослей ягод. Например, черника выглядит так: тонкий стебель поднимается вертикально, с низкоопущеными зелёными листочками похожими на крылышки и маленькими чёрными и малиновыми ягодами покрытыми серым пухом. Брусника отличается ярко-красными плодами, плотно прилечёнными тёмно-зелёными листьями, сохраняющими цвет даже зимой; часто такие ягоды скапливаются настолько многочисленно, что земля выглядит покрашена в красный цвет. Другая особенность болота — голубика с крупными синёмы ягодами, растущими группами, иногда встречающейся костяника со слегка красновато-рубиновыми плодами в гроздьях. Однако единственная ягода, которую трудно сразу заметить — весенняя клюква. Она затеряна между комочками почвы и почти незаметна снаружи до тех пор, пока не скапливается значительное количество её. Тогда можно различить появившиеся красные точки на земле. Когда человек прислонится к земле, чтобы вырвать одну ягоду, он обнаруживает, что она связана тонкой нитью с целой группой таких же плодов. Можно аккуратно извлечь длинную цепочку крупных ярко-красных ягод.' ratio=7.0"
42,42,"text=""История началась с обычной прогулки по берегу, а затем медленно превратившись в интересное расследование. 48-летняя жительница Новой Зеландии Нейша Ринд вместе со своим сыном десяти лет Кеей гуляли по пляжу Ocean Beach в городе-курорте Тайруа. Серферы давно регулярно посещали этот участок побережья на восточном берегу полуострова Коромандел, однако в тот день океан выдавил туристам необычную находку, гораздо более ценную, чем хорошая волна. Находка была среди множества обломков древесины и морских отходов, которые приливы выбрасывали на берег. Кея заметил необычный предмет, подумав его принять за покрытый водорослями камень или кирпич, после очистки от толстых слоев ракушек и соли выяснилось, что это стандартная бутылка объемом один литр из-под виски Jack Daniel's. Внутри бутылки находился аккуратно сложенный бумажный лист, его текст был подсвечен пробкой. Извлечённая пробка показала, что послание внутри не является розыгрышем или шуткой. Оно было написано 17 февраля 2002 года и содержало имя автора — Джек, а также упоминание того, что он занимался рыболовством недалёкого от островов Олдермен поблизости Коромандела. Из-за воздействия морской воды текст сильно пострадал и можно было прочитать лишь имя и дату."" ratio=32.0"
43,43,"text='После назначения Игоря Краснова председателем Верховного Суда Российской Федерации российские судьи лишились работы из-за обвинений в коррупции и вынесения неправомерных судебных актов. Вскоре после этого было прекращено полномочие судью Виктора Мамотова — его собственность была отдана государству за долги, что оценено на сумму около 9 миллиардов рублей. Это первая из многих известий, которые в скором времени появятся: всего за шесть месяцев несколько десятков судей были уволены во всех регионах страны. Прошлый президент России Владимир Путин предложил Совету Федерации кандидатуру генерального прокурора Игоря Краснова для его избрания на пост председателя Верховного суда, а должность главы Генпрокуратуры занял Александр Гуцан — полномочный представитель президента в Северо-Западном федеральном округе. При этом Краснов отметил, что судебное решение не должно поддерживать мошенничество, и он будет жестко реагировать на любые проявления коррупции — независимо от должности судьи.' ratio=13.0"
44,44,"text='Ученые разработали биопленку, превращающуюся в воздух и водяной пар как страус-яйка. В течение месяца после применения эта упаковка исчезает без следа. Современные пластиковые изделия обширно используются повсеместно — они скапливаются на мусорных полигонах и проникают в океаны, где разложение занимает сотни лет. Это представляет собой серьёзную проблему. Ученые стремятся создавать биопластики из материалов, восстановимых природой — обычные экологически чистые пленки недостаточно эффективно защищают продукты от воздействия влаги и воздуха, однако без такой защиты невозможно обеспечить сохранность товаров. Специалисты Технологического института штата Джорджии предложили решение проблемы — они создали биопленку из компонентов, выращиваемых в садах и лесах, а также используемых после приготовления пищи домашних хозяек. В частности, использовались целлюлоза (основной структурный компонент растительных тканей), хитозан (получаемый из раковин ракообразных и оболочки грибов) и лимонная кислота (выделяемая из цитрусовых фруктов). Эти компоненты подвергаются обработке, преобразуясь в тонкий слой пленки. Полученная пленка не допускает проникновения воздуха и водяного пара. Она самостоятельно разлагается и не оказывает длительного негативного влияния на почву. Процитировав профессора Карсона Мередита, ресурс innovanews.ru отметил, что эта пленка порой эффективнее обычных пластиковых упаковочных материалов защищает продукты питания от порчи. Тем не менее, для полного разложения требуются особые условия: определённая температура, уровень влажности и наличие микроорганизмов. На обычных свалках биопленка остается неизменной столько же времени, сколько и обычная пластиковая упаковка. На данный момент разработка существует лишь в виде лабораторного образца, пригодного исключительно для опытов. Реальная упаковка из такого материала будет нуждаться в добавлении пластификатора.' ratio=15.0"
45,45,"text='Эксперты утверждают, что у кошек несравнимо развиты органы чувств — они обладают острым обонянием, способным прочувствовать запах человека с превосходной четкостью в четверть века. Словно слуховые крылья человеческого – ультразвуковую волну, которую поглощает кошка, можно сравнить лишь с молнией, скачущей через землю — так же стремительно и точно она их воспринимает. Их зрение не только позволяет им фиксировать изменчивые мельчайшие детали окружающей среды, но и способно улавливать тонкие перемены на лице хозяина: выражения лица, характерных движений или интонаций речи, которые говорят о смене настроения. Научные исследования подтверждают, что эти кошачьи наблюдатели могут чуять человеческие эмоции по мельчайшим изменениям в поведении и внешности хозяина — как будто они сами стали чувствительными химиками, способными улавливать запахи и оттенки настроения. К тому же, кошки не занимаются культивацией навыков диагностирования заболеваний: вместо этого они реагируют на изменения внешности и поведения владельца — что может быть связано с их инстинктивной желательностью находиться в теплых местах. Например, воспаленные зоны человеческого тела обычно излучают больше тепла, чем здоровые места, а потому кошки стремятся к теплу, создавая ощущение дополнительного источника тепла для своих хозяев. Это вовсе не значит, что они лечат болезни — лишь температурное восприятие помогает им находить ближайшие источники тепла на теле хозяина. Так же ученые подчеркивают, что кошки также способны вызывать положительные эмоциональные реакции в владельцах, снижая уровень стресса и тревоги: их взаимодействие с животными может стать настоящим средством от напряженности и переживаний.' ratio=12.0"
46,46,"text='Эволюционные волны большей части современных подвидов данной бактерии разошлись приблизительно пять тысяч лет назад, во времена неолита, когда население всё более сконцентрировалось на одних и тех же землях. Такое положение дел способствовало расширению ареала распространения и увеличению разнообразия патогенных микроорганизмов, передаваемых преимущественно путём капельной инфекции и контакта. Стрептококк стрептококкус пирогенес был найден в останках людей, живших на юге и в Африе около четырёх тысяч лет назад. Такой же штамм мог обособиться ещё ранее — примерно десять тысяч лет назад — предполагают исследователи. Первоначально микроорганизм мог проникнуть в Южную Америку вместе с мигрантами из Сибири, которые двадцать два тысячи лет назад преодолевали Берингов пролив и начинали постепенное заселение территории сначала Северной Америки, а затем — Южной. До изобретения современных антибактериальных препаратов скарлатина являлась одной из ведущих причин смерти детей и инвалидизации, нередко приводя к потере зрения и слуховых функций. До выяснения учёными бактериальной природы заболевания её симптоматика часто ошибочно принималась за проявления натуральной оспы, коревой краснухи или дифтерии. Эти инфекционные болезни традиционно рассматривались как патологии, сопровождающие колонизацию новых территорий: они появлялись среди переселенцев из Европы, прибывающих в Америку, и оказывали губительное воздействие на местное население, иммунитет которого оказался неподготовленным к противостоянию указанным патогенам. Тем не менее современные учёные полагают, что данная точка зрения является чрезмерно упрощённой и возможно даже ошибочной: существование многих других микроорганизмов, вызывающих инфекционные заболевания, в Америке уже длительное время существовало намного раньше прибытия туда первых европейцев. В пользу этого предположения говорят данные последних научных исследований, посвящённых возбудителям таких заболеваний, как сифилис и лепра.' ratio=23.0"
47,47,"text='Инженеры Ирбитского мотоциклетного завода были поручены создать мотоцикл, способный превысить скорости 150 км/ч без коляски и 120 км/ч при её использовании. Эти показатели для большинства советских мотоциклов середины XX века были особенно высокими. Разработка новинки шла тайно, с ограниченными ресурсами. Первые тестовые экземпляры были изготовлены в 1963 году, сохраняя характерный для «Урала» внешний облик, но значительно улучшённые технические характеристики: объём двигателя достиг 1040 куб.см, а мощность выросла до 50 лошадиных сил. Чтобы улучшить аэродинамику, установили специальный защитный кожух. Однако достичь заявленной максимальной скорости в 150 км/ч не удалось – фактическая скорость составила 130-132 км/ч. Несмотря на это, результат произвел сильное впечатление на окружающих людей. В 1967 году было выпущено ограниченный тираж новых мотоциклов – примерно 25 единиц, оснащённых колясками. Все экземпляры предназначались для подразделений Госавтоинспекции СССР и были собраны индивидуально из-за дефицита производственных мощностей и нерегулярной поставки уникальных деталей. Потребность в высокой стоимости разработки привела к невозможности серийного производства этих машин, что вызвало значительные трудности при эксплуатации. Нехватка запчастей и сложности с ремонтом двигателей делали использование мотоциклов неприинудной задачей. В результате проект остался экспериментальным и эксклюзивным, из-за его высоких затрат и сложностей производства.' ratio=31.0"
48,48,"text='Комплектующие и внутренние элементы конструкции модели Truckster обеспечивают насыщенность звука и высокий уровень стабильности строя. Основной материал инструмента — красное дерево для корпуса, кленовый топ и вклеенный гриф из махагони, создающие великолепные условия для высокой мощности резонанса и продолжительного звучания, высоко ценящихся музыкантами жанра рок. Конструктивное решение с вклеенным грифом и установленными активными звукоснимателями EMG делает инструмент надежным на сцене и позволяет получить чистый, мощный звук без посторонних шумов. Хэтфилд известен высоким качеством изготовления и надежностью комплектующих своих инструментов. Партнерство ESP с Metallica привело к выпуску модели Truckster, пятой подписной модели для группы: основанный на базе корпуса модели ESP Eclipse, внешний вид автомобиля в виде гитары Gibson Les Paul, покрытый серым матовым покрытием как будто его не успели полностью покрасить. Фальшивый переключатель сверху корпуса лишь для визуального соответствия стилю старых инструментов: реальная регулировка осуществляется с помощью нижнего переключателя, а поверхности серого, черного и белого цветов покрытые несколькими слоями краски, частично стираются вручную, придавая каждому инструменту уникальность — даже два экземпляра из одной производственной партии выглядят по-разному.' ratio=19.0"
49,49,"text='Как выявить малозаметные недостатки дома? Практически каждый купившийся на вторичном рынке житель узнал об этом из опыта продавца-стройщика Дома Лазовского. В зимние и осенние месяцы, когда покупатели меньше интересуются новыми домами, продажники обычно стараются прикрыть подводные камни своей работы, в особенности связанные с фундаментом. Основная проблема здесь — скрытые дефекты: трещины на стенах, серьезные повреждения и нарушение технологии монтажа — все это может превратить ваш дом в груду развалин, требующую полной реконструкции. Такие проблемы часто становятся причиной отказов при продаже дома.' ratio=0.98"
50,50,"text='Продукт, несправедливо подвергшийся критике со стороны диетологов — свёкла обыкновенная или мангольд: они долгое время использовались преимущественно лишь для придания цвета блюдам, такими как винегрет или борщ. В настоящее время в Европе стали популярными диеты, включающие различные блюда из свёклы и её листьев, обладающих полезными свойствами: высоким содержанием железа, витамина С и йода, приятным вкусом и отсутствием горечи. Бетаин — важное и полезное для снижения веса вещество, о котором говорит врач-диетолог Светлана Бережная; он препятствует накоплению излишних жиров и способствует лучшему усвоению полноценного белка. В соке свёклы присутствуют ферменты, улучшающие водно-солевой баланс организма и имеющие лёгкое мочегонное действие, полезные людям малоподвижным и склонным к отекам. Для избавления от двух-трех килограммов достаточно нормализовать водно-солевой обмен, предотвращая скопление избыточной жидкости в тканях; свёкла также богата клетчаткой и веществами, активизирующими деятельность кишечника и желчного пузыря, но она оказывает и слабительное воздействие. Свёклой является подходящим продуктом для проведения разгрузочного дня: из одной отваренной и измельчённой свёклы можно приготовить большое количество недорогих, вкусных и аппетитных блюд. На сто граммов свёклы приходится всего сорок калорий; она хорошо сочетается с селёдкой и зеленью, хуже — с острыми и копчёными продуктами.' ratio=28.0"
51,51,"text='Росреестр Санкт-Петербурга представил отчет за первый квартал 2026 года. Начальный этап года оказался разным для рынка недвижимости: увеличилось количество ипотечных кредитов и договоров долевого участия, однако на вторичном рынке практически не было сделок. Наиболее активно развивался сектор ипотеки — в период января-марта 2026 года в Санкт-Петербурге зарегистрировано 28 346 ипотечных договоров, что на 14% превышает показатели аналогичного периода предыдущего года (24 943 договора). Увеличение числа ипотечных займов свидетельствует о том, что покупатели продолжают приобретать жилье, несмотря на высокие процентные ставки и ограниченный спрос. На первичном рынке также отмечен рост — согласно предоставленным Росреестром Санкт-Петербурга сведениям, в первом квартале 2026 года заключено 10 299 договоров долевого строительства, что составляет увеличение на 10% относительно первого квартала 2025 года (9366 договоров). Однако общий объем сделок купли-продажи жилых объектов не изменился: разница между количеством зарегистрированных прав собственности на основе договоров купли-продажи и обмена составила всего 257 единиц — в первом квартале 2026 года зарегистрированы права на 21 890 объектов, годом ранее — на 21 633. Напоминаем, что в январе текущего года количество заключенных договоров долевого участия в строительстве увеличилось почти в полтора раза: количество договоров долевого участия за январь 2026 года достигло показателя 4262, увеличившись на 57 договоров по сравнению с аналогичным периодом прошлого года (2707 договоров). За январь-февраль 2026 года в Санкт-Петербурге зарегистрировано 8601 ипотечный договор, тогда как за январь прошлого года — 6664.' ratio=35.0"
52,52,"text='Конcurrent с отменой государственной льготной ипотеки, ускорявшей развитие сектора индивидуального жилищного строительства, многие компании одновременно разрабатывавшие несколько объектов оказались в затруднительном положении и прекратили свою деятельность. Генеральный директор компании «Загородная недвижимость Урала» Александр Свитеньков сообщил, что из более чем тысячи предприятий, работавших ранее в сегменте ИЖС Екатеринбурга, сегодня продолжают функционировать и получать доступ к проектному финансированию лишь около 40. В настоящее время средств банковских кредитов (примерно от 50 до 100 миллионов рублей) недостаточно для обеспечения предыдущих объёмов строительства.' ratio=27.0"
53,53,"text='Угроза квантовых технологий разделила сообщество пользователей биткоина на две группировки: тех, кто утвердился в добровольном переходе на защищённые механизмы, и тех, кто предложил принудительное ограничение обращения наиболее подверженных активов. Социум биткоинов сталкивается с серьёзным идейным вызовом последних лет: вопрос о защите сети от возможного уничтожения квантовых компьютеров привёл к разногласиям среди разработчиков. Один из руководителей компании Blockstream, Адам Бэк, обратился к сообществу с предложением перейти на новые защищённые механизмы безопасности. Другой представитель сообщества, разработчик и основатель проекта Casa Джеймсон Лопп, выступил с инициативой ограничить обращение миллионов биткоинов, находящихся в долгосрочном хранении, включая активы предполагаемого основателя криптовалюты Сатоши Накамото. Спор, ещё недавно рассматривавшийся исключительно как теоретический, приобрёл повышенную срочность после публикации результатов исследований специалистов компании Google в марте текущего года — отчёт объёмом более 50 страниц содержал методики и подходы, значительно снижающие затраты на вскрытие криптографических схем. В соответствии с данными учёных, высокопроизводительные компьютеры способны реализовать подобные атаки не к середине 2030-х годов, а уже ближе к концу текущего десятилетия. Речь идёт о возможной опасности для миллионов единиц цифровой валюты старого образца, принадлежащих различным участникам рынка, включая предполагаемые накопления основателя биткоина Сатоши Накамото. По расчётам исследователей Google, общая сумма таких активов составляет около 2,3 миллиона биткоинов — эквивалентно примерно 170 миллиардов долларов США по состоянию на апрель 2023 года. Атака с использованием квантового компьютера против блокчейна предполагает возможность восстановления закрытого ключа пользователя по открытому. Ключевая задача подобного взлома сейчас представляется крайне сложной и практически невыполнимой с точки зрения современных вычислительных мощностей, однако квантовые алгоритмы позволяют решить её гораздо быстрее и проще. Первый сценарий предполагает, что злоумышленник выявляет адреса, чьи открытые ключи уже раскрыты, и получает доступ к активам путём расчёта соответствующего закрытого ключа. Второй вариант развития событий предусматривает ситуацию, когда злоумышленник перехватывает транзакцию до момента её добавления в блок цепи, добывая открытый ключ и вычисляя закрытый ключ, затем замещая оригинальную транзакцию собственной. Более опасным является именно второй способ атаки, поскольку он угрожает не только старому и малоподвижному капиталу, но и любым обычным переводам внутри системы.' ratio=16.0"
54,54,"text='Семь знаменитых сталинских куполообразных башен привлекает не только жителей Москвы, но и любопытствующих из России и за границей. Во время экскурсии по «храму на семи холмах», архитекторов и строителей вспоминают вместе с сотрудниками органов госбезопасности, детально рассматривая особенности оформления ландшафта и декоративных элементов. Увлекательная экскурсия включает поход к главному зданию МГУ со специальным прибором для дозировки радиации. По данным представителя туристической компании «Незабываемая Москва», подобные прогулки чаще заказываются россиянами, чем иностранцами. Впрочем, только отдельно организованные группы могут попасть внутрь высоток из-за специальных режимов доступа и пропускных систем. Впрочем, не исключено, что удивительные башни станут привлекательными для любителей русского балета: квартира-музей Галины Улановой на Котельнической набережной откроется именно гостям. Запись на экскурсию заранее обязательна. Опытные гиды, увлекательный интерьер и уникальные экспонаты в квартире-музее Улановой поражают даже самых искушенных. Автор отзывов благодарит организаторов за предоставленную возможность ознакомиться с историей известной балерины. Особо стоит отметить неоспоримые возможности из окон башен, предоставляя прекрасные виды на город и уникальность их архитектурного облика.' ratio=16.0"
55,55,"text='На круглом столе на тему «Кадры для роботизации: как подготовить инженеров будущего» председатель партии «Новые люди», Алексей Нечаев, словно искусный гастроном, сразу приступил к обсуждению конкретных блюд и начал с вопроса разработки системы распознавания лиц. Он отметил, что несмотря на устоявшийся джентльменский закон, существуют вещи, которым ещё предстоит научиться — хотя бы в кулинарии. Затем он сообщил, что участники мероприятия обладали знаниями о роботизации, как и в мастерской по изготовлению чудес из пластилина, где детям разрешено не просто создавать модели, но и поделиться своими мыслями. По мнению докладчика, комментарии к его выступлению были излишними, как в сцене театра, где актеры обычно говорят то, что нужно для развития действия. Это связано с тем, что раньше использовался дешёвый человеческий труд, как в детском садике, где учитель зарабатывал меньше 20 тысяч рублей в месяц. Сейчас такой оплаты труда больше не существует — значит, работники смогут получить большую зарплату. Следовательно, нужно принять, что речь шла о том, что оплата труда работников в размере 20 тысяч рублей теперь отсутствует, поскольку человеческое достоинство нельзя оценивать деньгами. После чего Нечаев привёл пример своей компании «Фаберлик», которая за последние десять лет благодаря постепенной автоматизации и роботизации производственный процесс стал эффективнее почти в двадцать раз. Зарплата сотрудников, занятых в работе, увеличилась примерно в три раза. Однако докладчик подчеркнул, что речь шла только о работниках, продолжавших свою деятельность после внедрения автоматизации — как мастер-классах по изготовлению макетов, где участники могут получить новые навыки без ухода на пенсию. Обсудив эти данные, он заметил, что значительный рост производительности труда сопровождался лишь трёхкратным увеличением заработной платы — как в кулинарном фестивале, где участники получают награды только за выполненные блюда.' ratio=23.0"
56,56,"text='Адриан Лахдо — футболист с потенциалом и недюжинными качествами, оцениваемый за его участие в чемпионатах высокого уровня, перешёл из шведского клуба «Хаммарбю» в итальянский «Комо» за суммы, эквивалентных двенадцати миллионам евро. Несмотря на то что Лахдо лишь начинал карьеру после юношеской сборной команды и молодёжной национальной команды, его опыт уже был заметен — он провел несколько матчей в основном составе клуба «Комо» во втором дивизионе. Благодаря этому, специалисты клуба смогли увидеть в игроках потенциал и выразить его в виде такой значительной суммы денег, как двенадцать миллионов евро. Однако, с одной стороны, Лахдо продолжает демонстрировать определённые достоинства на протяжении карьеры, которые привели к такому результату — это был не только признанный потенциал, но и высокая стоимость его услуг. При этом, «Комо» всегда готовы были уступить место игрокам молодых европейских талантов из-за их потенциальных возможностей в будущем. Но, с другой стороны, было заметно, что Лахдо не мог пройти через такой переход, признаваясь его возможностями и ценности на более высоком уровне чемпионата Европы — он выбрал для себя другое место работы.' ratio=23.0"
57,57,text='Данное исследование рынка игровых консолей проведена компанией DFC Intelligence и опубликована изданием VentureBeat.' ratio=12.0
58,58,"text='Исторические локации и новое строительство: Компания «Балтийская коммерция» приобрела участок площадью около пяти с половиной тысяч квадратных метров на Новгородской улице, 14 в весеннюю пору 2024 года. До этого здесь находился бизнес-центр класса С, а рядом был возведён жилой комплекс «Форсайт», принадлежащий той же компании. К тому моменту на этом месте уже было создано несколько исторических укреплений, и сегодня перед нами раскрываются новые перспективы в строительстве и застройке. Компания «Балтийская коммерция» занимается фронтовой работой в историческом центре Санкт-Петербурга с конца 90-х годов, последними реализованными проектами стали реконструкция советского лицея на Приморском проспекте и строительство премиального жилого квартала у станции метро «Чкаловская». Район Песков олицетворяет собой одно из наиболее престижных мест города, однако с 2010 года здесь появляются новые здания, не только премиум-класса, но и бизнес-класса. Жители района ценят его спокойствие и отсутствие шумной туристической активности, а также то, что в окрестностях есть обнаруженные ранее производственные территории, доставшиеся городу от утерянных промышленных зон. В центре города продолжают выстраиваться новые жилые комплексы, и элитное жильё становится всё более желанным. С начала 2024 года появились два новых жилых комплекса общей вместимостью около четырёхсот пятидесяти квартир: премиальный «Моисеенко 10» и объект бизнес-класса N8. Кроме того, реализуется ряд других проектов, среди которых ЖК ПСК и реконструкция Мытного двора. В центре города свободных земельных участков для нового строительства становится всё меньше, однако спрос на элитное жильё сохраняется высоким. Брокеры отмечают, что единичные свободные участки все ещё существуют в районе Площади Возрождения и улицы Черняховского. Основной потенциал для расширения центра находится между Синопской набережной и Новгородской улицей: здесь компания «ТГК-1» планирует реализовать крупный проект редевелопмента Центрального теплового энергетического комплекса. Проект включает создание общественного пространства, связанного с городской застройкой и набережной. Уже одобрен первый этап, включающий зону отдыха и место для ресторанов и кафе. Санкт-Петербург продолжает развиваться: старые исторические районы обновляются, а новые элитные жилые комплексы интегрируются в существующую городскую среду, создавая сочетание элементов прошлого и будущего.' ratio=23.0"
59,59,"text='В тройке главных претендентов на золотые медали среди хоккейных команд выделяется сборная Швейцарии. Этот коллектив уже несколько лет стремится стать чемпионом мира, в свое время добившись высоких результатов: одни из последних турниров она даже достигла финальной стадии. Возможно, преимущество игры на домашнем льду поможет ей достичь поставленной цели. На Олимпиаде выступят практически все известные хоккеисты Швейцарии, включая заслуженного игрока сборной Романа Йоси.' ratio=10.0"
60,60,"text='Бычья акула — известное существование с исключительно агрессивной натурой. В отношении белого вида вы уже наверняка ознакомлены с достаточно обширной информацией. Однако ни один из этих агрессивных видов никогда не будет плавать в Черном море, даже при наличии возможности сделать это. Многословные идиомы здесь устойчиво говорят нам: никакая холодная вода Черного моря, ни зимой, ни летом, не способна заманить этих хищников. Длиннокрылые акулы и серые виды также считаются опасными и крупными, но они тоже предпочитают остаться вне этого водоема. Причина этому следующая: Черное море обладает низкой температурой воды, особенно зимой, что не располагает к жизни многих видов акул. Основная проблема состоит в том, что в этих водах отсутствует достаточное количество пищи для них. Акулы знают и понимают: если на их пути нет достаточно большого количества рыбы — то есть значительного количества добычи — они не рискуют пересекать границы Черного моря. Другой причиной является низкая соленость воды в этом море, которая неблагоприятна для этих рыб. Вода Черного моря содержит большое количество сероводорода, что также не благоприятно влияет на их здоровье и жизнедеятельность. Акулы инстинктивно избегают таких мест с высоким содержанием этого вещества. Кроме того, в Черном море глубины ниже 100 метров представляют собой пустыню для жизни: там не наблюдается ни одного видоизменения, кроме лишь небольших биотических сообществ на дне. Плюс ко всему, около 90% воды в Черном море является его глубоководной частью и здесь жизнь почти не возможна. Это означает, что ни одна из акул не будет проникать сюда: даже самые агрессивные рыбы, как бы они ни были твердо установлены в своих природных условиях, предпочитают более подходящие для себя среды.' ratio=20.0"
61,61,"text='В ноябре 1916 года строительство Великого Северного пути включили в программу государственного железнодорожного строительства. Несмотря на множество предпринимаемых попыток, уже за сто лет было предложено не менее пяти вариантов реализации проекта. Прежде всего, это был этап 1920-х годов: в этот период новое правительство обратило внимание на проект и рассматривалась возможность привлечения иностранного капитала для финансирования строительства северной магистрали. Эксперты предложили приостановить работы, чтобы провести анализ ситуации. В то время страна испытывала тяжелое экономическое положение, и постановка проекта была отложена. Далее следует второй этап 1930-х годов, когда началось строительство Байкало-Амурской железнодорожной магистрали на восточном направлении. Проект стал реалистичным благодаря мощным усилиям рабочих в труднопроходимых лесах — они смогли прокладывать пути, даже при наличии препятствий от вечной мерзлоты и болотистых территорий. Однако вскоре рельсы были демонтированы для использования в оборонительных целях во время Великой Отечественной войны под Сталинградом. Западная часть пути, которая планировалась до Игарки, оставалась нереализованным проектом, тогда как восточная часть Байкало-Амурской магистрали была успешно построена и демонстрирует талант и трудолюбие советских специалистов. Вскоре последовал третий этап 1950-х годов, когда предпринималось серьезное намерение реализовать проект Трансполярной железной дороги от Салехарда до Игарки, но он был закрыт из-за неблагоприятных природных условий и недостаточности технического развития. Четвертый этап 1970-х годов — это Байкало-Амурская магистраль, официально названная важнейшей стройкой десятилетия. Восточные части пути были успешно построены, в то время как западные территории оставались нереализованными. Настоящее время принесло очередную попытку: к концу 2025 года специалисты представили отчет об открытии новых перспектив для строительства пути. Однако ситуация оказалась сложной, так как стоимость проекта составляет около 50 триллионов рублей, что привело к признанию его несвоевременной реализации в условиях современных экономических условий.' ratio=27.0"
62,62,"text='В Москве появился новая схема хищения денежных средств через банкоматы, обнаружил её потерпевшая Мария Беликова для агентства «Общественная служба новостей». Женщина посетила кабинет Сбербанка и использовала бесконтактную карту Visa Gold в банкомате. Как предписано стандартной процедурой, устройство запросило PIN-код, после ввода которого произошло автоматическое списание суммы в размере 5000 рублей на мобильный телефон собственника неизвестного лица, абоненту оператора «Билайн». Не применяя для подтверждения операции указанных номера идентификации или действующий код, Мария получила сообщение о проведенной транзакции. Письмо её банка сообщило ей, что списание средств произведено при помощи функционала Сбербанк Онлайн через банкомат. Все банковские карты женщины были немедленно заблокированы, а выпущена новая карта взамен старой — как защита от потенциальной угрозы. Мария срочно обратилась к горячей линии компании «Билайн». После проверки выяснилось, что деньги исчезли мгновенно и возврат средств не гарантирует оператор связи. Женщина незамедлительно заявила о случившемся в Сбербанк. К удивлению заявительницы, сотрудники оперативно вернули похищенные средства и проявили сочувствие к её сложившейся ситуации. В беседе Мария отметила, что коллеги из полиции отклонили жалобу, сославшись на отсутствие признаков преступного деяния. Сотрудники банка же считают, что случай произошел вследствием технической уязвимости устройства, однако представители компании официально это отрицали. Сотрудники рекомендовали потерпевшей в будущем перед началом операций с банкоматом сначала нажать клавишу отмены, чтобы предотвратить подобные инциденты. В пресс-службе Сбербанка разъяснили клиентам, что при выявлении факта несанкционированного списания денежных средств необходимо срочно уведомить службу безопасности банка, заблокировать карту и счета, после чего подать письменное обращение в ближайший офис банка и сообщить о случившемся в правоохранительные органы.' ratio=18.0"
63,63,"text='В современном мире информационные потоки несут с собой обилие разнообразных данных, однако обсуждение этой темы часто сводится к поверхностному обозначению понятий, как «цифровизация», подкрепляемой громкими заявлениями. Такая дискуссия служит лишь для того, чтобы скрыть отсутствие конкретных решений, затеянных на основе этих понятий. Иными словами, речевые формулы и метафоры обозначают действительную проблему — ослабление культурного взаимодействия между людьми. Отсутствие должного уважения к старшим и специалистам привело к тому, что финансовые ценности стали доминирующими на уровне воспитания молодого поколения. В этих условиях система школьного образования теряет свою эффективность: старые учреждения не в состоянии адекватно передавать знания и воспитывать молодых людей. {idioms}Вот почему руководители образовательных учреждений сталкиваются с серьезными трудностями, — их деятельность протекает в условиях, где они должны учитывать два противоположных набора требований: одной стороны — реальную ситуацию в школах и необходимость решения существующих проблем, а другой — требования и предписания вышестоящих органов власти. Эти различные требования часто конфликтуют друг с другом, что приводит к серьезным внутренним противоречиям и вызывает стресс и дезориентацию. Эти трудности заметны многим экспертам и исследователям: они выступают в качестве свидетельства невозможности одновременного выполнения взаимоисключающих задач, которые приходится решать лидерам школ.' ratio=20.0"
64,64,"text='Я передаю радостные новости любимой газете «Новороссийский рабочий». Многие годы я помогала бесплодным животным, и сегодня с уверенностью могу сказать: благодаря публикациям в газете количество поддержек меня существенно увеличилось. В своем рассказе о своем волонтерстве я встретила неравнодушных людей — многие из которых помогли мне, присоединившись к акции «Сдать макулатуру — обеспечить питание бесплодным животным». Например, акция с поддержкой учеников городских школ принесла значительную помощь: ученики, выбрасывая макулатуру в специальные контейнеры, не только помогали собирать средства на корм для животных, но и получали полезные знания о переработке вторсырья. Они начинают понимать различия между материалами: почему, например, картон тяжелее, но имеет меньшую стоимость. В рамках программы «Марафон инициатив» депутата ЗСК А.Н. Карапенко — учительского объединения — мы организовали установку специальных контейнеров для сбора пластиковых отходов в школах. Каждый килограмм переработанного пластика приносит доход около 4,5–5,5 тыс. рублей, что позволяет купить достаточное количество корма, чтобы обеспечить питание животных на один приём пищи. Это примерно 15 кг. И такая маленькая поддержка уже является значительной помощью. При этом я сама выяснила много нового — не вся пластмасса подходит для переработки, что учитывает и учеников в процессе обучения. Возможно, кто-то из них станет экологом в будущем, но главное — дети вырастают заботливыми и внимательными к животным: один из старшеклассников, например, приучил более младшего товарища правильно выбрасывать бумажные отходы, чтобы «собранная бумага помогала прокормить голодающих кошек». Что удивительно, в процессе взаимодействия с такими учениками я сама выяснила много нового — и не вся макулатура подходит для переработки. Это стало очевидным, когда я заметила первого классного ученика, серьезно объяснявшего старшему товарищу, что нельзя бросать бумажный мусор в общий контейнер. Ребенок отвел друга к правильному контейнеру, чтобы «собранная бумага помогала прокормить голодающих кошек». Такие маленькие действия — сдача макулатуры и сбор пластиковых отходов — стали новым этапом нашей деятельности. Важно подчеркнуть, что даже однодневный запас материала может стать значительной помощью для животных, находящихся под нашим опекой», ' ratio=10.0"
65,65,"text='Работодатели уныло отметили желание молодых людей пристроиться подальше от карьерных засад — словно лебедки, которых они старательно избегают при поисках рабочих мест. Владельница магазина корейской косметики Татьяна Вакарчук не колеблясь утверждает: студенты, как птицы-мандарины, без оглядки на предпочтения хозяев, сразу высаживаются в магазине, требуя изначально желаемого графика работы и фиксированной зарплаты. Однако эти благодеяния не творят чудес: студенты продолжают воровато расхаживать по рабочему месту, как те злые попугаи, которые при первом же удобном случае срываются на соседний садик. И даже если им предлагается взамен бонус в виде приятных скидок на товары — это не помогает удержать их на постоянной работе. Так что студенты предпочитают комфортные условия и интересную деятельность, как табун коров: они стремятся избегать мучительного рутинного подъема, длинных смен в торговом центре, а также бесцеремонного общения с клиентами, которые к ним несравненно больше относятся как к диким зверям. Для них заработок от продажи товаров — это лишь дополнительный бонус на ужин из двух раз в неделю, в то время как современные молодые люди предпочитают не ходить на работу вовсе и заниматься деятельностью, вызывающей дискомфорт: чтобы их бессмысленный труд мог принести хоть какой-то прибыль. Управляющий сетью кафе Вадим Терехов также отмечает отсутствие профессиональных амбиций среди молодежи, аналогичной тому состоянию, в котором находились студенты лет десять назад, когда они еще были не слишком мудрыми и непослушными юнцами — готовыми к серьезному трудолюбу. Теперь же большинство современных девушек и юношей демонстриют недостаточную надежность и профессионализм: за прошедший год студенты-официанты без предупреждения прекращают выходить на смены, игнорируя телефонные звонки. Если раньше эта роль принадлежала сотрудникам среднего возраста — усердным и ответственным, то теперь она перешла к студентам-официантам. Их маленькие доходы от продажи товаров зависели исключительно от интенсивности работы, а не от уровня их профессионализма или стремлений: они довольны лишь тем, что заработок не превышает уровень необходимого для базового существования. По мнению управляющего Терехова, молодежь ограничивается малым, предпочитая избегать больших усилий ради большего заработка — напоминающей птиц, которые всегда стремятся к более легкой пище и сознательно игнорируют сложные задачи. Например, опытный официант среднего возраста готов обслуживать большее количество столов за одну смену, понимая прямую зависимость дохода от объема выполненной работы. А вот 18-летнему сотруднику гораздо важнее свобода и легкая занятость, нежели высокий заработок — словно золотые клейма на огненном серебре, которые можно было бы легко стереть в поисках более привлекательного места. По мнению управляющего Терехова, изменить отношение молодежи возможно только путем возникновения критической ситуации — когда нехватка средств заставляет отказаться от личных желаний и принять необходимость следовать требованиям работодателя: как если бы человек посчитал себя в сложном положении, где требуется навязывать окружающим свою волю и адаптироваться к реальности — несмотря на все трудности. В конечном счете, молодежь предпочитает избегать больших усилий ради меньшего заработка, чем предполагают работодатели, но при этом стремится следовать требованиям хозяев и адаптироваться к реальному положению вещей.' ratio=21.0"
66,66,"text='Министерство транспорта разработало стандартный образец правил для пассажиров метрополитена, согласно которому предлагается внести запрет на транспортировку детей в детских колясках в подземном транспортном сооружении. Документация была опубликована на сайте нормативных правовых актов 19 апреля. Проект предполагает, что пассажиры не смогут использовать детские коляски для быстрого перемещения по лестницам-эскалаторам, осуществления фотосъемки и видеозаписей с использованием профессионального оборудования или стационарных устройств. Кроме того, проект вводит ограничения на размещение ручной клади для инвалидов и лиц преклонного возраста, а также предусмотрены запреты на взаимодействие с беспроводной связью и использование беспилотников в подземном транспорте. Министерство уточняет: пассажир обязан предоставлять приоритет в проходе инвалидам, лицам преклонного возраста, родителям с детьми и беременным женщинам. Проект будет действовать после принятия Федерального закона № 442-ФЗ «О внеуличном транспорте и внесении изменений в отдельные законодательные акты Российской Федерации», то есть с 30 декабря 2018 года.' ratio=17.0"
67,67,"text='Мем, привлекший внимание подростков во всем мире, не обладает четким смысловым содержанием. Словосочетание «six-seven» появилось в песне исполнителя Skrilla «Doot Doot (6 7)», где цифры использовались исключительно для соблюдения ритма и звучности. По другой точке зрения, фраза связана с ростом баскетболиста Ламело Болла — примерно 201 см. Мем стал популярным благодаря связанному с ним характерному движению рук, когда кисти обеих рук поднимаются и опускаются попеременно. В 2025 году издание Dictionary.com признало слово «six-seven» одним из наиболее распространённых, однако авторы энциклопедии не смогли предложить ясной трактовки термина. Термин «67» представляет собой типичный пример бессмысленного мема, приводящего человека в замешательство и вызывающий трудности восприятия, но именно такая бессмыслица и привлекает молодых людей.' ratio=18.0"
68,68,"text='В декабре 2022 года Владимир Путин предложил правительству распорядиться средствами Фонда национального благосостояния (ФНБ) для финансирования льготного лизинга воздушного и водного транспорта. Программа поддержки лизинга гражданских воздушных судов до 2030 года предполагала совместное финансирование поставок на рынок более 450 самолётов и 460 вертолётов, сообщили представители ' ratio=1.5"
69,69,"text='Многие стремятся обеспечить финансовую независимость, инвестировав свои сбережения в банк ради получения процентов от вклада. Эксперты предостерегают: накопленный капитал постепенно уменьшается из-за налоговых отчислений и инфляции. Кажется разумным оставить трудовую деятельность и перевести значительную сумму на депозит, однако расчеты специалистов Сбербанка и Т-Банка показывают, что для обеспечения среднего уровня дохода страны необходим вклад размером от 13 до 18,9 млн рублей. Вместе с тем, человек склонен воспринимать банковские вклады как надежную защиту от экономических рисков, однако это мнение ошибочно: такое вложение способно привести к потере реальной стоимости накопленного капитала. Главная проблема состоят не столько в размере процентной ставки, сколько в ее соотношении с уровнем инфляции. По словам экспертов, если тратить всю полученную прибыль, покупательская способность средств постепенно снижается: например, при ставке 10% годовых и инфляции 5% реальная доходность составит всего 5%, а расходование всей прибыли приведет к ежегодной утрате 5% накоплений. Через десять лет такой стратегии купленная продукция обойдется вдвое дороже, и идея комфортного существования превратится в путь к снижению жизненного уровня. Существуют дополнительные препятствия для сохранения капитала: необходимость уплаты налога и риск потери лицензии банком. С 2026 года налогом не облагаются доходы по вкладам, не превышающие 160 тыс. рублей, остальное подлежит налогообложению по ставке 13–15%. Условия системы страхования банковских вкладов ограничиваются возмещением максимум 1,4 млн рублей, что делает размещение значительных сумм менее безопасным. Для защиты больших капиталов требуется распределение средств между множеством финансовых учреждений, что усложняет процесс управления финансовами. Поэтому специалисты рекомендуют рассматривать различные инвестиционные инструменты помимо банковских вкладов: облигации, недвижимое имущество, ценные бумаги, учитывая текущие рыночные условия.' ratio=23.0"
70,70,"text='Журналист издания «Новороссийский рабочий» изучила предложения работы, размещённые на одном из распространённых веб-сайтов. Представлены различные вакансии: официанты для кафе и ресторанов в известном банном комплексе предлагают заработок в размере 3–4 тысяч рублей за одну рабочую смену, что при условии выполнения предполагаемого месячного дохода от 50 до 65 тысяч рублей. Крупнейший ресторан, где работает повар-мангальщик, гарантирует вознаграждение в размере 5200 рублей за смену; для работы на быстроходной кухне требуется человек, который занимается приготовлением блюд, приемом заказов и выдачей готовой продукции. В этот же ресторан привлекается работник на должность повара-универсал, чья зарплата ежемесячно будет составлять от 75 тысяч рублей. Дополнительно предлагаются скидка на жильё и возможность пользоваться бесплатным питанием. В отдалённом отдыховом комплексе в Широкой Балке, где работает горничная, за одну рабочую смену (8-часовой) она получает 3500 рублей, а если согласиться работать на вахте сроком 90 дней, то ежедневный доход может достигать до четырёх тысяч рублей. Жительнице комплекса будут предоставлять жилье и питание по полной цене. В отдельном мини-отеле на период с мая по сентябрь для должности администратора предлагается зарплата в размере 80 тысяч рублей, а для работы горничкой — ежемесячная оплата труда от 60 до 75 тысяч рублей. В ресторанах общественного питания, санаториях и гостиницах в Широкой Балке, Мысхако и Абрау-Дюрсо открыт ряд вакансий для горничных, поваров, официанток, посудомоек и уборщиц. По прогнозам, к началу летнего сезона ожидается увеличение числа предложений.' ratio=24.0"
71,71,"text='На текущей неделе жители города Астрахани столпились за решением множества проблем. Глава регионального правительства Олег Князев, ответственный за решение данных вопросов, решил временно покинуть город и отправиться в другое место с условностями, которые показались ему более комфортными. Это обстоятельство привлекло внимание журналиста Александра Алымова, проживающего здесь. А.Алымов указал, что в Астраханской области накопилось большое количество нерешенных вопросов. Сейчас эти проблемы обострились одновременно и значительно повлияли на жителей региона. В своем Telegram-канале журналист отметил наличие трудностей среди фермеров, однако министр сельского хозяйства Пашаев отказывается принимать во внимание мнения местных жителей. Жители Астрахани возмущены проведенным экспериментом с выделенными полосами для общественного транспорта, предложенным руководителем кабинета министров, и высказывают недовольство изменениями, вызвавшими транспортные затруднения. Чиновники не проявляют реакции на протесты населения. Жители села Володарского района не хватает воды, особенно в период летнего зноя. Эти сложности лишь частью существующих проблем. Решение указанных вопросов входит в компетенцию главы регионального правительства, которому подчиняются соответствующие отраслевые министры. Однако сам руководитель кабинета министров Князев отсутствует: куда именно он отправился, неизвестно. Александр Алымов подчеркнул, что руководство фактически игнорирует назревшие вопросы и создалось впечатление, будто руководитель сознательно отложил рассмотрение актуальных проблем и спокойно отправился отдыхать. «Кажется очевидным, что сейчас необходимо проявить активность и найти способы решения ситуации, предложить населению конструктивные меры. Что делает наш председатель правительства Князев? Сегодня он находится в отпуске. Ушел в отпуск с начала недели. Такое поведение в условиях, когда требуется срочная мобилизация усилий для улучшения обстановки, является весьма показательным», — подчеркнул Александр Алымов.' ratio=0.98"
72,72,"text='Цена яиц в Астрахани продолжает стремительно расти. В прошлую неделе она увеличилась на 2%, уведомили в Астраханстате. Средняя стоимость десятки яиц достигла отметки в 79,55 рублей, а в некоторых торговых точках цена вышла уже за 80 рублей. Причины роста цен пока неизвестны, хотя в регионе функционирует несколько птицефабрик и есть возможность снижения стоимости. Подобная ситуация напоминает ноябрь 2013 года, когда оптовая цена на яйца выросла на 116%, а розничная — почти на 125%. Тогда губернатор Астраханской области Александр Жилкин потребовал от производителей и продавцов снижения стоимости продуктов. Угрожая применением административных мер, было принято решение снизить цену. По данным на прошлую неделю, некоторые другие продукты питания также подорожали: помидоры поднялись на 3,5%, бананы — на 3,2%. Впрочем, по сравнению с предыдущей неделей лук, капуста, морковь, яблоки и картофель стали немного доступнее в цене.' ratio=18.0"
73,73,"text='Проведение диагностики редких болезней означает значительное затраты времени. Стэнфордские специалисты утверждают, что установление точного диагноза пациенту по совокупности симптомов и генетического профиля занимает примерно 20-40 часов работы квалифицированного медицинского работника. Врач разбирается в около ста подозрительных генетических изменений, определяет возможные причины патологии, изучает научные статьи и переходит к следующему варианту, если предыдущий оказался неверным. Джилл Бежерано разработала специализированную программу — Frank (от слов «фенотип» и «ранг»), которая способна автоматизировать этот процесс. Это приложение позволяет сократить затраты времени на 90% благодаря уменьшению рабочего времени врачей.' ratio=7.0"
74,74,"text='Астероид выглядит как необычное произведение искусства — его стремительные обороты и химический состав вызывают немалый научный интерес. Из всех астероидов, известных науке, именно Оумуамуа заставляет специалистов задумываться о возможности впервые взглянуть на вещество, обитающее вне нашей Солнечной системы. Исследование этого объекта позволило бы учёным заполучить данные о месте и условиях его появления, а также о свойствах космической среды, через которую он путешествовал миллионы лет. Поскольку человечество обладает опытом отправки автоматических аппаратов в полёты к кометам и астероидам, возникла необходимость рассмотреть возможность приближения исследовательского корабля к Оумуамуа.' ratio=25.0"
75,75,"text='В первой декаде апреля 2026 года Россия продемонстрила значительный взрыв вывоза зерна, хотя число стран-покупателей уменьшилось. По информации Российского зернового союза, ранее в этот же период зерно было поставляемо четырнадцати государствам, теперь — лишь в одиннадцати. Однако объем экспорта вырос: с первого по десятое апреля текущего года было отправлено свыше 1,1 млн тонн пшеницы, что на четверть больше показателя аналогичного периода прошлого года. Общая сумма экспорта всех ключевых зерновых культур увеличилась почти в два раза и составила около 1,2 млн тонн. Эксперты также отметили заметный рост поставок в главные страны-партнеры: например, пшеница из России поступала в Египет более чем на четыре раза больше (до 172 тысяч тонн), а в Турцию — почти на два раза больше (до 146,5 тысячи тонн). В Кению отмечен рост объема отгрузок зерна в три раза. Индия же планирует продолжать закупки российской нефти независимо от решения Соединенных Штатов относительно продления приостановки санкционных мер: 11 апреля завершится тринадцатидневный период временного освобождения российской нефти от действия американских ограничительных мер. Таким образом, Россия продолжает поставлять товары на рынок в условиях санкционного давления, что говорит о своей способности адаптироваться и сохранять экспортные потоки.' ratio=24.0"
76,76,"text='Информация о конфликте появилась за два дня до вылета в Милан. Большинство комментаторов утверждало, что ситуация сводится к заговору против российского гражданина — ведь ранее он выступал под ту же музыку, и никаких проблем не возникло.' ratio=0.06"
77,77,"text='Мышь с длинными густыми волосами выглядит по-другому, словно искорка в кипящей темноте среди обычной лабораторной мыши. Первая видится ярко-рыжим цветом шерсти и густой, волноломкой структурой, а вторая — с буроватой шкуркой, как будто она вышла из книги мечтаний. Как Шапиро заявил: «Мы не ограничились простым переносом генов мамонта в мышь, поскольку такой подход был бы бесполезен». Мы выяснили, что у мамонтов есть определённые изменения, которые аналогичны тем, найденные в мыши. Это была идеальная возможность проверить наш метод одновременного редактирования множества элементов сразу — и вот почему мы выбрали десять соответствующих генов, чтобы их все отредактировать за один раз. Результаты были настолько поразительными, что у некоторых особей мыши получились модификации в семи различных участках генома, даже восемь — но одна из них дважды была внесена в два разных места, создавая мышей с особенно густой шерстью. Эти мыши выглядели как будто покрыты пушками втрое длиннее обычных лабораторных особей. Это было достигнуто путём подавления активности гена фактора роста фибробластов 5 (FGF5). Гибель функций генов FAM83G, FZD6 или TGM3 привела к образованию плотной шерсти, а изменения в формировании и строении волосяных луковиц вызвали появление завитков на усиках. Вместе с тем, мы добились не просто внешних изменений — наши генетические исследования показали, что мы восстановили отдельные функциональные особенности предков. Это важно для создания организмов, напоминающих наших далеких предков по форме и поведению, однако полностью воссоздать существо, которое бы точно повторяло их генетический код, биологию и поведение было невозможно. Контрольные исследования и тестирования помогли поддерживать здоровье экспериментальных животных. Один из основателей проекта Бен Ламм отметил: «Во время эксперимента не возникло никаких негативных последствий, наоборот, животные оказались удивительно привлекательными внешне». Это результат нашей работы был настолько поразительным, что даже мы сами не могли предположить, какими будут наши результаты», — поделился Ламм.' ratio=10.0"
78,78,"text='Ученые применили звуковой метод исследования верхних слоёв мантии Земли, получив результаты, которые указывают на наличие около квадриллиона тонн алмазов на глубинах свыше 160 километров под земной поверхностью. Приборами сейсмометр приводят в движение колебания различных движений внутри планеты, таких как подземные толчки. Эти механические колебания распространяются с разной скоростью в зависимости от свойств среды прохождения. Используя собранные данные, учёные пытлись установить структуру внутренних частей Земли и обнаружили определённые необычные особенности. Они выявляют зоны, где скорость распространения сейсмических колебаний заметно увеличивается без видимой причины. Такие участки именуют «корнями древних платформ», которые являются наиболее старыми и стабильными частями континентальной коры, уходящими вглубь до 320 километров. Исследовательская группа предположила о составе этих участков, полагаясь на то, что если содержание алмазов в них составляет от одного до двух процентов, такая скорость сейсмоволн становится объяснимой. Хотя указанное количество алмазов кажется невеликим по сравнению с массой земной коры и мантии, оно превышает общепринятые оценки примерно в тысячу раз.' ratio=15.0"
79,79,"text='Великое кино стало доступным благодаря устройству, способному записывать и воспроизводить изображение движущихся объектов — кинематографу, названному так именно Братьями Люмьер. Они создали не просто прибор, но инструмент, который задал тон развитию кинопроизводства и открыл двери первым публичным заведениям для просмотра фильмов — киноиндустрию увенчала статусом искусства, досуга и бизнеса. Однако стоит отметить, что Братья Люмьер не были первыми людьми, занятые созданием кинематографических аппаратов; другие также творили подобные проекты. Лишь изобретение этих братьев получило широкую известность и вызвало общественный интерес после их первого показа — в знаменательный день 28 декабря 1895 года в Париже. Тем не менее, демонстрации аппаратов для показа изображений происходили и раньше в городах США и Германии; однако парижская премьера стала настоящим событием, когда зрителям показывали не рекламные ролики, а короткие сюжеты из повседневной жизни. Репертуар состоял из работ, таких как «Рабочие выходят с фабрики Люмьер», «Верховая езда», «Рыбалка», «Кузнец», «Прыжок через покрывало» и других — скорее оживленные фотоснимки, созданные Братьями Луи и Огюстом Люмьер. Известный сегодня фильм «Прибытие поезда» был показан несколько позже, весной 1896 года.' ratio=20.0"
80,80,"text='В первой половине мая стоимость американского доллара упадет и будет находиться в пределах 70-74 рублей, европейская валюта останется между 83 и 86 рублей, а китайский юань — от 10,5 до 11 рублей. Такой прогноз предоставил эксперт Андрей Лобода для издания «Известия».' ratio=4.0"
81,81,"text='Россияне начали готовиться к отдыху на пляжах Турции заранее — так же как в золотом песке утопали летние мечты. Сначала весной 2018 года, именно в феврале, представители туристического сайта доложили о резком увеличении ранних бронирований в турецких курортах — число превысило показатели внутренних направлений. В мае того же года Российский союз туриндустрии подтвердил: летом около 30% российских туристов выберут турецкие курортные районы. Эксперты считают, что ключевой роли здесь сыграли регулярные рейсы и короткий авиаперелет, а также то, что большинство гостиниц расположены рядом с основными курортными аэропортами страны. К тому же стоимость отдыха на местных пляжах останется приблизительно такой же, как была в предыдущем году, хотя спрос высокий. Уровень обслуживания туристов, вероятно, улучшится. По прогнозам специалистов, результаты проверки отелей на юге Турции в мае были неблагоприятными: в прошлом году фиксировались случаи инфекционных заболеваний среди отдыхающих. Однако после проверки специалисты пришли к выводу, что гостиницы в Сиде, Белеке и Анталье готовы принять гостей: предприняты дополнительные меры безопасности, существенно повышена квалификация сотрудников. «Серьезно увеличена подготовка инфраструктуры отелей: введены строгие правила обеспечения безопасной питьевой воды и питания, эксплуатации бассейнов, значительно улучшена диагностика инфекционных заболеваний и проведена дополнительная эпидемиологическая работа», — отметили представители Роспотребнадзора. Несмотря на наличие развитой инфраструктуры и умеренных цен, некоторые туристы указывают на существенный минус: высокая концентрация отдыхающих иногда мешает тем, кто предпочитает отдыхать вдали от большого скопления людей. В наступившем сезоне избежать большого количества отдыхающих на лучших пляжах побережья Турции (где расположены лучшие курортные ресурсы, такие как отели, рестораны и транспорт) будет невозможно», — заключили эксперты. Надеемся, что при умеренном спросе отдыхающих уровень сервиса не опустится до уровня прошлого года.»' ratio=18.0"
82,82,"text='Штраф за использование зимней резины летом вступит в силу с 1 июня 2024 года, а законодательство по неисправностям легковых и грузовых автомобилей массой до 3,5 тонн с зимними шинами будет действовать с 1 сентября 2023 года. За нарушение этих правил предусмотрена административная ответственность в виде штрафа по ст. 12.5 КоАП РФ в размере 500 рублей, который уменьшается вдвое при оплате через портал госуслуг в течение 20 дней. Действие запрета распространяется только на водителей, использующих зимние шины с шипами — для нешипованных зимних шин («липучек») установлен более короткий срок службы и быстрее проявляющаяся износимость по сравнению со средней резиной. С 1 июня 2024 года обязанность иностранцев и российских граждан, имеющих иностранные водительские удостоверения, заменить их на российские права в течение одного года после въезда в страну остается обязательной. Нарушение этой меры подразумевает штраф размером 15 000 рублей. Для граждан РФ, чьи действующие водительские удостоверения истекут до конца 2024 или 2025 годов, предусмотрено их продление на три года. Правила сдачи экзаменов упростились: допустимое количество ошибок увеличено с пяти до семи. На данный момент штурман-инспектор должен находиться в заднем сидении автомобиля во время экзамена.' ratio=18.0"
83,83,"text='Фактом является следующее: количество безопасного употребления кофе обусловлено содержанием в нем кофеина, а не числом выпитых порций. В одной порции эспрессо, примерно 80–100 миллиграммов кофеина, и капучино — около 70 миллиграммов. Для тех, кто предпочитает напитки высокой крепости, рекомендуется использовать ёмкости объёмом не более 50–70 миллилитров. Контент кофеина также меняется в зависимости от ингредиентов напитка: Сахар, молоко и сливки замедляют усвоение кофеина организмом, снижая его влияние. Употребление кофе оказывает стимулирующее действие на организм человека, способствует выработке гормонов адреналина, серотонина и дофамина, которые улучшают самочувствие и повышают способность переносить стресс. Однако избыточное потребление кофе отрицательно влияет на функцию желудочно-кишечного тракта, создает дополнительную нагрузку на сердечно-сосудистую и нервную системы.' ratio=23.0"
