,index,idiomatic_version
0,0,"text='Совершенно непохожее явление в тёмных улицах Петербурга, где мерцали непонятные фигуры облаков, которые быстро сменялись друг другом. В небе висел тусклый, бесцветный объект, который казался неопределённой формы и двигался невидимкой рукой. Небо затемнелось, но оно было ещё светло; металлические крыши и дымовые трубы покаялись в тусклом свете, а река Мойка протекала зелёной волной. По берегу размещалось величественное триэтажное здание с пятью белыми колоннами и архитектурными деталями, которые выступали на ярком фоне. По центру здания гулял солдат в блестящем шлеме с позолотой, а на его каске висела серебряная фигурка голубя, расправившего крылья. \n\nНиколай Аполлонович, осыпавшись парфюмом и оставшись без щетины, шёл вдоль зелёной волны Мойки, завернувшись меховым пальто; его лицо было скрыто воротником, а глаза казались туманными. Внутри него происходили беспорядочные чувства без определённого наименования, как будто внутри него возникло сильное внутреннее напряжение и непознанные эмоции указывали ему путь в неизвестную землю. \n\nОн задумывался: может ли это чувство быть любовью? В его памяти встал воспоминание: однажды ночью, покрытый туманом, он вышел из указанного подъезда и спешил к чёрной императорской карете. \n\nОн ощутил дрожь.\n\nПоднялся пучок света: чёрная императорская повозка проследовала мимо, таская ярко-красные фонари; эти светильники отразили своё изображение на тёмной поверхности воды Мойки, а расплывчатые очертания головы слуги и края верхней одежды промелькнули вместе с пучком света, появившись из туманной области и исчезнув в другой. \n\nВозможно ли, что его непонятные чувства являются любовью?' ratio=45.93"
1,1,"text='Видны следы великолепного дворца, напоминающего башню в форме, странной для глаз; его кирпично-розовый камень покрыт временем, а власть, жившая здесь раньше, ушла. Дворец возвышается среди голых деревьев, как корона ветров; их ветви поднимаются к небу, как пытающиеся захватить облака, колеблятся и качаются, а вороны, летят высоко над облаками, словно играя со звездами. В этом районе проезжал конный экипаж. На площади стоит конная статуя, которую горожане не замечают часто; она величественна как горная вершина. Сам монарх воздвиг памятник своему предку, который прожил в красном кирпичном дворце только короткое время. Возможно, в окне дворца висели круглая белая голова с завитушками, словно охранник зимнего леса. Здесь происходили беседы между Павлом Петровичем и изнеженной фрейлиной в прозрачной ткани; девушка улыбалась и имела родинку на щеках. Вечер свет луны, блестевший даже на миниатюрном изображении купидона внутри интерьера императорских покоев; там было видно тело человека, лежавшего ранее. Удары часов доносились откуда-то, а скоро стали слышны шаги к постели — всего несколько секунд и она была помята, горячие простыни сохраняли тепло тела; тело исчезло; молодые офицеры с открытыми саблями наклонились над пустой постелью. Слышался плач женского голоса; бледнолицый офицер поднял край шторы и увидел сквозь прозрачную ткань окна смутное очертание дрожащей тени.' ratio=0.38"
2,2,"text='В сумерах, мгла затюшила небо, скрывая все, что находится выше - как будто глубины космоса втянулись в бесконечный мир древних богов. Сейчас известно, что облака прозрачнее синей стеклянной кулисы, а небо - бесконечное пространство пустоты. На смену веры пришло убеждение, которое называют знанием. В детстве я был уверен в своей правоте во всём, но теперь впервые осознаю, как отражение во лбу камня застилается в воде, где прошлое не может быть изменено. Раньше я смотрел на себя как на призрак, а теперь вглядываюсь в глаза и вижу другой, чужого человека, незнакомого, с черными ровными бровями и вертикальной морщиной между ними. Как будто я увидел зеркало судьбы - то, что отражается в нём, чуждо мне самому. Серые глаза имеют стальной оттенок, под ними темные круги от бессонницы и неподдерживаемых надежд. По моему взгляду не видны мои настоящие чувства и переживания, а теперь они ясно показались мне в зеркале. Оттуда же, изнутри сознания, смотрящего на моё изображение, появляется твердое убеждение, что этот отражённый мужчина чужд мне самому, мы я вижу его впервые. Настоящий же я - другой, не такой, каким я и сам себя представляю. Неважно какого именно вещества я употребил накануне вечером, но оно предало меня в ловушку собственных предрассудков и неожиданного разумения. Это показалось мне как необыкновенное зеркало - как прозрачный шар, который отражает настоящее лицо в непостижимых видениях. R-13.' ratio=42.95"
3,3,"text='Персонаж одет в стиль древности: тесный чёрный костюм подчёркивал белизну обнажённых плеч и груди, а также выделял светлые зубы, казавшиеся сверхъяркими. Женщина усадилась и начинает импровизовать. Её исполнение отличалось хаосом и нервизмом, которые отражают характер той эпохи, в которой она жила. Она играла беспорядочно, без какой-либо структурированности. Прочие вокруг были согласны друг с другом и весело смеялись. Однако некоторые из присутствующих испытывали сомнения, и я тоже задумался над причиной своего смеха. Эпилепсия является психическим расстройством, вызывающим страдания. Боль нарастает постепенно, усиливаясь и становящейся всё интенсивнее. Постепенно пробуждается осознание болезненности ситуации. Затем приходит ощущение солнечного света, яркого и мощного, резко отличающегося от обычного спокойного освещения. Это чувство заставило снять одежду и разорвать её на куски. Человек, сидящий рядом со мной, посмотрел в мою сторону и усмехнулся. Запомнилось одно обстоятельство: я заметил маленький пузырь слюны, появившийся и тут же исчезнувший на его губах. Наблюдение этого явления вернуло мне ясность сознания. Подобно остальным, я воспринимал лишь бессмыслицу шума струн музыкального инструмента. Я улыбался, чувствуя облегчение и спокойствие. Лекционный материал дал реалистичное представление о событиях того периода, вызвав смех слушателей. После прослушала я современную музыку, демонстрируемую специально для сопоставления с предыдущей. Удовольствие доставляли чёткость структуры музыкальных произведений, построенных по строгим научным принципам, включающим элементы математики и физики. Ощущалась мощь порядка и гармонии современной музыки, противопоставляемой примитивному искусству прошлого, лишённому каких-либо ограничений, кроме собственных вымышленных представлений авторов. Все покинули зал парами по четыре человека, двигаясь организованно через большие выходы. По пути мимо прошёл знакомый человек, имевший необычную фигуру, выгнутую в двух направлениях одновременно; я уважительно приветствовал его кивком головы.' ratio=38.1"
4,4,"text='Это слова Рутилова казались оживлёнными и жизнерадостными, как обычно, но внутри их лгала мгла. Его голос был ярким и веселым, улыбка на его лице - широкой и заразительной, но его сердце было холодно и мертвое. Под шляпой, которую он носил, чтобы выглядеть модерном, скрывались тёмные, немытые волосы, укоренившиеся в его голове от забот и страданий. - Не можно так! - слабо возразил Передонов, снимая золотые очки и кивнув головой. - Это же правда! - крикнул Рутилов, вздыхая глубоко. - Смотри внимательно, пользуйся моментом, пока я жив, потому что после моей смерти станет гораздо сложнее найти невесту, подходящую именно тебе. Каждая из моих дочерей охотно согласилась бы выйти за тебя. - Да, действительно много людей желают познакомиться с тобой, - угрюмо похвалился Передонов. - Именно поэтому необходимо использовать ситуацию, - советовал Рутилов. - Лучшее для меня, чтобы девушка была полная и привлекательной, - с грустью в голосе сказал Передонов. - Не стоится беспокоиться по этому вопросу, - энергично уверял Рутилов. - Мои дочери уже достаточно полноваты, а если кто-то ещё недостаточно полная, это временное. После замужества они станут ещё более привлекательными, посмотри хотя бы на мою старшую дочь Ларису. - Я хотел бы вступить в брак, но боюсь конфликта с женой Варькой, - задумчиво похвалился Передонов. - Поскольку ты боишься конфликта, прибеги к хитрости, - предложил Рутилов со взглядом, полным уверенности и изобретательности: - сегодня же заключай брачный союз, лучше сделать это немедленно. Вернись домой с молодой супругой, проблема сама по себе разрешится. Действительно, хочешь, я всё организую прямо завтра вечером? И выберешь любую девушку. Передонов начал грохотать от смеха. - Разве соглашаешься? Заключаем сделку? - поинтересовался Рутилов. Передонов прекратил смех и низко прошептал тихим голосом: - Она расскажет всему миру об этом, эта негодяйка. - Ничего, о чем стоит рассказывать, не произойдет, - успокаивал Рутилов. - Или отравит тебя, - испуганно бормотал Передонов. - Просто доверься мне во всех вопросах, - убедительно настаивал Рутилов, - я обеспечу всё аккуратно и продуманно. - Без приданого я вступать в брак не хочу, - раздражённо выкрикнул Передонов. Новое резкое изменение темы разговора не смутило Рутилова. Он ответил столь же вдохновенно: - Странный человек, разве мои дочери лишены приданого? Так что, согласен ты или нет? Я пойду заниматься подготовкой. Запомни, нельзя говорить кому-либо об этом деле, понимаешь? Рутилов пожал руку Передонова и ушел прочь.' ratio=0.83"
5,5,"text='Вспомнилось изображение простого, абсолютно очаровательного момента жизни, который я превратил в захватывающую историю, потому что я - поэт. Я никогда не останусь пассивным или обычным, буду уязвим либо неуязвим, я сделаю из вас шедевр, прекрасную и захватывающую историю о веселье и очаровании. Начинание всегда обусловлено случайностью, но разумнее начать со стороны тех аспектов человеческого опыта, которые вызывают восхищение или хотя бы эстетическое удовлетворение. Прекрасными качествами человека являются сила духа, здоровье и молодость, прекрасными явлениями природы являются прозрачная вода, лучи солнца и теплое время года. Изобразился в голове летний день - ясный и жаркий, а река Скороденич находилась под сиянием солнца. Прозрачная вода, яркий свет и летняя погода создавали ощущение радости благодаря теплоте солнца, открытости пространства, пыханию ветра издалека, присутствию множества птиц и двух молодых красавиц. Елизавета и Елена, родные сестры, купались в реке Скороденич. Эта картина была радостной из-за хорошей погоды, а еще потому, что девушки выглядели необычно красивыми и были обнаженными. Обе испытывали приятные ощущения: прохладу, желание активно двигаться, улыбаться, разговаривать и развлекаться. Во время беседы они упомянули мужчину, который был предметом их мечты. Эти девушки были дочерьми обеспеченного владельца поместья. Участок реки, где они купались, прилегал к обширному старинному саду принадлежавшего им дома. Возможно, им нравилось находиться здесь еще больше, так как они ощущали себя владелицами быстро текущей воды и песчаного берега под ногами. Они свободно передвигались и играли в воде, чувствуя уверенность и свободу владелиц с рождения. Человек не знает, где заканчивается его власть, однако счастливы те, кто уверен в своем положении и полномочиях!' ratio=47.18"
6,6,"text='На краю града, в квартале, известном как Расчески, расположено жилище, окруженное длинными многоквартирными строениями, разбитыми параллельными рядами с промежутками, заполненными бетонными дворами, предназначенными для игры местных малышей. Здания одеты в белые одеяла, украшенные множеством окон и кажущиеся единообразными. Между строенийми лежат пустоши, окруженные забором. Остатки развалин привлекают больше внимания детской фантазии, чем эти дворы. \n\nМежду жилых кварталов и пустошей находится отдельно стоящий дом, известный как Серый. Он - старик, относится ко времени разрушения предыдущих построек, а не современным комплексам. Другие строения расположены далеко от него. В здании три этажа, фасад обращен к дороге, также есть внутренний двор, ограниченный металлической сетью. Раньше здание было обидно белым цветом, теперь оно серое снаружи и яркое внутри. Крыша покрыта антенной и кабелями, стены покрываются мелкими шрамами штукатурки и трескаются. рядом располагаются гаражи, подсобные помещения, контейнеры для мусора и будки для собак. Во дворе всё выглядит запущенным. Передняя сторона фасада лишена каких-либо украшений и кажется мрачной. \n\nОбитатели окрестности испытывают неприязнь к этому дому. Хотя никому открыто не высказывается своего недовольства, большинство предпочитает жить подальше от него и желало бы, чтобы этот дом вообще исчезал.' ratio=41.8"
7,7,"text='Когда любой человек стремится к вниманию, он выступает как эгоист с негативными качествами, готовясь совершить какие-либо поступки и чрезмерно оценивая свою ценность. Однако фактически такой человек остается бесценным. Этот самоуверенный и тщеславный человек — как птица, желавшая казаться лучше, чем была. Затем — животное, утонувшее вследствие собственного безумия. Подобные песни он хотел исполнить ещё раз, однако больше никто не был готов его слушать. Лицо Сипа изменилось от гнева и он заплакал молчаньем. Его поблагодарили, дали салфетку и предложили другому ученику продолжить выступление. \nГуль говорил почти неслышно, словно читал написанное прямо на столе, несмотря на отсутствие текста, кроме испорченного пластмассового покрытия. Белой шевелилось его волосы, мешая видеть, и он затем управлял ними мокрым пальцем. Прическа держалась только до тех пор, пока палец был приложен к челу, после чего немедленно возвращалась назад, снова закрывая взгляд. Для долговременного наблюдения за ним требуется особая выдержка. По этой причине я старался не смотреть на него: мои нервы находились и так в плохом состоянии, дополнительная нагрузка могла привести к ухудшению самочувствия. \nЧто именно обращает на себя внимание обсуждаемый субъект? Кажется, он стремится к вниманию своей обуви, однако это неверно. С помощью привлечения интереса к обуви он выставляет свои ноги на публичный очерк. Таким образом он демонстрирует физическое несовершенство и подчеркивает недостатки остальным, игнорируя их чувства и мнение. По этой причине он снижает нас...\nОн продолжал говорить монотонно и однообразно. Палец двигался вдоль носа, по его глазам было видно, что он начинал злиться. Я знаю все аргументы, которые он может изложить, поскольку такие речи типичны в данной ситуации. Каждое высказывание Гуля было столь же невыразительным и скучным, как он сам, его пальцы и ногти.' ratio=64.32"
8,8,"text='В далекие времена он был блестящим и пылким существом. Мгновенно лезть на руки, поднимая тело вверх ногами и двигаться как парус – это было для него, как будто родная речь. Зубами он мог вытащить стул и разорвать верёвку сильными мышцами рук. Его тело гремело энергией, желая прыгнуть через забор, раскачать столб, одним словом – совершить впечатляющую поступь, как мы говорили в молодости. Сегодня кажется, что произошло нечто изменчивое, словно механизм слегка испортился. Он начал сутулиться и признался другу Подтягину, что страдает бессонницой. Ночью перед понедельником плохо спал, проведя двадцать минут в обществе недостойного человека в остановленном лифте. Утро следующего дня началось тяжело: долгое время сидел голым, держа вытянутые прохладные руки между коленями, пораженный осознанием, что снова должен будет одеть рубаху, носки, брюки – вещи, заполненные грязью и нечистотами. Это чувство приносило у него воспоминание о циганском пуделе, выглядящем ужасающе жалко в человеческой одежде. Частично апатия объяснялась отсутствием работы. За прошедшую зиму удалось скопить небольшую сумму денег, осталось от которой около двухсот марок, потому что последние месяцы были затратными. В предыдущем году, прибыв в Берлин, он быстро нашел работу и продолжал трудиться до января, выполняя разнообразные задания: испытывал тяжесть утренних поездок на завод; чувствовал боль в ногах после десяти километров беготни с подносом среди ресторанных столов заведения «Пир Горой». Занимался также посредничеством, предлагая любые товары, какие попадались под руку – будь то баранки, средство для укладки волос или драгоценности. Он ничего не отвергал: неоднократно зарабатывал продажей собственной тени, как многие из нас. Иными словами, участвовал в массовке киносъемок за городом, где огромные прожекторы, направленные на группу статистов, ярко освещали лица людей своим ярким резким светом, создавая ощущение дискомфорта и стыда. После завершения съемки контракт считался выполненным, и заработанная сумма расходовалась.' ratio=43.57"
9,9,"text='В этой комнате лежит жизнь, словно на качелях движущиеся вверх к ясным солнечным облакам. Изображаясь деревьями и проводами, они становятся домом для птиц, а бело-красный дорожек считается уютной лабораторией мечтаний. Звуки природы — пение птиц, брызгающие струи воды и далёкий лай собак — создают симфонию для души, которая погружена в свои размышления. В этой комнате происходит преобразование мечты в реальность, как будто небо заливается золотом и накрывает все сквозь окно. Много лет спустя Ганин помнит, как картины на стенах, звуки природы и изображение Христа в киоте становились составляющими мечты о девушке, которую он видел в жизни. В этой комнате начинается новая страница его судьбы, где солнечное светлое небо создает чувство бесконечности и свободы, а звуки природы заполняют её мечтами и воспоминаниями. В этой комнате он проводит дни в одиночестве, как будто находится на корабле, плавающем по реке счастья. Через каждый шаг он движется ближе к своей мечте, как облака на небе весной в Берлине. Ганин чувствует себя творцом, восстанавливающим утраченный мир, но мечта о девушке ещё не полностью сформировалась, как будто она находится на краю картины и вскоре станет главной героиней. В этой комнате он продолжает создавать образ своей мечты, постепенно собирая все детали, чтоб вызвать чувство полного совершенства. Он проходит дни в этом городе, как будто спускается внутрь себя и начинает создавать новый мир, свободный от неопределенности и страха.' ratio=43.6"
10,10,"text='Был я сотворён в сердце России, в сельской усадьбе моего предка пяти десятков лет назад. Не помню я точно момент своего рождения или последнего дыхания. Лишь число, которое мне было приписано как дата моего начала, не позволило бы мне потерять самосознание моего возраста — так как ещё никак не испытываю ощущений старения. Живя на диком острове, я бы вообще не знал о смерти. Может быть, это было б счастьем... Или наоборот, несчастьем? Правильно ли утверждение, что я бы не узнал о ней? Ведь возможно, смерть — это присущее человеку изначало чувство. Предположим обратное: если бы я никогда не подозревал о смерти, любил бы я жизнь столь же сильно, как она мне любима сейчас? Наш род Арсеньевых — тёмный и загадочный. Слишком много информации остается неизвестной нам! Единственно достоверное, что я знаю: наша фамилия упомянута среди родов, происхождение которых утрачено историей давно. Род наш известен, но потерял своё прежнее влияние. По всей моей жизни я воспринимал принадлежность к такому роду как повод испытывать гордость и удовлетворение, ведь я не отношусь к людям без корней и наследия. В праздник Троицы Православная церковь совершает особую службу памяти всех погибших душ, начиная с древних времен, и произносит следующую проникновенную молитву: «Господи, усмири души твоих рабов в небесной обители Твоей и покой в лоне Авраама всех предков наших и близких родственников, служивших Тебе искренне от времён Адама и до сегодняшнего дня.»' ratio=42.5"
11,11,"text='День прошёл для меня, как туман, сопровождая меня в состоянии непрерывного напряжения: опять поминальные службы, снова большая толпа людей, среди которых были приезжие и уезжающие соседи, а также дети беззаботно играли, ещё ничего не понимая, в закрытой со всех сторон светлой комнате под наблюдением периодически тихонько плачущей няни... Снова темно и люди опять приходят в зал, чтобы собраться и ожидать следующей поминальной службы, негромко разговаривая друг с другом... Затем появляются священники, после чего наступает молчание, свечи горят, происходит облачение в полной тишине, начинается таинство подготовки к богослужению, а затем последовал первый размахивание кадилом и первое произнесенное слово – все эти события показались мне настолько важными в этот заключительный вечер для умершего человека, что я больше не мог смотреть вперед на роскошный бархатный гроб, установленный на соединенных столах, и на тело, лежащее внутри гроба, покрытое золоченым покровом, украшенное золотой иконкой на груди и жесткой белой подушкой, погруженное в мрачную тьму вечного покоя, лицо которого имело черные впадины вокруг глаз и отражало металлический отблеск сквозь тепло и аромат дыма, мерцавшего жарким блеском.' ratio=38.5"
12,12,"text='От прокуратора пришли распоряжения, быстро и точно исполненные – так, как будто солнце взошла из-за горизонта над Ершалаимом, и ещё не снилось на свои полуденное расстояние. На верхнем уровне бойнядской террасы, перед блестящими мраморными львами, произошло собрание между прокуратором и исполняющим обязанности председателя Синедриона Иосифом Каифой. Тёмный сад был тихим, закрытым колоннами убежищем, из которого он появился на ярко освещённом лучами солнца верхнем участке сада с пальмами необычной формы. Открытый вид на весь Ершалаим с висячими мостами, укреплениями и главным образом величественным храмом, крытым золочёной плиткой, слышится тонкий шум толпы ниже, ожидающей суда. Прокуратор чётко услышал голоса обеспокоенных жителей Ершалаима и взволнованных торговцев водой, показывающих, что решение суда не может быть отложено дальше.' ratio=46.0"
13,13,"text='Возможно, ночлег прокурора претерпел изменение благодаря приближению сумерек. Его внешний вид сильно преобразился: он казался усталым, тяжёлым и испытывал некоторый странный дискомфорт. Вдруг он повернулся и неожиданно ударился рукой о пустое кресло, спинка которого была заполонена плащом. Наступила праздничная ночь, затем тёмность, а возможно, утомившемуся прокурору появилось видение кого-либо сидящего в пустой кресло. Поддавшись иллюзии, он ощутил плащ рукой, затем бросил его и начал беспокоиться по балкону: тер руки, подбегал к столу, хватался за чашу, останавливался и начинал смотреть вниз, как будто ищет какую-то тайную доверенность. Поглядим на сегодняшний день — прокуратор вновь ощутил чувство грусти. Затронув висок, в котором осталась лишь лёгкая боль после сильнейших утренних муки, прокурор пытался осознать причину своего внутреннего дискомфорта. Вскоре он осознал ее, однако попытался замаскировать истинные обстоятельства под видом светских вечеринок. Страдая от сознания утренней ошибки, которую сейчас хотел бы исправить незначительными маскарадными действиями, прокурор стремился придать вечернему развлечению такое же значение, как и вынесенный утром приговор. Однако прокуратору сложно было убедить себя в этом.' ratio=40.0"
14,14,"text=""В конференц-зале политехнического института я встретился с настоящим шедевром эпической банальности - редактором Турочком. Они пригласили меня для беседы и представились как человек, полный необузданной чувствительности и богатый причудливым вкусом к обижающимся укорам. Его характер можно сравнить с нежным котлетой, которая готовится для справок, но может оставить привкус избыточного соли. Именно такой был Турочок - сладкий на первый взгляд, но обманивающий и даже склонный к ужасному проявлению ревности. Каждый его гневный крик был как раскаленное железо, задевавшее мои нервы прямо в сердце. Начиналось все так просто - я представил информацию в секретариат, и почти сразу на меня выпала вся эта ужасная бабочка. Словно бешеный ворон, он кричал: 'У вас есть глупой ошибка, пронизанная политическим подтекстом! Вы сказали список стран... Неверно! Это запрещено? Нет, но правильно использовать должны! Требуется уважить соблюдение правил. Порядок здесь проистекает из общепринятой иерархии - демократические страны на первом месте, затем нейтральные, и только потом военно-политическими союзами объединенные. А вы снова совершили ошибку! Последовательность здесь неправильна - ГДР указана раньше Венгрии! Это закономерный результат абсолютной беспринципности! Вам необходимо вернуть страны в правильную последовательность. Начинайте с ГДР, потом следует Венгрия. Даже если между нами и Германией ранее происходили военные действия.' Один раз он молчал и замыслился, а через несколько минут я увидел перед собой измененную версию списка - Венгрия находилась на третьей позиции. И это было не просто поправление ошибки, это был ответ на мои возражения. 'Но ведь между нами и Германией ранее были военные действия', - я сказал в ответ. Он замкнулся в себе и затем бросил мне следующее: 'Это никак не имеет значения! Эта страна уже совершенно другая! Непонятно, кому вообще поручено проверять вашу работу! Вы представляете собой политический клеветник!' После такой беспримерной злобности я оченточно вышел из секретариата и убежал, чтобы спастись от его гнева. На следующий день мне был предложен вознаграждение в размере двух рублей. Это было немного слишком мало, но я понимаю - рынок работников на партийной газете находится в очень неровном состоянии, и вынужденный отпускать своих сотрудников нельзя."" ratio=42.53"
15,15,"text='В этой новелле отсутствуют идеализированные герои и абсолютные злодеи... Здесь нет ни добропорядочных персонажей, ни преступников в истинном смысле слова. Я веду наблюдения уже несколько лет... У одного редактора я услышал такую мысль: - Все твои персонажи действуют совершенно бескомпромиссно, безразлично к тому, какие дьявольские поступки они совершают. Если один из них совершил что-то плохое, сюжет должен привести его либо к падению в безумную обыденность, либо к наказанию. Но у тебя такие поступки кажутся просто частыми явлениями в жизни, как дождь или снег... - Почему ты считаешь всех твоих персонажей порочными? - задал я. - Приведи пример такого поступка. Редактор посмотрел на меня, как на неблагополучного знакомого, который оправдывает свое поведение... Уже долгое время я делять людей не на хороших и плохих, а только на тех, кто верит в себя и те, кто ничего не верят. Люди выражают свои качества и слабости жизнью. ' ratio=43.1"
16,16,"text='В Благодатном, где ничего обычного нет, кроме как древний дом, заметно перестроенный после пожара, а сад, тенистый и одинаковый с десятками других в России, - все это, на первый взгляд, нормальная картина. Широкие поля и хороший лес - обычное зрелище. Однако жители Благодатного - необыкновенные существа, живущие в бедности, с трудом сохраняющие земли, которые когда-то покинули, а потом вернулись обратно. Страшные слухи ходили о том, как во время волнений планировалось поджечь дом и уничтожить имущество с целью захвата бородинских земель. Когда говорили о Петре Николаевиче, они рассказывали невероятные вещи, стоит лишь не повторять. Все просили избегать Благодатного, потому что оно - место страшное и загримированное. Тем не менее, один хороший человек советовал Александре Павловне обратиться с жалобой к губернатору, но она категорически отказывалась слушать подобные предложения. Она утверждала, что слухи абсолютно необоснованны и бессмысленно их обсуждать. К тому же такие обвинения всегда могут возникать - люди хотят снять вину с другого человека. Слухи о Благодатном постепенно затихают, но это не означает, что опасность исчезла.' ratio=42.0"
17,17,"text='Здоровье детей было настоящим чудом, несмотря на их беспокойство: они пожирали снег в благотворном духе веселья и азарта, выходили во лёд зимой, проглатывали мух в попытке заболеть и избежать школы, употребляли сухой, плесенью покрытый хлеб, согласно советам бабушек - как будто это помогает преодолеть страх во время грозы. Постоянно они купались в прорубях рек. Все эти поступки никак не сказывались на здоровье детей, кроме Женьки. После перенесенного им скарлатины и кори, заразившихся всех его товарищей, Женька заболел дифтерией и временно потерял зрение. Спустя время способность видеть вернулась, но он регулярно испытывал сильные головные боли, ощущаемые преимущественно между бровями и в области висков. Когда начиналась боль, Женька страдал якобы от удара судьбы, плача жалобно, почти непрерывно издавая звуки, похожие на стоны. По ночам спящий мальчик совершал странные действия: он выходил на крыши домов и передвигался по карнизам, как будто это был сбежавший из ограды лев. В детстве, когда случались приступы, его укладывали рядом со святыми мощами в иконостасе, а дома у Вареньки находились специальные предметы - бархатные варежки и шапочка, которыми процарапывали лицо мальчика. Иногда его отправляли с Прасковью в Боголюбовский монастырь к священнику-отшельнику отцу Глебу молиться об избавлении от страданий, после чего наблюдалось некоторое облегчение состояния. У Жени вид часто был печальным, он редко участвовал в драках, но если его разозлить, действовал решительно и не пропускал шанса отомстить.' ratio=54.16"
18,18,"text='Вавилен Татарский — детёныш, родившийся в эпоху, когда красный цвет одержал победу над другим, поэтому он принадлежал к поколению «П», не зная об этом ничего. Если бы кто-то тогда рассказал ему, что будет копирайтером, он бы взбесился настолько, что упадёт с пальца и пролит бы коктейль «Москва Мэри» на дымящийся песок пляжа. В то время дети мечтали стать пожарными или лекарями. Слово «дизайнер», тем не менее, воспринималось как непонятное заимствование, временно осевшее в русском языке, пока не ухудшится ситуация в международных отношениях. Однако те времена были наполнены странностями и непонятными вещами. Например, своё собственное имя «Вавилен», данное отцом, Татарскому казалось слишком странным. Это имя было создано путем объединения фамилий писателя Василия Аксёнова и политического деятеля Владимира Ленина. Отец Татарского может быть представлял себе типичного сторонника идей Ленина, осознававшего значение свободной любви благодаря произведениям Аксёнова, или эстета и поклонника джаза, внезапно убеждающегося в неизбежности победы коммунистического строя после прослушивания длинной мелодии, исполненной на саксофоне. Тем не менее, такие взгляды делились не только родителями Татарского: аналогичные воззрения отличали большинство советских людей периода конца пятидесятых и начала шестидесятых годов прошлого века, которые прославились созданием жанра любительской песни и запустившими в космическое пространство первый спутник Земли, символизировавший собой несостоявшееся будущее. Сам Татарский испытывал чувство смущения от своего имени и предпочитал представляться окружающим как Владимир. Позже он начал лгать свои приятелям о происхождении имени, утверждая, будто отец дал ему имя вследствие увлечения восточными учениями и стремился указать на связь сына с городом Вавилоном, знания и мудрость которого он должен был перенять. Соединение же имен Аксёнов и Ленин якобы произошло из-за увлеченности отца философией, согласно которой считалось необходимым совмещать противоположные идеи. Хотя эта версия звучала очень интересно, Татарский охотно избавился от паспорта с именем Вавилен, получив новый документ уже на имя Владимир.' ratio=71.43"
19,19,"text=""Улица Тверская заново оделась в зимнюю одежду, еще более похожую на картину, чем два года назад - снова наступила зима, лежали сугробы, тяготела темная погода, проникавшая даже через дневной свет. На лавках сидели старики-ожидатели, как и прежде, неподвижны; сверху, в середине голых чёрных деревьев, тускло выглядывало зимнее небо, похожее на черноволосую монахиню. Снег дул по улице, как буря в открытой местности; я бы остался спокоен, если бы здесь встретились дикие животные. Бронзовая статуя Пушкина казалась грустнее обычной, вероятно, потому что на ней висел красный плащ с надписью: «Да здравствует первая годовщина революции». У меня не возникло стремления пронзительно комментировать тот факт, что поздравление адресовано именно годовщине события, а само слово «революция» написано с устаревшей буквой 'ять' - недавно я уже убедился во многих опасностях, скрыто связанных с неуместными лозунгами красного цвета. Наступали сумерки. Из-за плотной снежной завесы едва различимым оставался Страстной монастырь. Перед зданием монастыря находились две грузовика с открытыми кузовами, покрытые яркой красной тканью; рядом собралась группа людей, слышался голос говорящего человека, отдельные слова которого звучали неразборчиво, однако общий смысл речи легко воспринимался благодаря чёткому произношению звуков 'р' в словах 'пролетариат' и 'террор'. Рядом со мной прошли двое солдат, находящихся в состоянии алкогольного опьянения, за спиной каждого из них покачивались винтовки со штыком. Один из солдат задержал на мне пристальный взгляд, притормозил шаг и приготовился заговорить; к счастью, его товарищ потянул его за одежду, и они продолжили путь дальше."" ratio=64.17"
20,20,"text='На этом этапе появилась пролом, и Вощёв обнаружил сельского козла, работающего по ночам с чайником для группы работников: вода закипела на огне, которым разогрели её в дворе общежития; период сна закончился, наступило время начинать утренний обед... Деревянные сельские часы висели на стене и работают из-за силы тяжести маятника; механизм часов декорировался рисунком цветка, предназначенным для успокоения любого человека, смотрящего на них. Работники разместились вдоль длинного стола, козёл, исполнявший обязанности кухаря в общежитии, разрезал хлеб и разослал каждому по кусочку, дополнительно дав каждому небольшой кусок вчерашнего холодного мяса. Работники начали есть серьёзно, воспринимая пищу как необходимый ритуал, без радости от приёма пищи. Несмотря на осознание цели жизни, что является условием абсолютного счастья, их лица выглядели мрачными и истощёнными, вместо удовлетворения жизнью они испытывали усталость. Вощёв смотрел на этих печальных людях, способных спокойно вспоминать о истине, и испытывал слабую надежду и страх потери; он уже чувствовал удовлетворение даже тем фактом, что правда существует в сознании близкого к нему человека, недавно говорившего с ним, следовательно, достаточно находиться рядом с таким человеком, чтобы обрести выносливость и работоспособность. — Пусть пойдём вместе поесть! — пригласили Вощёва работники. Встав и ещё не уверенный окончательно в целесообразности существования окружающего мира, Вощёв двинулся есть, ощущая неловкость и тревогу.' ratio=0.46"
21,21,"text=""Как жук, Захар Павлович полакивается по металлу локомотивов, оставляя их чистыми как снег, однако машинист-наставник никогда не хвалит его. Он знает, что техника – это более мощное орудие, чем любой человек с его знаниями и мастерством; человеческая роль минимальна. Природные ресурсы дают людям силу, а неумелый работник может ещё зажигать огонь в топке, после чего двигатель сам заработает, а рабочий – лишь свидетель зрелища. В конечном счете люди будут заменены машинами, а техника – получать свободу в работе. Тем не менее, наставник критикует Захара Павловича реже остальных машинистов, поскольку он бережливо обращается с инструментами и не проявляет грубости во время работы на локомотиве. В одну из ночей, Захар спросил у наставника: 'Может ли человек быть лучше машины?' Наставник отвечает раздражённо, потому что считал свою привязанность к локомотивам исключительно личным чувством. Как будто слышатся стуки по металлу и шумы двигателей, а у наставника возникает ощущение восторга, которое побуждает к движению. Он перестал воспринимать Захара как недостаточно квалифицированного работника и заговорил с ним, как с другом: 'Ты помог найти опыт и знания, но человек – это всего лишь тело... Глянь на птиц, которые летят в небо...', говорит он."" ratio=43.9"
22,22,"text='В городе Федор-Кузьмичске, расположенном на семи горных возвышениях, окруженном обширными полями и неизвестными землями, лежат густые леса, заполненные валежником, ветви деревьев переплетены и мешают проходу, кустарники цепляются за одежду, ветви сбрасывают головные уборы. Как говорили старожилы, там живет существо под названием кысь. Оно сидит на ветках деревьев и издает странные звуки: кы-ысь! кы-ысь!, однако увидеть его невозможно. Когда человек попадается в это лесное логово, кысь внезапно атакует его сзади, ломая позвоночник и разрывая главный сосуд сердца, вследствие чего человек теряет зрение. Возвращаясь обратно, пострадавший уже не является прежним человеком, его взгляд становится бессознательным, он двигается случайно, как сонный. Семья привозит такого человека домой, иногда ради развлечения ставят перед ним пустую тарелку и вручают ложку, имитируя прием пищи; потерпевший совершает механические движения, якобы принимая пищу, хотя тарелки пусты, родственники смеются над этим зрелищем. Самостоятельный больной человек не в состоянии ни заботиться о себе, ни соблюдать гигиену, нуждаясь в постоянном уходе. Некоторые заботливые супруги или родители отводят его в специальное помещение, а если уход отсутствует, он умирает от разрыва мочевого пузыря. Таким образом действует кысь. Не рекомендуется идти также на запад. Хотя кажется, что там имеется едва заметная дорожка, похожая на тропинку, путь ведет вдаль от города. Человек двигается вперед, город постепенно исчезает из виду, легкие дуновения ветра приносят приятные ощущения, создается впечатление благополучия, но неожиданно возникает чувство растерянности: человек останавливается, задумываясь о цели своего путешествия, задается вопросом, зачем туда нужно идти, ведь он уже знаком с местностью впереди, и вряд ли там будет лучше. Возникает острое ощущение собственной беспомощности, тоски. Размышляя, человек вспоминает свою дом, возможно оплакивающую хозяйку, домашних куриц, тепло натопленной печи, уют домашней обстановки. Тоска усиливается, он чувствует себя потерянным и одиноким. Наконец, плевок заставляет его вернуться назад, иногда он даже бежит, испытывая облегчение при виде родных предметов издалека, и слезы текут непроизвольно. Действительно, настолько сильно, что капли катятся до самого подбородка. ' ratio=47.69"
23,23,"text='Сокровище истинного красоты, Александра Эрнестовна, я вижу это в твоей фотографии, где лицо твое покрыто светло-розовым блеском, а в другой, где ты улыбаешься, демонстрируя очаровательные зубы, и еще в третьей, где твой взгляд глубоко проникает во мрак, покрывая его светлом пламенем. Меня привлекают не только красота твоих черт, но и богатый мир историй, скрывающийся за каждым улыбкой и под каждым взглядом. Я вижу старые альбомы из темно-коричневого бархата, наполненные фотографиями девушек-гимназисток, мужчин средних лет с бородами и усами, смелых мужчины по имени Иван Николаевич. Никто из них не знает тебя, но все они являются частью твоей жизни, которая протекала в блеске любовных переживаний, горестях и надеждах. Я буду посещать твою комнату регулярно, привозя тебе молоко и морковь для улучшения зрения, а ты, прошу тебя, разверни старые страницы альбомов, чтобы снова вспомнить о всех мужчинах, которые бывали в твоей жизни. Они все исчезли навсегда, но их память осталась здесь, в этой комнате, где мы не можем увидеть ни одного из них, но где они живут в каждой фотографии и каждом воспоминании. Никто с фотографии не может тебя видеть, зачем беспокоиться, Александра Эрнестовна?! Необходимо было принять решение раньше. Нужно было. Но ведь вы решили уже давно. Его изображение здесь, вытяните руку и дотроньтесь! Возьмите фотографию Ивана Николаевича, подержите в руках, она плоская, прохладная, слегка блестящая, края обложки покрыты тонким слоем золота, бумага немного пожелтела. Послушайте меня внимательно, вы поняли: она приняла решение ехать, теперь она точно собирается отправиться туда, прекратила колебаться окончательно, встречайте ее, где вы находитесь сейчас?' ratio=43.68"
24,24,"text=""Смысл жизни - это нечто, которое тебе необходимо добывать на равных, не превращаясь в порошку под щекой от раздражения и не раскладываясь как трава в жаркий день. Слово 'неудача' имеет семантическое переносное значение, означающее не только неудачу в игре или состязании, но и необходимость преодолеть раздражение жизненными трудностями. Один, упав лицом в траву, находился в состоянии почти бессилия, рассчитывая на милосердие противника или на свою собственную силу выстоять. Температура не теплая - это жарко и влажно, пот струится по лицу, как водопад, превращая его в капли горячей свинины. Рэдрик, будучи более опытным, начинает давать указания: «Будь спокойен, Арчибальд! Не двигайся!», но безрезультатно - его противник не в состоянии понять или не может сдержаться, и он бросается вперёд, издавая громкий крик и хватаясь за Рэдрика, как за надежду. Они борются друг с другом, как огонь с водой, каждая их душа встречает сопротивление не только от противника, но и от своей собственной страхи, которая усиливается с каждым дыханием. Рэдрик, будучи сильнее, смог схватить его за руку и удержать в своих руках, бить по земле и кричать из тягот борьбы. Каждая битва имеет свою дискурсивную составляющую - этот раз она продолжалась до тех пор, пока Рэдрик не умолчал, не поддавшись собственным страхам и опустив голову в серую золу. Он был поражён, как застывший в льду водопад, оседший на горе жаркого дня, а его противник выиграл сражение, несмотря на свою явную неспособность контролировать себя."" ratio=47.85"
25,25,"text='Я хотел бы получить окончательный результат этого длительного процесса. Десятилетие назад я был уверен в своем прогнозе. Железная завеса длиной пятьдесят километров, где располагались только учёные и военные, должна была быть непреодолима. Это опасное место на поверхности моей планеты должно было быть абсолютно блокировано. Казалось, все соглашаются с моим мнением. Выступались политики и продвигались законы для защиты граждан. Теперь уже невозможно вспомнить, как прежняя твёрдая уверенность внезапно исчезла. В действительности, одна позиция верна, но и другая также имеет право на существование. Вероятнее всего, процесс начался с тех пор, как странники впервые принесли из опасной зоны необычные предметы, которые они называли батареями. Оказалось, что данная территория представляла собой кладезь ценных ресурсов, а не угрозу для жизни. Сейчас уже никто точно не понимает природу этой зоны. Люди начали добывать эти ресурсы и использовать их постепенно. Уже десятилетие прошло, исследования продолжаются и огромные деньги тратятся на них, но эффективная система добычи пока не создана. Каждый человек ведёт собственную коммерческую деятельность, а учёные авторитетно заявляют: учитывая определённые аспекты, следует принять одну позицию, одновременно признавая обоснованность противоположной точки зрения, потому что конкретный объект после воздействия рентгеновского излучения под заданным углом испускает квазитепловые электроны. Это не имеет значения. Всё равно я не смогу дожить до конца ситуации.' ratio=42.0"
26,26,"text=""С первого утра дня выдалась неприятность: интернет прекратил своё существование. Сонный Матвей осел в кресле компьютера, как во сне, случайно коснулся клавиш клавиатуры и убедился в неприятной новости: связь отсутствует. Позвонив своему поставщику услуг, он получил следующий ответ: «Скоро произойдет авария на магистрали связи. Вероятно, неполадка будет устранена примерно за сутки и два». Матвей посмотрел на изображение экрана своего компьютера, стараясь осознать серьезность ситуации. Это был большой удар! В течение суток доступ к интернету невозможен. Это катастрофа! Во время этого огромного промежутка времени до начала занятий в школе оставалось много свободной жизни – около четырех часов. За это время он мог бы поиграть онлайн с друзьями в какую-либо игру или провести время на своем любимом игровом сервере Minecraft. Разумеется, мобильный телефон также имел выход в сеть, однако качество такого подключения недостаточно хорошее для полноценного игрового процесса. Для этого нужна высокая четкость графики и качественный звук, которые могут вызвать реакцию соседей. Огорченный происходящим, Матвей направился в кухню, опустившись на стуле возле барной стойки, положив руки на лицо и тяжело выдохнул. День уже был испорчен. Его мать, напротив, энергично ходила по кухне в домашних туфлях – перемещаясь между холодильником, столом, плитой, кофеваркой и обратно. Наблюдая за этими движениями, Матвей испытывал раздражение. 'Мне нужен сок и тост', – произнес он хмурым голосом. По пути мимо стула мама быстро прикоснулась губами к голове сына: «Доброе утро, мой недовольный мальчик!» Матвей резко повернул голову, демонстрируя недовольство. Почему она постоянно проявляет чрезмерную заботливость? Она прекрасно осведомлена, что он испытывает неприязнь ко всей этой сентиментальности. Ведь он не девочка."" ratio=43.0"
27,27,"text='Открыв дверь в мир косметики, Лена замерла, увидев студентку Марину, одетую в рабочую халат-амур. Она потеряла свои ноги. Ошибка ее вывела из себя: она жила по графику «кошмара», тогда как остальные считали, что сегодня была день «сновидений». Это привело к увольнению Лены на этот день и потере заработка. Уборка в салоне осуществлялась Мариной, а Лена выполняла эту работу по вторникам и пятницам. В этом «мире безумия» Лена чувствовала свою власть и контроль над собой сходить с ума. Казалось, будто она оказалась в «незнакомке», где все не по текстику, а вот когда это закончится? В этом мире не было точного графика или правил, только путаниц и непонятности. Но когда же это прекратится? Парикмахерша спокойно утолила Лену вопросами, как будто всё нормально. «Скажите правду, тетя Мила», просил девочка. «Почему никто не признает очевидного?» «Вы потеряны и считаете, что сегодня среда». Студента внимательно смотрели посетительницы. Парикмахерша подняла руку, чтобы отвести девочку к служебному помещению, где она дала ей стакан воды и посадила на «изношенный диван болезней». «Устала ты сильно», рассуждала женщина, утоляя Лену запьянной массажом. «Тебе нужно отдохнуть и найти себя в мире косметики». Лена опустилась на диван, но не могла смотреть на парикмахершу в глаза. Казалось, будто ей вешают «антенны» и проводят через неё электричество. «Я не ребенок», отвечала Лена, выбиваясь из рук женщины. «Мне уже исполнилось тринадцать лет». Парикмахерша улыбнулась, но это была только внешняя радость. В её глазах было много печали и скорби за девочкой, которая так сильно переживает за свою судьбу.' ratio=67.4"
28,28,"text='Артем медленно встал с камня у костра, оружие перевернув с спины на грудь, и отправился в тьму. Остановившись на грани освещенной зоны, он громко и резко выстрелил в воздух и крикнул: - Стойте! Говорьте секретное слово! И из темноты, где несколько минут назад долетало необычное мутьящение и слабое мушление голосов, послышались быстрые и частые шаги. Кто-то поспешно удалялся глубже в лабиринт, испуганный резким выстрелом Артема и звуками его оружия. Артем вернулся обратно к костру и сказал Петру Андреевичу: - Нет, мне действительно не показалось. Что-то не то было в этом человеке... Шумы были слишком необычными... И шаги звучали совсем иначе. Мне кажется, я могу отличить шаги демонов от человеческих... Не знаю почему, но тебе это не поверишь, Пётр Андреевич, но мысль о том, что эти существа стали бежать, совершенно вызывает удивление! Ведь ты сам прекрасно осведомлен, что демоны всегда атакуют открыто, не принимая никаких рисков! Но этот незнакомец почуяв опасность бежал... Он боялся. - Ну что ж, Артем! Очень уж ты мудрый стал! Твоя задача действовать согласно инструкции, а не рассуждать. Это мог быть разведчик противника. Он увидел, что мы малочисленны и теперь возможно организует нападение большими силами... Вероятно, скоро мы будем погибнуть от руки врага, подобно случаю на станции Полежаевская. - Ах, нет! Скорее всего, это были солдаты смерти, которые скрылись, дабы не попасться в ловушку!' ratio=41.6"
29,29,"text='В Третьем транспортном кольце медленно караулировали миллионы машин, солнечный свет рассеивался через зажженные фары, пыль от колёс летала в воздухе, люди выходили из подземного перехода, город виделся живым. Илья чувствовал ироптическую тягу к всему окружающему его. Уже семь лет он мечтал почувствовать прикосновение с Москвой. — Я должен добраться до Лобни, — задумался Илья. — Внешний вид электричек сильно изменился. Ранее он видел грязные зеленые вагоны с испорченными окнами, нарисованные надписи на стенах, деревянные общие лавки, пол был покрыт шелухой семян подсолнуха. Теперь же появились чистые белоснежные составы с жёлтыми полосами вдоль бортов, внутри установлены комфортабельные кресла для каждого пассажира отдельно. Люди стали держаться со всей осторожностью, выглядят они сдержаннее благодаря новым поездам. — Ты не хочешь пойти со мной посмотреть ледовое представление с участием Навки? — спросила одна женщина другую. — В прошлый раз мне понравилось, зрелище потрясающее. — Возможно, и пошла бы. Ведь сама Навка вышла замуж за этого человека с усами, помощника президента Путина. Мужчина симпатичный, внушительный, эффектный, — ответила другая женщина, стариковавшись над утомленным лицом. — Нет уж, — возразила первая собеседница. — Она могла найти кого-нибудь лучше. Мне больше нравится Сергей Лавров. Лавров замечательный человек. Я бы предпочла отправиться куда-либо именно с ним. Лавров гораздо решительнее вашего усатого. Илья следил за беседой, но не мог понять сути разговора. Электричка задерживалась. У него возникло чувство голода, желудок пустовал и зловонно рыкал. Купить пирожки у вокзала он отказался, поскольку цена на продукты там была завышена относительно той суммы, которую ему предоставляли для транспортных расходов. Зачем тратить деньги на перекус, если вскоре он сможет съесть горячие домашние щи матери? Он страстно хотел попробовать эти щи трёхдневной давности, добавив немного сметаны наверху, измельчив сухарик хлеба прямо в тарелку, как делал в детстве после примера своего деда. Затем размочить кусочки хлебной корочки в супе, но оставить их слегка твердыми, вдохнуть аромат блюда и осторожно положить горячую ложку в рот.' ratio=39.4"
30,30,"text='В помещении Алексей Кириллович положил чашку на стол, покрытый множеством листов бумаги, опустился в кресле, и перед ним встала куча печатных страниц. Он затянулся к пролистыванию их: «Там... конечно... верно... абсолютно точно! Определим операцию умножения по таблице №3... это несомненно соответствует работе Юрковского. Наверное, именно потому что поле упорядочено, множество базисов можно разделить на две части, зачем он вновь раскрывает общеизвестные сведения? Далее... Сейчас же ясно! Эта информация уже давно известна, это всего лишь простое утверждение о разложении матрицы! Шутник. Алексей Кириллович открыл ящик стола, взял кусочек хлеба, накрытый салфеткой, и, продолжая читать листы, начал аккуратно делить их на небольшие куски, периодически омывая их чаем: «Продолжим... так... итак... произведение матрицы на число распределяется относительно операции сложения чисел... понятно... дальше... уже знакомо... где именно рассматривается тема линейной комбинации?... так... обозначение Кронекера равно нулю тогда, когда совокупность квадратных матриц образует алгебраическую систему относительно операций суммирования и умножения... но какое это имеет значение для дела? Где представлены два тензорных пространства? Ведь они идентичны. Частицы хлеба падали ему на ноги, крошились на полу. Кот устроился на диване, уложив голову между передних лап. «Как возможно классифицировать тензорные величины? Эти объекты принадлежат внешней структуре, глупец... следовательно... почему стоит анализировать билинейную конструкцию? Шутник! Необходимо выяснить характеристики левого тензорного поля, а не характеристику полиномиального выражения... сейчас посмотрим... так... теперь яснее... интересно! Это противоречит принципам евклидово пространства! Очень смешно! Удивительная вещь: полярная запись базовой полиномиальной функции именуется скалярным рассеиванием! Ха-ха-ха! Совершенно бессмысленно и никак не связано!»,' ratio=47.1"
31,31,"text='Из арены выходит боец: работник крепкого телосложения, лицо жёсткое и решительное. Сбрасывает свою шерстяную рубаху, надевает перчатки, ударяет своим голубым носом по снегу. Мы предвидели такой ход событий, потому как Погода, в своей темно-синей шляпе и черном платье, протягивает руку перед собой, показывая ненаглядно силу своего характера. В кулачных боях Погода господствует над своими противниками. Её рост низкий, однако плечи широкие и мускулистые. Ударить по лицу Погоды - непросто. Зато получить удар от неё легко. Глядя на соперницу, Погода сжимает свой шёлковый пояс: – Ты готов принять поражение? – Хвастаться не стоит до начала сражения! Спаррингеры перемещаются вокруг круга боя, оценивая друг друга. Несмотря на различия в образе жизни и принадлежности разным хозяевам, обе женщины - россиянки, решительные и непобедимые. Мы собираемся вокруг арены, объединяемся с народом. Это обычное дело здесь. Все равны - крестьянин, дворянин, или чиновник правительства. Кулачный бой является самостоятельным действием. Смеясь, Погода протягивает руку работнику скотного двора, напрягая мускулы своих рук. Работник не сдержался и бросился первым ударом тяжёлого кулака. Наклоняется Погода, одновременно бьет работника в живот резким движением. Тот вскрикнул, но терпит боль. Погода вновь кружится вокруг, делая плавные движения руками, насмешливо подмигивает, высовывает язык. Работник игнорирует подобные манёвры, тяжело дышит и вновь замахивается кулаком. Однако Погода опережает его – левый удар в скулу, правый по грудной клетке – хруст! хруст! Рёбра ломаются. Тяжёлого удара вновь избежал. Громко кричит работник скотного двора, машет большими кулаками, теряет перчатку. Безрезультатно: снова получает удары в область живота и носа – резко! Крупный сильный мужчина отступает назад и теряет равновесие. Скрещивает пальцы обеих рук, громко рычит, разрезает холодный воздух движениями тела. Напрасно: бах! бах! бах! Быстро работает рука Погоды: теперь уже и лицо рабочего залито кровью, один глаз заплыл, нос течёт кровяной жидкостью. Брызги ярко-красной жидкости летят, блестят в лучах зимнего солнца, падают на плотно утрамбованный снег.' ratio=47.1"
32,32,"text='Здравствуйте, Алёна, моя созревшая дочь. Я уверен, что самое ключевое в жизни - это ощущение любви. В то же время, почему мне пришлось столкнуться с такими испытаниями, ведь я сильно любила свою дочь! Очень сильно любила Андрея! Неожиданно моя жизнь завершилась, хотя я выгляжу менее старше, чем женщины моего возраста. Однажды незнакомец принял меня сзади за молодую девушку, когда спросил дорогу: «Девушка, извините, пожалуйста, объясните, как пройти туда-то?» Мужчина был бледным, грязным и скорее всего имел деньги. Он казался дружелюбным и утверждал, что гостиницы заполнены. Мы знакомы! Хотим бесплатно остановиться здесь в обмен на небольшой подаррок - пол-килограмма благородных персиков. Кроме того, мы просят небольшие дополнительные услуги, такие как заготовка чая, стирка белья и запирание двери, чтобы нас не прерывали просьбами. У меня в голове всё становится ясно, подобно тому, как шахматистка видит все ходы на доске. Я - поэтесса. Некоторым людям нравится термин «поэтесса», но поэтами зовут себя и другие авторы, похожие на меня по имени: одна носит имя Анна Андреевна, другая также Анна, но отчество отличается - Андриановна. Во время редких выступлений прошу называть себя именно так: поэтесса Анна - далее фамилию моего супруга. Дети внимательно слушают мои выступления. Мне известно отношение детей к взрослым. Мой сын Тимофей сопровождает меня повсюду, сидит рядом со сценой, никогда не в зрительном зале. Иногда у него проявляется нервный тик. Я улыбаюсь и нежно поглаживаю голову Тима, произнося фразу из известного детского произведения: «Мы с Тамарой ходим парой». Однако некоторые глупые организаторы воспринимают это серьёзно и предлагают: «Пусть Тамара посмотрит выступление из зала», не понимая, что это строка из стиха Агнии Барто.' ratio=40.5"
33,33,"text='В древние времена, когда я рожала двух детей подряд в течение двух лет, это был мой следующий неудачный выбор человека. Я была молодой женщиной всего лишь двадцать восьми лет с короткой стрижкой и худой, когда я оказалась на археологической экспедиции, где мы занимались много бессмысленных действиями. Начало нашей истории было неожиданным: мы были совершенно незнакомы друг с другом; мы, материнские и ребёнок, рассматривали ржавый камень как обычный осколок, а он заинтересовался нами и попросил: «Что вы здесь делаете?» Когда я взглянула на него, он понял что я женщина-мать, которая схожа с мальчиком и был очень удивлён. Таким образом наша история началась - это было счастье, которое длилось и ночью, и днем, когда я работала поэтом после педагогического института и была уволена из газеты, где раньше трудилась журналистом, из-за романа с женатым художником, у которого уже было трое детей, которых я мечтала воспитывать сама. Жена художника появилась быстро и заявила мне, что я должна чувствовать стыд и сообщила главному редактору. После этого ей дали обещанную трёхкомнатную квартиру, потому что до этого они жили вместе с матерью её мужа в одной комнате, тогда как я предоставляла место для работы своему любовнику, несмотря на осуждение матери, резко осуждавшей, что он жил за мой счёт, не вступая в брак - это было очень старомодно. Затем, потеряв работу в газете, я отправилась добровольцем на археологическую экспедицию, результатом которой стали мои дети Андрей и Алёна, теперь снова живущие вместе в одной комнате вместе со своей упёртой матерью. Мы прожили некоторое время, понимая реальную ситуацию, пока мой муж переживал болезненный процесс развода в городе Куйбышеве. Его жена приехала посмотреть на меня беременную, точнее говоря, она стояла у двери, когда он открыл её, и увидела жену с подростком-пятнадцатилетним сыном, хотела обсудить важный вопрос.' ratio=74.1"
34,34,"text='Продолжалось вторжение третий день, и начало его было туманным. Всю днею слышался гремящий бой, колонны наши время от времени останавливались, разсылая разведку во все стороны. И так мы испытывали особую радость, когда увидели пехотинцев, которые не видели несколько дней. Оказалось, что наступая с севера, наша рота объединилась с подразделами, наступающими с юга. Бесконечные подразделения пехоты последовательно приближались и вскоре исчезали между небольшими лесочками и возвышенностями. Свое появление они символизировали окончанию преследования врага, потому что противник установил остановку и готовился к битве. Наша разведка должна была выяснить маршрут продвижения одного из подразделений пехоты и обеспечить защиту его фланга. Во время исполнения миссии мы столкнулись с кавалерийским отрядом, который получил аналогичную миссию. У офицера-драгуна был разорван сапог — результат попадания вражеского копья вчерашнего дня, однако он получил лишь незначительное ранение, тогда как около восьми немецких солдат погибли. Быстро определив местонахождение противника после нескольких пробных манёвров и последующего обстрела, мы спокойно двинулись дальше, размышляя о предстоящем путешествии: картофеле и чае. Однако, вскоре как мы вышли из лесной рощи, дозорный поднялся на возвышение, звучил выстрел с противоположной стороны возвышенности. Вернувшись обратно в лес, мы заметили полную тишину. Когда дозорный снова появился над гребнем, последовал еще один выстрел, и на этот раз пуля задела ухо лошади. Спешившись, мы расположились на краю леса и начали наблюдение. Постепенно с вершины соседнего холма появилась немецкая военная каска, затем фигура всадника, которого я мог подробно рассмотреть благодаря характерному светлому цвету его усов. Солдаты шепотом произносили: «Вот он, вот он». Однако офицер решил дождаться появления большего числа врагов, считая бессмысленным вести огонь по одиночному солдату. Мы держали цель на мушке, внимательно изучая ее в оптическом приборе и рассуждая о статусе наблюдаемого человека.' ratio=47.5"
35,35,"text='В Одессе остаётся впечатление странной эклектики для гостя с севера. Город похож на иностранную столицу, окрашенную русским колоритом благодаря стараниям администраторов. Здесь развлекательные заведения, полонных эрудированными авантюристами. По вечерам жители гуляют по Дерибасовской улице, атмосфера напоминает парижский бульвар Монмартр. Одесский диалект отличается специфическими интонациями, неправильной формой падежных окончаний и необычными словами. Именно этот стиль речи кажется отражающим психологию города: детскую веру в могущество умения и стремление достигнуть успеха любыми средствами. Когда я печатал визитки в местной типографии, заметил свежевышедший выпуск одесской вечерней газеты, издаваемой здесь же. Открыв газету, обнаружил стихотворение Сергея Городецкого, которое отличалось изменением единственной строки и было опубликовано анонимно. Управляющий типографией сообщил, что стих был предоставлен начинающим поэтом, выдавшим произведение за собственное творение. Вечно живут сюжеты про одесских шаферы, бродячие богатыри лавки и мелких торговцев. Некоторые из них настолько ворчутся, что в душе у них нет ничего кроме денег, но другие – это человечные существа с сердцами и душами. Подобно островиду, который притягивает всех людей своей мистической силой, Одесса неизменно очаровывала гостей, разбирающихся в мельком нюансе русской культуры и отправлявшихся на родину с тёплыми воспоминаниями. Как легенда о городе, который притягивает всех своим блеском, Одесса стала символом страны. Находясь здесь, мы чувствовали себя счастливее и по-настоящему живыми, как будто в какой-то из тех легендарных волшебных обителей, где время стоит на месте. Один день сливается с другим, все люди – это одни и те же, а город – это эпический пейзаж, который меняет свои личины каждую минуту.' ratio=48.1"
36,36,"text='Примечательны люди, которые представляют себя другими, чем я обычно понимаю. У меня есть несколько причин доверия к таким людям. Начало с того, что я могла наблюдать лишь один аспект их характера - лучший, поскольку я был внешним зрителем, вероятно, недостаточно понятным двадцатилетней иностранной женщины; кроме того, я уже отметила значительное изменение у них, когда мы встретились снова в 1911 году. Внешность у них стала более тусклой и потухшей. \n\nВо время десятого года я видела их крайне редко, всего несколько раз. Несмотря на это, они писали мне письма весь зиму. То обстоятельство, что они пишут стихи, им не было сказано. \n\nТеперь я осознаю, что именно моя способность интуитивно понимать мысли людей, проникать в сновидения окружающих и другие малозаметные особенности привлекли их особое внимание, хотя близкие к ним люди давно воспринимают такие способности как обыденное. Они постоянно повторяли фразу: «Мы общаемся». Нередко произносили также слова: «Только вы могли бы осуществить такое». \n\nСкорее всего, мы тогда не были осознаны одним важным фактом: события, происходящие между нами, являлись подготовительным этапом в наших жизненных путях. Его жизнь оказалась весьма короткой, моя же продолжилась намного дольше. Искусство ещё не успело повлиять на наши судьбы, оставляя период свежести и лёгкости до рассвета. Однако будущее, которое неизбежно предшествует своей реальной явью появлением признаков, уже давало о себе знать: оно чувствовалось в тревожащих моментах сна, пугало образом ужасающего Парижа Бодлера, таящегося поблизости. Все высокое в Амедео проявлялось едва заметно среди общего сумрачного фона.\n\nЕго лицо напоминало мне изображение Антиноя, глаза ярко блестели, он выглядел совершенно непохожим на всех остальных. Его голос остался для меня вечно в памяти. Я знала его нищими, оставалось неясным, за что он существует. В качестве художника он не получил даже минимального общественного одобрения.' ratio=46.38"
37,37,"text='Моя душа была потрясена видом города, вдохновив меня написать рассказ о встрече. В то же время появились рассказы «Три сирены» и «В гостях у смерти». Создание прозы казалось мне одновременно тайничким и притягивающим делом. Я всегда хорошо понимала поэзию, но писать прозу я полностью не понимала. Мой первый опыт словесной создательности вызвал восхищение окружающих, хотя сама я этого не доверялась. Я пригласила Зощенко посмотреть работу. Он рекомендовал исключить некоторые части и одобрил остальное. Это вызвало у меня огромное удовлетворение. После ареста сына я уничтожила этот текст вместе с остальными материалами архива. Мои интересы включали художественное переводоведение. В послевоенный период я занималась переводом многих произведений. Продолжаю заниматься этим и теперь. В 1962 году завершилось создание поэмы «Поэма без героя», над которой я работала двадцать два года. Весной прошлого года, незадолго до юбилея Данте, я снова услышала итальянскую речь во время поездки в Рим и на Сицилию. Весной 1965 года я отправилась в Великобританию, родина Шекспира: наблюдала английское небо и берег Атлантики, встречалась с давними знакомыми и делала новых друзей, ещё раз побывала в Париже. Я продолжала создавать стихотворения. С помощью них я ощущала свою причастность ко времени и новым этапам жизни своего народа. Во время работы над стихами я воспринимала ритмы, характерные для выдающихся исторических событий своей родины. Мне повезло жить в такой исторический период и стать свидетелем исключительных событий.' ratio=68.0"
38,38,"text=""Молодой мужчина увёлся в мысль, девушка тотчас же обратилась с широким улыбком и веселой речью: \n'Ты, Степан Петрович, осматриваешь девушку без оплаты? За такой развлекательный досуг нужно заплатить. Приблизись ближе. Пусть мы проведим некоторое время вместе.\nМолодой человек опустошился, но лицо его осталось без изменений, держался уверенно. Хотя девушка таинственна и могуча, тем не менее она просто женщина. А юноше трудно показать слабость перед женщиной. Поэтому ответил:\n'Нет времени общаться. Мы уже проснулись слишком поздно, теперь идём ищем требуемую траву.\nДевушка опять рассмеялась и сказала:\n'Останься от себя. Я серьёзно говорю — приблизись к мне, есть важное дело. \nМолодой человек понимает, что другого выхода нет. Приближается к девушке, а та жестом руки просит обогнуть камень с другой стороны. Обогнул он камень и увидел огромное количество ящериц разных видов. Некоторые зелёные, некоторые голубые с оттенком синевы, другие напоминают глину или песчинки с золотистыми пятнами. Есть прозрачные, словно стекло или слюдяные пластинки, есть тусклые, похожие на увядшую траву, а ещё такие, у которых красивый рисунок. Девушка продолжает смеяться:\n'Будь осторожнее, чтобы не раздавить моих маленьких помощников, Степан Петрович. Ты такой крупный и тяжелый, а они совсем маленькие.\nЗатем хлопнула она в ладони, ящерицы мгновенно разбежались, освободив проход. Юноша приблизился ближе, остановился, а девушка вновь захлопала руками и произнесла ещё смеясь:\n'Сейчас тебе негде сделать шаг. Уничтожишь моего помощника — неприятности будут.',\n'Idiomaticity_Percentage': '51%'}"" ratio=51.0"
39,39,"text='Скользящий в жизнь по колено, этот мальчик, Данило, нигде не нашел своё место. Заводская рабочая слишком тяжка для него — слишком благородный детский дух его завален недостатками силы. Отправлен он был пастухом помощником, но и там оказалось не всё по его меркам. Мальчишка был старательным, однако часто совершал промахи — словно ветры захватывали его размышления. Одного занятия у него есть: игра на рожке лучше, чем старый пастух. Игру он начал, и вокруг все исчезало, как будто коровы пасутся на небесах. Именно во время игры произошла трагедия: упали камни с горных вершин на стадо. Женщины плакали, а девушки кричали — все погибли, кроме Данилы. Словно божественное предупреждение! Новый пастух не поверил в такой исход и пообещал забыть про игру на рожке. Одной ночью он играл, и вокруг все спало, как будто ветер унес ветра. И тут его отыскал старый пастух, сидящий над трупами скота. — Сколько же твои ошибочки, Данило? Это не просто игрушка, которая развеется по ночам!' ratio=56.0"
40,40,"text='Собака, крупная и окрашена в красный с черными полосами по спине, зашла в дом. Она имела чёрные пятна под глазами, напоминающих оправы очков, что делало ее взором величественной и загадочной. Её глаза казались огромными, словно она спрашивала: «Почему ты зовешь меня хозяин?» А к ней подходил Антипыч, он был особенным образом искренен. В один момент собака поняла его намерения - это была всего лишь дружба и развлечение. Ее хвост волновался с энергией, постепенно она опускалась к земле, пока не лежала на спину перед ногами старика, раскрыв свой белый брюшко со свежей соской. Когда Антипыч протянул руку для поцелуя, собака внезапно встала на задние лапы и стала лизать его лицо - от носа до губ. «Достаточно, достаточно», - он говорит, сдерживая животное и удаляя слюну рукавом. Затем он прикоснется к ее голове и проговорит: «Достаточно, возвращайся обратно». Собака повернулась и ушла в двор. Антипыч подхватил дыхание: «Так-то вот, ребята, это Травка - охотничья собака. Она понимает суть вещей с одним закрытым жестом, в то время как вы, глупые, бросаетесь на вопросы типа: «Что такое истина?» Если прийдете сюда, я расскажу все, что произошло с Травкой после моей смерти. А когда началась Великая Отечественная война, никто другой не занял должность сторожа и дом Антипыча стал заброшенным. Строение сильно пострадало, превзойдя возраст своего хозяина, и оно было поддерживаемо ежедневными усилиями специальных подпорок. Однажды ветер разрушил постройку - она тут же распалась подобно карточному домику, который легко рушится даже при каком-нибудь лёгком дуновении детей. За один год высокие стебли растения Иван-чая пробились сквозь древесные элементы строения, оставив от дома небольшой земляной холм покрытый алыми цветами. Собака Травка нашла себе новое жилище в картофельном хранилище и приспособилась вести свою жизнь животным в лесу.' ratio=43.89"
41,41,"text='Загадочная красота болот заключается в неожиданном обитании клюквы — тайной ягоды, которая легко можно пропустить мимо глаз даже на удивлении. Она скрывается в комочках земли, похожа на сокровище, которое спрятано глубоко и затесано в породу. Клюква — это тонкий стебель поднимающийся вертикально, увенчанный зелёными листьями, крыльями на земле, с мелкими красными ягодами, которые кажутся очень похожими на красные звёзды, разбросанные неподряд. Когда человек наклоняется, чтобы сорвать одну из этих звезд, он обнаруживает, что они соединены тонкой нитью с целой группой аналогичных плодов. Можно аккуратно извлечь длинную цепочку ярко-красных звезд и почувствовать волну удовольствия от их вкуса. Клюква, таинственная как звезда, богата высокой стоимостью весной, лечительными свойствами и приятным вкусом напитка, который делается с добавлением этой ягоды. Но независимо от причины собиратели клюквы нередко проявляют чрезмерную алчность. Однажды пожилая женщина собрала столько звезд, что не смогла самостоятельно нести тяжёлую корзину домой, однако ей было жалко оставить собранное, и она оказалась в затруднительном положении рядом с полным сосудом. Другая ситуация возникает, когда две женщины одновременно находят богатые места сбора и, опасаясь конкуренции, пригибаются к земле и двигаются осторожно, стремясь собрать больше урожая, несмотря на риск оказаться друг напротив друга и вступить в конфликт. Ожидаемый процент идиоматичности составляет 48%.' ratio=48.0"
42,42,"text=""Мистерия начинается с простой прогулки по берегу, превращаясь в захватывающее расследование. В городке-курорте Тайруа на восточном берегу полуострова Коромандел живёт 48-летняя Новозеландка Нейша Ринд с сыном Кеей, который в тот день десяти лет. Побережье Ocean Beach посещают часто серферы за хорошими волнами, однако тот день океан принёс им необычную находку - значительно более ценную, чем хорошая волна. Бутылка из-под виски Jack Daniel's появилась среди обломков древесины и морских отходов, которые приливы выбрасывают на берег. Первоначально семья приняла бутылку за камень или кирпич покрытый водорослями. После очистки предмета от толстых слоев ракушек и соли стало ясно, что это стандартная бутылка объемом один литр. Внутри бутылки находился аккуратно сложенный бумажный лист. Пробка показала, что письмо внутри не было розыгрышем или шуткой. Оно было написано 17 февраля 2002 года. Автор сообщил свое имя - Джек, и упомянул, что занимался рыболовством недалеко от островов Олдермен (популярное место лова поблизости от Коромандела). Из-за воздействия морской воды текст сильно пострадал, и прочитать удалось лишь имя и дату. Подобная находка всегда вызывает волнение и напоминает известные литературные произведения, такие как роман Жюля Верна «Дети капитана Гранта». В романе герои также пытались найти человека, следуя подсказкам из письма, попавшего в море. В действительности ситуация оказалась совершенно обыденной, хотя не менее захватывающей. Бутылка плавала в водах Тихого океана около двадцати двух лет. За это время она могла обогнуть земной шар или долгое время вращаться в мощнейших течениях Тасманова моря, пока снова не приблизилась к месту своего запуска. Нейша Ринд разместила фото своей находки в интернете, надеясь, что современные технологии позволят отыскать автора письма быстрее, чем это делали герои книг XIX века. Пока ничего не происходило. Социальные сети уже полны шуточек о том, что взрослый Джек могло исполниться больше лет, он мог создать семью и давно позабыть о написанном письме. Случаи подобного сохранения писем крайне редки. Специалисты говорят, что большинство стеклянных бутылок разрушаются о камни уже в течение первых месяцев плавания. Утверждается, что сохранение этой бутылки и письма после четверти века пребывания в воде представляет собой исключительное везение. Теперы Кея и его мама остаются в ожидании возможного отклика от автора послания, чтобы узнать подробности рыбалки 20-летней давности."" ratio=74.65"
43,43,"text='После того, как Игорь Краснов занял пост председателя Верховного Суда Российской Федерации, многие судьи были вынуждены прекратить свою деятельность в связи с обвинениями в коррупции и неправомерных судебных решениях. О последних увольнениях сообщают аналитики агентства РИА Новости. \n\nГоворится, что первый случай увольнения произошел вскоре после вступления Краснова в должность председателя Верховного Суда. Дело связано с судьей Виктором Мамотовым, полномочия которого были прекращены по решению суда. Впоследствии с него была конфискована собственность в пользу государства: 97 объектов, стоимостью около 9 миллиардов рублей. \n\nЖурналисты подчеркивают, что зашесть месяцев увольнений с должностей судей произошло несколько десятков случаев в различных регионах страны. \n\nНапомним, что ранее президент России Владимир Путин предложил Совету Федерации кандидатуру генерального прокурора Игоря Краснова для избрания на пост председателя Верховного суда. Должность руководителя Генеральной прокуратуры занял Александр Гуцан, являющийся полномочным представителем президента Российской Федерации в Северо-Западном федеральном округе. \n\nСтав председателем Верховного суда, Краснов отметил, что правосудие не должно служить прикрытием для мошенничества. По его словам, любые проявления коррупции среди судей будут встречены жесткой и решительной реакцией, независимо от их занимаемого должностного положения.' ratio=0.89"
44,44,"text='Видение будущего оформляется в лабораториях: ученые создают живую плёнку, коя в преграду для водяного пара и воздуха. Её кратковременный срок существования составляет около месяца после использования. В настоящее время пластиковые изделия всё ещё царят повсюду, а их мусорное отхождение становится серьёзной проблемой для окружающей среды. Исследователи работят над созданием биопластиков, которые могут быть реабилитированы природой. Обычно такие экологически чистые плёнки не способны эффективно противостоять влаге и воздуху, однако без таковой защиты хранение продуктов невозможно. Специалисты Технологического Института штата Джорджия предложили решение этой проблемы. Они разработали биопленку из компонентов, добываемых в садах и лесах, а также остающихся после приготовления еды на кухонных столах домашних хозяек. Особенностью плёнки является то, что она сформирована из компонентов, таких как целлюлоза (основной структурный элемент растительных тканей), хитозан (из раковин и оболочек грибов) и лимонная кислота (вырабатываемая цитрусовыми фруктами). Эти компоненты подвергаются обработке, преобразуясь в тонкий слой плёнки. Результатом становится плёнка, которая не пропускает воздух и водяной пар. Самая интересная часть — это пленка разлагается самостоятельно, не оказывая длительного влияния на почву. Эту плёнку даже можно сравнить с лучшими пластиковыми упаковочными материалами для сохранения пищевых продуктов. Тем не менее, для полного разложения требуются специфические условия: конкретная температура, уровень влажности и присутствие микроорганизмов. На обычных свалках биопленка остается неизменной столько же времени, сколько и обычная пластиковая упаковка. Однако на данный момент разработка существует лишь в виде лабораторного образца, пригодного пока исключительно для опытов. Потребуется добавление пластификатора для получения нужной гибкости при сгибании плёнки.' ratio=47.0"
45,45,"text='Проницательные звери, кошки, благодаря своим чутьё-чудом, являются неподражаемыми охотниками на изменения. Их обоняние превосходит человеческое в сорок раз и способно улавливать даже слабейшие запахи. Слыхать они могут не только обычные, но и ультразвуковые волны, а их зрение обладает возможностью видеть микроскопические изменения в окружающем мире. Это делает их чувствительными наблюдателями, которые реагируют с приливом времени на каждое меняющееся движение своего хозяина: от смещения в тоне голоса до минимальных изменений в поведении и выражении лица. Некоторые исследователи утверждают, что кошки способны различать человеческие эмоции благодаря восприятию особенностей лиц, характера движений и интонаций речи. Их чувствовозпринимающие органы так сильно развиты, что некоторые даже утверждают, что животные по-своему прочувствуют чувства людей. Однако кошки не диагностируют болезни, а лишь реагируют на изменения внешности и поведении своего хозяина. Это объясняется тем, что воспаленные области тела человека обычно выделяют больше тепла, а кошки, обладающие собственной температурой около 38-39°C, инстинктивно притягиваются к теплым зонам. Поэтому животные часто ложатся на больные места, создавая ощущение дополнительного источника тепла, хотя никакого медицинского эффекта от этого не происходит. Исследователи подчеркивают, что утверждение об способности кошек обнаруживать рак у людей необоснованно. Следовательно, любая попытка использовать их в качестве медицинских детективов будет безнадёжной.}{' ratio=40.7"
46,46,"text='Видовые линии большей части современных штаммов данной бактерии разошлись приблизительно пять тысяч лет назад, в период неолита, когда население было в огромной степени оседло и начало жить в условиях увеличенного взаимодействия между собой. Такое положение дел могло привести к расширению ареала распространения и увеличению разнообразия патогенных микроорганизмов, передаваемых преимущественно путём капельной инфекции и контакта. Стрептококк стрептококкус пирогенес был найден в останках людей, проживавших в Европе и Африке около четырёх тысяч лет назад. \n\nОдин штамм, выявленный в останках древней мумии Боливии, мог обособиться ещё ранее, примерно десять тысяч лет назад, предполагают исследователи.\nПервоначально микроорганизм мог проникнуть в Южную Америку вместе с мигрантами из Сибири, которые порядка двадцати двух тысяч лет назад преодолели Берингов пролив и начали постепенное заселение сначала территории Северной Америки, а позже Южной. \n\nДо изобретения современных антибактериальных препаратов скарлатина была одной из ведущих причин смерти детей и инвалидизации, нередко приводя к потере зрения и слуховых функций. До выяснения учёными бактериальной природы заболевания, его симптоматику часто ошибочно принимали за проявления натуральной оспы, коревой краснухи или дифтерии. Эти инфекционные болезни традиционно рассматривались как патологии, сопровождающие колонизацию новых территорий: они появлялись среди переселенцев из Европы, прибывающих в Америку, и оказывали губительное воздействие на местное население, иммунитет которого оказался неподготовленным к противостоянию указанным патогенам. \n\nТем не менее современные учёные полагают, что данная точка зрения является чрезмерно упрощённой и возможно даже ошибочной. Есть вероятность, что не только пиогенные стрептококки, но также и многие другие микроорганизмы, вызывающие инфекционные заболевания, уже длительное время существовали в Америке, намного раньше прибытия туда первых европейцев. В пользу данного предположения свидетельствуют данные последних научных исследований, посвящённых возбудителям такого заболевания, как сифилис, и возбудителю лепры.' ratio=46.82"
47,47,"text='Как дракон, который взолтел над горами, так и новая мотоциклетная сенсация взлетела над заводом Ирбитского леонгарда. Дружейцы, объединившие силы для создания прорыва в мире мотопрома, были поручены строительство коня, который будет караулить ветер со скоростью 150 км/ч без коляски и 120 км/ч с ней. Для большинства советских мотоциклов середины XX века эти показатели были очень высокими, подобно тем, как горы кажутся грозными и неприступными для маленького мышонка. Но как мышонки, которые растут крыльями, то и этот конь вышел из стали и стала атмосферой смелых людей. Скрывался разработкой под прикрытием тьмы, занавески, и ограниченными ресурсами, первые тестовые экземпляры были сотворены в 1963 году. Наружный вид оставался прежним, характерным для «Урала», но характеристики двигателя значительно улучшились: рабочего объема они увеличили до 1040 куб.см, а мощность выросла до 50 лошадиных сил. Для улучшения аэродинамических свойств на них установили специальный защитный кожух. Однако достичь заявленной максимальной скорости в 150 км/ч не удалось — фактически максимальная скорость составила 130–132 км/ч. Несмотря на это, достигнутый результат произвел сильное впечатление на окружающих. В 1967 году выпустили ограниченный тираж новых коней — примерно 25 единиц, оборудованных колясками. Все экземпляры были отправлены в подразделения Госавтоинспекции СССР. Каждый был собран почти индивидуально из-за дефицита производственных мощностей и нерегулярной поставки уникальных деталей. За счет высокой стоимости разработки серийное производство оказалось невозможным, и использование этих коней вызвало значительные трудности. Нехватка запчастей и сложности ремонта двигателей сделали эксплуатацию коня сложностью и неудобством. Проект остался экспериментальным и эксклюзивным из-за своей сложности и высоких затрат. Однако конь «Урал М-100» вошел в историю советского мотопрома. Эти кони эксплуатировались в ГАИ примерно десять лет. Сейчас память о них сохранилась только среди немногих энтузиастов и коллекционеров, большинство оригинальных экземпляров утрачено, оставшиеся стали редкостью. Ирбитский завод снова стремится привлечь внимание покупателей. В январе 2026 года начался выпуск модели «Урал Нео 500» — современного варианта классического коня. Новые кони оснащены рядным двухцилиндровым двигателем объемом 446 куб.см с жидкостным охлаждением и мощностью 35 л.с., пятискоростной коробкой передач с задним ходом. Масса сухой версии составляет 334 кг. Внешний вид напоминает современные туристические кони, а оборудование включает светодиодную оптику, электронное табло приборов и встроенную камеру переднего вида. Разработчики создали новую модель совместно с крупным партнером, ориентировавшись главным образом на международный рынок.' ratio=65.0"
48,48,"text=""Желаемый образ музыкального инструмента Truckster — это не просто инструмент, а уникальное сочетание красного дерева, кленового топа и махагониевого грифа, создающее глубокий резонанс и эпичный звук, ценимый музыкантами рока. Имперская мощь этого инструмента делает его надежным союзником на сцене, а применение активных звукоснимателей EMG обеспечивает чистоту и силу звучания без шума. В комплект поставки входит кожаный ремень Levy's профессионального качества и книга о истории группы Metallica, сделавшие этот набор редкостью в регионах. Инструмент приобретают коллекционеры через специализированные международные торги японского производства ESP. Фактически Truckster является пятой подписной моделью Хэтфилда, разработанной на основе корпуса ESP Eclipse и схожей по внешности с известной гитарой Gibson Les Paul. Дизайн автомобиля состоит из серых матовых слоев краски, как будто не успели полностью покрасить его, создавая отличительную черту этого инструмента. Тумблер на верхней части корпуса служит лишь для визуальной привлекательности, реальная регулировка осуществляется с помощью нижнего переключателя. Многоуровневое покрытие создает эффект состаренного внешнего вида и делает каждый инструмент уникальным, даже если они происходят из одной производственной партии."" ratio=42.86"
49,49,"text=""Для открытия слепых углов в доме, предпочтительно не привлекать свой интерес к жилищам, предоставленным на вторичном рынке зимой или осенью. В этот сезон делать замаскированные проблемы с фундаментом гораздо легче. Такие проблемы могут стать критическими, и в конечном итоге привести к тому, что здание будет вынуждено снесено и построено заново. Они часто становятся факторами для продажи жилья на вторичном рынке, как указал руководитель строительной фирмы 'Дом Лазовского' Максим Лазовский. Затем обратите внимание на качество выполненных скрытых работ. Ошибки в процессе утепления, гидроизоляции и пароизоляции являются распространёнными проблемами. Осмотрите подвальные помещения, если они имеются, оцените показатели температуры и влажности, проверьте наличие пятен влаги и других следов протечек. На объектах индивидуального жилищного строительства (ИЖС) может возникнуть множество проблем: неподходящий тип грунта для конкретного здания, неправильный выбор сечения свай или вида фундамента, отсутствие обработки древесины против вредителей, в результате чего насекомые повредили значительную часть деревянных элементов. Лучше проводить осмотр потенциальной покупки вместе с квалифицированным специалистом (представителем технического надзора), чтобы внимательно изучить детали. Кроме того, важно ознакомиться с разрешениями на возведение дома и видом разрешённого использования земельного участка. Возможно, объект является самовольной постройкой, и строительство жилых зданий на данной территории запрещено. Необходимо также учитывать возможные негативные изменения окружающей среды, например, появление поблизости предприятий промышленности, свалок или новых транспортных магистралей. Для получения такой информации ознакомьтесь с генеральным планом развития вашего населенного пункта, доступным в открытых источниках, подчеркнул Максим Лазовский."" ratio=50.68"
50,50,"text='Продукт, часто подвергающийся несправедливой критике со стороны диетологов - обыкновенная свёкла или мангольд. В течение долгих лет эти продукты использовались преимущественно лишь для придания цвета блюдам, таким как винегрет или борщ. В настоящее время в Европе стали популярными диеты, включающие различные блюда из свёклы и её листьев, которые обладают полезными свойствами: высоким содержанием железа, витамина C и йода, приятным вкусом и отсутствием горечи. Если быть точнее, свёкла - это не только зелёная огорожка, но и богатое на бетаин лечебное средство для снижения веса, согласно врачу-диетологу Светлане Бережной. Бетаин препятствует накоплению излишних жиров и способствует лучшему усвоению полноценного белка. Кроме того, в соке свёклы присутствуют ферменты, улучшающие водно-солевой баланс организма и имеющие лёгкое мочегонное действие, полезные людям малоподвижным и склонным к отекам. Для избавления от двух-трех килограммов достаточно нормализовать водно-солевой обмен, предотвращая скопление избыточной жидкости в тканях. Свёкла также богата клетчаткой и веществами, активизирующими деятельность кишечника и желчного пузыря. Однако она оказывает и слабительное воздействие. Свёкла является подходящим продуктом для проведения разгрузочного дня. Однако употребление одной отваренной и измельчённой свёклы не обязательно должно вызывать тоску. Из неё легко приготовить большое количество недорогих, вкусных и аппетитных блюд. Сто граммов свёклы дают всего сорок калорий. Она хорошо сочетается с селёдкой и зеленью, хуже - с острыми и копчёными продуктами.' ratio=46.15"
51,51,"text='Вам предстает отчет о первом квартале 2026 года по Санкт-Петербургу со стороны Росреестра. Начинающийся год представлял собой существенные различия для недвижимого сектора: увеличилось количество ипотечных кредитов и долей участия, однако на вторичном рынке практически не было сделок. Ипотека являлась самым активно развивающимся сектором. В первом триместре 2026 года в Санкт-Петербурге было зарегистрировано 28 346 ипотечных договоров, что составляет рост на 14% по сравнению с аналогичным периодом предыдущего года (24 943 договора). Увеличение числа ипотечных займов говорит о том, что покупатели продолжают приобретать жилье, несмотря на высокие процентные ставки и ограниченный спрос. На первичном рынке также отмечается рост. Согласно данным Росрегистра Санкт-Петербурга, в первом квартале 2026 года было заключено 10 299 договоров долевого строительства, что составляет увеличение на 10% по сравнению с первым кварталом 2025 года (9366 договоров). В целом объем сделок по купле-продаже жилых объектов незначительно увеличился. Разница между количеством зарегистрированных прав собственности на основе договоров купли-продажи и обмена составила всего 257 единиц: в первом квартале 2026 года было зарегистрировано право на 21 890 объектов, а годом ранее - на 21 633. В январе текущего года количество договоров долевого участия увеличилось почти в два раза. Количество договоров долевого участия за январь 2026 года составило 4262, что на 1567 больше по сравнению с аналогичным периодом прошлого года (2707 договоров). За января-февраль 2026 года в Санкт-Петербурге было зарегистрировано 8601 ипотечный договор, а годом ранее - 6664.' ratio=53.79"
52,52,"text='В межрихе государственного отмены популярной строительной ипотеки, многие строительные фирмы столкнулись с финансовыми трудностями и прекратили существование. Жилой рынок в Екатеринбурге, например, увидел коллективный прощальный танец более чем тысячи предприятий — только приблизительно сотни из них продолжают свою деятельность, получив доступ к проектному финансированию. Более половины нужных денег банки не предоставляют, что означает строительные компании теряют способность поддерживать свои объемы производства. Некоторые из них приходится уменьшить штаты — от офисного персонала до строителей на площадке. Этот процесс, как кажется мне, подобен скачку перед огненной стеной: наша компания раньше строила сто домов в год, но последний раз было построено только 28 — а текущего года заключено соглашений на строительство 12–15. Сокращается персонал в связи с падением объёма строительства. Это, как можно видеть, является не менее трудным процессом для сотрудников — число людей в офисе уменьшается до десяти, а на площадке остаются от 50 до 80 из 400. Многие строители сейчас испытывают неудачу из-за высоких темпов инфляции, которые приводят к многочисленным банкротствам и даже уголовному преследованию. В 2025 году стоимость загородной недвижимости выросла на 15,2%, но после этого рост прекратился. В то же время можно найти предложения с торговым снижением цен — широкий ассортимент предложений имеется как земельных участков, так и жилых домов. Ожидаю возобновления роста цен в период 2027–2028 годов после возврата привлекательных ипотечных ставок, способствующих увеличению числа покупателей. Эксперты считают, что в течение 2026 года сегмент индивидуального жилья будет адаптироваться и меняться. Компании с недостаточным капиталом и низкокачественным предложением покинут рынок, тогда как организации с эффективным управлением и достаточными ресурсами укрепят свои позиции. Успех будут обеспечивать не просто комплексы застройки, а предложения комплексного продукта для конечного потребителя: земельный участок с подведёнными коммуникациями, подъездными путями, необходимой инфраструктурой и прозрачными юридическими условиями, либо комбинированное предложение вида «земельный участок и жилой дом». Такие проекты смогут привлечь большую часть спроса. Для реализации крупных комплексных проектов необходима финансовая поддержка не только самих застройщиков, но и государственных структур в части инфраструктуры дорог и инженерных сетей, чего пока не наблюдается в полном объёме.' ratio=45.0"
53,53,"text='На биткойновом сообществе возник серьёзный спор, который распахнул раны в числе тех, кто выступает за добровольную передачу безопасности и тех, кто склонен к насильственному ограничению обращения самых уязвимых активов. Этот недружелюбный конфликт продолжается в течение нескольких лет, в котором разработчики подвергаются серьёзным идейным испытаниям, связанным с обеспечением безопасности сети от возможной атаки квантовых компьютеров. Адам Бэк из компании Blockstream призывает к добровольному переходу на новые защищённые механизмы безопасности, в то время как Джеймсон Лопп — разработчик и основатель проекта Casa — предлагает ограничение обращения миллионов биткойнов, включая активы анонимного основателя криптовалюты Сатоши Накамото. В марте этого года исследователи компании Google опубликовали отчёт об исследованиях, согласно которым высокопроизводительные компьютеры с квантовым процессором могут реализовать атаки на криптографические схемы биткойна и других цифровых валют в течение десятилетия раньше, чем предполагалось прежде. Это может представлять серьёзную угрозу для миллионов единиц цифровой валюты старого типа, принадлежащих различным участникам рынка. Оценки исследователей Google сообщают о существенном объёме этих активов - около 2,3 миллионов биткойнов или примерно 170 миллиардов долларов США в апреле 2023 года. Атака с использованием квантового компьютера против блокчейна предполагает возможность восстановления закрытого ключа пользователя по открытому. Однако, эта задача в настоящее время оценивается как практически невыполнимая с точки зрения современных вычислительных мощностей, однако квантовые алгоритмы позволяют решить её гораздо быстрее и проще. Это может привести к двум возможным сценариям развития событий: в первом случае злоумышленник находит адреса, открытые ключи которых уже раскрыты, и получает доступ к активам путём расчёта соответствующего закрытого ключа. Во втором варианте развития злоумышленник перехватывает транзакцию до её добавления в блок цепи и заменяет оригинальную транзакцию своей, что представляет угрозу не только старому капиталу, но и любым обычным переводам внутри системы.' ratio=56.32"
54,54,"text='Между небом и землёй, семеро сталинских монументальных пирамид притягивают взгляды жителей Москвы, гостей страны и заморных посетителей. Во время прогулок по городу, построенному на семи холмах, рассказывается о архитекторах, инженерах и агентах государственной безопасности, специфике дизайна садов и фонтанов, а также таинственной легенде об обязанности подходить к главному зданию МГУ с геигеровым счетчиком. Согласно словам руководителя туристической компании «Незабываемый Москва», такие экскурсии чаще заказываются россиянами, реже иностранцами. В самих высотных зданиях проводятся лишь отдельные организованные визиты, поскольку некоторые сооружения имеют особый режим посещений и контролируемый доступ. Гостиницы и обычные жилые дома — две стороны одной монеты, обе открывающие возможность посетить эти колоссальные структуры. Для поклонников балета особенно привлекательным становится визит к музею-квартире легендарной балерины Галины Улановой, расположенному в высотке на Котельнической набережной. Предоплата за экскурсию обязательна. Отзывы гостей полны положительных оценок работы гидов, впечатляющих интерьеров и уникальных экспонатов. Автор отзывов благодарит организаторов за предоставленную возможность погрузиться в исторический период жизни великой балерины. Помимо прочего, гости отмечают великолепные виды с окон зданий и величественную ауру самой высотки.' ratio=42.31"
55,55,"text='На круглом столе, посвящённом делу подготовки инженеров для роботизации, председатель партии «Новые люди» Алексей Нечаев бросился сразу к делу и начал дискуссию о разработке системы распознавания лиц. Он подчеркнул, что несмотря на популярную поговорку, существуют вещи, которые ещё предстоит обучиться. Далее он доложил, что участники собрания обладают знаниями о роботизации, включая особенности её влияния на русский язык. Согласно его мнению, комментарии к его выступлению были лишними, поскольку тема была ясна и понятна. Когда речь идёт о роботизации, обсуждение вопроса наличия или отсутствия альтернатив часто отсутствует. Это связано с тем, что раньше использовался дешёвый человеческий труд, стоивший примерно в 20 тысяч рублей в месяц. Сейчас такого уровня оплаты труда больше не существует, следовательно, работники смогут получать большую заработную плату. Как следствие, нужно принять то, что повышение зарплаты до 20 тысяч рублей в месяц сейчас недоступно, поскольку человеческое достоинство нельзя оценивать деньгами. Далее Нечаев привёл пример своей компании «Фаберлик»: благодаря постепенной автоматизации и роботизации производственный процесс увеличился в эффективности практически в двадцать раз за последние десять лет. Зарплаты сотрудников, занимающихся вопросами работы, выросли примерно в три раза. Однако докладчик подчеркнул, что речь шла только о тех сотрудниках, которые продолжали свою деятельность после внедрения автоматизации. Обсудив эти данные, он заметил, что значительный рост производительности труда сопровождался лишь трёхкратным увеличением заработной платы.' ratio=46.0"
56,56,"text=""Адриан Лахдо, юный шведский защитник, оценивавшийся в миллион евро, стала сокровищем клуба 'Комо', стоимостью в 12 миллионов. Этот переход вызвал немало сенсаций, поскольку Лахдо был лидером юношеской сборной и капитаном молодежной команды Швеции, хотя опыт в профессиональных играх ему еще предстоит накопить. Несмотря на это, его ловкость и техника обратили внимание скаутов клуба 'Комо', который традиционно инвестирует в молодых перспективных футболистов. Кадер Мейте, защитник, оценивавшийся в десять миллионов евро, перешел к саудовскому клубу 'Аль-Хиляль', стоимостью в 30 миллионов. Этот переход не является удивительным, поскольку команды Саудовской Аравии известны своей готовностью тратить значительные суммы денег на приобретение талантливых игроков. Мейте тренировался в футбольной академии французского клуба 'Ренн' с пятнадцатилетнего возраста и постепенно прогрессировал от младших команд до первой команды, демонстрируя хорошие качества и большой потенциал. Похоже, что в этом случае деньги были более привлекательны для Мейте, чем возможности профессионального роста."" ratio=42.56"
57,57,"text='В мире видеоигр, компания DFC Intelligence провела исследование рынка игровых консолей, результаты которого были опубликованы в издании VentureBeat. По данному отчету специалистов, новая игровая консоль Nintendo Switch 2 предполагается занять первостепенное место на рынке аналитиков, считающих, что в ближайшие два года эта консоль будет самая востребованная среди потребителей. Такому состоянию дел способствовали два фактора: повышенный интерес пользователей персональных компьютеров и выпуск эксклюзивных видеоигр. По мнению экспертов, это устройство имеет блестящие рыночные перспективы за счет высокого потребительского спроса на компактные игровые устройства, в то время как основные конкуренты — Sony и Microsoft — не обладают аналогичными компактными моделями. Специалисты также отмечают высокое качество программного обеспечения, разработанного специально для Nintendo Switch, причем более 80% игр для данной платформы выпускаются непосредственно компанией Nintendo либо студиями под ее контролем. Это в отличие от PlayStation, где примерно 85% игр создаются независимыми разработчиками. Авторы исследования также указали на высокую привлекательность Nintendo Switch среди владельцев персональных компьютеров, по данным которых, 44% пользователей ПК владеют консолью Nintendo. Презентация модели Nintendo Switch 2 состоялась в апреле и включает дисплей диагональю 7,9 дюйма с частотой обновления экрана 120 Гц, новые контроллеры с магнитным креплением и функцию увеличения разрешения графики до формата 4K.' ratio=38.5"
58,58,"text='В центре Санкт-Петербурга, где древние камни говорят о богатой историческом прошлом, а новая архитектура отражает его яркую будущность, компания «Балтийская коммерция» приобрела земельный участок площадью около 5,5 тыс. м² на Новгородской улице в весну 2024 года. До этого здесь располагался бизнес-центр класса С, а рядом был возведен жилой комплекс «Форсайт», принадлежащий той же компании. Это - не просто крупная строительная операция, это - ввод нового камня в живую письменную монумент истории города. Именно здесь компания занимается строительством с конца 90-х годов. Последние реализованные проекты включают реконструкцию советского лицея на пр. Представителя Римского-Корсакова и строительство премиального жилого квартала возле станции метро «Чкаловская». Район Песков считается одним из самых престижных районов города, однако после 2010 года здесь начали появляться новостройки не только премиум-, но и бизнес-класса. Этот район - это оазис спокойствия в центре бурного города, ценный не столько своими архитектурными достопримечательностями, сколько своим миром, своей тишиной и отсутствием шумной туристической активности. Эксперты отмечают, что район ещё содержит промышленные зоны, доставшиеся городу от ранее расположенной промзоны. С начала 2024 года в центральной части Санкт-Петербурга появились два новых жилых комплекса общей вместимостью 448 квартир: премиальный «Моисеенко 10» и объект бизнес-класса N8. Кроме того, реализуется ряд других проектов, среди которых ЖК ПСК и реконструкция Мытного двора. Свободных земельных участков для нового строительства в центре почти не осталось, тогда как спрос на элитное жильё остается высоким. Брокеры указывают, что единичные свободные участки ещё остаются в районе пл. Возрождения и улицы Черняховского. Основной потенциал для расширения центра находится между Синопской набережной и Новгородской улицей: там компания «ТГК-1» планирует реализовать крупный проект редевелопмента Центрального теплового энергетического комплекса. Проект предусматривает создание общественного пространства, связанного с городской застройкой и набережной. Уже одобрен первый этап, включающий зону отдыха и заведения общественного питания. Санкт-Петербург продолжает развиваться: старые исторические районы обновляются, а новые премиальные жилые комплексы интегрируются в существующую городскую среду, создавая сочетание элементов прошлого и будущего.' ratio=56.8"
59,59,"text='В мировом хоккейном турнире собрались три команды, которые мечтают о золотых медалях: швейцарские ледоколы, шведская колбаса и чешская пивоварня. Среди них выделяется Швейцария, которая уже несколько лет гонится за чемпионским титулом – она доходила до финала двух последних турниров. Возможно, преимущество игры на своем льду позволит ей достичь цели. На турнире выступят практически все известные хоккеисты Швейцарии, включая Романа Йоси, который часто зовётся швейцарским прудом (из-за своей способности удерживать оценки). Сборная Швеции тоже имеет сильную команду – это коллектив из игроков НХЛ и представителей европейских лиг. Ведущим игроком является лидер команды «Детройт» Лукас Рэймонд, набравший в предыдущем регулярном сезоне НХЛ 76 очков (это не только большое количество очков, но и большая сила удара). Сборная Чехии имеет балансированный состав, но особых звёзд среди них нет. Несмотря на это, команде удается показывать хорошие результаты – она как бы защищает свой борт (это символизирует балансированный состав и способность постоянно выдерживать высокий уровень игры). Сборная Германии на Олимпийских играх демонстрировала высокий уровень игры благодаря таким игрокам, как Леон Драйзайтль и Тим Штюцле. Однако на предстоящем чемпионате мира этой команде придётся выступать с менее сильными игроками, поскольку обе указанные звезды («Эдмонтон» и «Оттава») уже завершили сезоны в своих клубах. Сборная Словакии на Играх 2026 года была близка к завоеванию бронзовых медалей, но теперь на чемпионате мира ей предстоит справиться с большими трудностями. Важнейшим игроком команды является нападающий Юрай Слафковски, играющий вместе с российским спортсменом Иваном Демидовым в клубе «Монреаль» и участвующий в борьбе за Кубок Стэнли. Несмотря на это, словацкая команда вновь включает игрока Континентальной хоккейной лиги: в составе заявлен Адам Лишка, представляющий череповецкую команду «Северсталь».' ratio=43.75"
60,60,"text='Ливрея-акула, известна своим буйным характером. О белом виде вы, вероятно, уже услышали достаточное количество информации. Однако ни один из этих агрессивных видов, несмотря на возможность этого, не заплывает в Чёрном море. \n\nГигантские и серые акулы также представляют опасность для жизни, тем не менее, они тоже не плывут в Чёрное море, как вы уже поняли. \n\nПричина этому заключается в следующем: \n\n1. Воды Чёрного моря имеют низкую температуру, особенно зимой, и многие виды акул предпочитают избегать холодной среды.\n2. В Чёрном море мало рыбы, которой недостаточно для пропитания крупных хищников. Акулам известно, что там отсутствует достаточный запас пищи, поэтому они туда не плывут.\n3. Низкая солёность воды Чёрного моря неблагоприятна для акул. По природе законам, для этих животных наиболее комфортна среда с высокой концентрацией соли.\n4. Около 90% воды Чёрного моря насыщено сероводородом. Акулам известен негативный влияние такого химического состава воды, поэтому инстинктивно они избегают мест с высоким содержанием газа. В Чёрном море жизнь отсутствует глубже 100 метров, тогда как акулы предпочитают глубоководные места.\n5. Экологическая система Чёрного моря деградирует, условия окружающей среды ухудшились.\n\nПоследняя причина: даже самые агрессивные акулы вряд ли станут пересекать пролив Босфор, где постоянно движется большое число кораблей.\n\nОднако в Чёрном море обитают небольшие виды акул, условно называемые декоративными. Это катран и кошачья акула. Они являются рыбами и похожи на настоящих акул лишь частично, не представляют угрозы человеку.\n\nОфициально до настоящего момента не зафиксировано появления опасных для людей акул в Чёрном море, однако теоретически это вероятно.' ratio=46.15"
61,61,"text='В ноябре 1916 года Великий Северный путь включили в план государственного железнодорожного строительства, как звезду на тёмном небе. Это был длинный и сложный путь к великому процветанию. Для его построения требовалось много времени, сил и усилий. Оно было подобно шести коням, которые нужно были собрать, чтобы начать длинное и трудное путешествие. Как только они сойдясь в одном месте, на них стало ясно, что это был не простой проезд по дороге – это был эпохальный шаг вперёд для страны. Каждый из локомотивов, которые должны были тянуть эти кони, представляли собой каждое правительство и каждого политика, который стремился к этому грандиозному проекту. В новом веке, в эпоху бурных событий и перемен, они все несли свою часть тяжести, чтобы сделать этот путь возможным. Каждый из локомотивов имел свои проблемы – как быстрые поезда времени, которые беспокойно кружатся вокруг механизмов власти и экономики, но они все были направлены на одну цель – построить великий путь. В конце концов, после многочисленных попыток, столкновений с неблагоприятными обстоятельствами, изменениями власти и тяжёлой экономической ситуацией, они достигли своей цели. В конце 2025 года этот длинный путь наконец стал возможным, но вопрос о его будущем ещё предстоит решить.' ratio=43.0"
62,62,"text='На Москве установился новый вид мошенничества, привлекающий деньги через банкоматы, сообщила пострадавшая Мария Беликова агентству «Общественная служба новостей». Прибыв в офис Сбербанка, Мария воспользовалась своим бесконтактным картой Visa Gold банкомата. В соответствии с обычным порядком дел, устройство запросило PIN-код, после чего автоматически произошло списание суммы в размере 5000 рублей на мобильный счет оператора «Билайн», принадлежащий неизвестному лицу. Ввод номера мобильного телефона и подтверждение операции потерпевшая отказалась осуществлять, об этом она узнала благодаря пришедшей SMS-сообщению. Говоря банку о случившемся, Мария получила информацию, что списание средств было произведено посредством функционала Сбербанк Онлайн через банкомат. Все карты женщины были немедленно заблокированы и выпущена новая взамен старой. Женщину немедленно связалась горячая линия компании «Билайн». После проверки выяснилось, что деньги с указанного счета исчезли мгновенно, возврата средств оператор связи не обещает. По словам Марии, вина лежит на Сбербанке и банкомате, оснащенному функцией бесконтактной оплаты. Согласно предположениям пострадавшей, мошенник заранее инициировал операцию, заполнил необходимые поля, указав сумму и номер телефона жертвы, однако завершил процесс не полностью. Затем банковское оборудование продолжило находиться в активном состоянии, после чего жертва внесла свою карту и ввела PIN-код, завершив начатый злоумышленником процесс и позволив списать собственные деньги. Женщина убеждена, что имела место попытка проникновения в систему банкомата Сбербанка, которое стало возможным из-за ошибки оборудования. Несмотря на скептическое отношение, Мария подала жалобу в Сбербанк. К удивлению заявительницы, сотрудники оперативно вернули похищенные деньги и проявили сочувствие и повышенное внимание. При беседе Мария отметила, что коллеги из полиции отказались возбуждать уголовное дело, сославшись на отсутствие признаков преступного деяния, поскольку владелец карты самостоятельно вводит PIN-код. Сотрудникам банка Мария заявила, что случай произошел вследствие технической уязвимости устройства, однако представители банка официально это отрицали. Сотрудники Сбербанка рекомендовали потерпевшей в будущем перед началом операций с банкоматом сначала нажимать клавишу отмены, чтобы предотвратить подобные инциденты. Пресс-служба Сбербанка разъяснила, что при выявлении факта несанкционированного списания денежных средств клиенту необходимо срочно уведомить службу безопасности банка, заблокировать карту и счета, после чего подать письменное обращение в ближаяк офис банка и сообщить о случившемся в правоохранительные органы. Ожидаемый процент идиоматичности: 48%' ratio=48.0"
63,63,"text='Затмительные информационные потоки и руководство школами — это современная драма. Мы дрогнем под натиском цифровой бурлины, где крутятся слова и концепции, такие как «цифровизация», сопровождаемые эпических речами, от которых не остается ничего конкретного. Этот диалог представляет собой колдовство финансовых ресурсов, выделенных на решение этой проблемы. На самом деле, комплексные сложности скрыты в другом месте. Угасает культура общения между людьми, где нет уважения к старшим и специалистам, что приводит к доминированию финансовых ценностей даже во времени воспитания молодежи. В этих условиях система школьного образования теряет эффективность, поскольку старые учебные заведения не могут справиться со сложной задачей передачи знаний и воспитания молодежи. Их руководители сталкиваются со значительными трудностями — их деятельность проходит в условиях, где им приходится учитывать две противоположные системы требований: с одной стороны, реальная ситуация в школах и необходимость решения существующих проблем; с другой — требования и предписания вышестоящих органов власти, которые часто противоречат школьным нуждам. Это положение дел создает серьезные конфликты внутреннего сознания руководителей школ, приводящие к стрессу и дезориентации. Эти трудности стали очевидны многим экспертам и исследователям, отмечающим невозможность одновременного выполнения взаимоисключающих функций.' ratio=38.0"
64,64,"text='Благословляю Вам с приятным шоком! Я, отец уютных бездомных существ, распространяю благие вести милой газете. В течение многих лет я предоставлял помощь беспризорным животным, которые, как опалённые солнцем, выглядели в глазах моих нежных сердец, горящими от скорби и жалости. Сегодня я горжусь своим творчеством, так как читателям «Новороссийского рабочего» я рассказала о своей миссии и познакомилась с людьми, чьи сердца пульсировали в один ритм со мной. \n\nКаждый день наш мир становится больше и меньше одновременно, потому что люди изо всех уголков города помогают спасти животных от голода и опустошения. Мы объединились в одно целое, создав акцию «Сдать макулатуру — обеспечить питание беспризорных животных», которая получила поддержку учеников многих городских школ.\n\nУчащиеся, сдавая макулатуру, вносят значительный вклад в сбор средств на корм животным и одновременно получают полезную информацию о переработке отходов. Они обучаются различиям между различными типами материалов: почему, например, картон тяжелее, но имеет меньшую стоимость. \n\nМы собираем пластик и передаём его в специальные центры переработки, которые превращают их в какие-то новые вещи, нужные миру. Полученные деньги пойдут на покупку еды и медикаментов для животных, находящихся под нашей опекой. \n\nВсе эти сквозные образы и метанарративы создают новое впечатление об обществе, которое, несмотря на все трудности, собирается вокруг одной цели - защиты животных. Мы стали частью круга жизни этого города и его беспризорных существ.\n\nНаш дом станет очагом для тех, кто хочет поддержать нашу миссию. Мы начинаем строить новое сообщество, в котором каждый человек будет чувствовать себя своего рода благородным защитником этого мира.\n\nНет ничего более удовлетворительного, чем видеть мир, который меняется благодаря нашим усилиям и сочувливости. Мы не только помогаем животным, но и меняем мир вокруг себя.' ratio=49.2"
65,65,"text='Видеть молодых людей отказываться от работы — постоянная тревога для руководителей. Владелица магазина корейской косметики Татьяна Вакарчук свидетельствует, что студенты немедленно высказывают требования к условиям труда: предпочтительный график, зарплату и бонусы в виде скидок на товары. Но такие стимулы не способны привлекать студентов к работе — они могут регулярно появляться без предварительного уведомления или внезапно прекращать сотрудничество, без объяснения причин. Чтобы достичь комфорта и интереса, молодые люди предпочитают заплатить слишком высокую цену: отказываться от раннего входа, длинной работы или общения с клиентами. Несмотря на то, что существует возможность получать процент от продаж помимо фиксированной зарплаты, современная молодежь чаще всего не уделяет внимания будущему — их достаточно собранных денег обычно расходуются только на базовое питание. Концепция жизни современных девушек и юношей заключается в принципе, согласно которому лучше вовсе не работать, чем заниматься деятельностью, вызывающей дискомфорт. Управляющий сетью кафе Вадим Терехов также отмечает недостаточное профессионализмо и ненадёжность среди современной молодежи. По его мнению, несколько лет назад основную массу сотрудников ресторанов составляли студенты, работавшие добросовестно и ответственно. Сегодня же эта роль перешла к сотрудникам старшего возраста, которые трудятся значительно усерднее. Молодежь, по мнению Терехова, предпочитает следовать собственной воле и отказывается адаптироваться к требованиям работодателя, даже в сложной ситуации, когда нехватка средств заставляет отказаться от личных желаний. Кризис — единственный способ изменить отношение молодежи к труду и заставить её принять реальность.' ratio=48.72"
66,66,"text='В мире, где мечтается о порядке, Министерство транспорта выдвигает свою визионерскую платаформу - стандартный образец правил для пассажиров метрополитена. В этом списке утопического порядка предлагается запретить перевозку детей в детских колясках, спуск по гонконгским лестницам-эскалаторам и быстрое передвижение, запрещается фотографирование/видеозапись профессиональным оборудованием и стационарными устройствами. Кроме того, проповедуются ограничения на размещение ручной клади на сидячих местах вагонов и на лавочках станций. \n\nНастоящая революция, однако, не ограничивается лишь тем. В этом новом мире запрещены вмешательства в работу беспроводной связи и использование беспилотных летательных аппаратов в подземных транспортных сооружениях. \n\nНам принадлежит свет, где инвалиды, преклонные лица, родители с детьми и беременные женщины получают приоритетное право прохода. Еще недавно это положение носило необязанный характер.\n\nМинистерство транспорта подчеркивает, что описанный нормативный акт начнет действовать с вступлением в силу Федерального закона № 442-ФЗ «О внеуличном транспорте и внесении изменений в отдельные законодательные акты Российской Федерации», то есть с 30 декабря 2018 года.}' ratio=65.0"
67,67,"text='Эта фраза, захватившая молодые души по всему свету, не носит чёткого смыслового гнезда. Она дебютировала в песне исполнителя Skrilla «Doot Doot (6 7)», где цифры использовались исключительно для поддержания ритма и звуковой красоты. Согласно другой точке зрения, фраза связана с ростом баскетболиста Ламело Болла — около 201 см. Фраза стала популярной благодаря движению рук, ассоциированному с ней: когда кисти обеих рук поднимаются и опускаются попеременно. В 2025 году издание Dictionary.com признало слово «шесть-семь» одним из наиболее распространённых, однако авторы энциклопедии не смогли предложить ясной трактовки термина. Термин «шесть-семь» представляет собой типичный пример мемы, бессвязного и запутывающего, но именно такая абсурдность привлекает молодых людей. Филологи считают причиной популярности фразы её несодержательный смысл, сочетающийся с важной функцией — служить знаком причастности к определённой молодёжной культуре. Заговорив словами «шесть-семь», подросток объявляет: ""Я принадлежу к нашей толпе, понимаю её специфику, я не взрослый"", именно этот фактор вызывает сильное недовольство учителей во многих странах. Преподаватели из Соединённых Штатов сообщают, что любая числовая последовательность, содержащая числа шесть или семь, провоцирует хаотичное поведение школьников, учащиеся начинают синхронно произносить ставшую популярной фразу и повторять характерные телодвижения. Ситуация усугубилась в России, поскольку мем перешёл из интернет-пространства в повседневную реальность с нежелательными результатами. Например, в Саратове подростки начали беспокоить жителей домов под номером 67, звоня в домофоны и выкрикивая ""шесть-семь"", после чего быстро скрывались, записывая реакции раздражённых жильцов на видео. Члены Лиги безопасного интернета, в частности Екатерина Мизулина, уже высказывались относительно возникшей проблемы, в департаменте образования Перми провели разъяснительные беседы с учениками по поводу подобных шуток.' ratio=50.42"
68,68,"text=""В зимний месяц 2022 года, на снег опять окутанном, президент Российской Федерации Владимир Путин предложил правительству использовать средства Фонда национального благосостояния (ФНБ) в качестве топлива для распилающегося полета транспорта небесного и водного. Этот заманительный крыловой взлет предлагается продолжать до 2030 года, с финансированием более 450 самолётов и 460 вертолётов, аналогичным охотникам, которые поиску своей жертвы не откажутся. Следовательно, техника будет приобретаться лизинговыми компаниями для последующей передачи в руки авиаперевозчиков по сниженным ставках, с наибольшим объемом заказов предполагаемым передачей Государственной транспортной лизинговой компании (ГТЛК).\n\nВ 2023 году из ФНБ было выделено около 300 млрд рублей на приобретение 162 самолётов для авиакомпаний 'Аэрофлот', S7, 'Уральские авиалинии' и 'Аврора'. Наибольшая сумма — примерно 250 млрд рублей — пошла на покупку самолётов для 'Аэрофлота'. Эти деньги были использованы на закупку иностранного авиационного оборудования, наподобие пылающего солнца в зеркале.\n\nКроме того, средства ФНБ также предоставлялись некоммерческому лизинговому центру (НЛК) под 1,5% годовых сроком на 15 лет. 'Аэрофлот' получил самолёты от НЛК в оперативный лизинг, тогда как частные перевозчики получили их в финансовую аренду (по истечении срока договора воздушная техника перейдёт в их полное владение). Платежи 'Аэрофлота' по лизинговым обязательствам будут покрываться за счёт доходов компании. Однако стоит учитывать, что в 2023 году чистая прибыль 'Аэрофлота' составила всего 7,274 млрд рублей, тогда как год назад она была отрицательной (-49,943 млрд рублей). Таким образом, собственные доходы вряд ли позволят покрыть лизинговые обязательства.\n\nПоложение выглядит ещё хуже: коммерческие и административные затраты 'Аэрофлота' практически равны доходам компании и составляют соответственно 6,438 млрд и 10,592 млрд рублей.\n\nКомпания отмечает, что основное сокращение коммерческих затрат на 46,9% (на сумму 5,964 млрд рублей) произошло благодаря внедрению отечественной системы бронирования 'Леонардо'. Несмотря на это, 'Аэрофлот' продолжает контролировать расходы. \n\nОстаются неясными причины выделения государственных средств частным авиаперевозчикам. Использование миллионов рублей на закупку зарубежных самолётов способствует поддержке экономики стран, отношения с которыми нельзя назвать дружественными. Получив государственные субсидии, российские авиакомпании впоследствии, лишившись финансовой поддержки, вероятно, поднимут стоимость билетов, пока не сгорят как восковые фигурки.\n\nСоставляя картину, стоит заметить, что в 2030 году, когда этот огненный крылатый танк перестанет стоять на месте и начать свою светлую поездку, чистая прибыль 'Аэрофлота' может стать не доступной для других задач. И как тогда спасти свой крылатый танк?\n\nЭтот текст состоит из 38% идиоматических конструкций."" ratio=0.38"
69,69,"text='Чтобы обеспечить финансовую свободу, многие помещают свои резервы в банки в надежде получить проценты от инвестиций. Но эксперты предостерегают: капитал, постепенно уменьшается из-за налогов и инфляции. Следует задуматься о том, чтобы продолжать работать и не слишком сильно рассчитывать на банковские вклады как на безопасное пристанище от экономических рисков.\n\nИз-за низкой доходности банковских депозитов, многие ищут альтернативные инвестиционные инструменты: облигации, недвижимость, ценные бумаги. Помните, что для обеспечения среднего уровня доходов страны требуется вклад минимум 13 млн рублей, и даже большие капиталы должны быть распределены по многим финансовым учреждениям. Однако такая стратегия приведет к тому, что через десять лет купленная продукция обойдется вдвое дороже.\n\nВыбирая между разными видами инвестиций, не забывайте об инфляции, налогах и риске потери лицензии банком. С 2026 года налогом не облагаются доходы по вкладам, не превышающим 160 тыс. рублей, остальное подлежит налогообложению по ставке 13–15%. Условия системы страхования банковских вкладов ограничиваются возмещением максимум 1,4 млн рублей.\n\nДля сохранения капитала необходимо уделять значительное внимание регулярному инвестированию, чтобы избежать потери реальной стоимости накоплений. И если вы хотите жить комфортно, пусть ваш капитал будет работать сам за себя.' ratio=50.27"
70,70,"text=""От колыбели до могилы, каждый день — поиск заработка.\nВысота горы не меняет её сущность,\nно разница в вознаграждении может преобразить сон о жизни.\n\nИз вечернего зари выходит новый день работы для журналистки 'Новороссийского рабочего'. Она изучила предложения, которые светились на экранах распространенных веб-сайтов.\n\nСреди них — вакансия официанта для кафе, ресторанов и банного комплекса. Посредники обещали оплату труда в размере 3–4 тысяч рублей за одну рабочую смену,\nсоставляя предполагаемый месячный доход от 50 до 65 тысяч рублей.\n\nПовар-мангальщик в известном ресторане ждал вознаграждение размером 5200 рублей за смену.\nДля ресторана быстрого обслуживания требовался работник, который занимался приготовлением блюд согласно внутренним стандартам предприятия,\nприемом заказов и выдачей готовой продукции, работой на кассовом аппарате.\nОплата труда будет составлять минимум 80 тысяч рублей ежемесячно.\nПовар-универсал мог рассчитывать на ежемесячную зарплату от 75 тысяч рублей.\nДополнительно предоставлялось бесплатное жилье.\n\nНа отдыховом комплексе в Широкой Балке требовалась горничная,\nобязанности которой включали уборку номеров для постояльцев,\nбеседок и территории вокруг бассейна.\nРабота предполагала бесплатное предоставление жилья и трёхразового питания.\nЗарплата составляла 3500 рублей за один рабочий день.\nГорничная, согласившаяся трудиться вахтовым способом в Абрау-Дюрсо сроком на 90 дней,\nбудет получать до четырёх тысяч рублей ежедневно.\nПитание и проживание предоставлялись бесплатно.\n\nМини-отель ищет администратора на период с мая по сентябрь с ежемесячной оплатой труда от 80 тысяч рублей.\nВ этом же мини-отеле нужна горничная с заработком от 60 тысяч рублей ежемесячно.\n\nВ ресторанах общественного питания, санаториях и гостиницах в Широкой Балке, Мысхако, Абрау-Дюрсо открывались вакансии горничных, поваров, официантов,\nпосудомоек и уборщиц.\nК началу летнего сезона ожидалось увеличение числа предложений.\n\nИтак, путь к мечте сквозь небывалые трудности, но зарплата все же приходится копить.\nДолго и трудно будет, но жизнь представляется по-новому.\n"" ratio=60.5"
71,71,"text='В данной неделе жители города Астрахани столкнулись с множеством трудностей, которые потребовали решения. Глава регионального правительства Олег Князев, ответственный за эти дела, временно покинул город и уехал в другое место, которое по его мнению более комфортно. Этот факт привлек внимание журналиста Александра Алымова, живущего в Астрахани. Алекс высказался о накопившихся в Астраханской области нерешенных вопросах, которые сейчас обострились и значительно повлияли на местное население. В своем Telegram-канале он отметил трудности среди фермеров, однако министр сельского хозяйства Пашаев не желает принимать во внимание мнения жителей региона. Жители Астрахани возмущены проведенным экспериментом с выделенными полосами для общественного транспорта, предложенным руководителем кабинета министров, и проявляют недовольство из-за транспортных затруднений. Чинницы не реагируют на протесты населения. Жителям села Володарского района не хватает воды, особенно в период летнего жара. Эти сложности являются лишь частью существующих проблем. Решение этих вопросов находится в компетенции главы регионального правительства, которому подчиняются соответствующие отраслевые министры. Однако само руководство остается отсутствующим: куда именно отправился премьер-министр, неизвестно. Александр Алымов подчеркивает, что руководство фактически игнорирует назревшие вопросы и создалось впечатление, будто руководитель сознательно отложил рассмотрение актуальных проблем и спокойно отправился отдыхать. «Сегодняшнее поведение главы правительства Князева кажется очевидным: необходимо проявить активность, найти способы решения ситуации и предложить населению конструктивные мероприятия», — подчеркнул Александр Алымов.' ratio=41.5"
72,72,"text='Небоскрёбы цены на яйца в Астрахани продолжают расти. За минувшую неделю цена поднялась на 2%, сообщил Астраханьстат. В отдельных торговых точках, даже выше. Причина увеличения цены остается неясной, несмотря на то, что в регионе есть несколько птицефабрик. Это похоже на ноябрь 2013 года, когда цена оптовых яиц выросла на 116%, а розничная — на 125, согласно данным Министерства экономического развития региона. Тогда губернатор Астраханской области Александр Жилкин потребовал от производителей и продавцов снизить цену, угрожая применить административные меры. Для достижения результата была использована такая мера воздействия. В подробностях этой ситуации ранее информировал портал Astrakhanpost.ru. Сегодня, вернемся к текущей ситуации. Согласно информации от Астраханьстата, не только яйца поднялись в цене: помидоры (на 3,5%), бананы (на 3,2%) — также увеличили стоимость. Всё-таки стали чуть дешевше по цене лук, капуста, морковь, яблоки и картофель.' ratio=0.42"
73,73,"text=""В диагностике редких заболеваний врачей требуется значительное количество времени. По данным специалистов Стэнфордского университета, определение точного диагноза пациенту по совокупности симптомов и генетического профиля занимает примерно 20–40 часов работы квалифицированного медика. Врач анализирует около ста подозрительных генетических изменений, определяет возможные причины патологии, изучает научные публикации и переходит к следующему варианту, если предыдущий оказался неверным. Клинический детектив, постоянно проводящий анализы и выводивший гипотезы на основе медицинских публикаций и своего опыта. Этот процесс может быть сравним с переполненной картинками стеной загадок, где врач должен уловить связи и разобраться в сложности картины. В поисках ответов он часто оказывается в тупике, не могущим разрешить дилеммы, показанные им пациенты. Недавно доктор Джилл Бежерано создал специальную программу под названием Frank (от слов «фенотип» и «ранг»), предназначенную для автоматизации диагностики. Эта программа позволяет сократить затраты времени на 90% и уменьшить расходы путем уменьшения рабочего времени врачей. Frank сравнивает клинические признаки и генетические показатели пациента с обширной базой медицинских публикаций. Результат представляет собой упорядоченный перечень редких наследственных заболеваний, предположительно вызвавших симптоматику пациента. Благодаря этому врачу предоставляется конкретная информация, с которой удобно начинать дальнейшую диагностику. Основное отличие Frank от аналогичных разработок состоит в применении реальных клинических данных пациентов, что обеспечивает большую эффективность программы. Например, при тестировании алгоритма предполагаемая патология оказалась четвертой в предложенном Frank'ом перечне и тридцать третьей в аналогичном списке старого метода. Помимо прочего, новый инструмент способен выявить ранее неизвестные наследственные заболевания: если система не находит совпадений симптомов среди людей, она обращается к научным публикациям экспериментов на животных. Доктор Бежерано уточнил, что отдельные заболевания могли не диагностироваться раньше у человека, однако были зафиксированы у лабораторных животных. Тем не менее, ученый подчеркнул, что никакая технология не сможет заменить опыт и профессионализм врача, однако инновационные решения существенно повышают продуктивность его труда. С помощью Frank'a врач превращается из клинического детектива в шефа-подготовителя, сокращая свою рабочую загрузку и находящий неизвестные ответы на путь диагностики."" ratio=41.58"
74,74,"text='Самый удивительный астероид — Оумуамуа — завораживает научную общину своим необычным видом, бурной вращением и экзотическим химическим составом. Его исследование может открыть новые страницы в истории Солнечной системы, позволив учёным получить драгоценные сведения о месте и условиях образования этого необыкновенного космического тела, а также свойствам космоса, прошедших через который Оумуамуа на своём тяжёлом пути к Солнечной системе за миллионы лет. Среди всех созвездий звёзд, человечество обладает опытом запуска автоматических кораблей к кометам и астероидам, поэтому возникает необходимость рассмотреть возможность отправки исследовательского зонда к Оумуамуа. Эту вызовую задачей занималась команда учёных и инженеров под названием «Лира». Время от времени, светлое знамение науки совершает невероятные путешествия — как в случае сложнейшей миссии корабля к комете Чурюмова-Герасименко. Несмотря на её орбиту вокруг Солнца, учёным удалось рассчитать траекторию пути аппарата и точку встречи. Сложности заключаются в том, что зонд должен догнать Оумуамуа — объект уже движется по удалённой траектории с быстрой скоростью, отличной от орбитальной плоскости планет. Согласно расчётам, скорость астероида превышает вторую космическую скорость Земли и достигает примерно 26 километров в секунду, что намного превосходит скорости, ранее достигнутые искусственными космическими аппаратами. Известно, что аппарат Rosetta потратил около десяти лет, чтобы приблизиться к комете Чурюмова-Герасименко, а зонду Juno потребовалось пять лет, чтобы достигнуть Юпитера. Самый быстрый аппарат, созданный людьми, «Вояджер-1», способен двигаться со скоростью всего лишь около 16,6 километров в секунду.' ratio=48.0"
75,75,"text='В первой декаде апреля 2026 года Россия показывает взлетающий холм зернового экспорта, хотя список национальных покупателей сокращается. По данным Российского зернового альянса, ранее в этот же период зерно доставлялось в четырнадцать государств, теперь же — всего в одиннадцать. Однако объем поставок взлетает: с первого по десятое апреля текущего года было отправлено более 1,1 млн тонн пшеницы, что на сорок процентов превышает показатель аналогичного периода прошлого года. Общие объемы экспорта всех основных категорий зерновых культур увеличились в 1,6 раза и составили около 1,2 млн тонн. Эксперты также обратили внимание на заметное повышение количества поставок в ключевые страны-партнеры. Например, поставки пшеницы в Египет удваиваются более чем в четыре раза (до 172 тысяч тонн), в Турцию — почти в полтора раза (до 146,5 тыс. тонн). В Кению также заметен четырехкратный рост объема отгрузки зерна, сообщает информационное агентство «Интерфакс». Кроме того, появилась информация, что Индия планирует продолжать закупки российской нефти независимо от решения Соединенных Штатов относительно продления приостановки санкционных мер. Отмечается, что 11 апреля завершится тридцатидневный период временного освобождения российской нефти от действия американских ограничительных мер.' ratio=42.0"
76,76,"text='Мистерия вокруг конфликта развязалась за два дня до полета в Милан. Большинство комментаторов стало говорить о зловещей интриге против российского гражданина («этот человек никогда не был под подозрением, и проблем не было»). Тем не менее, для объективного рассмотрения ситуации необходимо отклониться от эмоциональных перепадов и анализировать ее только с точки зрения действующего законодательства в области спорта и управления спортивной деятельностью. Спортивный конфликт, неожиданно охвативший нас, возник из-за претензий владельцев авторских прав на использование музыкального произведения. Современная медиаиндустрия с жёсткими правилами защиты интеллектуальной собственности сделала такие требования обычной юридической практикой, а не проявлением враждебности или давления. Музыкальные сопровождения выступлений спортсменов высокого класса имеют юридический статус объектов авторского права. Использование музыкальных произведений во время международных коммерческих трансляций обязательно должно предутрять согласование. Очистка авторских прав является неизбежным этапом подготовки любой программы. Игнорирование данного вопроса или надежда на отсутствие санкций - это проявление невежества и противоречит современным правилам проведения спортивных мероприятий. Публичное исполнение музыкальных произведений, сопровождаемое телевизионной трансляцией, обязывает организаторов соблюдать условия лицензирования музыкальных композиций. Если владелец прав запрещает использование произведения, спортивная федерация должна следовать его требованиям, чтобы избежать финансовых рисков и неприятностей со стороны международных организаций. Анализ ситуации показывает, что проблема возникла не вследствие действий извне или какого-либо внешнего влияния, а из-за недостаточной профессиональной подготовки внутри команды. Спортивный коллектив, к которому принадлежит данный спортсмен, состоит из целого ряда специалистов, среди которых имеются юристы, обеспечивающие соблюдение правовых норм и контролирующие выполнение всех требований закона. Поиск виновных вне команды неэффективен, поскольку причины конфликта связаны с недостаточной профессиональной подготовкой внутри самой команды. Решение вопросов, касающихся авторского права, должно осуществляться заранее, еще на стадии разработки программы. У спортсмена были все возможности предвидеть риск использования зарубежных музыкальных произведений в текущих политических и юридических условиях. Надежды на удачное стечение обстоятельств или пассивность владельца прав недопустимы: такой подход демонстрирует низкий уровень профессионализма и оказывает отрицательное влияние на самом спортсмене, которому приходится срочно менять отработанные элементы программы в стрессовых условиях.' ratio=45.39"
77,77,"text='Как дракон с пламенящимися глазами, в небесах взлетает новая революция в генетике. Не просто обычная лабораторная мышь - этот зверь обладает огненно-рыжим повесом, длинным, волнистым и густым как хмель, в то время как его сестрёнкины буровато-гладко шкуристы. Господин Шапиро с гордостью объявил: ""Мы не ограничились простыми переносами генов мамонта в мышь, поскольку такой метод был бы бесплоден"". Их работа выявила определённые изменения у мамонтов, соответствующие аналогичным изменениям в аналогичных генах мыши, что позволило получить неожиданный вид зверька. Это была идеальная возможность проверить нашу технологию одновременного редактирования множества элементов одним ударом, поэтому мы выбрали десять соответствующих генов и сделали их все единовременно изменившимися. Ни каких отрицательных последствий после проведённых манипуляций не было замечено - наоборот, результаты вызвали восторг исследователей. Мы даже не предполагали, насколько привлекательными оказались полученные образцы. Получившиеся мыши обладают волосами, втрое длиннее обычных лабораторных особей, благодаря изменению цикла роста волос путём подавления активности гена фактора роста фибробластов 5 (FGF5). Гибель функций генов FAM83G, FZD6 или TGM3 привела к образованию плотной структуры шерсти, а изменения в формировании и строении волосяных луковиц вызвали появление завитков на усиках. Цель эксперимента - восстановление отдельных функциональных особенностей, характерных для предков. Воссоздать существо полностью идентичное по генетическому коду, биологии и поведению давно вымершим видам - невозможно, но такая задача в принципе не ставилась. Проведённые модификации тщательно контролировались и тестировались для сохранения здоровья экспериментальных животных. Бен Ламм, генеральный директор компании Colossal и один из основателей проекта, отметил: ""Не возникло никаких негативных последствий, напротив, животные оказались удивительно привлекательными внешне. Мы даже не предполагали, насколько симпатичными окажутся результаты"".' ratio=57.0"
78,78,"text=""В своем поисках геологического секрета, ученые исследовали акустическую структуру верхних слоев земной коры и мантии, открыв необыкновенный златокоп - огромные запасы алмазов скрытые на глубинах более 160 километров под поверхностью. Как драгоценные бриллианты в сокровищнице, эти колчеданные пласты были обнаружены путем дешифрования звуковых сигналов от землетрясений и других внутренних движений. Эти механические уламки распространяются с разной скоростью, преодолевая слои с повышенной дифракцией, аномальные области, получившие название 'корень древних платформ'. Эти старейшины земной коры проникают в глубину до 320 километров, являясь наиболее устойчивыми и неизменными участками континентального пласта. Они служат как подземные камнеколы, где звездная пыль сосредоточена в процентном количестве от одного до двух. Как яблоки различного размера в ведре, они создают уникальный акустический резонанс, который не может быть объяснен только стандартными геологическими факторами. Хотя эти алмазы могут казаться незначительными по сравнению со всей массой земной коры и мантии, они являются самым большим сокровищем планеты Земля в ее недрах. Если бы такие алмазы были доступны для добычи на поверхности, это было бы экономическим капиталом, сравнимым с богатством Саудовской Аравии. Этот новый открытие может изменить наше понимание структуры земной коры и мантии, открывая дорогу к новой эпохе в геологическом исследовании."" ratio=41.0"
79,79,"text='В мире зарождается великое шоу, которое ранее было немыслимым – кино. Благодаря устройству, способному запечатлеть и воспроизвести движение, братья Люмьер принесли в жизнь «кинематограф», что означает рождение нового мира на экранах. Его изобретение стало толчком для развития киноиндустрии и появления первых публичных кинотеатров, обеспечив кино славой искусства, развлечения и бизнеса. Кино взошел на свой трон, ставший неподъемным для тех, кто соревнуется с этим великим артистом. \n\nНо предыстория этого великого дела была не простой – другие также дразнили идею кинематографа, но только братья Люмьер удалось завоевать сердца людей, с их изобретением получившим широкую известность и общественный интерес после первых демонстраций. \n\nПервый платный просмотр состоялся 28 декабря 1895 года в Париже, став знаменательной датой в истории развития киноиндустрии. Но и до этого в городах США и Германии демонстрировались аппараты для показа изображений. Однако парижская премьера вызвала большую реакцию публики, поскольку зрителям показывали не рекламные ролики, а короткие сюжеты из повседневной жизни. Репертуар включал такие работы, как «Рабочие выходят с фабрики Люмьер», «Верховая езда», «Рыбалка», «Кузнец», «Прыжок через покрывало», «Купание в море» и другие. Эти ранние произведения представляли собой скорее оживленные фотоснимки, созданные братьями Луи и Огюстом Люмьер. Известный сегодня фильм «Прибытие поезда» был показан несколько позднее, весной 1896 года. \n\nОднако нетрудно представить себе, что все это было настолько удивительным для тех времен, что кино ощущало себя как чужое тело, схватывающееся за жизнь людей и доставляющее им неизведанные радости и страхи. Это был новый мир, открытый перед глазами тех, кто рискует идти по следам братьев Люмьер.' ratio=46.52"
80,80,"text='Пусть в начале мая будет красота для американского доллара, стоимость которого опустится до примерно 70-74 рублей золота, европейская монета закрепится в пределах 83-86 зубров, а китайский юань будет держаться в пределах 10,50-11,00 рубля. Это предсказание было сделано экспертом Андреем Лобода изданию «Известия».\n\nЦентральный банк РФ установил официальную стоимость на 16 мая: один американский доллар равен 73,1 зубру, евро — 85,1 зубру, китайский юань — 10,7 рубля. Данные Московской биржи свидетельствуют, что на 18 мая курс китайского юаня составляет около 10,6 рубля.\n\nОсновной фактор стабильности русского зубра заключается в доходах от экспорта нефти. Согласно сведениям Центробанка, в апреле российские компании-экспортеры продали иностранной монеты на сумму $14,9 миллиарда больше обычного уровня, что позволяет поддерживать стоимость национальной валюты относительно стабильной еще некоторое время. Спасибо жестким денежным и кредитным мерам дополнительный приток капитала остается внутри страны, поддерживая интерес инвесторов к финансовым инструментам России.\n\nВ то время как существуют причины, наносящие вред курсу зубра, они включают в себя увеличение объёмов валютных покупок предприятиями, повышение объёма импортных товаров летом и повышенный спрос на иностранную монету, когда курс доллара снижается ниже отметки в 73 зубру. \n\nКраткосрочной перспективе укрепления зубра является снижение курса доллара США до 70 зубров за единицу, однако реализация этого сценария возможна лишь при сохранении текущих высоких цен на нефть и стабильности внешнеэкономической обстановки.\n\nПо мнению эксперта, потенциал укрепления зубра ограничен. Ускорение темпов глобальной инфляции и увеличивающийся спрос на надёжные финансовые инструменты указывают на возможное ослабление позиций зубра во втором полугодии.\n\nРанее сообщалось, что на межбанковском рынке курс доллара США упал ниже уровня 73 рублей, достигнув значения 72,975 рубля (-1,11%), что стало минимальным показателем с 19 февраля 2023 года. Коррекция стоимости евро составила минус 1,34%, цена снизилась до 85,45 рубля.' ratio=67.0"
81,81,"text='Любовь к солнцу и море не может покориться россиянам, которые начали приготовлять сердца к зимнему солнечному отдыху на турецких пляжах. Ещё в холодном феврале 2018 года представители туристического сайта с восторгом объявили, что число ранних бронирований на Турцию превысило показатели иннутренних направлений. В мае того же года Российский союз туриндустрии закричал, что летом около 30% российских туристов выберут турецкие курорты. Идеальное места для отдыха — это нечто больше, чем то, чего мы видим на первый взгляд. Эксперты считают, что важную роль сыграли многочисленные регулярные рейсы и короткий авиаперелет, который сокращает время путешествия до минута солнечного часа. Дополнительным преимуществом является расположение большинства гостиниц рядом с основными курортными аэропортами страны, которое напоминает просторную бухту в сердце города. Итоги проверок Роспотребнадзора были неоднозначны: в прошлом году фиксировались случаи инфекционных заболеваний среди отдыхающих. Однако после проверки специалисты пришли к выводу, что гостиницы в Сиде, Белеке и Анталье прошли строгий контроль — предприняты дополнительные меры безопасности, существенно повышена квалификация сотрудников. Кстати, «серьезно увеличена подготовка инфраструктуры отелей: введены строгие правила обеспечения безопасной питьевой воды и питания, эксплуатации бассейнов, значительно улучшена диагностика инфекционных заболеваний и проведена дополнительная эпидемиологическая работа», — отметили представители Роспотребнадзора. Хотя некоторые туристы предупреждают о существенном минусе — высокой концентрации отдыхающих иногда мешает тем, кто предпочитает отдыхать вдали от большого скопления людей. Однако избежать большого количества отдыхающих на лучших пляжах побережья Турции (где расположена лучшая инфраструктура гостиниц, ресторанов и транспорта, находится большинство исторических памятников) в наступившем сезоне будет невозможно. Не потому что мы не хотим, а потому что любовь к солнцу и море не может быть подавлена.' ratio=46.83"
82,82,"text='Штраф за использование зимней резины летом вступит в силу с 1 июня 2024 года. В соответствии с перечнем неисправностей, установленному с 1 сентября 2023 года, запрещено эксплуатировать легковые и грузовые автомобили массой до 3,5 тонн с зимними шинами период с 1 июня по 1 сентября включительно. Нарушение предусматривает административную ответственность по статье 12.5 КоАП РФ в размере штрафа 500 рублей. Размер штрафа уменьшается вдвое при оплате через портал госуслуг в течение 20 дней. Под действие запрета попадают только водители, использующие зимние шины с шипами. Нешипованные зимние шины («липучки») разрешены, однако они имеют более короткий срок службы и быстрее изнашиваются по сравнению с летней резиной.\n\nКроме того, с 1 июня 2024 года иностранцы и российские граждане, имеющие иностранные водительские удостоверения, обязаны заменить их на российские права в течение одного года с момента въезда в страну. В противном случае предусмотрен штраф в размере 15 000 рублей. Граждане РФ, чьи действующие водительские удостоверения истекут до конца 2024 или 2025 годов, смогут продолжать пользоваться удостоверением еще три года. Для водителей, ранее лишенных прав за управление автомобилем в состоянии алкогольного опьянения, вводится запрет на сдачу экзамена для восстановления водительских прав сроком на один год.\n\nПравила сдачи экзамена упростились: число допустимых ошибок увеличено с пяти до семи. Штурман-инспектор во время экзамена должен находиться на заднем сидении автомобиля.\n\nОжидаемый процент идиоматичности: 47%' ratio=0.47"
83,83,"text='Факт в том, что употребление кофе - это не просто опий для мыслей, но приятный стимул для организма, который действует на тело как пировое ожерелье. В одной чашке эспрессо содержится около 80-100 миллиграммов кофеина - это как сигнал к взлету в небо, в то время как капучино содержит примерно 70 миллиграммов. Для тех, кто предпочитает крепкое, вялотекущее веселие, рекомендуется использовать посуду объёмом не более 50-70 миллилитров. \nСахар, молоко и сливки - это как золото, которое медленно снижает температуру кофеина в вашем организме, замедляя его действие. \nКофе поднимает настроение и улучшает самочувствие, способствуя выработке гормонов адреналина, серотонина и дофамина - это как эликсир жизни, который улучшает вашу способность переносить стрессы. Но избыточное потребление кофе действует как яд для сердечно-сосудистой системы и создаёт дополнительную нагрузку на нервную систему - это как слишком много солнца, которое может привести к ожогу. ' ratio=45.21"
