,index,idiomatic_version
0,0,"text='Над пустынными улицами Петербурга кружили легкие очертания облаков, словно испарения из затуманенных углублений; они мелькали и исчезали одна за другой. В небе мерцал тусклый светящийся предмет неясной формы, придавая окрестностям слабое сияние; в таком свете металлические крыши и дымовые трубы начали блестеть отражённым светом. Здесь текла река Мойка зелёного цвета; вдоль одного берега стояло трёхэтажное строение с пятью белыми колоннами, украшенными выступающими архитектурными элементами сверху. На ярком фоне дома неторопливо прошёл солдат Её Величества в блестящем золотистом шлеме, на котором была серебряная фигурка голубя с развернутыми крыльями.\n\nНиколай Аполлонович, нанюхавшись парфюма и освободив лицо от щетины, прогуливался вдоль набережной реки Мойки в меховой шубе; его голова была спрятана под воротником, а глаза странно блестели на ярком фоне. Внутри он ощущал тяжёлое волнение без определённого названия — как будто бы внутри него шевелилось нечто одновременно ужасное и приятное, направляющее его в неизвестные земли.\n\nОн задумался: возможно ли, что это ощущение есть любовь? В памяти возникло воспоминание: однажды ночью он, покрытый туманом и спеша из указанного подъезда, поспешил к чугунной петербургской переправе, намереваясь именно там...\n\nОн почувствовал дрожь. Вдруг пронёсся вспышка света: тёмная императорская карета проехала мимо окон освещённого дома; красные фонари на ней отразились в тёмной поверхности воды Мойки, а очертание головного убора слуги и верхней одежды блеснули вместе с светом, появившись из облачной зоны и исчезнув во второй.' ratio=10.0"
1,1,"text='На указанном месте стоял величественный дворец, чьи верхние этажи напоминали вытянутую башню и делали его похожим на странное сооружение замка — кирпично-розовый монолит из массивного камня. Это произошло давно, и сейчас правителя, некогда обитавшего здесь, уже нет с нами.\n\nКирпично-розовые стены дворца возвышались над пустынными улицами; голые ветви деревьев казались протянутыми к небу словно руки, и колыхались на легком ветру; каркнув, черная ворона взмыла высоко в воздух, парила среди облаков, а затем стремительно спустилась обратно.\n\nЭкипаж проезжал через этот район.\n\nКонная скульптура выделялась на фоне пустынной площади; гости города редко обращают внимание на эту величественную фигуру.\n\nМонарх воздвиг памятник своему знаменитому предку, жившему в этом красном кирпичном дворце. Срок его правления был коротким.\n\nВозможно, из узенького окна выглядывала круглая белая голова с завитушками волос; мужчина внимательно глядел сквозь стекло — взгляд то терялся в мягких оттенках заката, то пристально следил за серебристым мерцанием месяца среди листвы деревьев. У входа дежурил солдат в треугольной шляпе; когда поднимался генерал со звездой на груди и направлялся к карете, украшенной картинами, солдат отдавал честь. Рядом стоял высокий возница, сидевший на сиденье экипажа; за ними виднелись черные слуги.\n\nПавел Петрович снова оглядывался и продолжил беседу с изнеженной фрейлиной в прозрачном платье. Она улыбалась, на щеках появились легкие ямочки; родинка была видна.\n\nВ ту ночь лунный свет освещал предметы императорских покоев — блестел даже на маленьком изображении купидона на стене. На подушке уже можно было различить очертания головы, когда-то там спавшего человека; слышались удары часов и приближающиеся шаги. Спустя несколько секунд постель оказалась помятой — простыни еще сохраняли тепло тела, а покойника уже не было видно. Молодые офицеры с обнаженными саблями склонились над пустым изголовьем кровати; кто-то пытался открыть дверь; слышался плач женского голоса; белеющий офицер поднял край шторы и увидел смутное движение за прозрачной тканью окна.\n\nСнова доносились звуки часов, а шаги затихали.' ratio=9.0"
2,2,"text='Вечер наступил, небо покрыто легкой дымкой, и туман скрывает всё выше. В древности верили, что за облаками находится пристанище главного бога, равнодушно наблюдающего за всем происходящим внизу. Сегодня мы знаем, что за облачным покровом разливается лишь бескрайняя синева и пустота космоса. Сейчас же я не могу отделаться от мыслей о том, что скрывается за видимым горизонтом, ведь моя голова полна новых знаний. Полное убеждение часто приравнивается к вере. Раньше я был уверен в своей правоте во всем, что касалось меня самого. Однако теперь, впервые оглядываясь на своё отражение, я осознаю его совершенно отчётливо и чётко. Вижу свое лицо как бы с чужой точки зрения: черные ровные брови, вертикальная морщинка между ними (раньше её не заметил), серые глаза со стальным оттенком, под которыми темные круги от недосыпа. В моём взгляде нет ничего о том, что я чувствую внутри, и раньше мне было невдомёк об этом. С глубины сознания начинает всплывать чувство, будто этот мужчина на зеркальном экране совсем чужой для меня самого — будто я его встретил впервые. Но это не настоящий я. Продолжать размышления нет смысла: всё написанное здесь — плод недавнего недомыслия после употребления определенного вещества накануне вечером, которого уже и не помню. Главное — показать, как логический человеческий разум способен ошибаться в самых удивительных обстоятельствах: от древних представлений о бескрайней высоте до наших современных числовых мерил вселенной. R-13. Кстати говоря, мне приятно быть здесь не одному: я рад его присутствию.' ratio=8.0"
3,3,"text='Она была облачена в платье древнего стиля: тесное чёрное одеяние подчеркивало белизну обнажённых плеч и груди, а также выделяло светлые зубы, казавшиеся неестественно яркими. Женщина уселась и начала играть. Её исполнение отличалось беспорядком и нервозностью, отражая характер эпохи, в которой она жила. Она играла хаотично, без какого-либо порядка или структуры. Остальные вокруг находились в согласии друг с другом и весело смеялись. Однако некоторые из присутствующих испытали сомнения, а я задумался о причинах своего смеха.\n\nЭпилепсия — это болезнь, вызывающая страдания психического характера. Боль нарастает постепенно и становится всё более интенсивной. Со временем приходит осознание того, что происходящее причиняет боль. Затем я ощутил солнечный свет, яркий и резкий, отличающийся от обычного спокойного освещения. Это чувство заставило меня расстаться со своей одеждой и порвать её на куски.\n\nСидящий рядом со мной человек бросил взгляд в мою сторону и усмехнулся. Я запомнил один факт: маленький пузырёк слюны, появившийся и тут же исчезнувший на его губах. Обратив внимание на это явление, я обрёл чёткость сознания.\n\nКак и остальные присутствующие, я воспринимал лишь бессмысленный звук струн музыкального инструмента. Я улыбался, испытывая облегчение и спокойствие. Лекционный материал дал представление о событиях того периода, вызвав смех среди слушателей.\n\nПосле прослушивания старинной музыки я перешёл к современным произведениям, демонстрируемым для сравнения. Мне доставляло удовольствие ощущение чёткости структуры музыкальных работ, основанных на строгих научных принципах и включающих элементы математики и физики. Я ощущал мощь порядка и гармонии современной музыки, противопоставляемой неразумному искусству прошлого без каких-либо границ.\n\nВсе покинули зал парами по четыре человека, двигаясь организованно через большие выходы. По пути я встретил знакомого с необычной фигурой, изогнутой в двух направлениях одновременно; я почтительно кивнул ему.' ratio=9.0"
4,4,"text='Всё это Рутилов говорил с обычной бодростью в голосе и оживлённостью на лице, улыбаясь, хотя сам он выглядел измождённым и подслеповатым, несмотря на модную шляпу с редкими светлыми волосами, видневшимися из-под её козырька.\n\n«Ну что ж, втрое — это перебор», – слабо возразил Передонов, протирая золотые очки.\n\n«Однако это правда!» – воскликнул Рутилов. «Внимательно посмотри на своих кандидаток, используй момент, пока я жив, ведь после моей смерти найти подходящую невесту станет сложнее. Каждая из моих дочерей согласилась бы выйти за тебя».\n\n«Вот уж не скажешь», – буркнул Передонов, явно недовольный.\n\n«Используй эту возможность», – посоветовал Рутилов.\n\n«Главное для меня — чтобы невеста была крепкой, а не худосочной», – грустно сказал Передонов. «Полная девушка предпочтительнее».\n\n«Ты можешь не переживать по этому поводу», – энергично возразил Рутилов. «Мои дочери уже достаточно пышные, а если кто-то ещё недостаточно полна, это временно. После замужества они станут ещё более обаятельными, взгляни хотя бы на мою старшую дочь Ларису».\n\n«Хотел бы я жениться», – признался Передонов, «но боюсь, что моя жена Варя устроит скандал».\n\n«Поскольку ты испугался конфликта, поступи так», – предложил Рутилов с лукавой улыбкой: «Заключи брачный союз сегодня же. Вернешься домой с молодой женой, и всё наладится само собой. Хочешь, я всё организую завтра вечером? Выбирай любую девушку».\n\nПередонов внезапно разразился громким смехом.\n\n«Ты согласен? Заключаем сделку?», – поинтересовался Рутилов.\n\nВнезапно смех Передонова оборвался, и он мрачно прошептал: «Она всё расскажет, эта негодяйка».\n\n«Ничего такого не будет. Нет причин для беспокойства», – успокаивал Рутилов.\n\n«Или отравит», – испуганно бормотал Передонов.\n\n«Просто доверься мне во всех вопросах, я всё организую тщательно и продуманно», – убеждал Рутилов.\n\n«Без приданого вступать в брак не намерен», – раздражённо выкрикнул Передонов.\n\nРутилова ничуть не смутило это резкое изменение темы. Он ответил столь же вдохновенно: «Странный человек, ведь мои дочери имеют приданое. Так что согласен ли ты? Я пойду заниматься подготовкой. Запомни, нельзя говорить кому-либо об этом деле».\n\nРутилов поспешил прочь после рукопожатия с Передоновым. Тот молча наблюдал за ним. Девушки Рутилова вспоминались весёлыми и насмешливыми, что вызвало у Передонова мимолётную ухмылку, быстро исчезнувшую. В нём возникло неясное чувство тревоги.\n\n' ratio=8.0"
5,5,"text='Вспоминая ситуацию из жизни, простую и незатейливую, я превращаю её в увлекательную историю — ведь я поэт. Останься ты бесцветной или наделяй себя активностью и мощью, всё равно я создам тебя в образе красивой и захватывающей истории о приятном и манящем.\n\nСлучайности направляют ход событий, любое начало зависит от них. Однако уместнее начинать с того, что достойно восхищения или, по крайней мере, обладает красотой и радует глаз. Здоровье, юность и жизнерадостное настроение — вот качества человека, которые украшают его жизнь; прозрачная вода, солнечный свет и летняя пора — это явления природы, которые радуют сердце.\n\nБыл ясным и жарким летний день, когда река Скородень засверкала под яркими лучами. Вода была прозрачной, свет ярким, а воздух наполнялся свежестью ветра, лёгкостью птичьих крыльев и смехом двух юных девушек.\n\nЕлисавета и Елена, родные сестры, купались в реке. Картина радовала глаз не только из-за хорошей погоды, но и потому что девушки выглядели особенно красивыми, будучи обнажёнными. Они испытывали приятные ощущения: прохладу воды, желание активно двигаться, улыбаться, разговаривать и веселиться. Во время беседы они вспомнили мужчину, который занимал их фантазии.\n\nДевушки были дочерьми богатого землевладельца, и участок реки, где купались сёстры, примыкал к обширному старинному саду дома. Возможно, им нравилось здесь ещё больше, ведь они чувствовали себя хозяйками быстрой воды и песчаных берегов. Свободно двигаясь и играя в воде, они ощущали уверенность и покой как истинные владелицы. Человек не всегда знает границы своей власти, но счастливы те, кто твёрдо верит в своё положение!' ratio=9.0"
6,6,"text='Дом устроен на самом краю города, в том районе, что называют Расческой. Здесь тянутся ряды высоких многоквартирных зданий с одинаковым белым фасадом и множеством окон. Между ними простирются бетонные дворы, где когда-то юнцы играли. Но сейчас эти территории в основном заброшены, зато развалины старых строений привлекают больше внимания ребятня. \n\nПо соседству с этими массивами стоит одинокий дом — Серый. Он отстроен и выглядит как осколок минувших времен, почти не вписываясь в современный облик района. Отрегулированное пространство вокруг него пустует. Три его этажа обращены к дороге, а внутренний двор заслонен металлической сетью. Белоснежность фасада давно поблекла — теперь он сер вовне и жёлт изнутри. На крыше хаотично разбросаны антенны и провода, стены трещат по швам и покрываются мелкими кусочками штукатурки. Недалеко виднеются гаражи, складские помещения, контейнеры для отходов и будки для питомцев. Вокруг царит пустота и запущенность.\n\nМестные жители относятся к этому дому с недобрым чувством. Хотя никто не выносит это на общее обсуждение, большинство из них предпочитают держаться подальше от него и мечтают о том, чтобы этот дом исчез с лица земли.' ratio=9.0"
7,7,"text='Выяснилось, что каждый, кто хочет привлечь к себе внимание, является эгоистичной личностью с отрицательными качествами, способной на любые поступки и преувеличивающей свои достоинства. Имей в виду, такой человек в действительности ничем не примечателен. Сип прочитал рассказ о птице, желавшей казаться лучше самой себя, а затем стихотворение о животном, которое утонуло из-за собственной глупости. После этого он хотел спеть ещё одну песню подобного содержания, но больше никто не обратил на него внимания. Лицо Сипа стало искажено гневом, он разрыдался и замолчал. Его поблагодарили, дали салфетку, прикрыли книгой и предложили другому ученику продолжить выступление.\n\nГуль произносил свою речь почти шёпотом, не глядя вверх, словно читал написанное прямо на столе, хотя там кроме испорченного пластмассового покрытия ничего и не было. Его белые волосы падали на лицо, мешая видеть, и он поправлял их мокрым пальцем. Причёска держалась лишь до тех пор, пока палец прижимался ко лбу; как только он отводил руку, волосы тут же возвращались на своё место и снова закрывали его взгляд. Для длительного наблюдения за ним требовалась особая выдержка. Именно поэтому я старался не смотреть на него: мои нервы были уже измотаны, дополнительная нагрузка могла бы ухудшить состояние.\n\n— Какой тип внимания он пытается привлечь? Похоже, он хочет обратить внимание на свою обувь. Однако это ошибочно. Привлекая интерес к своей обуви, он обращает внимание на свои ноги и тем самым подчёркивает собственные физические недостатки, не принимая во внимание чувства и мнение окружающих. В определённом смысле таким образом он унижает нас...\n\nГуль продолжал говорить однообразно и монотонно. Его палец скользил вдоль носа, а глаза свидетельствовали о нарастающем гневе. Я знал заранее все его возможные аргументы: такие речи типичны в данной ситуации. Каждое слово Гуля было таким же невыразительным и скучным, как и он сам, его пальцы и ногти.' ratio=9.0"
8,8,"text='Недавно он был полон жизненной силы и энергии. С легкостью переворачивался на руках, поднимая тело вверх ногами с грациозностью парусного корабля, плавающего по воле ветра. Зубами мог поднять стул и порвать канат мощью рук, словно лев в дикой природе. Его организм источал бурную энергию, желание прыгнуть через ограду или раскачать столб — одним словом, совершить нечто выдающееся, как мы говорили в юности. Но что-то изменилось: его механизм начал давать сбои. Он стал ходить с опущенными плечами и признался другу Подтягину о бессоннице, которая мучает его ночью накануне понедельника. В лифте на двадцатой минуте он столкнулся с кем-то весьма недостойным. Утро следующего дня началось тяжело: долго сидел голым, держа холодные вытянутые руки между коленями и задумываясь о том, что снова придется облачиться в рубаху, носки и брюки — вещи, пропитанные потом и грязью, вызывающие неприятное чувство обязательства. Это напомнило ему о цыганском пуделе, который выглядел жалко в человеческой одежде. Частично его апатия объяснялась потерей работы: за зиму он скопил немного денег, но из-за расходов на жизнь их осталось всего около двухсот марок. В предыдущем году прибыв в Берлин, он быстро нашел работу и продолжал трудиться до января, выполняя различные задания — будь то тяжелые утренние поездки на завод или боль в ногах после десяти километров беготни с подносом среди ресторанной мебели заведения «Пир Горой». Он занимался также посредничеством, предлагая любые товары, какие попадались — от баранок до драгоценностей. Ничего не отвергал: зарабатывал даже продажей своей тени, как многие из нас. В массовке киносъемок он ощущал дискомфорт под яркими прожекторами, освещающими статистов так резко и ярко, что создавалось чувство стыда. После съемки контракт считался выполненным, и заработанные деньги расходовались.' ratio=8.0"
9,9,"text='Весь день, пока лежишь на постели, кажется, будто поднимаешься навстречу яркому светилу, и приподнявшись, можно разглядеть кроны деревьев, освещённых солнцем жёлтым светом. Тонкие провода служат укрытием для птах, а рядом с парадным входом виднеется деревянный навес над красной дорожкой. Отдаленно доносятся прелестные звуки природы: трель пичуг, далёкий собачий лай, скрип водяного насоса. Неподвижно утонув в раздумьях о предстоящем подъёме, ты наблюдаешь за солнечными зайчиками на столе и видишь, как клубок нитей соскальзывает с колен матери рядом и неторопливо катится по гладкому паркету. Именно в этой комнате, когда Ганин выздоравливал в шестнадцатилетнем возрасте, родился мысленный образ счастья и девушки, который он позже встретит в жизни. Процесс создания этого образа проходил под влиянием окружающей обстановки: картин на стенах, звуков природы за окном, изображения Иисуса Христа в киоте и журчащей воды в раковине. Образ сформировался благодаря теплу солнечного света, что без него не могло бы произойти. Эти ощущения юности казались мечтательными переживаниями, но сейчас Ганину они представлялись уникальным сочетанием мыслей и реальности. Целый день он переходил из одного сада в другой, посещал кафе, где воспоминания постоянно увлекали его вперёд, словно облака весной в Берлине. Посетители кафе думали, что мужчина задумчиво глядящий вдаль, переживает печаль, а на улице он сталкивался с прохожими и однажды наткнулся на недовольного водителя, чуть не столкнувшегося с ним. Ганин чувствовал себя творцом, восстанавливающим утраченный мир. Он возвращал детали исчезнувшего мира для женщины, которую ещё не решил придать место в нём, пока процесс восстановления не завершится. Однако мысль о женщине, её почти забытое присутствие и прошлые впечатления заставляли его закончить работу над образом окончательно, хотя он сознательно откладывал появление этого образа, чтобы приблизиться к нему шаг за шагом. Избегая путаницы среди ярких прошлых воспоминаний, Ганин аккуратно реконструировал события своей жизни, останавливаясь на незначительных деталях и избегая преждевременного перехода к следующим этапам. Бродя по берлинскому парку тёплым майским днём, он физически восстанавливался после болезни: чувствовал слабость в ногах и рассматривал своё отражение в зеркалах. Одежда казалась особенно чистой и свободной. Прогуливаясь по широкому парку, окруженному деревьями, он замечал чёрные земляные бугорки от деятельности животных. Он надел белую рубашку и светло-фиолетовые носки. У него была мечта встретить кого-то в парке, но представления о том, кто именно должен прийти, у него не было.' ratio=8.0"
10,10,"text='Я пришел в этот мир полвека назад, на землях центральной России, где мое детство прошло под кровом родового имения моего отца.\n\nМы не ощущаем ни своего появления на свет, ни ухода из жизни. Мой день рождения мне сообщили точно, иначе сейчас я бы не знал своего возраста — ведь пока что возрастные изменения обошли меня стороной, и я не задумывался о том, что через десять-двадцать лет предстоит встретить смерть. Живя в изоляции на необитаемом острове, возможно, даже не узнал бы о её существовании. Было ли бы это благословением или проклятием? Или всё же знал бы я об этом от природного чувства человека?\n\nЧто касается рода Арсеньевых, то его истоки тонут в прошлом. Сколько тайн скрыто от нашего понимания! Единственное, что точно известно: наша фамилия числится среди тех родов, которые история давно уже не помнит. Мы были почтены упоминанием, но влиятельность наша увяла с годами. Мою принадлежность к такому роду я всегда воспринимал как повод гордиться и радоваться своему происхождению.\n\nВ день Троицы православная церковь вспоминает всех усопших со времён древних, произнося слова молитвы, которые наполнены глубокой скорбью: «Господи, успокой души тех, кто служил Тебе, и пусть они обретут покой в райских кущах среди предков и родственников, начиная с первых людей до наших дней.»' ratio=10.0"
11,11,"text='Весь день прошел для меня словно под покровом тумана, удерживая в постоянном напряжении: снова состоялись поминальные службы, снова собралось множество людей — прибывшие и отъезжающие соседи, дети играли беззаботно, еще ничего не понимая, в закрытой со всех сторон светлой комнате под присмотром няни, тихо вздыхавшей время от времени... Опять начало темнеть, и люди потянулись к залу для собрания перед следующей службой, беседуя вполголоса... Священники появились, наступило молчание — свечи были зажжены, облачение прошло беззвучно, началось таинство подготовки к богослужению, а затем последовал первый взмах кадила и первое произнесенное слово – все эти события показались мне в этот вечер настолько важными, что я не смог смотреть на роскошный бархатный гроб, установленный на соединенных столах, и на тело, покрытое золоченым покровом, украшенное иконкой на груди и жесткой белой подушкой, погруженное в мрачную тьму вечного покоя. Лицо умершего человека имело черные впадины вокруг глаз и отражало металлический отблеск сквозь тепло и аромат дыма, мерцавший жарким светом.' ratio=7.0"
12,12,"text='Приказы прокуратора были исполнены с оперативностью и точностью, как будто само светило небесное поспешило подтвердить их выполнение, не достигнув еще своего зенита в эти последние дни над Иерусалимом. На вершине садовой террасы, где белоснежные мраморные львы приветствовали каждого входящего словно стражники, состоялась встреча между прокуратором и исполняющим обязанности председателя Синедриона — Иосифом Каиафой, первосвященником иудейским.\n\nСад окутывал молчание. Пройдя сквозь колонны и оказавшись под солнечными лучами на вершине террасы, прокуратор увидел странных пальм, словно из другого мира, открывая ими вид на весь город — Иерусалим со висячими мостиками, крепостными стенами и главным образом величественным храмом с золотыми плитками. Его тонкий слух уловил издали шёпот толпы снизу, иногда прерываемый тонкими возгласами.\n\nПоймав эти отзвуки, прокуратор сделал вывод: внизу, около стен города, уже собралась толпа обеспокоенных жителей Иерусалима, ожидающих решения суда после недавних волнений. Среди них звучали тревожные голоса торговцев водой.' ratio=8.0"
13,13,"text='Возможно, наступившие сумерки подменили внешность прокуратора. Он казался старше и более хрупким, словно несущий на себе груз невесомых бед. Внезапно он оглянулся и вздрогнул при виде пустующего кресла, его спинка была укутана в плащ. Ночь праздничная опустилась на город, и тени стали глубже. Уставший прокуратор мог поклясться, что кто-то сидел там, хотя места рядом не было ни души. Не выдержав искушения, он коснулся плаща рукой, а затем отступил, словно перед ним раскрылась дверь в прошлое. Начал ходить по балкону с тревогой и нетерпением: теребил руки, то и дело подходил к столику, хватаясь за чашу, затем останавливался и устремлял взгляд вниз, где пол был украшен мозаикой, будто надеясь прочесть там свой судьбоносный ответ. Но путь отражений не дал ответов, лишь множил вопросы.\n\nСегодня прокуратор снова вкусил горечь одиночества. Массируя висок, где еще стояла утренняя боль, он старался осознать источник своего внутреннего дискомфорта. Скоро стало ясно — причина кроется в недавнем решении, которое теперь казалось ошибочным и безвозвратным. Понимая свою неправоту днем, он пытался убедить себя в обратном: что его вечерние действия не менее значительны для судьбы тех, кто уже исчез из мира света. Но самообман был слабым путем, который мало помогал преодолеть тяжесть прошлого.' ratio=9.0"
14,14,"text='Конференция прошла в стенах политехнического института, где я участвовал в обсуждениях и беседах. Вскоре подготовил нужный материал и передал его организаторам. Через некоторое время появился редактор Туронок с искусственной сладостью во взгляде и приторно-вежливым тоном, обычно он был более скромным и осторожным, но сейчас явно нервничал:\n\n— Вы допустили серьезное нарушение идеологической линии.\n\n— В чем именно?\n\n— Вы перечислили страны…\n\n— Это запрещено?\n\n— Нет, но важно соблюдать определённый порядок. Сначала следует назвать Венгрию и ГДР, затем Данию, потом Польшу, Советский Союз и ФРГ.\n\n— Я думал, в алфавитном порядке?\n\n— Такой подход недопустим, — возмутился Туронок. — Есть строгий порядок: сначала демократии, затем нейтральные страны, а потом социалистический блок.\n\nЯ согласился и внес изменения. На следующий день Туронок снова пришёл:\n\n— Создается ощущение, что вы насмехаетесь надо мной!\n\n— Почему?\n\n— В списке народных демократий неправильный порядок: ГДР идёт раньше Венгрии. Это снова алфавит? Немедленно переместите Венгрию на третью позицию! Там недавно был государственный переворот.\n\n— Но ведь между нашей страной и Германией было военное противостояние.\n\n— Вы не имеете права возражать, — заявил Туронок. — Это страна уже совсем другая! Нет слов описать вашу политическую недальновидность и нравственную безответственность!\n\nЗа предоставленную информацию мне обещали два рубля, а я рассчитывал на три.' ratio=10.0"
15,15,"text='В этой повести нет ни образцовых героев, ни однозначных злодеев... Здесь не встретишь ни безупречных персонажей, ни беспринципных негодяев — таких людей редко найдешь в реальной жизни. Уже несколько лет я наблюдаю за людьми и их поведением...\n\nОдин из редакторов сказал мне следующее:\n— Все твои персонажи действуют вне моральных рамок, — заметил он. Если герой совершает дурное деяние, логика сюжета должна привести его либо к нравственному падению, либо к суровому наказанию. Но в твоем случае такие поступки кажутся чем-то естественным, как дождь или снег...\n— Почему вы считаете всех моих персонажей нечестными людьми? — спросил я. — Приведите пример такого поступка.\nРедактор оглядел меня с недоверием, словно разговаривал со склонным к самооправданию человеком...\n\nЯ давно перестал делить людей на хороших и плохих, будь то реальные или вымышленные персонажи. Да и не каждое преступление вызывает чувство вины, а каждый благородный поступок приносит счастье. Человек такой, каким он себя видит... Его качества, достоинства и недостатки проявляются через жизнь: «Моя природа — это мой повелитель»...\n\nВ этой истории нет героев безупречных или однозначных злодеев. Основными персонажами являются я сам, Миша Шаблинский и Митя Кленский. Миша известен своими оригинальными фразами вроде «спонтанная апперцепция» или «имманентный дуализм», а Митя славится металлическими зажимами для галстуков и курительной трубкой из поддельного янтаря.\n\nЧто нас объединяет? Возможно, некоторую скептичность по отношению к официозу журналистики. По принципу оригинальности мы трое заняли второе место среди тридцати двух коллег...\n\nДмитрий Шер, один раз употребивший фразу «искусственная почка стала обычным явлением повседневной жизни», считался посредственным журналистом.' ratio=9.0"
16,16,"text='Утверждалось, что в Благодатном нет ничего особенного: знаменитый бородинский дом весьма скромный, возможно, даже с недостатками — одна из стен сильно перестроена после пожара, а старый тенистый сад, хотя и обычный для России, все же не лишён уникальности; поля широкие, лес красив, но это тоже не редкость. Жители местные живут в бедности: земли им недостаточно, они когда-то переселялись, потом вернулись обратно. Во время волнений ходили слухи о возможном поджоге дома и уничтожении имущества, хотя никто не пострадал так же тяжело, как сосед Бессонов — его дом сгорел дотла, а лошадей лишили зрения. И когда говорили о странностях Петра Николаевича, рассказывали такие невероятные истории, что стыдно их повторять. В итоге всех умоляли не посещать Благодатное независимо от обстоятельств: место считалось враждебным.\n\nОдин благожелатель советовал Александре Павловне обратиться с жалобой к губернатору, но она решительно отказывалась слушать подобные предложения. По её мнению, слухи были беспочвенными и поднимать этот вопрос было бессмысленно. Действительно, любой человек способен придумать любые обвинения, лишь бы переложить вину на другого. К тому же дискуссии постепенно сошли на нет — люди оказались мудрее, чем предполагалось.' ratio=7.0"
17,17,"text='Все дети пользовались крепким здоровьем и не боялись приключений: для забавы и азарта съедали снег, ходили зимой в легкой рубахе по холодному двору, глотали больших мух, чтобы заболеть и избежать посещения гимназии, а также жевали засохшие покрытые плесенью просфоры — по наущению бабушек, утверждающих, что это поможет справиться с страхом во время гроз. Они постоянно купались в прорубях и не чувствовали отрицательного воздействия этих шалостей на своё здоровье. Женя же выделялся среди них: после того как Коля переболел скарлатиной и корью, Женя заразился дифтеритом и временно ослеп. Со временем его зрение восстановилось, но он стал страдать от сильных головных болей в области лба и висков. Как только начиналась боль, Женя плакал и издавал стоны без конца. По ночам спящий мальчик совершал странные поступки: выходил на крыши домов и передвигался по карнизам. В детстве во время приступов его клали рядом с мощами святых, а дома у девочки Вареньки хранились бархатные варежки и шапочка, прикасавшиеся к этим святыням — они протирали ими лицо Жени. Иногда Прасковью отправляли с ним к отцу Глебу в Боголюбовский монастырь, где он мог помолиться об избавлении от болезни, и тогда состояние становилось немного лучше. У Жени взгляд был печальным, редко участвовал в драках, но если его разозлить, действовал решительно.' ratio=8.0"
18,18,"text='Вавилен Татарский пришёл в этот мир задолго до того момента, когда красный цвет одержал верх над другим. Потому он стал частью поколения «П», хотя долгое время об этом не подозревал. Если бы кто-то тогда предсказал ему будущее профессию копирайтера, возможно, он так удивился бы, что случайно пролил бы на знойный песок пляжа холодную «Пепси». В те времена дети мечтали стать врачами или пожарными. Слово «дизайнер» тогда воспринималось как нечто странное и временное, укоренившееся в русском языке лишь благодаря международным переменам и надежде на лучшее будущее.\n\nТогда же русский язык и повседневная жизнь были наполнены загадками и новизной. Например, своё имя «Вавилен», данное отцом, Татарскому казалось необычным до неприличия. Оно было создано из фамилий писателя Василия Аксёнова и политика Владимира Ленина — своего рода литературный эксперимент. Вероятно, отец видел в Татарском маленького гражданина нового типа: эстета джаза и поклонника свободной любви, внезапно осознавшего необходимость коммунистического строя после прослушивания длинного саксофонного концерта. Однако подобные взгляды были тогда типичны для многих советских людей середины прошлого века — тех самых лет романтики и неосуществившихся надежд, когда любители песни запустили первый искусственный спутник в космическое пространство.\n\nСам Татарский испытывал смущение от своего имени и предпочитал представляться как Владимир. Позже он начал рассказывать друзьям о происхождении имени, утверждая, что отец дал ему его благодаря интересу к восточным учениям, указав на связь сына с городом Вавилоном, знания и мудрость которого тот должен был передать. Соединение же Аксёнова и Ленина было объяснено увлечением отца философией соединения противоположностей. Хотя эта версия звучала интересно, Татарский предпочёл избавиться от паспорта с именем Вавилен, получив новый документ уже на имя Владимира.' ratio=8.0"
19,19,"text='Тверской бульвар встретил меня в тот февральский день так же, как и два года назад — всё было словно заморожено во времени. Сугробы утопали в снегу, а небо предсказывало лишь дождь; даже лучи заходящего солнца не могли рассеять тоскливую погоду. Пожилые женщины на лавочках замерли, словно статуэтки из другого времени, а среди голых ветвей деревьев зияло серое зимнее небо с облаками, напоминающими свинцовые тучи.\n\nОднако и этот день принёс новые оттенки. Воздух был полон мощного ветра, разносившего снежные бури, словно на открытых просторах Сибири. Пушкинская статуя казалась ещё более унылой, чем обычно — красный фартук с надписью «Да здравствует первая годовщина революции» придавал ей нотку странности; недавние события не давали покоя мыслям о том, как легко ошибки могут влиять на памятники истории.\n\nСумерки опускались всё плотнее, и из-за снежной завесы лишь смутно проступал Страстной монастырь. К его входу подъехали две грузовики, покрытые яркой красной тканью; рядом собрались люди, вокруг которых звучала речь какого-то оратора, слова которого были почти неразличимы, но «пролетариат» и «террор» проговаривались с такой силой, что отдавали в ушах эхо. В это время я заметил двух солдат, явно подвыпивших; их штыки покачивались на фоне серого неба, словно стражи ночного порядка. Один из них остановился и бросил взгляд в мою сторону, но его товарищ потянул его за одежду, и они продолжили свой путь.' ratio=7.0"
20,20,"text='В ту ночь дверь распахнулась, и Вощев увидел косаря, трудившегося под светом лунного месяца: он стоял с чайником для своих товарищей; вода вскипела на плите, которую они разожгли во дворе общежития. Сон закончился, началась пора завтракать перед новым трудовым днём… Деревянные часы с цветочным узором на стене продолжали безостановочно работать благодаря силе тяжести; их стрелки несли в себе успокаивающий образ для всех, кто их видел. Рабочие собрались за длинным столом, и косарь-повар разрезал хлеб, поделив его на порции: каждому достались кусок свежего буханца да ещё немного холодного мяса с предыдущего дня. Еда была принята без лишних слов — каждый знал свою роль и выполнял её серьёзно, не испытывая радости от принятия пищи. Несмотря на осознание ценности жизни, их лица были печальными и уставшими; вместо удовлетворения жизнью в глазах читалось лишь усталое равнодушие. Вощев смотрел на этих людей, способных помнить о сути бытия сквозь мрак дня, и чувствовал слабую надежду и страх потери; уже сейчас ему казалось достаточным присутствие рядом с теми, кто осознал истину — это придавало силы и волю к трудовому подвигу. \n\n— Присоединяйся к нам! — позвали его рабочие.\nВощев поднялся и, ещё не вполне уверенный в реальности окружающего мира, отправился за обедом; в душе он испытывал смесь неловкости и тревоги.' ratio=10.0"
21,21,"text='Машинист-наставник наблюдал, как Захар Павлович тщательно чистил топки локомотивов, деликатно обращаясь с металлом и доводя поверхности до блеска. Однако наставник никогда не поощрял его старания. Он понимал, что функционирование машин определяется скорее свойствами материалов и законами физики, нежели умениями человека; участие последнего минимально. Природные ресурсы и энергия позволяют людям достигать успеха без значительных усилий. Даже неопытный работник способен зажечь огонь в топке, после чего двигатель начнёт работать сам по себе, а рабочий превратится в наблюдателя. В случае дальнейшего упрощения эксплуатации техники люди потеряют ценность из-за нестабильности результатов и станут бесполезны подобно коррозии металлов. Машинам же предстоит взять на себя роль человека, получив свободу в работе. Тем не менее наставник критиковал Захара Павловича реже остальных машинистов — тот использовал инструменты аккуратно и не проявлял грубости во время работы с локомотивом.\n\nОднажды, заручившись уверенностью в важности своей работы, Захар Павлович решился спросить наставника:\n\n— Разрешите узнать ваше мнение: почему люди так посредственны, а каждая машина обладает превосходными характеристиками?\n\nНа этот вопрос наставник отреагировал раздражённо, поскольку считал свою любовь к локомотивам исключительно личным чувством.\n\nВнутри он думал: «Ещё один чудак... зачем ему изучать технику?»\n\nОба стояли у локомотива, разогреваемого перед предстоящим ночным рейсом. Несколько минут наставник внимательно рассматривал машину, испытывая привычное вдохновение. Локомотив был крупным и нагретым до такой степени, что казался мощным и гармоничным. У него возникло чувство бодрости, побуждавшее к движению. Ворота депо открывались наружу, позволяя видеть летний вечерний пейзаж — символ новой возможности ощутить ветер и скорость на путях, а также волнение ночью с тихим ровным шумом исправной машины.\n\nРуки наставника невольно сжались от чувства зарождающейся энергии, напоминавшей юность и предвкушение будущего. Он перестал воспринимать Захара Павловича как недостаточно квалифицированного работника и заговорил с ним как с товарищем:\n\n— Твоё ремесло помогает тебе приобретать опыт и знания. Но человек бесполезен... Дома он лежит без дела... А теперь взгляни на птиц...' ratio=10.0"
22,22,"text='Городок Федор-Кузьмичск стоит на семи холмах, окружённый бескрайними полями и дикими землями. На севере простираются густые леса, заполненные валежником, переплетённые ветки деревьев затрудняют путь, кустарники цепляются за одежду, а ветви отбрасывают головные уборы. По словам местных старожилов, среди этих лесов обитает загадочное существо по имени кысь. Оно сидит на ветвях и издаёт странные звуки: кы-ысь! кы-ысь!, но увидеть его невозможно. Когда человек оказывается в этих лесах, кысь неожиданно атакует его со спины, переломывая позвоночник и разрывая жизненно важную артерию, вследствие чего он теряет рассудок. Возвращаясь домой, пострадавший уже не тот человек, который ушёл в лес: его взгляд становится невразумительным, движения хаотичными и бессмысленными, как у сомнамбулы. Близкие приводят такого человека домой, иногда ради забавы ставят перед ним пустую тарелку и предлагают ложку — имитация приема пищи; потерпевший совершает механические движения, словно принимая еду, хотя на самом деле тарелка пуста. Пострадавшему требуется постоянный уход: он не способен ни заботиться о себе, ни соблюдать элементарную гигиену. Некоторые родственники забирают его в специальное помещение для ухода, но если нет такого ухода, человек умирает от разрыва мочевого пузыря из-за невозможности справиться с нуждой самостоятельно. Таким образом действует кысь. Также не рекомендуется идти на запад. Хотя кажется, что там есть едва заметная тропинка, путь ведёт прочь от города. Человек движется вперёд, город постепенно исчезает из виду, легкие дуновения ветра приносят приятные ощущения и создают впечатление благополучия; однако неожиданно возникает чувство растерянности: человек задумывается о цели своего путешествия и начинает сомневаться, зачем он туда направился. Он чувствует себя потерянным и одиноким, его охватывает глубокая тоска по дому. Вспоминая домашние теплые угли и уютную обстановку дома, человек решает вернуться назад; иногда он даже бежит обратно с чувством облегчения при виде знакомых предметов издалека, слёзы непроизвольно текут по щекам. Действительно, настолько сильно, что капли катятся до самого подбородка.' ratio=7.0"
23,23,"text='Мне по душе вы, Александра Эрнестовна, особенно на снимках: в одном ваше лицо словно ограненное самоцветом; во втором — когда голова откинута назад, улыбка освещает прекрасные зубы; и третьем, где вы пожимаете плечами, а рука с кружевными украшениями случайно скользит с локтя. В вашей жизни есть что-то завораживающее — прошедшая незаметно молодость, умершие поклонники и бывшие мужья, один за другим, каждый встречный или проходной человек, исчезающий из вашей жизни без следа. Я буду посещать вас регулярно, приносить молоко и морковь для здоровья глаз. Просим: откройте старые альбомы в бархатных переплетах, чтобы вновь встретиться с милыми гимназистками, усатыми мужчинами средних лет и смелым Иваном Николаевичем. Не тревожьтесь — человек на фотографии вас не видит, Александра Эрнестовна! Время ушло, нужно было принять решение раньше. Но вы уже решили. Вытяните руку и возьмите фото Ивана Николаевича: оно плоское, прохладное и блестящее, края обложки покрыты тонким слоем золота, бумага слегка пожелтела. Внимательно меня послушайте — решение принято, она уезжает без колебаний, встречайте её, где бы вы ни были?\n\nМногочисленные дни и годы текли друг за другом подобно прозрачным занавесам, скрывающим дорогу к Александре Эрнестовне. Любимый остался на пыльной железнодорожной станции юга: медленно бродит вдоль грязного полотна, периодически глядя на часы и отталкивая стебли початков кукурузы. Солнце уже нагрело воздух, но жданный поезд не прибыл — он никогда сюда не приедет. Обещание путешествия оказалось обманом. Но ведь желание было! Вещи аккуратно упакованы: легкие наряды сложены в деревянном контейнере, скрипит футляр для скрипки, блестят металлические детали; купальные костюмы ждут своего часа. Головные уборы хранятся в особой коробке, внутри — легкий белый материал с воздушностью; на дне — шкатулка с мелочами: заколки, расчески, тонкие ленты и кристаллические камни. Бутылочка с ароматом жасмина, отражающая свет радужными бликами, тоже готова. Но что же мешает осуществиться планам? Что обычно становится преградой для наших желаний?' ratio=10.0"
24,24,"text='Он рухнул лицом в траву, которая под его щекой превратилась в пыльную труху, затаив дыхание от раздражения из-за своей неудачи. Неподвижно лежал, надеясь на лучшее, хотя сознавал нелепость своих мечтаний. Температура поднималась всё выше, воздух становился невыносимо влажным и жарким; пот стекал по лицу, застилая глаза. Лишь тогда Рэдрик громко предупредил Арчибальда: «Не двигайся! Терпи!» Сам же терпеливо ожидал развития событий, полагаясь на то, что ситуация разрешится благополучно и без серьёзных последствий. Однако первым не выдержал Арчибальд — вероятно, либо не услышав предупреждения Рэдрика, либо испугавшись до такой степени, что забыл все правила поведения, либо внезапно почувствовав ещё большую боль. В итоге он утратил контроль над собой и необдуманно кинулся вперёд, пригнувшись и издав невнятный звук, побуждаемый древним инстинктом самосохранения — назад, хотя именно туда было крайне опасно. Рэдрику удалось быстро подняться и схватить его за ногу двумя руками, что привело к тому, что Арчибальд всей массой ударился о землю, вскинув облако пыли, взвизгнул странным высоким голосом и резко ударил Рэдрика другой ногой прямо в лицо. В ответ тот беспорядочно извивался и брыкался. Несмотря на нестерпимую боль, Рэдрик накрыл его своим телом, прижавшись обожжённым лицом к кожаной одежде, пытаясь физически подавить сопротивление противника, удерживая руками дергающуюся голову и хаотично бил ногами по земле и конечностям Арчибальда. Различая слабое стенание и дыхание под собой, он пробормотал сквозь сдавленное дыхание: «Лежи тихо, негодяй, или умрёшь...», ощущая сверху жар горящих углей, треск кожи на конечностях и туловище, пузырящейся от жара. Уложив лицо в серую золу и придавливая грудь к голове другого человека, он больше не мог сдерживать эмоции и издал протяжный вопль.' ratio=9.0"
25,25,"text='Мне крайне интересно узнать исход всей этой истории. Десять лет назад я был уверен в том, что все сложится именно так, как задумано. Надеялся на непреодолимую преграду – полосу протяжённостью пятьдесят километров, где могли бы работать исключительно учёные и военные. Казалось бы, опасная область на поверхности моей планеты должна была быть надёжно изолирована от внешнего мира. Большинство соглашалось со мной: звучали речи в защиту людей, предлагались законы для их защиты. И вот теперь вспомнить трудно, каким образом исходное твёрдое убеждение превратилось в сомнения. С одной стороны, один взгляд на ситуацию кажется правильным, а другой – тоже имеет свою логику. Вероятно, всё началось тогда, когда сталкеры начали приносить из опасной зоны необычные предметы, известные как батареи. Позже выяснилось, что эта территория вместо угрозы оказалась настоящим кладезем ценных ресурсов. Сейчас уже сложно определить природу этой области с точностью. Люди используют эти ресурсы постепенно и аккуратно. Десять лет продолжаются исследования, вложено огромное количество средств, но эффективная система добычи пока не создана. Каждый занимается собственной небольшой коммерческой деятельностью, а учёные твердят: исходя из определённых обстоятельств и фактов, следует поддержать одну сторону, при этом признавая правоту противоположной позиции. Однако для большинства людей такие детали не столь важны. Всё равно я скорее всего не доживу до того момента, когда ситуация разрешится окончательно.' ratio=9.0"
26,26,"text='С раннего утра начался череда проблем: интернет перестал работать. Сонный Матвей опустился в компьютерное кресло и почти машинально задействовал клавиши, лишь бы выяснить горькую правду — соединение отсутствует. Звонок поставщику услуг принёс тревожные известия: произошёл сбой на магистральной линии связи, и восстановление займет около двадцати четырех часов.\n\nМатвей уставился в экран своего компьютера, пытаясь осмыслить эту внезапную неприятность. Это было ударом ниже пояса! Без доступа к интернету целых сутки? Невозможно представить что-либо более раздражающее. До начала занятий в школе оставалось около четырёх часов свободного времени, которые обычно уходили на общение с друзьями или наслаждение игрой Minecraft. Мобильный телефон не мог предложить такой же погружённости — необходима была высокая графика и чёткость звука, чтобы полностью погрузиться в игровой процесс.\n\nОпираясь руками о столик возле барной стойки на кухне, Матвей тяжело вздохнул, чувствуя себя подавленным. Утро выдалось неудачным. В то время как его мать энергично сновала по кухне в домашних туфлях — от холодильника до плиты и обратно, — её действия раздражали Матвея.\n\n– Мне нужен сок и тост, – процедил он сквозь зубы.\n\nПроходя мимо сына, мама быстро поцеловала его в голову:\n\n– Доброе утро, мой сердитый кроха!\n\nМатвей резко повернул голову, демонстрируя недовольство. Почему она не прекращает излишнюю нежность? Он прекрасно понимал её намерения, но всё же чувствовал себя крайне неуютно.' ratio=8.0"
27,27,"text='Открыв дверь салона, Лена застыла на месте, заметив Марину, которая надевала рабочий халат. Сердце у нее замерло в груди. Её ошибка была очевидна: она жила по графику пятницы, когда все остальные считали это средой. Из-за своей неточности Лена лишилась работы на сегодняшний день и заработка. Уборка салона обычно выполнялась Мариной, а Лена занималась этим по вторникам и пятницам.\n\n– Лена, почему ты здесь? Сегодня не твоя смена, – спросила опытная парикмахерша-пенсионерка, которая договаривалась о нелегальном трудоустройстве несовершеннолетней ученицы.\n\n– Это моя смена! Именно моя! – крикнула Лена дрожащим голосом, чувствуя, как все вокруг искажается. Её раздражала постоянная путаница в расписании и невозможность понять происходящее.\n\n– Лена, твоя смена бывает в пятницу, сегодня ты ошиблась днем недели, – спокойно произнесла парикмахерша.\n\n– Пожалуйста, скажите правду, тетя Мила. Разве сегодня не пятница?! – поинтересовалась Лена с надеждой в голосе.\n\n– С тобой всё нормально, Лена?\n\n– Нет! Вы сами что-то путаете!\n\nДве посетительницы наблюдали за происходящим. Парикмахерша взяла Лену под руку и вывела в служебное помещение, чтобы избежать любопытства окружающих. Здесь она дала ей стакан воды и усадила на старый диван.\n\n– Тебе нужен отдых, – сказала женщина, гладя Лену по голове.\n\n– Я не ребенок, мне уже тринадцать лет.\n\n– Ну и что? Двенадцать или тринадцать — разницы нет. Тебе нужно уделить время себе, а ты заботишься о всей семье.\n\n– Мне не нужны игрушки! Нет времени на праздности!\n\n– Бедняжка, – вздохнула женщина. – Я собрала одежду для твоих братьев. Мой внук носит её аккуратно.\n\n– Не нужно это им.\n\n– Но мальчики быстро растут, и одежда скоро станет маловата!\n' ratio=10.0"
28,28,"text='Артем медленно поднялся со своего места у костра, перекинул оружие с спины на грудь и направился вглубь темноты. У границы освещённой зоны он резко щёлкнул затвором автомата и громогласно воскликнул:\n– Стойте! Назовите пароль!\nИз мрака, где недавно доносился странный шум и тихие голоса, послышались быстрые шаги. Кто-то торопливо удалялся вглубь туннеля, напуганный грозным голосом Артема и звуками его оружия.\nПовернувшись обратно к костру, он сообщил Петру Андреевичу:\n– Нет, это был не обман. Человек убежал без объяснений.\nПетр Андреевич сердито заметил:\n– Ты ошибся! Тебе уже объясняли: если кто-то не называет пароль, его нужно немедленно устранить. Как ты можешь быть уверен в том, кем был этот человек? Это могли быть и вражеские силы, приближающиеся незаметно!\nАртём настаивал:\n– Нет... Мне кажется, это не люди... Шумы были странными... И шаги звучали совсем по-другому. Неужели я не могу отличить человеческие шаги? К тому же, если бы это были монстры, они бы давно напали на нас открыто — некоторые безоружные монстры уже атаковали наши пулемёты. Но этот ушёл сразу... Похоже, он боялся.\nПетр Андреевич повысил голос:\n– Хватит болтовни! Ты слишком много думаешь вместо того, чтобы действовать по инструкции. Это мог быть разведчик противника. Увидев нас в меньшинстве, он теперь может подготовить атаку большими силами... Возможно, вскоре мы будем убиты, как на станции Полежаевская, потому что ты не успел уничтожить потенциального врага...\nАртем почувствовал холодок тревоги, думая о туннеле за отметкой семьсот метров. Даже мысль о том, чтобы зайти так далеко, вызывала страх. Никто раньше не решался выдвигаться дальше седьмой сотни метров на севере. Патрули регулярно проезжали до пятисотого метра, осматривая границу фонариком и уходя обратно при первой же опасности.\nРазведывательные группы из бывших морских пехотинцев тоже ограничивались шестьюстами восемьюдесятью метрами. Они скрывали светящиеся сигареты в кулаках и внимательно рассматривали окрестности через приборы ночного видения, затем осторожно удалялись обратно, ни на секунду не выпуская туннель из поля зрения.' ratio=8.0"
29,29,"text='На Третьем транспортном кольце медленно ползли сотни машин, дневной свет озарял включенные фары, пыль от колёс клубилась в воздухе, люди выходили из подземного перехода, город был полон жизни. Илья чувствовал желание прикоснуться ко всему вокруг, провести рукой по предметам, окружающим его. Уже семь лет он мечтал о соприкосновении с Москвой.\n\n— Мне нужно добраться до Лобни.\n\nЭлектрички сильно изменились во внешнем виде.\n\nРаньше он видел грязные зелёные вагоны с выбитыми окнами, нарисованные надписи на стенах, деревянные общие лавки, пол был покрыт шелухой семян подсолнуха и пивными пятнами. Везде ощущался запах пролитого пива. Теперь же появились чистые белоснежные составы с жёлтыми полосками вдоль бортов, внутри установлены удобные кресла для каждого пассажира отдельно. Люди вели себя сдержаннее и аккуратнее благодаря новым поездам.\n\n— Тебе не хочется пойти со мной на ледовое представление с участием Навки? — спросила одна женщина другую. — В прошлый раз мне понравилось, зрелище было потрясающим.\n\n— Возможно, и пошла бы, — ответила вторая женщина, выглядевшая значительно старше первой и накрасившаяся поверх усталого лица. — Ведь сама Навка вышла замуж за этого человека с усами, помощника президента Путина. Мужчина внушительный и эффектный.\n\n— Нет уж, — возразила первая собеседница. — Она могла найти кого-нибудь получше. Мне больше нравится Сергей Лавров. Лавров замечательный человек. Я бы предпочла отправиться куда-либо именно с ним. Лавров гораздо решительнее вашего усатого.\n\nИлья прислушивался к разговору, но не мог понять его суть. Электричка задерживалась. У него возникло чувство голода, желудок был пуст и ныл. Он отказался покупать чебуреки возле вокзала, поскольку стоимость продуктов здесь была завышена относительно той суммы, которую ему предоставляли на транспортные расходы. Зачем тратить деньги на перекус, если вскоре он сможет съесть горячие домашние щи матери?\n\nИлья страстно желал отведать эти щи трёхдневной давности, добавив немного сметаны сверху и измельчив кусочек хлеба прямо в тарелке, как делал в детстве после примера дедушки. Затем размочить кусочки хлебной корочки в супе, но оставить их слегка твёрдыми, вдохнуть аромат блюда и осторожно положить горячую ложку в рот.' ratio=5.7"
30,30,"text='Кот спрыгнул со стула и устремился вслед за ним.\n\nВ помещении Алексей Кириллович аккуратно поставил чашку на стол, заваленный бумагами, удобно расположился в кресле перед собой сложную стопку печатных страниц и начал листать их:\n– Да... вот оно... верно! Определим операцию умножения согласно третьей таблице. Нейтральный элемент относительно... но, дорогой друг, это полностью совпадает с работой Юрковского. Разумеется, поскольку поле упорядочено, множество базисов можно разделить на две части — зачем он вновь раскрывает очевидные факты? Далее: такая матрица задаёт преобразование одного n-мерного пространства в другое. Что дальше? Эта информация известна давно, это всего лишь утверждение о разложении матрицы! Шутник.\n\nАлексей Кириллович открыл ящик стола и взял ломтик хлеба с салфеткой, продолжая читать страницы, принялся аккуратно отделять маленькие куски, время от времени запивая их чаем:\n– Продолжим... так... так вот... произведение матрицы на число распределительно относительно сложения чисел... понятно... дальше... уже знакомо... где именно рассматривается тема линейной комбинации? Так... обозначение Кронекера равно нулю тогда, когда совокупность квадратных матриц формирует алгебраическую систему относительно операций суммирования и умножения... но какое это имеет отношение к делу? Где представлены два тензорных пространства? Ведь они равны.\n\nХлебные крошки падали ему на ноги, рассыпаясь по полу. Кот расположился на диване, укладывая голову между передних лап:\n– Как можно классифицировать тензорные величины? Эти объекты принадлежат внешней структуре, глупец... следовательно... зачем анализировать билинейную конструкцию? Шутник! Нужно выяснить характеристики левого тензорного поля, а не полиномиального выражения... сейчас посмотрим... так... теперь яснее... интересно! Это противоречит принципам евклидова пространства! Очень смешно! Удивительная вещь: полярная запись базовой функции именуется скалярным рассеиванием! Ха-ха-ха! Совершенно бессмысленно и никак не связано!' ratio=8.5"
31,31,"text='Из группы выходит боец: крупный работник скотного двора, лицо широкое и открытое. Сбрасывает верхнюю одежду, надевает перчатки, вытирает нос усердно. Мы ожидали подобного развития событий, поэтому Погода Сиволай снимает свой черный кафтан, освобождается от шапки с меховой отделкой и расстегивает парчовое верхнее платье. Он слегка двигает мускулистой рукой, обернутой красной тканью, подмигивает мне и выходит вперёд. В кулачных боях Погода значительно превосходит противников своим мастерством. Рост его невелик, но плечи широкие, костяк крепкий, а движения ловкие и проворные. Ударить по лицу Погоду непросто, зато получить удар от него легко — это факт. Он пристально смотрит на оппонента, щурится и трет шёлковый пояс, спрашивая: «Готов ли ты принять поражение?» Оппонент отвечает гневно: «Хвастаться не стоит до начала боя!». Противники перемещаются по кругу, оценивая друг друга. Несмотря на различия во внешнем виде и положении, оба — русские люди решительные и готовые к сражению. Мы собираемся вокруг площадки для боя, объединяемся со слугами. Здесь все равны: и крестьянин, и дворянин, и правительственный служащий. Кулачный бой — это самостоятельное действие в этом мире. Погода улыбается работнику скотного двора, подмигивает ему и напрягает мышцы рук. Работник не может сдержаться, первым наносит тяжёлый удар кулаком. Погода изящно уворачивается от удара и контратакует — резкий бросок в живот оппонента, хруст слышится ясно. Работник вскрикивает, но продолжает держаться, вытирая кровь с лица. Погода снова кружит вокруг него, делая плавные движения руками и насмешливо подмигивая оппоненту. Однако тот не обращает внимания на эти манёвры — лишь тяжело дышит и замахивается кулаком. Но Погода опережает его удар, нанося левый удар по скуле, а затем правым в грудную клетку — хруст! Рёбра сломались. Тяжелого удара он снова избегает: работник кричит и машет большими кулаками, теряет перчатку. Но это безрезультатно: новые удары по области живота и носу резко следуют одно за другим. Крупный сильный мужчина отступает назад, теряя равновесие. Он скрещивает пальцы обеих рук, громко рычит, разрезая холодный воздух движениями тела. Однако Погода быстро работает рукой: теперь лицо работника залито кровью, один глаз заплыл, нос течёт кровяной жидкостью. Брызги ярко-красной жидкости летят и блестят в лучах зимнего солнца, падая на плотно утрамбованный снег.' ratio=8.0"
32,32,"text='Приветствую, Алена, моя взрослая дочь. Я убеждена, что ключ к жизни — это глубокое чувство любви. Но почему мне выпали такие испытания? Ведь я безмерно любила своего сына Андрея! Безмерно и искренне!\n\nСейчас моя жизнь ощущается как пустота, несмотря на внешнюю молодость по сравнению с женщинами моего возраста. Один раз незнакомец принял меня за юную даму, спросив дорогу: «Милая девушка, извините, подскажите, пожалуйста, как пройти туда-то?». Он был грязным и вспотевшим, вероятно имел при себе деньги и смотрел дружелюбно. Он утверждал, что гостиницы переполнены. Мы так знакомы! Хотим остановиться здесь бесплатно за небольшой подарок — полкилограмма гранатов. Также могут попросить кипятка для чая, стирки постельного белья и закрытия двери на ключ, чтобы их не беспокоили просьбами.\n\nМоё сознание тут же проясняется — словно я в шахматном турнире. Я поэтесса. Некоторым нравится этот термин, другие авторы зовут себя просто «поэтом», как Анна Андреевна или Анна Андрейкина.\n\nВо время редких выступлений прошу называть меня: поэтесса Анна — фамилию моего супруга. Дети всегда внимательно слушают мои чтения. Мне известны взгляды детей на взрослых.\n\nМой сын Тимофей нередко сопровождает меня, сидит рядом со сценой, никогда в зрительном зале. Иногда у него появляется нервный тик. Я ласково гладлю его голову и произношу строки из детской песни: «Мы с Тамарой ходим парой». Однако некоторые организаторы воспринимают это буквально, предлагая: «Пусть Тамара посмотрит выступление со зрителями», не понимая, что это строка из стихотворения Агнии Барто.' ratio=10.0"
33,33,"text='Это случилось давно, когда я родила двух ребятишек в течение двух лет. Это был очередной мой неудачный выбор партнера: будучи молодой женщиной двадцати девяти лет с короткой стрижкой и худощавым телосложением, я оказалась участником археологической экспедиции, где мы совершали множество неразумных поступков. Вначале никто из нас не был знаком друг с другом: мы с ребёнком рассматривали ржавый фрагмент за камнем, когда он спросил нас: «Мальчики, что вы тут делаете?» Когда я взглянула на него, стало понятно, что я девушка, похожая на мальчика, и это вызвало у него удивление. Так началась наша история, полная счастья, которое продолжалось днём и ночью: я работала поэтом после окончания педагогического института и была уволена из газеты за роман с женатым мужчиной-художником, имеющим троих детей. Я мечтала воспитывать их сама — глупая я тогда! Жена художника быстро пришла и заявила мне, что мне должно быть стыдно, после чего рассказала об этом главному редактору. В результате ей предоставили трёхкомнатную квартиру, так как до этого она с матерью своего мужа жила в одной комнате, тогда как я предоставляла место для работы своему любовнику, несмотря на возражения его матери, которая резко осуждала его за жизнь за мой счёт без брака — очень старомодное поведение. После увольнения из газеты я отправилась добровольцем в археологическую экспедицию, результатом которой стали мои дети Андрей и Алёна, теперь снова живущие вместе с настойчивой матерью в одной комнате. Некоторое время мы пожили, осознавая реальность ситуации, пока мой муж переживал болезненный бракоразводный процесс в Куйбышеве. Его жена приехала посмотреть на беременную меня: точнее сказать, она стояла у двери, когда он открыл её и увидел жену с подростком-пятнадцатилетним сыном, чтобы обсудить важный вопрос.' ratio=8.0"
34,34,"text='Наступление тянулось третий день, а его начало было окутано неопределенностью. На протяжении всего дня слышалась упорная канонада впереди, наши колонны то и дело притормаживали, отправляя разведчиков во все возможные направления. Поэтому радость была особенной, когда мы заметили пехотинцев, вышедших из леса после долгих дней безвестности. Выяснилось, что наш отряд с северного направления соединился с подразделениями наступавшими с юга. Бесконечные потоки солдат последовательно появлялись и исчезали за деревьями и возвышенностями, свидетельствуя о том, что преследование противника завершилось: он прекратил отступление и готовился встретить нас лицом к лицу.\n\nНаша разведгруппа была обязана выяснить маршрут продвижения одного из таких подразделений и обеспечить защиту его фланга. Во время выполнения задачи мы встретили патруль драгун, получивших аналогичное задание. Командир их эскадрона получил ранение — разорван сапог от вражеского копья днем ранее, но это было легкой раной по сравнению с потерями противника: около восьми немецких солдат пали под пулями наших стрелков. После нескольких пробных маневров и последующего обстрела неприятеля мы спокойно двинулись дальше, размышляя о предстоящей трапезе: картофеле и чае.\n\nНо едва мы покинули лесной массив и наш дозорный взобрался на возвышение, из-за горизонта прозвучал выстрел. Вернувшись обратно под защиту деревьев, мы услышали полную тишина. Когда дозорный снова появился над гребнем, последовал еще один выстрел, и на этот раз пуля задела ухо лошади. Спешившись, мы расположились у края леса и начали наблюдать: со склона соседнего холма медленно появилась немецкая военная каска, затем фигура всадника — я смог подробно рассмотреть его в бинокль благодаря светлым усам. Мы шепотом обменивались взглядами: «Вот он, вот он». Однако наш офицер решил дождаться появления большего числа противников, считая бессмысленным вести огонь по одиночному солдату. Наблюдательная цель была на мушке, мы внимательно изучали ее в оптическом приборе и обсуждали социальный статус человека, которого видели через линзы.' ratio=7.0"
35,35,"text='Одесса по приезде с севера производит впечатление чего-то странного и отдалённого. Город напоминает европейский городок, который пропитался русским духом благодаря усилиям местных администраторов. Здесь можно встретить большие кафе, где собрались воспитанные торговые представители. Вечерами люди гуляют по Дерибасовской улице, атмосфера напоминает парижский бульвар Сен-Мишель. Особый одесский диалект отличается необычными произношениями и словами, создающими впечатление детского восхищения ловкостью и стремления к успеху любыми средствами. В типографии я заметил свежий выпуск вечерней газеты, где анонимно было опубликовано стихотворение Сергея Городецкого с изменённой строкой. Управляющий типографией рассказал мне, что авторство этого произведения выдавал за своё начинающий поэт.\n\nКонечно, среди одесситов много честных и уважаемых людей, но они не определяют общий настрой города. Восток же стал родиной активных молодых групп, которым предстоит вести страну в будущее. Это группы таких городов как Порт-Саид, Смирна и Одесса.\n\n10 апреля мы отправились в плавание на корабле Добровольного флота «Тамбов». Через пару недель Чёрное море было спокойным и безмятежным, словно огромное озеро. Под воздействием нашего корабля волны расходились плавно и равномерно, невидимый под водой винт работал бесшумно. Задний след был едва заметен — лишь зелёная полоска воды. Нас сопровождали стаи дельфинов, которые порой приближались так близко, что их мокрые спины можно было различить отчётливо.\n\nС наступлением ночи небо засияло редкими звёздами, а вода стала шуметь громче обычного. Неужели кто-то никогда не видел моря?\n\nУтро 12 числа — Константинополь. Перед нами предстала картина пролива Босфора: лодки с белыми парусами, весёлые турки на берегу, дома на склонах побережья, окружённые кипарисами и цветущей сиренью. Неповторимое солнце Константинополя освещало всё это.\n\nВ этот день мимо нас проплыла флотилия военных кораблей европейских государств, стоящая угрожающим пятном в Босфоре. Около восьми утра началась церемония исполнения национальных гимнов: сначала английский — уверенно и гордо, затем российский — торжественно и благочестиво, а испанский звучал так празднично, что хотелось танцевать.' ratio=8.0"
36,36,"text='Я верю в тех людей, кто раскрывает перед другими сторону их личности, которую я не могла заметить сама, и вот почему: я видела лишь одну грань его характера (тот лучший) — ведь для меня он оставался чужаком, возможно, недостаточно осознанной двадцатилетней иностранкой. В 1911 году же, когда мы встретились вновь, я заметила значительные перемены: его внешность стала более мрачной и истощённой.\n\nВ десятом году наши встречи были редкими — всего несколько раз за зиму. Тем не менее, он продолжал писать мне письма, но об увлечении стихами мне так никогда и не рассказывал.\n\nТеперь я понимаю, что именно моя способность к интуитивному восприятию мыслей окружающих, проникновению в их сны и другим неброским особенностям и привлекли его внимание. Он постоянно повторял: «Мы общаемся». И часто прибавлял: «Только вы способны это сделать».\n\nВероятно, мы тогда не осознавали важного момента: события между нами служили лишь подготовительным этапом для наших жизней. Его жизнь была короткой и скоротечной, моя же продолжалась дольше. Искусство ещё не успело оставить след на нашей судьбе — период свежести и лёгкости был пока что в самом разгаре. Но будущее уже начинало проявлять себя: в тревожных снах, в образах пугающего Парижа Бодлера, скрывающегося где-то неподалёку. Всё великое и светлое в Амедейо едва угадывалось на фоне общего сумрачного пейзажа.\n\nЕго лицо напоминало изображение Антиноя, глаза сияли ярким светом — он был совершенно особенным. Голос его остался в моей памяти навсегда. Я знала его нищим, но каким образом он существовал, было загадкой. В качестве художника ему не удалось получить даже минимальное признание.' ratio=8.0"
37,37,"text='Город ошеломил меня до глубины души, и я сочинила рассказ об этой встрече. В ту пору появились «Три сирени» и «В гостях у смерти». Написание прозы казалось мне одновременно таинственным и манящим делом. Поэзия всегда была близка моему сердцу, но я совершенно не знала, как написать что-то в прозе. Мой первый опыт был встречен с восхищением окружающими, хотя сама я этому не верила. Я попросила Зощенко взглянуть на работу — он посоветовал выкинуть несколько фрагментов и одобрил остальное, что меня порадовало. После ареста сына я уничтожила этот текст вместе с прочими материалами из архива, как будто все следы того времени решила стереть навсегда и начать с чистого листа.\n\nХудожественное переводоведение стало моей страстью давно. После войны я усердно трудилась над переводами множества произведений, что продолжаю делать до настоящего времени.\n\nВ 1962 году завершилось создание поэмы «Поэма без героя», над которой я работала двадцать два года подряд.\n\nПоследней весной прошлого года, незадолго до юбилея Данте, я услышала итальянскую речь во время поездки в Рим и на Сицилию. Весной 1965 года отправилась в Англию — родину Шекспира: наблюдала за английским небом и берегами Атлантики, встретила старых знакомых и завела новых друзей, еще раз побывала в Париже.\n\nМне удавалось продолжать сочинять стихи. Через них я чувствовала свою причастность к времени и новым этапам жизни моего народа. Работая над поэзиями, я ощущала ритмы великих исторических событий родины — мне повезло жить в такой эпохе и стать свидетелем исключительных моментов.' ratio=10.0"
38,38,"text='Парень едва успел подумать, как девушка тут же обернулась к нему. В её глазах светился шаловливый огонёк, а улыбка была такой широкой и игривой, словно она знала что-то особенное.\n— Степан Петрович, — сказала она, чуть прищурившись. — Неужели ты так пристально рассматриваешь даму бесплатно? За такое удовольствие следует платить. Подойди поближе и давай поговорим немного.\nПарень ощутил легкий трепет в сердце, но выдавал себя лишь внутренне. Он старался сохранять уверенность, ведь перед ним была загадочная и сильная женщина, а показывать свою робость девушке ему не хотелось.\n— У нас нет времени на разговоры, — ответил он, хотя прекрасно понимал, что отказ может быть воспринят как знак слабости. — Мы уже проспали лишнее время и теперь в путь.\nДевушка снова засмеялась:\n— Не надо притворяться, Степан Петрович. Я серьёзно предлагаю тебе подойти сюда, есть дело важное.\nПарень понял, что уклониться от встречи уже невозможно. Подошёл к ней и девушка жестом рукава попросила его обойти камень с другой стороны. Он обогнул руду и оказался перед множеством ящериц разных видов: зелёных, голубых с оттенком синевы, серых как глина или песчаные с золотистыми пятнами, прозрачные словно стекло или слюда, тусклые, похожие на увядшую траву и с красивым рисунком.\n— Будь осторожен, Степан Петрович, — продолжала она смеяться. — Ты такой крупный и тяжёлый, а они такие маленькие. Я бы не хотела, чтобы ты кого-то задавил. — Она хлопнула в ладоши, и ящерицы мгновенно разбежались, освободив проход.\nПарень подошёл ближе, но девушка снова захлопала руками:\n— Сейчас тебе негде сделать шаг. Иди сюда, а то уничтожишь моих помощников — неприятности будут.' ratio=8.0"
39,39,"text='Не приняли его на заводскую работу — слишком он был слабым, его силёнок не хватило бы даже на неделю тяжёлого труда. Приказчик отправил его помощником пастуху. Но и здесь Данилко оказался неподходящим работником. Мальчишка старался изо всех сил, однако постоянно совершал ошибки. Часто задумывался над чем-то своим. Увидит какую-нибудь травинку и уставится взглядом, а коровы пасутся далеко. Старый пастух оказался добрым человеком, жалел сироту, но иногда сердился: \n— Что же получится из тебя, Данилко? Сам погубишь свою жизнь и заставишь меня нести ответственность за твои промахи. Как такое допустимо? О чём думаешь вообще? \n— Не понимаю сам, дедушка… Просто смотрел немного. Видел маленькую букашку, ползущую по листочку. Она сама синенькая, а снизу желтые пятнышки видны, лист широкий, края острые, похожи на узор. Здесь лист кажется тёмным, а посредине ярко-зелёный, словно недавно покрасили… А букашка медленно движется.\n— Ты совсем не в себе, Данилко? Разве тебе нужно изучать насекомых? Пусть ползёт дальше, а твоя обязанность следить за стадом. Предупреждаю, прекращай эти пустяки, иначе расскажу обо всём приказчику!\nСреди всех занятий Данилке удавалось только одно — научиться играть на рожке лучше старого пастуха. Получалось почти профессионально. Вечером после возвращения стада девушки и женщины просили:\n— Давай сыграешь песню, Данила.\nДанилко начинал играть мелодию. Песни были необычные, звучали приятно, как шёпот леса или журчание ручья. Женщины полюбили эти песни и стали помогать Даниле. Одни чинили одежду, другие отрезали ткань на портянки, третьи шили новые рубашки. За столом разговоров не возникало — каждая старалась угостить повкуснее и побольше. Пастух-старик также любил песни Данилы. Однако и здесь случались неприятности. Начинал Данила играть музыку и забывал обо всём вокруг, словно коровы исчезли. Именно во время игры произошла беда.' ratio=8.0"
40,40,"text='В избушку вошла крупная рыжая собака с чёрной полосой по спине. Под её глазами тёмные полосы напоминали оправу очков, делая взгляд особенно пронзительным и словно задающим вопрос: «Зачем ты меня позвал, хозяин?». Антипыч встретил её особым взглядом, и собака сразу поняла его намерения — он хотел просто пообщаться на дружеской ноте, поиграть. Травка тут же принялась активно махать хвостом, медленно опускаясь всё ниже и ниже до тех пор, пока не легла спиной к коленям старика, выставив белый живот с двенадцатью темными сосками. Когда Антипыч протянул руку, чтобы почесать её, собака встрепенулась, запрыгнула на него и принялась лизать его лицо: нос, щёки, губы.\n— Довольно, довольно, — сказал он, успокаивая её и вытирая слюну рукавом. Затем погладил собаку по голове и добавил:\n— Хватит, возвращайся домой.\nСобака развернулась и ушла во двор.\n— Вот так-то, ребята, — произнёс Антипыч. — Это Травка, охотничья собака, понимает всё с одного слова. А вы, неразумные, спрашиваете: «Где истина?» Хорошо, приезжайте ко мне, но пропустите нужный момент — расскажу всё Травке.\nПосле смерти Антипыча началась Великая Отечественная война. Дом остался без хозяина и постепенно разрушался. Бревенчатые стены стали хуже прежнего, будто старый человек, которому уже не до ремонта. Однажды ветер сорвал крышу, и избушка рухнула как карточный домик, уступив место высоким стеблям Иван-чая, покрытым алыми цветами. Собака Травка переехала в картофельное хранилище и приспособилась к лесной жизни.' ratio=8.0"
41,41,"text='Тот, кто никогда не сталкивался с ростом клюквы, может пройти через обширные болотистые пространства и упустить её среди зарослей. Взять хотя бы чернику: она вырастает из тонкого стебелька, поднимающегося прямо вверх, украшенного небольшими зелёными листочками — словно крыльями — и мелкими чёрными ягодами с серым налётом. Брусника же радует глаз своим ярко-красным урожаем и темноватыми листьями плотной текстуры, которые не теряют своего цвета даже зимой; так много ягод бывает порой, что земля кажется окрашенной в красный оттенок. Голубика — ещё один представитель болотных растений с крупными синими ягодами, собирающимися группами. В некоторых дальних районах можно встретить костянку — плоды рубиново-красного цвета, собранные в гроздья. Но особняком стоит весенняя клюква: она укрывается среди комочков почвы и практически невидима до тех пор, пока не скопится достаточное количество ягод на небольшом участке, образуя случайные красные точки сверху. Лишь когда человек наклоняется за одной ягодой, он замечает, что каждая из них соединена тонкой ниточкой с целым рядом подобных ей плодов. Можно аккуратно выковырять длинную цепочку крупных ярко-красных ягод, скрытых в земле. Возможно, именно её ценность весной, полезные свойства и превосходный вкус напитка делают клюкву такой желанной. Однако собиратели этой ягоды нередко проявляют излишнюю жадность: одна пожилая женщина собрала столько, что ей стало трудно нести тяжёлую корзину домой; она была в замешательстве перед полным сосудом. Другая ситуация — когда две женщины одновременно находят богатые места сбора и начинают осторожно пригибаться к земле, опасаясь конкуренции; они стараются собрать как можно больше ягод, несмотря на риск столкнуться лицом к лицу.' ratio=10.0"
42,42,"text=""История началась с обычной прогулки по песчаному берегу и вскоре превратилась в захватывающее расследование. Восьмидесятилетний пляж стал свидетелем этой истории: 48-летняя Нейша Ринд из Новой Зеландии вместе со своим десятилетним сыном Кеем прогуливались по берегам Океан Бич в городе Тайруа. Этот участок побережья на восточном краю полуострова Коромандел не раз был излюбленным местом для серферов, однако этот день принес туристам нечто особенное — находку, гораздо более ценную, чем хорошая волна или редкий дар природы на пляже. Океан преподнес им неприметный подарок среди обломков древесины и морских отходов, вынесенных приливом на берег. Кея заметил необычное пятно в толпе камней и сначала принял его за покрытый водорослями булыжник или кусок сломанного дерева. После очистки от ракушек и соли, выяснилось, что это обычная бутылка объемом один литр из-под виски Jack Daniel's. Внутри оказался аккуратно свернутый лист бумаги — послание к будущим поколениям моряков и пляжников, ожидающих своего часа для раскрытия тайны внутри бутылки. Изъятая пробка подтвердила честность отправителя: сообщение было написано 17 февраля 2002 года, что указывало на двадцатидвухлетний срок путешествия бутылки по Тихому океану. Автор сообщил свое имя — Джек, и упомянул занятие рыболовством недалеко от островов Олдермен, популярного места лова поблизости от Коромандела. Из-за воздействия морской воды текст сильно пострадал, сохранив лишь имя и дату — ускользающую тень прошлого в море забытых надежд и историй. Такие находки всегда вызывают волнение, напоминая известные литературные произведения, такие как роман Жюля Верна «Дети капитана Гранта». В этой истории герои также пытались найти человека на основе подсказок из письма, выпущенного в море. Однако реальность оказалась не менее захватывающей: бутылка плыла в водах Тихого океана около двадцати двух лет, обогнув земной шар или долгое время плавая в мощных течениях Тасманова моря. Нейша Ринд разместила фото своей находки в интернете с надеждой, что современные технологии помогут отыскать отправителя быстрее, чем это делали герои книг XIX века. В социальных сетях уже начались шуточки о том, что сейчас взрослому Джеку могло исполниться больше лет, и он мог создать семью и давно позабыть о написанном послании. Случаи сохранения таких сообщений крайне редки: специалисты утверждают, что большинство стеклянных бутылок разрушаются уже в течение первых месяцев плавания, а то и раньше. Сохранение этой бутылки и послания после четверти века пребывания в воде является исключительным везением. Теперь Кея и его мама ждут отклика автора сообщения, чтобы узнать подробности рыбалки двадцатилетней давности."" ratio=10.0"
43,43,"text='После того как Игорь Краснов вступил на пост председателя Верховного Суда России, многие судьи оставили свои должности из-за обвинений в коррупции и вынесении судебных решений с нарушениями. Эти увольнения освещены аналитиками агентства РИА Новости.\n\nПервый случай увольнения произошел вскоре после назначения Игоря Краснова, связанный с судьей Виктором Мамотовым. Его полномочия были прекращены решением суда, а имущество взыскано в пользу государства: 97 объектов стоимостью около девяти миллиардов рублей.\n\nЖурналисты отмечают, что за шесть месяцев несколько десятков судей покинули свои посты во многих регионах страны.\n\nНапомним, ранее президент России Владимир Путин предложил Совету Федерации кандидатуру генерального прокурора Игоря Краснова на должность главы Верховного суда. А Александр Гуцан стал новым руководителем Генпрокуратуры, занимая пост полномочного представителя президента в Северо-Западном федеральном округе.\n\nСтав председателем Верховного суда, Игорь Краснов подчеркнул, что судебные решения не должны способствовать мошенничеству. По его словам, реакция на любые проявления коррупции среди судей будет жесткой и безотлагательной, вне зависимости от их статуса.' ratio=6.0"
44,44,"text='Ученые создали биопленку, которая полностью блокирует проникновение воздуха и водяного пара. Через месяц после применения эта упаковка исчезает бесследно.\n\nСегодня пластиковые изделия повсюду — на улицах, в магазинах, в домах. Эти упаковки часто оказываются либо на свалках, либо в океанских водах, где их разложение занимает века. Это создает серьезную экологическую проблему. Ученые стараются изобретать биопластику из материалов, которые природе легко переработать. Однако большинство таких пленок недостаточно хорошо защищают продукты от влаги и воздуха, что препятствует их сохранности.\n\nСпециалисты из Технологического института штата Джорджия предложили оригинальное решение. Они разработали биопленку из компонентов, которые растут в лесах и садах и остаются на столе после приготовления пищи. В частности, они использовали целлюлозу (основной строительный элемент растений), хитозан (извлеченный из ракушек и грибов) и лимонную кислоту (выделяемую цитрусовыми фруктами). Эти компоненты обрабатываются, чтобы создать тонкую пленку. Эта новая биопленка полностью исключает проникновение воздуха и водяного пара.\n\nЭта пленка естественным образом распадается и не оказывает длительного вредного воздействия на почву. Как отметил профессор Карсон Мередит, упомянув это исследование на ресурсе innovanews.ru, биопленка иногда обеспечивает лучшую защиту продуктов от порчи, чем традиционные пластиковые материалы. Однако полное разложение требует определенных условий: температура, влажность и присутствие микроорганизмов. На обычных свалках биопленка остается неизменной так долго, как обычная пластиковая упаковка. В данный момент разработка существует лишь в виде лабораторного образца без практического применения. Реальная упаковка из такого материала пока недостаточно гибкая для сгибания и вероятно потребует добавления пластификатора.' ratio=10.0"
45,45,"text='Эксперты говорят, что кошки обладают исключительно развитыми органами чувств. Их обоняние острее человеческого в сорок раз, они способны слышать ультразвуковые звуки и имеют отличное зрение, которое фиксирует даже самые незначительные изменения вокруг. Это делает кошек наблюдательными и проницательными существами, которые быстро реагируют на любые перемены в поведении хозяина — будь то изменение голоса, запаха или выражения лица. Научные исследования показывают, что кошки умеют различать человеческие эмоции по мимике, жестам и интонациям речи.\n\nКошки не ставят диагнозы, но чувствуют изменения во внешности и поведении владельца. По поводу распространенного мнения о том, что кошки ложатся на больные места людей, есть научное объяснение: воспаленные области тела обычно более теплые, а кошки с температурой около 38-39°C инстинктивно стремятся к теплу. Поэтому когда кошка лежит рядом с человеком, она приносит тепло, создавая иллюзию комфорта, хотя это не оказывает медицинского воздействия.\n\nИсследователи подчеркивают, что утверждение о способности кошек обнаруживать рак человека недоказано. В отличие от специально обученных собак, которые могут диагностировать онкологию по запаху мочи, кошек не тренируют для такой задачи из-за сложностей в их обучении. Единственным научно подтвержденным преимуществом общения с кошками является снижение уровня стресса и тревоги у хозяев.' ratio=7.0"
46,46,"text='Эволюционные пути большей части ныне существующих штаммов данной бактерии разошлись примерно пять тысяч лет назад, во времена неолита, когда люди всё больше оседлали землю и стали жить в условиях нарастающего взаимодействия. Такое положение могло способствовать расширению распространения и увеличению биологического разнообразия патогенных микроорганизмов, передаваемых преимущественно через капельную инфекцию или контактный обмен. Стрептококкус пирогенес был обнаружен в останках людей, живших в Европе и Африке около четырёх тысяч лет назад.\n\nОдин из штаммов, найденный в мумии древней Боливии, мог отделиться ещё раньше — примерно десять тысяч лет назад. Исследователи предполагают, что микроорганизм мог попасть в Южную Америку вместе с переселенцами из Сибири, которые около двадцати двух тысяч лет назад преодолели Берингов пролив и начали постепенно заселять территории Северной и затем Южной Америки.\n\nДо создания современных антибактериальных средств скарлатина была одной из основных причин детской смертности и инвалидизаций, часто приводя к потере зрения или слуха. До того как учёные установили бактериальную природу заболевания, его симптомы часто путали с проявлениями натуральной оспы, коревой краснухи или дифтерии. Эти болезни традиционно считались патологиями, сопутствующими колонизации новых земель: они возникали среди переселенцев из Европы и оказывали разрушительное воздействие на местные сообщества, чьи иммунитеты не были готовы противостоять данным патогенам.\n\nНо современные учёные полагают, что это мнение является слишком упрощённым и возможно даже неверным. Существует вероятность того, что не только пиогенные стрептококки, но также и многие другие микроорганизмы, вызывающие инфекционные болезни, уже давно существовали в Америке, задолго до прибытия первых европейцев. В подтверждение этого предположения свидетельствуют данные последних научных исследований по возбудителям таких заболеваний, как сифилис и лепра.' ratio=10.0"
47,47,"text='Инженеры Ирбитского мотоциклетного завода были вызваны к ответу, чтобы создать чудо-мотоцикл — способный разогнаться до 150 км/ч без коляски и достичь скорости в 120 км/ч вместе с ней. Такие показатели считались диковинкой для советских мотоциклов середины XX века.\n\nРазработка новинки проходила под секретом, используя скромные ресурсы. Первые прототипы появились в 1963 году. Внешне они сохранили узнаваемую «Уральскую» стилистику, но внутренности радикально изменились: рабочий объём двигателя увеличился до 1040 куб.см, а мощность достигла 50 лошадиных сил. В целях улучшения аэродинамики установили специальный кожух-защиту. Однако заявленная максимальная скорость в 150 км/ч так и осталась лишь мечтой — фактическая отметка составила всего 130–132 км/ч. Тем не менее, результат произвел фурор среди специалистов.\n\nВ 1967 году завод выпустил ограниченную партию таких мотоциклов — примерно две дюжины единиц, оснащенных колясками, и направил их в подразделения ГАИ СССР. Из-за дефицита ресурсов каждый экземпляр собирался почти индивидуально из уникальных деталей. Высокая стоимость разработки сделала серийное производство невыполнимой задачей, что превратило использование этих машин в настоящую головную боль для эксплуатирующих их служб.\n\nПроект остался эксклюзивным и экспериментальным по причине своей сложности и высоких затрат. Тем не менее, мотоцикл «Урал М-100» вошел в историю советского мотопрома — его использовали в ГАИ примерно десять лет. Сейчас о них помнят лишь несколько энтузиастов и коллекционеров; большинство оригинальных экземпляров утрачено, а те, что остались, стали редкостью.\n\nИрбитский завод снова стремится привлечь внимание покупателей. В январе 2026 года начался выпуск модели «Урал Нео 500» — современного варианта классического мотоцикла. Новые мотоциклы оснащены рядным двухцилиндровым двигателем объёмом 446 куб.см с жидкостным охлаждением и мощностью 35 л.с., пятискоростной коробкой передач с задним ходом. Масса «сухого» мотоцикла составляет 334 кг. Внешний дизайн напоминает современные туристические модели, а оборудование включает светодиодную оптику и электронное табло приборов с встроенной камерой переднего обзора. Разработчики создали новую модель совместно с крупным партнером, ориентируясь на международный рынок.\n\nИстория проекта «Урал М-100» демонстрирует, как амбициозные технические решения требуют учета реальных возможностей промышленного производства. Сегодня завод делает акцент на новейших технологиях и международном сотрудничестве для возвращения позиций на мировой арене мотоциклетной индустрии.' ratio=10.0"
48,48,"text=""Технические особенности и материалы.\n\nКомплектующие и внутренние части модели Truckster создают яркий и мощный звуковой образ, обеспечивая высокую стабильность конструкции.\n\nОсновным материалом для корпуса инструмента служит красное дерево, а кленовый топ и гриф из махагони гарантируют резкий резонанс и длительный звучание, что высоко ценится в мире рок-музыки.\n\nКонструкция с приклеенным грифом и активными звукоснимателями EMG делает инструмент неподдельно надежным на сцене и обеспечивает чистый, мощный звук без посторонних шумов. Инструменты подписанного Хэтфилдом отличаются высоким уровнем качества и надёжности деталей.\n\nВ комплект входит профессиональный кожаный ремень Levy's и энциклопедическая книга о группе Metallica, что делает такой набор редкостью за пределами Японии, где большинство этих инструментов приобретаются коллекционерами через международные торговые площадки.\n\nФактические данные об ESP Truckster:\n\nПятый инструмент для Хэтфилда: Модель Truckster стала пятым подписным вариантом, созданным компанией ESP специально для музыканта. Корпус основывается на модели Eclipse ESP, имеющей сходство со знаменитой гитарой Gibson Les Paul.\n\nДизайн автомобиля: Поклонник кастомных автомобилей и хот-рдов Хэтфилд предложил разработчикам создать инструмент в виде не до конца законченного авто с серым матовым покрытием. Эта «неоконченность» стала отличительной чертой модели, что придаёт ей уникальный внешний вид без блестящей отделки.\n\nМнимый переключатель: Верхний тумблер предназначен лишь для создания визуального соответствия стилю ретро-музыкального оборудования и не имеет функциональной роли. Альтернативная настройка возможна с помощью нижнего переключателя.\n\nМногократное покрытие: Для придания эффекта состаренного вида на заводе ESP наносят несколько слоёв краски (серого, чёрного и белого цветов), после чего часть краски удаляется вручную. Это придает каждому инструменту уникальность и даже два экземпляра из одной партии могут отличаться друг от друга."" ratio=8.0"
49,49,"text='Как распознать скрытые недостатки дома\n\nВ первую очередь не стоит покупать дом на вторичном рынке зимой или поздней осенью: в это время легко утаить проблемы с фундаментом, которые могут стать серьезными препятствиями. Несваренные трещины и другие дефекты способны привести к необходимости полной перестройки дома — причина, почему многие продавцы предпочитают выводить свои объекты на рынок именно в это время, отметил Максим Лазовский из строительной компании «Дом Лазовского».\n\nЗатем обратите внимание на скрытые работы: ошибки при утеплении и гидроизоляции часто становятся серьезными источниками проблем. Детально осмотрите подвальные помещения, оцените температурный режим и влажность, проверьте наличие следов сырости.\n\nДля индивидуальных домостроений многое может пойти не так: ошибки при выборе типа грунта, неправильное соотношение между типом фундамента и нагрузками на него или отсутствие защиты древесины от вредителей могут привести к серьезным повреждениям. Лучше всего обратиться за помощью к специалисту — это позволит внимательнее рассмотреть все детали.\n\nНе забудьте изучить разрешение на строительство и назначение участка: дом может быть построен незаконно, а земля использована не в соответствии с регламентом. Также стоит учесть возможное влияние внешней среды — например, появление промышленных предприятий или новых транспортных путей рядом с домом. Для получения таких данных обратитесь к генеральному плану развития вашего населенного пункта, который доступен в интернете.' ratio=8.0"
50,50,"text='Подвергшийся несправедливому осуждению со стороны диетологов, виновник — обычная свекла или мангольд. Долгое время эти овощи использовались лишь для придания блюдам красочности: винегрету и борщу. В наши дни в Европе набирают популярность диеты, включающие разнообразные блюда из свеклы и её листьев — продукты с ценными свойствами: богатые железом, витамином C и йодом, обладающие приятным вкусом без горечи.\n\nВ составе свеклы содержится важное для снижения веса вещество — бетаин. По словам диетолога Светланы Бережной, бетаин помогает предотвратить накопление излишних жиров и способствует лучшему усвоению полноценного белка.\n\nКроме того, свекольный сок содержит ферменты, которые поддерживают водно-солевой баланс организма и обладают слабым мочегонным эффектом. Это особенно полезно для малоподвижных людей или тех, кто склонен к отёчности. Простое нормализация водного режима может помочь избавиться от двух-трёх лишних килограммов путём предотвращения накопления избыточной жидкости в тканях.\n\nСвекла также богата клетчаткой и веществами, стимулирующими работу желудочно-кишечного тракта. Однако стоит учесть её слабительный эффект.\n\nСвеклу можно использовать для разгрузочных дней. Но не обязательно голодать на одних отварных и измельчённых свёклах: их можно легко превратить в множество вкусных и бюджетных блюд.\n\nВ сто граммах свеклы содержится всего сорок калорий, а сочетается она лучше всего со скумбрией или зеленью; менее удачными являются пары со специями и копчёностями.' ratio=10.5"
51,51,"text='Петербургский Росреестр обнародовал отчет о динамике недвижимости за первый квартал 2026 года. Начало года вышло на удивление контрастным: ипотечные кредиты и долевые соглашения набрали обороты, тогда как вторичный рынок по-прежнему оставался в тени.\n\nИпотека в этом году стала настоящим двигателем роста. За январь-март 2026 года в Санкт-Петербурге было зарегистрировано почти двадцать восемь тысяч ипотечных договоров, что на четырнадцать процентов превышает показатели предыдущего периода. Этот рост говорит о том, что желающие приобрести недвижимость продолжают делать ставку на кредитные средства, не обращая особого внимания на высокие процентные ставки и ограниченный спрос.\n\nПервичный рынок также показал небывалый подъем. В первом квартале 2026 года заключено более десяти тысяч договоров долевого участия, что на десять процентов больше по сравнению с аналогичным периодом прошлого года.\n\nС другой стороны, общее количество сделок купли-продажи жилых объектов выросло незначительно. Разница между количеством зарегистрированных прав собственности за первые три месяца 2026 и 2025 годов составила всего двести пятьдесят семь единиц.\n\nВажно отметить, что в январе текущего года количество договоров долевого участия возросло почти на полтора раза. За первый месяц 2026 года было заключено четыре тысячи двухсот шестьдесят два таких соглашения, увеличившись на пятьдесят семь единиц по сравнению с январем предыдущего года. В этот же период число ипотечных договоров также демонстрировало заметный рост: восемь тысяч шестьсот один против шести тысяч шестисот четырех в прошлом году.' ratio=9.0"
52,52,"text='Вместе с отменой госгарантий на льготную ипотеку, которая активизировала развитие сектора индивидуального жилищного строительства (ИЖС), многие компании, одновременно участвовавшие в нескольких проектах, столкнулись с финансовыми трудностями и прекратили свою деятельность. Генеральный директор компании «Загородная недвижимость Урала» Александр Свитеньков отметил, что из более чем тысячи компаний, работавших ранее на рынке ИЖС Екатеринбурга, сегодня продолжают функционировать лишь около 40 и получили доступ к проектному финансированию. Сегодня средства банковских кредитов (примерно от 50 до 100 миллионов рублей) недостаточны для обеспечения предыдущих объемов строительства, что привело к сокращению численности сотрудников и снижению темпов возводимого жилья. Свитеньков привел пример: «Несколько лет назад наша компания возводила сто домов ежегодно. В прошлом году мы построили всего 28 домов, а на текущий год заключено соглашений лишь на строительство 12–15 домов».\n\nСегодня многие участники рынка несут убытки из-за высоких темпов инфляции, что ведет к массовым случаям банкротства и иногда уголовным делам. Эдуард Богданов отметил, что стоимость загородной недвижимости в 2025 году выросла на 15,2%, однако дальнейший рост замедлился.\n\nБогданов также добавил: «Сейчас можно найти предложения с торговым снижением цен. Широкий ассортимент предложений имеется как среди земельных участков, так и жилых домов. Ожидаю возобновления роста цен в период 2027–2028 годов после восстановления привлекательных ипотечных ставок».\n\nЭксперты предсказывают, что к середине следующего года сегмент индивидуального жилищного строительства будет адаптироваться и меняться. Компании с недостаточным капиталом и низкокачественным предложением покинут рынок, в то время как организации с эффективным управлением и достаточными ресурсами укрепят свои позиции.\n\nАлександр Игнатов подчеркнул, что рынок переходит из хаотичного состояния к более стабильной фазе. Будущий успех обеспечен не просто комплексом застройки, но и предложением полного продукта для конечных потребителей: земельный участок с подведенными коммуникациями, проездами и необходимой инфраструктурой, а также прозрачные юридические условия. Такие проекты способны привлечь большую часть спроса.\n\nДля реализации крупных комплексных проектов требуется финансовая поддержка не только застройщиков, но и государственных структур в части инфраструктуры дорог и инженерных сетей. В настоящее время такой поддержки недостаточно.' ratio=8.0"
53,53,"text='Угроза квантовых технологий оставила свой след на биткоин-сообществе, разделив его на две враждующие лагери: сторонников добровольного перехода на усиленные механизмы защиты и тех, кто предлагает принудительное ограничение обращения наиболее уязвимых активов.\n\nСпор о сохранении безопасности сети от возможных квантовых атак превратился в настоящую идеологическую битву. Одним из её участников стал Адам Бэк, руководитель компании Blockstream, который обратился к сообществу с предложением перейти на новые защищённые механизмы безопасности добровольно. В противовес ему выступил Джеймсон Лопп — разработчик и основатель проекта Casa, предложивший ограничить обращение миллионов биткоинов, находящихся в долгосрочном хранении.\n\nСпор, ранее считавшийся лишь теоретическим, обрёл остроту после публикации отчёта специалистов Google. В 50-страничной работе были представлены методики и подходы, которые значительно снижают затраты на вскрытие криптографических схем, лежащих в основе безопасности биткоина и других цифровых валют. Исследователи предполагают, что высокопроизводительные компьютеры способны реализовать подобные атаки уже к концу текущего десятилетия, а не к середине 2030-х годов.\n\nПод угрозой находятся активы многих участников рынка, включая и сбережения основателя биткоина Сатоши Накамото. По оценкам учёных Google, общая сумма таких активов составляет около 2,3 миллиона биткоинов или примерно 170 миллиардов долларов США по состоянию на апрель 2023 года.\n\nАтака с использованием квантового компьютера против блокчейна предполагает восстановление закрытых ключей пользователей. Внедрение подобного взлома сейчас представляется крайне сложным и практически невыполнимым, но квантовые алгоритмы делают задачу значительно проще.\n\nПервый сценарий предполагает перехват адресов с уже известными открытыми ключами и получение доступа к активам через расчёт соответствующего закрытого ключа. Второй вариант развития событий представляет собой ситуацию, когда злоумышленник перехватывает транзакцию до её добавления в блок цепи, добывая открытый ключ и вычисляя закрытый ключ для замены оригинальной транзакции. Второй способ атаки особенно опасен тем, что угрожает не только старому капиталу, но и любым переводам внутри системы.' ratio=7.0"
54,54,"text='Семь известных сталинских небоскрёбов привлекают внимание москвичей, россиян и иностранцев. Во время прогулок по городу на семи холмах экскурсоводы рассказывают о строителях, архитекторах и сотрудниках органов госбезопасности, особенностях садово-паркового дизайна и фонтанов. Также они объясняют причины рекомендации проверить радиацию возле главного здания МГУ. По словам руководителя туристической компании ' ratio=8.0"
55,55,"text='На круглом столе под темой «Кадры для роботизации: как подготовить инженеров будущего» Алексей Нечаев, председатель партии «Новые люди», немедленно перешёл к разговору о конкретных вопросах и начал с обсуждения системы распознавания лиц. Он подчеркнул, что несмотря на известные мудрости, остаются вещи, которые нас ещё ждут впереди. Затем он отметил, что участники мероприятия имеют знания о роботизации и её влиянии на язык и общество. По мнению докладчика, комментарии к его выступлению были лишними, так как тема была ясна и доступна для понимания. Когда говорят о роботизации, обсуждение альтернатив зачастую отсутствует. Это связано с тем, что ранее дешёвый человеческий труд стоил около 20 тысяч рублей в месяц. Сейчас такой уровень зарплаты исчез, следовательно, сотрудники теперь могут получать более высокие зарплаты. Таким образом, необходимо принять тот факт, что платить сотрудникам 20 тысяч рублей сейчас нецелесообразно, так как человеческое достоинство нельзя измерить деньгами. Затем Нечаев привёл пример своей компании «Фаберлик»: за последние десять лет благодаря постепенной автоматизации производственный процесс стал вдвое более эффективным. Заработная плата работников, продолжавших работу после внедрения автоматизации, увеличилась примерно в три раза. Однако докладчик акцентировал внимание на том, что речь шла только о тех сотрудниках, которые остались при изменении системы. Обсудив эти данные, он заметил, что значительный прогресс в производстве сопровождался лишь небольшим увеличением заработной платы для работников.' ratio=7.0"
56,56,"text='АДРИАН ЛАХДО — футболист, чьё место на рынке оценивалось лишь в миллион евро, но перешёл в клуб «Комо» за кругленькую сумму в двенадцать миллионов. Адриану Лахдо восемнадцать лет, он выступает в центральной обороне и имеет шведское происхождение. С юных лет Адриан не раз демонстрировал лидерские качества на полях различных возрастных команд своей страны: от юношеской до молодёжной сборной Футболиста отличает опыт в составе профессионального клуба «Хаммарбю», но число проведённых матчей пока невелико — меньше двадцати. В сезоне 2025 года он играл на разных уровнях: и за основу, и за вторую команду, выступавшую во втором дивизионе. Хотя, согласно мнению специалистов, таких достижений недостаточно для привлечения внимания элитных европейских клубов, Лахдо всё же сумел перебраться в один из ведущих чемпионатов континента. Не ясны точные причины, почему именно этот игрок заинтересовал скаутов «Комо». Однако известно, что клуб традиционно фокусируется на молодых европейских талантах и часто оказывается прав в своих выборах. Следовательно, специалисты команды заметили у юного защитника определённые достоинства, которые и стали причиной столь значительной покупки — вместо обещанных ранее миллионов они заплатили двенадцать.\n\nКАДЕР МЕЙТЕ — футболист, чья условная стоимость составляла десять миллионов евро. Он перешёл в клуб «Аль-Хиляль», и цена его трансфера удвоилась до тридцати миллионов. Передача прав на игрока не вызывает особого удивления, ведь это клуб Саудовской Аравии, известный своими щедрыми вложениями в футбол, вне зависимости от личных качеств спортсмена. Кадеру Мейте восемнадцать лет и у него есть явные перспективы для развития. Тренировался он с пятнадцатилетнего возраста в академии французского клуба «Ренн», постепенно продвигаясь от молодёжных составов до основного. Хотя его прогресс не был сразу заметен, тренеры уже давно видели в нём потенциал. Отличался он умением бороться в воздухе и действовать эффективно на флангах атаки или центре поля. Он также обладал надёжностью при подавлении соперников и техникой контроля мяча корпусом, что позволяло ему успешно противостоять давлению со стороны оппонентов. Постепенно улучшалась его передача, благодаря чему он начал выступать за молодёжную сборную Франции до 21 года. Перспективы Кадера Мейте казались очевидными, и не случайно его трансфер в клуб Саудовской Аравии был сопряжен с финансовыми соображениями, а не возможностями профессионального роста. Похоже, он сделал выбор в пользу немедленных выгод, а не будущего спортивного развития.' ratio=8.0"
57,57,"text='Компания DFC Intelligence представила результаты исследования рынка игровых консолей, опубликованные изданием VentureBeat.\n\nПо мнению экспертов, новая игровая консоль Nintendo Switch 2 может стать фаворитом на рынке. Аналитики предполагают, что в ближайшие два года эта модель станет наиболее популярной среди игроков благодаря двум ключевым факторам: растущему интересу пользователей персональных компьютеров и выходу эксклюзивных видеоигр.\n\nЭксперты отмечают, что консоль обладает отличными рыночными перспективами из-за высокого спроса на компактные игровые устройства. При этом стоит отметить, что основные конкуренты — компании Sony и Microsoft — пока не представили аналогичных моделей.\n\nКроме того, специалисты подчеркнули качество программного обеспечения, созданного специально для Nintendo Switch. Более 80% игр для данной платформы разработаны самой компанией или ее партнерскими студиями. В сравнении с этим, около 85% игр для PlayStation создаются независимыми разработчиками.\n\nАвторы исследования также указали на высокую привлекательность Nintendo Switch среди пользователей персональных компьютеров: согласно предоставленным данным, 44% владельцев ПК владеют данной консолью.\n\nПрезентация модели Nintendo Switch 2 состоялась в апреле. Конструктивные особенности включают дисплей диагональю 7,9 дюйма с частотой обновления экрана 120 Гц, новые контроллеры с магнитным креплением и функция повышения разрешения графики до формата 4K.' ratio=6.0"
58,58,"text='Исторические локации и современные проекты\nКомпания «Балтийская коммерция» приобрела участок общей площадью около 5,5 тысяч квадратных метров по адресу Новгородская улица, дом 14 весной 2024 года. Ранее на этом месте располагался бизнес-центр класса С, а рядом был возведён жилой комплекс «Форсайт», который также принадлежит компании.\n\n«Балтийская коммерция» активно занимается строительством в историческом центре Санкт-Петербурга с конца 90-х годов. Среди последних реализованных проектов — реконструкция советского лицея на проспекте Римского-Корсакова и возведение премиального жилого квартала рядом со станцией метро «Чкаловская». Район Песков считается одним из самых элитных в городе, однако после 2010 года здесь начали появляться новостройки не только класса люкс, но и бизнес-класса.\n\nЖители района ценят его тишину и отсутствие шумного туристического движения. Эксперты отмечают, что в районе до сих пор сохранились промышленные зоны, оставленные предыдущей промышленной застройкой.\n\nРынок элитного жилья и перспективы развития\nС начала 2024 года центр Санкт-Петербурга пополнился двумя новыми жилыми комплексами с общим количеством квартир в 448 единиц: премиальным «Моисеенко 10» и объектом класса бизнес N8. В данный момент также реализуются несколько других проектов, среди которых ЖК ПСК и реконструкция Мытного двора. Освобождённых участков для строительства в центре города практически не осталось, тогда как спрос на элитное жильё остаётся высоким.\n\nБрокеры указывают, что единичные свободные участки ещё остаются рядом с площадью Восстания и улицей Черняховского. Основной потенциал для расширения центра находится между Синопской набережной и Новгородской улицей: там компания «ТГК-1» планирует реализовать масштабный проект редевелопмента Центрального теплового энергетического комплекса. Проект включает создание общественного пространства, связанного с городским ландшафтом и набережной. Первый этап уже одобрен: это зона отдыха и заведения общепита.\n\nСанкт-Петербург продолжает свое развитие, обновляя старые исторические районы и интегрируя в них новые элитные жилые комплексы. Это создает уникальное сочетание элементов прошлого и будущего.' ratio=8.0"
59,59,"text='В числе трех главных претендентов на золотые награды аналитики особо выделяют швейцарскую сборную. Их стремление к высшей ступени пьедестала почёта продолжается уже несколько сезонов: ранее команда дважды доходила до решающей стадии соревнований. Возможно, домашнее льдопользование окажется козырной картой для достижения желаемого результата. В турнире примут участие почти все известные швейцарские хоккеисты, включая Романа Йоси.\n\nШведская команда также располагает мощным составом. Её ряды наполняют игроки из НХЛ и европейских лиг. На передовой стоит капитан «Детройта» Лукас Рэймонд, набравший в прошлом регулярном чемпионате 76 очков.\n\nЧешская сборная выглядит сбалансированной, но заметных звёзд среди её игроков не так много. Тем не менее, команда демонстрирует хорошие результаты.\n\nНемецкая команда на Олимпийских играх показывала высокие игровые достижения благодаря таким хоккеистам как Леон Драйзайтль и Тим Штюцле. Однако на предстоящем турнире им придётся обходиться без этих звёзд, поскольку оба уже завершили сезон в своих клубах.\n\nСловакия близка к тому, чтобы вернуться на пьедестал почета после Олимпийских игр 2026 года. Однако участие в чемпионате мира предполагает серьезные трудности для команды. В её составе ключевую роль играет нападающий Юрай Слафковски, который вместе с россиянином Иваном Демидовым выступает за «Монреаль» и борется за Кубок Стэнли. Тем не менее, в составе словаков есть и представитель Континентальной хоккейной лиги — Адам Лишка из череповецкой «Северстали». ' ratio=9.0"
60,60,"text='Бычья акула славится своей кипучей хищной натуры. О белой акуле вы, скорее всего, уже наслушались всяких историй. Однако ни одна из этих жестоких рыб не рискнёт заплыть в Черное море, даже если бы у них и возникла такая мысль.\n\nДлиннокрылые и серые акулы тоже относятся к числу опасных и крупных обитателей океана. Но, как видно из предыдущего, они также предпочли бы другое место для своего пребывания.\n\nСуществуют несколько объяснений этому:\n1. Вода Черного моря имеет весьма низкую температуру зимой, что заставляет многих акул избегать таких холодных условий.\n2. Пища в Черном море крайне ограничена — не хватает рыбы для больших хищников. Акулы знают, что там нет достаточного количества добычи и поэтому отказываются от такого места обитания.\n3. Солёность воды Черного моря ниже среднего уровня, что неблагоприятно для акул. Им больше по душе среды с высоким содержанием солей.\n4. Почти 90% черноморской воды насыщены сероводородом — известное химическое ядло, которое инстинктивно избегают все акулы. Глубже 100 метров в Черном море жизнь практически отсутствует, тогда как большая часть акул предпочитает глубоководные места.\n5. Экологическое состояние Черного моря ухудшилось из-за деградации окружающей среды.\n\nНаконец, последний фактор: даже самые агрессивные акулы не станут пересекать Босфор с его постоянным потоком кораблей.\n\nВ Черном море есть и другие виды акул — катран и кошачья акула. Этих рыб условно можно назвать декоративными, поскольку они не представляют опасности для человека.\n\nК настоящему моменту в Черном море официально не зафиксировано появления крупных агрессивных акул, хотя теоретически это возможно.' ratio=7.0"
61,61,"text='В ноябре 1916 года строительство Великого Северного пути стало частью государственного плана железнодорожных работ.\n\nСпустя короткий отрезок времени наступили события, которые оказали значительное влияние на дальнейшую историю.\n\nВ течение века предпринимались пять попыток реализовать проект.\n\nПервая инициатива пришла в начале 1920-х годов. Новое правительство обратило внимание на строительство северной магистрали, но из-за отсутствия средств рассматривалось привлечение иностранного капитала, понимая важность транспортного коридора для Севера.\nЭксперты советовали приостановить работы для аналитического обзора ситуации. В условиях экономической напряженности проект был отложен.\n\nВторая инициатива: 1930-е годы. Решили строить магистраль своими силами, начав изучение восточных участков, что впоследствии привело к созданию Байкало-Амурской магистрали.\nРабочие столкнулись с невероятно трудными условиями труда в лесных массивах. В течение нескольких лет благодаря упорству людей было построено множество километров железнодорожного пути. Однако, в 1941 году рельсы из лесов были демонтированы и отправлены для нужд обороны.\nДемонтированные рельсы использовались во время оборонительных действий на Волге под Сталинградом для обеспечения поставок войскам.\nЖелезнодорожные пути Сибири стали источником материалов для защиты страны.\n\nТретья попытка: 1950-е годы. Предприняли серьезную инициативу строить Трансполярную железную дорогу от Салехарда до Игарки, но из-за неблагоприятных природных условий, включая климатические особенности, вечную мерзлоту и болотистые территории, а также недостаток техники, строительство оказалось невозможным. Проект был закрыт.\n\nЧетвертая попытка: 1970-е годы. Байкало-Амурскую магистраль объявили важнейшим проектом десятилетия. Восточная часть трассы была успешно построена, демонстрируя техническое мастерство и трудолюбие специалистов.\nЗападный участок Великого Северного пути остался недостроенным.\n\nПятая попытка: наше время. К 2025 году представители профессии представили доклад о перспективах продолжения строительства магистрали, но сложная экономическая ситуация и высокие затраты — около 50 триллионов рублей — сделали проект невыполнимым.' ratio=7.0"
62,62,"text='В Москве обнаружили новый метод кражи денег через банкоматы, рассказало агентству «Общественная служба новостей» пострадавшая Мария Беликова.\n\nМария отправилась в отделение Сбербанка и воспользовалась своей бесконтактной картой Visa Gold. В соответствии с привычными требованиями, устройство запросило у неё PIN-код, после чего произошло автоматическое списание 5000 рублей на мобильный счет оператора «Билайн», принадлежащий непонятному абоненту. Потерпевшая не вводила номер телефона и не подтверждала транзакцию, а о её совершении узнала из СМС-сообщения.\n\nПосле обращения в банк Мария выяснила, что деньги были списаны через функцию Сбербанк Онлайн. Её банковские карты немедленно заблокировали и выпустили новые вместо старых.\n\nЖенщина тут же связалась с колл-центром «Билайн». Исследование показало, что средства исчезли моментально, а оператор связи не гарантирует их возврат.\n\nМария считает, что Сбербанк и банкоматы с бесконтактной оплатой ответственны за случившееся. По её предположению, мошенник заранее заполнил необходимые поля, указав сумму и номер телефона жертвы, но не завершил процедуру. Затем устройство продолжало работать в активном режиме, после чего Мария внесла свою карту и ввела PIN-код, завершив начатую злоумышленником операцию. Она убеждена, что произошло хищение через системную уязвимость банкомата.\n\nНе смотря на скептицизм, Мария подала жалобу в Сбербанк, и к её удивлению, сотрудники быстро вернули похищенные средства и выразили сочувствие и заботу.\n\nПри общении с полицейскими Мария заметила, что те отказались возбуждать уголовное дело, заявив, что владелец карты самостоятельно вводит PIN-код. В банке она заявила, что случившееся связано с технической неисправностью устройства, но представители Сбербанка официально это отвергли.\n\nСотрудники банка посоветовали Марии в будущем нажимать кнопку «Отмена» перед началом операций с банкоматом для предотвращения подобных случаев.\n\nПресс-служба Сбербанка объяснила, что при обнаружении факта несанкционированного списания денег клиенту следует сразу сообщить службе безопасности банка, заблокировать карту и счета, после чего подать письменное обращение в офис банка и уведомить правоохранительные органы.' ratio=8.0"
63,63,"text='В наши дни наблюдается серьезная проблема с информационными потоками. Нас окружает огромное количество разнородной информации, но обсуждение этой темы зачастую сводится к поверхностному анализу терминов вроде «цифровизации», подкрепляемому пустыми декларациями без фактического содержания. Такая дискуссия позволяет расходовать средства, выделенные на решение проблемы, как будто они бесконечны и не требуют экономии.\n\nОднако истинные трудности лежат в другом месте. Культура взаимодействия между людьми заметно ослабла. Неприятие старшего поколения и профессионалов привело к доминированию материальных ценностей, что отражается на воспитании подростков. В таких условиях система школьного образования начинает терять свою эффективность: устаревшие образовательные учреждения не способны передать знания и воспитать молодежь.\n\nДиректора школ сталкиваются с серьезными препятствиями. Их работа протекает в условиях, когда они обязаны учитывать две противоречивые системы требований: с одной стороны — реальная ситуация в учебных заведениях и необходимость решения текущих проблем; с другой стороны — предписания из центральных органов власти, которые нередко не учитывают специфику школы. Такое положение дел порождает внутренние конфликты у директоров образовательных учреждений и приводит к стрессу и дезориентации. Эти трудности заметны многим экспертам, которые отмечают невозможность одновременного выполнения взаимоисключающих функций.' ratio=8.0"
64,64,"text='Перехожу к известию любимой газете о приятном повороте в моей деятельности по поддержке бездомных животных. Много лет я прилагаю усилия, чтобы помочь этим существам, и теперь могу с уверенностью сказать: благодаря публикациям в «Новороссийском рабочем», число добровольцев резко увеличилось.\n\nВ своих статьях я поделилась историей своего волонтерства и встретила множество отзывчивых людей, многие из которых стали моими союзниками. Например, акция «Сдаём макулатуру — помогаем животным» приобрела широкую популярность среди школьников города. Своим участием в сборе бумаги дети не только способствуют обеспечению питанием бездомных котов и собак, но и узнают полезные сведения о переработке вторсырья.\n\nСегодня стало очевидно: картон, хоть и тяжелее других материалов, имеет меньшую ценность, что заставляет задуматься о правильном обращении со вторичным сырьём. Школьники активно участвуют в «Марафоне инициатив», организованном депутатом ЗСК А.Н. Карапенко. В рамках этой акции специальные контейнеры для сбора пластиковых отходов появятся в учебных заведениях, а собранный материал пойдёт на переработку и поддержание наших подопечных животных.\n\nВведение этого этапа стало ещё одним шагом в развитии нашей организации. В процессе я узнала много нового о пластиковых отходах: не все сорта пластмасс подходят для переработки, что делает нашу работу ещё более важной и сложной. Школьники же получают новые знания и осознают значимость своих действий — возможно, это вдохновит кого-то из них стать экологом или просто хорошим человеком, заботливым и внимательным ко всему живому.\n\nЭто стало особенно заметно во время беседы с первоклассником, который строго указывал старшему товарищу на ошибку в выбрасывании мусора. Он повёл друга к правильному контейнеру для бумаги: «Собранная бумага поможет прокормить голодных кошек».\n\nЧасто задают вопрос, сколько бумаги потребуется сдать, чтобы обеспечить питанием животных. Один кубометр макулатуры приносит около 4,5–5,5 тыс. рублей, а один килограмм корма стоит примерно 550 рублей. Для полноценного питания всех бездомных животников требуется около 15 кг корма на одно питание. Поэтому предстоит ещё много работы по сбору средств для обеспечения их едой, но даже однодневный запас уже является значительной помощью.' ratio=9.0"
65,65,"text='Работодатели наблюдают за явной неохотой молодых людей трудиться. Владельщица магазина корейской косметики Татьяна Вакарчук утверждает, что студенты сразу начинают выдвигать требования к условиям труда: желаемый график работы, зарплату и бонусы в виде скидок на товары. Однако такие стимулы не способны удерживать их на рабочем месте: они могут регулярно опаздывать без предупреждения или внезапно прекратить сотрудничество, не объясняя причину своего решения.\n\nСтуденты предпочитают комфортные условия и интересную работу. Ранний подъем, длительная смена в торговом центре, общение с клиентами и продажи товаров вызывают у них неприятие. Несмотря на возможность получения дополнительных бонусов от продаж к фиксированной зарплате, современные молодые люди редко беспокоятся о будущем — чаще всего им хватает заработанных средств лишь для поддержания простого уровня жизни. Концепция жизни современных девушек и юношей заключается в том, что лучше совсем не работать, чем заниматься деятельностью, вызывающей дискомфорт.\n\nУправляющий сетью кафе Вадим Терехов также отмечает отсутствие профессиональных амбиций среди современной молодежи. По его словам, несколько лет назад основную массу сотрудников ресторанов составляли студенты, работавшие добросовестно и ответственно. Сейчас же эта роль перешла к сотрудникам старшего возраста, которые трудятся значительно усерднее.\n\nМолодежь, по мнению Терехова, демонстрирует недостаточную надёжность и профессионализм. За прошедший год почти ежемесячно студенты-официанты прекращали выходить на смены без уведомления и игнорировали телефонные звонки. Ранее, примерно пять лет назад, ситуация выглядела иначе: сотрудники-студенты работали стабильно и ответственно, имели хороший доход, поскольку заработок официантов зависел от интенсивности их труда.\n\nТерехов подчеркивает, что большинство современной молодежи довольствуются малым, предпочитая избегать больших усилий ради большего заработка. Например, опытный официант среднего возраста готов обслуживать больше столов за одну смену, понимая прямую зависимость дохода от объёма выполненной работы. 18-летнему сотруднику гораздо важнее свобода и легкая занятость, нежели высокий заработок.\n\nПо мнению управляющего, изменить отношение молодежи возможно только в условиях кризиса, когда нехватка средств заставит отказаться от личных желаний и принять необходимость следовать требованиям работодателя. Когда человек оказывается в сложной ситуации, он перестает навязывать свою волю окружающим и адаптируется к реальности и объективным жизненным обстоятельствам.' ratio=8.0"
66,66,"text='Министерство транспорта подготовило стандартный набор правил для пассажиров метро, предусматривающий запрет на перевозку детей в колясках и быстрое движение по эскалаторам. Документ был размещён на сайте нормативных актов 19 апреля.\n\nВ числе прочего, проект предлагает исключить использование детских колясок, фотосъёмку с профессиональным оборудованием и установление ручной клади на местах для сидения внутри вагонов и на лавочках станций. Проект также содержит запреты на вмешательство в оборудование беспроводной связи и использование дронов.\n\nВ проекте закрепляется обязанность предоставлять приоритет тем, кто находится в группах социальной поддержки, таким как инвалиды, пожилые люди, родители с маленькими детьми и беременные женщины. Ранее данное требование было рекомендацией.\n\nМинистерство транспорта уточняет, что новый нормативный акт вступит в силу после принятия Федерального закона № 442-ФЗ «О внеуличном транспорте и внесении изменений в отдельные законодательные акты Российской Федерации», то есть с 30 декабря 2018 года.' ratio=9.0"
67,67,"text='Мем, затянувший сетевой мир своими клубочками, не носит конкретного смыслового груза. Вдохновение для него дал трек от исполнителя Skrilla «Doot Doot (6 7)», где числа присутствуют лишь как ритмическая палочка-вырви-глаз. Сторонники противоположной точки зрения утверждают, что фраза связана с ростом баскетболиста Ламело Болла — примерно 201 см. Мем приобрёл ход благодаря соответствующим ему рукопашным движеньям: кисти рук поочередно поднимаются и опускаются, словно бьют ритм пальцами в воздухе. В 2025 году словарь Dictionary.com признал «six-seven» одним из самых востребованных терминов года, но его истолкование так и осталось тайной за семью печатями. Считается, что выражение «67» — это классический образец бессмысленного мема, который запутывает умы и приводит к непониманию, однако именно такое отсутствие смысла и привлекает молодёжь своей загадочностью и игрой на грани разумного понимания мира.' ratio=7.0"
68,68,"text='В декабре 2022 года президент Российской Федерации Владимир Путин предложил правительству задействовать средства Фонда национального благосостояния для финансирования льготного лизинга воздушного и водного транспорта. Программа поддержки лизинга гражданских авиационных судов продлена до 2030 года, предусматривающая совместное финансирование поставок на рынок более 450 самолётов и 160 вертолётов, согласно данным представителей ""Ростеха"". Эти лизинговые компании приобретают технику с целью последующей передачи авиакомпаниям по сниженным ставкам, в том числе Государственной транспортной лизинговой компании (ГТЛК), которая получает наибольший объём заказов. В 2023 году из Фонда было выделено около трёхсот миллиардов рублей на покупку 162 самолётов для авиакомпаний ""Аэрофлот"", S7, ""Уральские авиалинии"" и ""Аврора"". Большая часть суммы — примерно двести пятьдесят миллиардов рублей — пошла на закупку самолётов для ""Аэрофлота"", который использовал эти деньги на приобретение иностранного оборудования.\n\nКроме того, средства Фонда были предоставлены некоммерческому лизинговому центру (НЛК) под 1,5% годовых сроком на пятнадцать лет. ""Аэрофлот"" получил самолёты от НЛК в оперативный лизинг, тогда как частные перевозчики получили их по финансовой аренде, при условии что воздушная техника перейдёт им в полное владение после завершения договора. ""Аэрофлот"" покрывает платежи по лизинговым обязательствам за счёт доходов компании. Однако стоит отметить, что чистая прибыль ""Аэрофлота"" в 2023 году составила всего семь миллиардов двести семьдесят четыре миллиона рублей, тогда как годом ранее она была отрицательной — минус сорок девять миллиардов девятьсот сорок три тысячи рублей. Таким образом, собственные доходы компании вряд ли позволят покрыть лизинговые обязательства.\n\nСитуация выглядит ещё более пугающе: коммерческие и административные затраты ""Аэрофлота"" практически равны доходам компании, составляя соответственно шесть миллиардов четыреста тридцать восемь миллионов рублей и десять миллиардов пятьсот девяносто два миллиона рублей. Компания отмечает значительное сокращение коммерческих затрат на 46,9% (на сумму пять миллиардов девятьсот шестьдесят четыре миллиона рублей) благодаря внедрению отечественной системы бронирования ""Леонардо"", но продолжает экономить средства.\n\nВопросы остаются без ответа: почему государство предоставляет субсидии частным авиакомпаниям? Использование миллионов рублей на закупку зарубежного оборудования поддерживает экономику стран, отношения с которыми можно охарактеризовать как напряжённые. Получив государственные субсидии, российские авиаперевозчики впоследствии могут повысить стоимость билетов, лишившись финансовой поддержки.' ratio=8.0"
69,69,"text='Многие стремятся к финансовой независимости, доверяя свои сбережения банкам в надежде на проценты. Однако эксперты предупреждают: капитал постепенно стирается из-за налогов и инфляции.\n\nПереходить на пенсию и переводить крупные суммы на депозит может показаться разумным шагом, но расчеты специалистов Сбербанка и Т-Банка свидетельствуют о необходимости вклада от 13 до 18,9 млн рублей для обеспечения среднего уровня доходов страны.\n\nЧеловек склонен видеть банковские депозиты как надежное убежище от экономических бурь, но это заблуждение. В реальности такой подход может привести к потере реальной стоимости накопленных средств: без регулярного инвестирования прибыль остается на уровне стагнации.\n\nОсновная проблема российских рантье не в процентной ставке, а в её соотношении с уровнем инфляции. Если тратить всю полученную прибыль, покупательская способность средств постепенно уменьшается: при 10% годовых и 5% инфляции реальная доходность составит всего 5%, а расходование всей прибыли приведет к ежегодной утрате 5% накоплений. Через десять лет подобная стратегия сделает ваши покупки вдвое дороже, и идея комфортного существования переродится в снижение жизненного уровня.\n\nПомимо инфляции есть дополнительные угрозы сохранности капитала: налоги на доходы и риск потери лицензии банком. С 2026 года налог не облагается для доходов, не превышающих 160 тыс. рублей; остальное подлежит налогообложению по ставке 13-15%. Максимальная сумма возмещения по системе страхования банковских вкладов составляет 1,4 млн рублей, что делает крупные депозиты менее безопасными.\n\nДля защиты больших капиталов требуется диверсификация средств между множеством финансовых учреждений. Поэтому специалисты советуют рассмотреть альтернативные инвестиционные инструменты: облигации, недвижимость и ценные бумаги, учитывая текущие рыночные условия.' ratio=10.0"
70,70,"text='Журналистка издания «Новороссийский рабочий» изучила предложения работы на одном популярном интернет-портале.\n\nНа различных заведениях общественного питания — от кафе до банного комплекса — ищут официантов. Работодатели обещают оплату труда в размере 3–4 тысяч рублей за смену, что при условии полноценной занятости может вылиться в доход порядка 50–65 тысяч рублей ежемесячно.\n\nПовар-мангальщик одного из известных ресторанов получит вознаграждение размером 5200 рублей за смену. Ресторан быстрого обслуживания ищет человека, который будет готовить блюда согласно внутренним стандартам предприятия, принимать заказы и выдавать готовую продукцию, а также работать на кассе. Оплата труда составит минимум 80 тысяч рублей ежемесячно. Повар-универсал может рассчитывать на зарплату от 75 тысяч рублей в месяц, а также бесплатное жильё.\n\nОтдыхающий комплекс «Широкая Балка» ищет горничную для уборки номеров гостей, беседок и прилегающей территории вокруг бассейна. Работодатель готов предоставить бесплатное жилье и трёхразовое питание. Зарплата составит 3500 рублей за рабочий день.\n\nГорничная в Абрау-Дюрсо, согласившаяся работать по системе вахтового метода на протяжении 90 дней, получит зарплату до четырёх тысяч рублей ежедневно. Жильё и питание предоставляются бесплатно.\n\nМини-отель ищет администратора с мая по сентябрь с зарплатой от 80 тысяч рублей в месяц. Также он нуждается в горничной со среднемесячным заработком от 60 тысяч рублей.\n\nВ ресторанах общественного питания, санаториях и гостиницах Широкой Балки, Мысхако и Абрау-Дюрсо требуются горничные, повара, официанты, посудомойщики и уборщики. С наступлением летнего сезона число вакансий ожидается увеличиться.' ratio=10.0"
71,71,"text='На текущей неделе город Астрахань столкнулся со множеством проблем, которые осложнили жизнь его жителей. Олег Князев, возглавляющий региональное правительство и отвечающий за решение этих вопросов, решил временно уйти в сторону более комфортных условий, что не могло остаться незамеченным для местного журналиста Александра Алымова.\n\nАлымов отметил, что Астраханская область переживает трудные времена с множеством нерешенных вопросов. В Telegram-канале он выразил обеспокоенность сложившейся ситуацией и указал на проблемы среди фермеров, которые министр сельского хозяйства Пашаев предпочитает игнорировать. Жители города недовольны экспериментом по организации выделенных полос для общественного транспорта — идея, предложенная руководителем кабинета министров, вызвала серьезные проблемы с передвижением. При этом власти остаются безучастными к протестам населения. В период летнего зноя жители села Володарского района испытывают дефицит воды — одна из многих наболевших проблем региона.\n\nВ соответствии со своими обязанностями, решение этих вопросов должно находиться в компетенции главы правительства Олега Князева. Однако он сам недоступен: где именно он находится, остается загадкой. Алымов подчеркивает, что руководство области фактически игнорирует возникающие проблемы, создавая впечатление, будто глава региона сознательно уклоняется от решения актуальных вопросов и спокойно отправился отдыхать.\n\n«В условиях, когда требуется немедленное привлечение усилий для улучшения ситуации, такое поведение руководителя кабинета министров выглядит особенно неуместным. Вместо этого Олег Князев находится в отпуске с начала недели», — отметил Алымов.' ratio=9.0"
72,72,"text='Цены на яйца в Астрахани продолжают расти. На прошлой неделе они поднялись на 2%, как сообщили в Астраханьстате. Средняя цена за десяток теперь составляет 79,55 рублей, а в некоторых магазинах она еще выше. Причины этого роста пока не ясны, хотя и имеются несколько птицефабрик в регионе. Такая ситуация напоминает ноябрь 2013 года, когда оптовые цены на яйца взлетели до 116%, а розничные — до 125%. Тогда губернатор Александр Жилкин потребовал от производителей и продавцов урезать стоимость продукции, предупреждая о возможных административных санкциях. С этой мерой власти добились желаемого результата. Подробности можно было найти на портале Astrakhanpost.ru. Возвратимся к актуальной ситуации — за прошедшую неделю подорожали помидоры (на 3,5%) и бананы (на 3,2%). Стоимость лука, капусты, моркови, яблок и картофеля снизилась на несколько копеек.' ratio=8.0"
73,73,"text='Диагностика редких болезней предполагает значительное количество времени. По данным специалистов Стэнфордского университета, установление точного диагноза пациента на основе симптомов и генетического профиля занимает около 20–40 часов квалифицированной работы медицинского специалиста. Врач анализирует около ста подозрительных генетических вариаций, расследует возможные причины патологий, исследует научную литературу и переходит к следующему случаю при отсутствии результатов предыдущего исследования.\n\nДжилл Бежерано создал программное обеспечение Frank (от слов «фенотип» и «ранг»), которое автоматизирует процесс диагностики. Это приложение позволяет сократить временные затраты на 90% и уменьшить расходы за счет снижения рабочего времени врачей.\n\nFrank сверяет клинические проявления пациента с генетическими показателями, используя обширную базу медицинской литературы. В результате выдается упорядоченный список редких наследственных заболеваний, которые вероятно вызвали клиническую картину пациента. Это предоставляет врачам конкретные данные для дальнейшей диагностики.\n\nВажным отличием Frank от других разработок является использование реальных клинических данных пациентов, что повышает его эффективность. Например, при тестировании алгоритма предполагаемая патология заняла четвертое место в списке Frank и тридцать третье — у старого метода.\n\nКроме того, новое программное обеспечение способно выявлять ранее неизвестные наследственные заболевания: если система не находит совпадений симптомов среди людей, она обращается к научным исследованиям на животных. Доктор Бежерано отметил, что некоторые болезни могли раньше остаться незамеченными у человека, но были зафиксированы у лабораторных животных. Однако учёный подчеркнул, что ни одна технология не сможет полностью заменить опыт и профессионализм врачей; однако инновации существенно повышают эффективность их работы.' ratio=10.0"
74,74,"text='Форма незнакомого астероида, его стремительное вращение и уникальный химический состав вызывают нешуточный интерес у учёных, ведь это шанс изучить вещества, прибывшие к нам с глубин вселенной. Среди всех известных небесных тел Оумуамуа выделяется своей загадочностью и притягательностью для исследователей. Исследование этого объекта откроет перед учёными дверь в прошлое, давая информацию о его происхождении и условиях пути сквозь космическое пространство на протяжении миллионов лет. Имея опыт отправки автоматических аппаратов к кометам и астероидам, человечество стоит перед необходимостью размышлять над возможностью создания зонда для исследования Оумуамуа. Именно этой задачей и занялась группа ученых и инженеров, предложивших проект «Лира».\n\nНедавно успешно завершился сложный эксперимент по исследованию кометы Чурюмова-Герасименко. Несмотря на траекторию вокруг Солнца, учёным удалось вычислить точку встречи с аппаратом. Однако отправка зонда к астероиду Оумуамуа представляет собой совершенно иной уровень сложности из-за необходимости догнать его: объект движется по удалённой траектории со значительной скоростью, отличной от орбитальной плоскости планет.\n\nСогласно расчётам, скорость астероида превышает вторую космическую скорость Земли и достигает примерно 26 километров в секунду — это значительно выше скоростей, достигнутых ранее искусственными спутниками.\n\nЗнаменитый аппарат Rosetta около десяти лет шёл до кометы Чурюмова-Герасименко, а зонд Juno пять лет добирался до Юпитера. «Вояджер-1», самый быстрый аппарат, созданный человеком, способен двигаться всего лишь со скоростью около 16,6 километра в секунду.' ratio=7.0"
75,75,"text='В начале весны 2026 года Россия демонстрирует заметный подъем в экспорте зерновых, несмотря на то что число стран-покупателей сократилось. По данным Российского зернового союза, ранее в этот период зерно отправлялось в четырнадцать стран, а теперь — всего в одиннадцать.\n\nОднако объемы поставок возросли: за первые десять дней апреля текущего года было отгружено свыше 1,1 миллиона тонн пшеницы, что на сорок процентов превышает показатели аналогичного периода прошлого года. Общие объемы экспорта всех основных категорий зерновых культур увеличились в полтора раза и достигли около 1,2 миллиона тонн.\n\nЭксперты также отметили значительный рост поставок ключевым партнерам. Так, отправка пшеницы в Египет возросла более чем в четыре раза (до 172 тысяч тонн), а в Турцию — почти на полтора раза (до 146,5 тысячи тонн). Количество отгрузок зерна в Кению также увеличилось в четыре раза.\n\nКроме того, появились слухи о том, что Индия намерена продолжать закупки российской нефти, невзирая на решения Соединенных Штатов относительно продления санкционных мер. Отмечается, что 11 апреля завершится тридцатидневный период временного освобождения российской нефти от действия американских ограничительных мер.' ratio=8.0"
76,76,"text='Информация о конфликте стала достоянием общественности за два дня до вылета в Милан. Большинство наблюдателей принялись утверждать, что это заговор против российского спортсмена («ведь раньше он выходил на лед под ту же мелодию, и никаких препятствий не возникало»). Однако для объективной оценки инцидента важно сохранять спокойствие и рассматривать ситуацию исключительно с позиции действующего законодательства в сфере спорта и управления спортивными мероприятиями.\n\nКонфликт возник из-за претензий владельцев прав на использование музыкального произведения. В условиях современного уровня развития медиаиндустрии и строгих мер по защите интеллектуальной собственности такие требования считаются обычной юридической практикой, а не проявлением враждебности или внешнего давления.\n\nМузыкальные сопровождения выступлений спортсменов высокого уровня имеют статус объектов авторского права. Использование музыки в коммерческих трансляциях международных соревнований должно предварительно согласовываться. Очистка прав на использование музыкальных произведений является обязательным этапом подготовки любой программы. Нарушение этого правила или надежда на безнаказанность недопустимы и противоречат современным нормам организации спортивных событий.\n\nПубличное исполнение музыкальных произведений, особенно с телевизионной трансляцией, обязывает организаторов соблюдать условия лицензирования. Если владелец прав запрещает использовать определенное произведение, спортивная федерация должна следовать его требованиям для избежания финансовых рисков и проблем со стороны международных организаций.\n\nАнализ ситуации показывает, что причина конфликта не связана с внешними действиями или влиянием, а заключается в недостатках внутренней организации команды. Спортсмен такого уровня тренируется под руководством целого коллектива специалистов, среди которых есть юристы, следящие за соблюдением правовых норм и контролирующие выполнение всех требований закона.\n\nПоиск виновных вне команды неэффективен, поскольку причины конфликта связаны с недостаточной профессиональной подготовкой внутри самой команды. Решение вопросов авторского права должно быть проведено заранее, на этапе разработки программы. У спортсмена были все возможности предвидеть риск использования зарубежных музыкальных произведений в текущих политических и юридических условиях. Надежды на удачное стечение обстоятельств или пассивность владельца прав недопустимы: такой подход свидетельствует о низком уровне профессионализма и негативно сказывается на самом спортсмене, которому приходится менять отработанные элементы программы в условиях стресса.' ratio=7.0"
77,77,"text='Мышь с длинными густыми волосами выделяется среди обычных лабораторных мышей благодаря своей ярко-рыжей шерсти и волнистой структуре. Обычные же мыши отличаются гладкой буроватой шкуркой, что делает их менее приметными.\n\n«Мы не ограничились простым переносом генов мамонта в мышь, поскольку такой подход был бы бесполезен», — отметил Шапиро. «Мы установили, что у мамонтов имеются определённые изменения в генах, аналогичные тем, которые мы наблюдали у мышей. Это позволило нам достичь желаемого внешнего облика животного. Мы решили проверить наш метод одновременного редактирования множества элементов сразу, выбрав десять соответствующих генов и отредактировав их все за один раз».\n\nПосле проведённых манипуляций никаких негативных последствий не было замечено; напротив, результаты вызвали восторг у исследователей.\n\n«У некоторых особей мы применили различные комбинации изменений. Мышь с наибольшим количеством редактирований получила модификации в семи различных участках генома. На самом деле, это восемь модификаций, однако одна из них была внедрена дважды — в два разных участка, что привело к появлению мышей с особенно густой шерстью», — сообщили учёные.\n\nУдлинённая и плотная шерсть этих мышей достигает длины, в три раза превосходящей обычную для лабораторных особей. Это стало возможным благодаря изменению цикла роста волос путём подавления активности гена фактора роста фибробластов 5 (FGF5). Уничтожение функций генов FAM83G, FZD6 или TGM3 привело к образованию плотной структуры шерсти и завитков на усиках.\n\nОсновная цель эксперимента не в полном воспроизведении исчезнувшего вида, а в создании организмов с признаками предков. Это означает восстановление отдельных функциональных особенностей, хотя полностью идентичное биологическое или генетическое воссоздание давно вымерших видов невозможно.\n\nПроведённые модификации были тщательно контролированы и протестированы для обеспечения сохранности здоровья экспериментальных животных. Генеральный директор компании Colossal и один из основателей проекта Бен Ламм отметил: «Животные не только выжили, но и стали удивительно привлекательными внешне. Мы даже не ожидали настолько симпатичного результата».' ratio=9.0"
78,78,"text='Учёные применили звуковой метод исследования верхних слоёв мантии Земли и выявили наличие приблизительно квадриллиона тонн алмазов на глубинах свыше 160 километров под земной поверхностью. Приборами сейсмометрии фиксируются колебания внутренних движений планеты, таких как подземные толчки. Эти механические колебания распространяются по различным средам с разной скоростью. Используя собранные данные, учёные стремились определить структуру земного ядра и заметили необычные особенности. Были обнаружены области, где скорость распространения сейсмических колебаний внезапно возрастала без очевидных причин. Эти участки получили название «корней древних платформ», являющихся самыми старыми и устойчивыми частями континентальной коры, проникающими вглубь на расстояние до 320 километров. Чтобы объяснить наблюдаемые данные о распространении сейсмических волн, исследователи предположили состав этих участков. По их мнению, если содержание алмазов составляет от одного до двух процентов, такой уровень скорости сейсмоволн становится логичным. Хотя это количество алмазов кажется незначительным относительно всей массы земной коры и мантии, оно превышает общепринятые оценки примерно в тысячу раз.' ratio=7.0"
79,79,"text='Великое кино стало возможным благодаря чудо-устройству, способному фиксировать и демонстрировать движущиеся образы. Братья Люмьер изобрели аппарат, который назвали «кинематограф». Это изобретение открыло дверь для развития киноиндустрии и подготовило почву для возникновения первых кинотеатров, где можно было насладиться фильмами в общественном пространстве. Кино приобрело статус искусства, развлечения и бизнеса благодаря их творению.\n\nОднако стоит подчеркнуть, что братья Люмьер не были первыми, кто занимался созданием кинооборудования. Другие также трудились над аналогичными проектами, но именно изобретение Люмьеров обрело широкую известность и вызвало общественный интерес после первых демонстраций.\n\nПервый платный показ состоялся 28 декабря 1895 года в Париже, став важной вехой в истории киноиндустрии. Тем не менее, демонстрации устройств для показа фильмов происходили и ранее в городах США и Германии. Однако парижская премьера вызвала особый резонанс у публики, поскольку зрителям представили короткометражные сюжеты из повседневной жизни, а не рекламные ролики. В репертуаре были работы вроде «Рабочие выходят с фабрики Люмьер», «Верховая езда», «Рыбалка», «Кузнец», «Прыжок через покрывало» и «Купание в море». Эти ранние фильмы больше напоминали живые фотографии, созданные братьями Луи и Огюстом Люмьер. Широко известный сегодня фильм «Прибытие поезда» был показан несколько позже, весной 1896 года.' ratio=7.0"
80,80,"text='В первой декаде мая стоимость американского доллара опустится и установится в диапазоне от семидесяти до семидесяти четырех рублей, а европейская валюта обосновывается между восемьюдесятью тремя и восемьдесят шестью рублями. Китайский юань будет колебаться около отметки в десять с половиной до одиннадцати рублей. Эксперт Андрей Лобода из журнала «Известия» предоставил этот анализ рынка валют.\n\nЦентральный банк России опубликовал официальные курсы на шестнадцатое мая: доллар стоит семьдесят три рубля и один копейку, евро — восемьдесят пять рублей и одна копейка, а юань — десять рублей семидесяти копеек. Московская биржа фиксирует курс китайской валюты около десяти шести рублей уже на восемнадцатое число.\n\nОсновным двигателем стабильности рубля является прибыль от продажи нефти за границу. В апреле компании, занимающиеся экспортом российской нефти, получили дополнительно к обычному уровню четырнадцать миллиардов девяноста миллионов долларов, что поддерживает национальную валюту в рамках относительного спокойствия. Жёсткие меры Центробанка по денежно-кредитной политике помогают удерживать приток капитала внутри страны и поддерживают интерес инвесторов к российским финансовым активам.\n\nОднако существуют факторы, которые могут ослабить рубль. В частности, увеличение закупок иностранной валюты предприятиями, повышение импортных поставок летом и повышенный спрос на доллары при снижении их курса ниже семидесяти трёх рублей.\n\nКраткосрочным прогнозом укрепления рубля является падение курса доллара до семидесяти рублей, но это возможно лишь при сохранении высоких цен на нефть и стабильной внешнеэкономической обстановке. По мнению эксперта, потенциал дальнейшего укрепления рубля ограничен, так как глобальная инфляция может привести к ослаблению позиций российской валюты во втором полугодии.\n\nРанее было сообщено, что на межбанковском рынке доллар достиг минимального значения с февраля 2023 года — семьдесят два рубля девяносто семь копеек, а курс евро упал до восьмидесяти пяти рублей сорок пяти копеек.' ratio=9.6"
81,81,"text='Россияне заранее начали подготавливаться к летнему отдыху на турецких берегах. Уже зимой 2018 года специалисты туристического сайта отметили, что число ранних бронирований в Турцию превысило показатели внутренних направлений. В мае того же года Российский союз туриндустрии объявил, что летом около трети российских туристов выберут курорты страны с синим Средиземным морем.\n\nЭксперты указывают на важную роль частоты авиарейсов. Дополнительное преимущество — короткий перелет и расположение большинства гостиниц рядом с основными курортными аэропортами страны.\n\nСпециалисты прогнозируют, что стоимость отдыха на местных пляжах останется примерно такой же, как в прошлом году, несмотря на высокий спрос. Вероятнее всего, уровень обслуживания туристов улучшится.\n\nВ мае Роспотребнадзор представил результаты проверки отелей южных районов Турции. Итоги оказались неважными: в прошлом году были зафиксированы случаи инфекционных заболеваний среди отдыхающих. Однако после проверки эксперты пришли к выводу, что гостиницы Сиде, Белека и Антальи готовы принимать гостей: введены строгие меры безопасности, повышена квалификация сотрудников.\n\n«Строгое регулирование инфраструктуры отелей: обеспечено надежное качество питьевой воды и питания, улучшено обслуживание бассейнов, усилен контроль за диагностикой инфекционных заболеваний и проведена дополнительная эпидемиологическая работа», — отметили представители Роспотребнадзора.\n\nНе смотря на наличие развитой инфраструктуры и умеренные цены, некоторые туристы отмечают значительный недостаток: высокая концентрация людей иногда мешает тем, кто предпочитает спокойствие и тишину.\n\nИзбежать плотной толпы на лучших пляжах побережья Турции (где сосредоточена лучшая гостиничная инфраструктура, рестораны и транспортные узлы, а также большая часть исторических достопримечательностей) в новом сезоне будет сложно.' ratio=10.0"
82,82,"text='С нового летнего сезона, начиная с первого июня две тысячи двадцатого четвертого года, введут штраф за эксплуатацию зимней резины вне предназначенного периода использования. Согласно пункту закона, принятому девятого сентября прошлого года, легковые и грузовые автомобили массой до трех с половиной тонн не смогут ходить с зимними шинами в сезоне летнего тепла. Это нарушение означает административное наказание по статье 12.5 КоАП РФ, размером в пятьсот рублей. Однако если штраф уплатят через портал госуслуг в течение двадцати дней после получения, сумма сокращается наполовину. Запрет касается только владельцев зимних шипованных покрышек; нешипованные «липучки» продолжают оставаться в разрешении, хотя их срок службы короче и они быстрее изнашиваются по сравнению с летней резиной благодаря своей уязвимости к теплу и асфальту.\n\nКроме того, иностранцы и граждане России с иностранными водительскими удостоворениями обязаны поменять их на российские права в течение года после приезда. Невыполнение этого требования приводит к штрафу в пятнадцать тысяч рублей. Граждане РФ, чьи действующие водительские удостоверения истекут до конца двухтысячного двадцатого и две тысячи двадцать пятого года, смогут продолжать использовать свои права еще три года. Также для тех, кто ранее лишился прав за управление автомобилем в состоянии алкогольного опьянения, устанавливается запрет на сдачу экзамена на восстановление водительских прав сроком на один год.\n\nСдача экзаменов стала немного проще: теперь допускается до семи ошибок вместо пяти. Во время проверки штурман-инспектор обязан находиться на заднем сидении автомобиля.' ratio=8.0"
83,83,"text='Следует отметить следующее: безопасное количество кофе определяется его содержанием кофеина, а не числом чашек. В одном эспрессо содержится около 80–100 миллиграммов кофеина, тогда как в капучино — примерно 70 миллиграммов. Для ценителей крепких напитков рекомендуется пить порции объёмом не более 50–70 миллилитров.\n\nКроме того, содержание кофеина может меняться из-за добавок: сахар, молоко и сливки замедляют его всасывание в организм, снижая воздействие на него.\n\nПрием кофе оказывает стимулирующее действие на человека, способствуя выработке гормонов адреналина, серотонина и дофамина, что улучшает общее самочувствие и повышает стрессоустойчивость. Однако чрезмерное употребление кофе может отрицательно влиять на работу желудочно-кишечного тракта, а также создавать дополнительную нагрузку на сердечно-сосудистую и нервную системы.' ratio=8.0"
