,index,idiomatic_version
0,0,"text='Слегка просветленные неясными очертаниями облаков, слабо освещенные петербургские улицы напоминали живописный рисунок на фоне неба. Каждое новое кусочко тьмы на небосклоне быстро сменивалось другим — будто гладкие слоями краски, покрываясь разными тонахами. Внезапно светлый пятнышко в сером сиянии отчего-то расплескалось как будто бы танцевал по небосклону: оно перемещалось неясным и бесцветным танец, а вместе с этим — светлые отблески металлических крыш и дымовых труб тоже начали вспыхивать. Вот здесь протекала зелёная Мойка; справа от неё стояло строение с пятью белыми колоннами, а сверху его украшали архитектурные элементы. Вдали на фоне воротника его головы и лица ясно были видны очертания солдата Её Величества: в блестящем шлеме он стоял, словно носитель легендарного голубя, раскрывшего крылья. Вот и Николай Аполлонович, предварительно выспавшись и отрастил себе щетину — укрылся шубой на набережной: его лицо скрывалось внутри воротника одежды, а глаза пылали как лампы, необычно светясь под угасанием солнца. Внутри его бурлило что-то непонятное и тревожное, словно он был заперт внутри собственного страха или волны любви; то ощущалось жуткое напряжение за пределами, но там же — приятные муки. Вдруг Николай Аполлонович почувствовал дрожь — как будто таинственный голубиный голос унес его в неизвестность. Вдруг он ощутил пронзительное пятнышко света, приближавшегося к окнам освещенного дома: черная повозка с яркими фонариками проследовала рядом и отразила своё изображение на воде Мойки, а вместе со светом — тонкие очертания лица слуги и форма верхней одежды. Это было как греза, прокатившаяся между облачными вихрями, словно его собственный сон был вырван из глубины души на поверхность.' ratio=0.1"
1,1,"text='Роскошный дворец, похожий на вытянутую башню и странной формы замок, возвышался среди безлистных деревьев. Его кирпично-розовый, массивный каменный облик напоминал древний величественый римский монумент. Ветви тянулись вверх подобно тихим порывам ветра и колебались, словно пытаясь ухватить облака; каркая, резко взметнулась вверх ворона; поднявшись высоко, она некоторое время парила над облаками, после чего снова стремительно спустилась вниз. В этот район проехал экипаж. Конная скульптура отчетливо выделялась на фоне площади и была мало замечена гостями города; она была величественна и могла служить напоминанием о времённой власти монарха. Монарх воздвиг памятник своему знаменитому предку в красном кирпиче, где прожил недолго. Возможно, неоднократно показывалась круглая белая голова с завитушками волос возле узкого проёма окна; человек внимательно смотрел сквозь стекло. Даже маленький изображение купидона на подушке отражал свет луны, освещавший интерьер императорских покоев и давая видимость формы тела покойника. В ту ночь пространство заливало свет луны, освещая предметы интерьера. Откуда-то доносились звуки боя часов; неподалёку удалялись шаги гостей и офицеров.' ratio=0.12"
2,2,"text='Вечер. Легкая дымка скрывает небо от любых созвездий. Туман тянется к горизонту, словно облака, а они в свою очередь скрывают главного бога-зрительчика древних времен — равнодушного наблюдателя всего происходящего на Земле и далее. Теперь знаем только о прозрачной синеве и пустоте космоса, где нет ни богов, ни звёзд. Я опускаюсь в тени догадок: что за мрачным полумраком прячется надлежащее? Сначала я был убеждён в своей правоте, теперь же понимаю, что даже собственное отражение — это кто-то другой. Даже морщина между моими черными ровными бровями стала заметной только сейчас. Серые глаза с металлическим блеском сверкают под темными кругами от усталости ночного светила. Наслаждаясь прозрачностью тела, я не поймал ни капли моих настоящих чувств и переживаний — их раньше мне и не хотелось знать. Внутренний зритель, осматривающий мое отражение, считает этим бессмысленным и непонятным образом того, кто я есть на самом деле. Теперь я осознаю свою внешность как зеркальный отсвет другого существа, которого я не могу понять и с которым впервые знаком. Весь этот процесс — результат недавних переживаний после употребления отравляющего вещества. Время показало: разум человеков способен верить бескрайней даль без числовых обозначений, лишь представив её, как бы издалека. И всё это время я сам не замечал этот мистический процесс в себе. Вечерние тени оставили меня один в кромешной тьме мыслей и восприаниях.' ratio=0.7"
3,3,"text='Она была обута в костюм древнего стиля: чёрное тесное платье подчёркивало белизну её обнажённых плеч и грудей, а также выделяло светлые зубы, словно яркое солнце на фоне затенённого дня. Женщина села и начала играть, исполняя таинственную музыку, где хаос отражался в её исполнении и ритме нервозности эпохи, когда она жила. Она играла беспорядочно, без структуры или закономерности. Остальные вокруг были согласны друг с другом и весело смеялись, но некоторые из присутствующих испытывали сомнения — даже я задумался над причиной своего смеха.' ratio=0.98"
4,4,"text='Всё это произносил Рутилов, как обычно, бодрым голосом и с живостью, освещаясь улыбкой, однако он был худым человеком, производящим впечатление слабого и болезненного, несмотря на новую и модную шляпу, из-под которой были видны редкие светлые коротко стриженные волосы. — Ну, разве же втрое! — слабо возразил Передонов, снимая и вытирая золотые очки. — Но это же правда! — вскричал Рутилов, подняв голос. — Ты смотри внимательно, пользуйся моментом, пока я жив, потому что после моей смерти станет сложнее найти невесту подходящую именно тебе. Каждая из моих дочерей охотно согласилась бы выйти за тебя. — Здесь действительно многие испытывают ко мне симпатию, — угрюмо похвалился Передонов. — Вот видишь, значит используй ситуацию, — советовал Рутилов. — Самое важное для меня, чтобы девушка не была худощавой, — с грустью в голосе сказал Передонов. — Лучше пусть будет полной. — Тебе совершенно не стоит волноваться по этому поводу, — энергично уверял Рутилов. — Сейчас мои дочери уже достаточно полноваты, а если кто-то ещё недостаточно полная, это временно. После замужества они станут ещё пышнее, посмотри хотя бы на мою старшую дочь Ларису. — Я бы хотел вступить в брак, — сказал Передонов, однако испугался, что моя жена Варя устроит крупный конфликт. — Поскольку боишься конфликта, поступи так, — предложил Рутилов с лукавой улыбкой: — сегодня же заключай брачный союз, лучше сделать это немедленно. Вернешься домой с молодой супругой, проблема разрешится сама собой. Действительно, хочешь, я всё организую прямо завтра вечером? И выберешь любую девушку. Передонов внезапно начал громко и резко смеяться. — Значит, соглашаешься? Заключаем сделку? — поинтересовался Рутилов. Передонов также внезапно прекратил смех и мрачно прошептал тихим голосом: — Она расскажет обо всём, эта негодяйка. — Ей нечего рассказывать, ничего, о чем стоит рассказывать, не произойдёт, — успокаивал Рутилов. — Или отравит, — испуганно бормотал Передонов. — Просто доверься мне во всех вопросах, — убедительно настаивал Рутилов, — я обеспечу всё аккуратно и продуманно. — Без приданого я вступать в брак не намерен, — раздражённо выкрикнул Передонов. Новое резкое изменение темы разговора не смутило Рутилова. Он ответил столь же вдохновенно: — Странный человек, разве мои дочери лишены приданого? Так что, согласен ты или нет? Я пойду заниматься подготовкой. Запомни, нельзя говорить кому-либо об этом деле, понял?. Рутилов пожал руку Передонова и поспешил прочь. Передонов молча наблюдал за ним. Девушки Рутилова вспомнились ему весёлыми и насмешливыми. Непристойная мысль вызвала мимолетную непривлекательную ухмылку на губах Передонова, тут же исчезнувшую. В нём возникло неясное чувство тревоги.' ratio=38.0"
5,5,"text='Вспоминаю простую, непритязательную ситуацию из жизни и превращаю её в привлекательную историю. Я поэт, мой долг - создать красивую и увлекательную ткань событий для тебя. Времена и случайности определяют течение событий, но лучше начинать с человеческих аспектов, которые вызывают восхищение или эстетическое удовольствие. Красивыми качествами человека являются здоровье, юность и жизнерадостность, красивыми явлениями природы - прозрачная вода, солнечный свет и теплое время года. Был летний день, ясный и жаркий, где река Скородень зеркально отражала яркое солнце. Прозрачные воды, яркий свет и юное лето создавали атмосферу радости благодаря теплу солнца и открытому пространству, дуновению ветра издалека, птичьим свисткам и двух красивых девушек - Елизавете и Елене. Они купались в этой реке, которая принадлежала их родственнице-владелице, находясь на обширном садовом участке дома её хозяина. Несмотря ни на что, они чувствовали себя главами своей воды и песчаного берега, играя в воде с уверенностью владелиц. Человек не знает границ власти, но те, кто уверенно знает свои права, являются счастливыми.' ratio=0.05"
6,6,"text='Дом поселился на краю городка, в районе известном как Расчески. Здесь стоят длинные многоквартирные здания, выстроенные параллельными рядами с интервалами между собой — это бетонные дворики, где юные местные жители любят играть. Здания белые и украшены множеством окон, каждый из них смотрится одинаково. Между домами раскиданы пустующие земли, окружённые заборами, за которыми прячутся стены разрушенных строений, на которых больше всего внимание обращают дети. Вокруг этого района расположился отдельный дом известный как Серый — старое сооружение, утратившее привычное для нас внешнее обличье и теперь похожее на кусочек старого городка, лишь снаружи покрытый серым цветом, а внутри — желтым. Рядом стоят гаражи, подсобные помещения и контейнеры для мусора, за которыми заботливо хранятся будки для собак. Весь двор выглядит так, словно туда уже никто не заглядывал долгое время: забралась грязь на стены и крышу покрыты антенной и кабелями. Передняя часть фасада пребывает в изоляции от красоты — мрачный и молчаливый полотенец, обволакивающий дом в тени.' ratio=7.0"
7,7,"text='Оказалось, что каждый стремящийся обратить на себя внимание человек становится эгоистичным существом с негативными качествами, способным совершать любые поступки и переоценивать собственные достоинства. Действительно он почти не значим. Такая же картина всплыла в рассказе о птице, желавшей казаться лучше самой себя, или стихотворении о животном, утонувшем из-за своей невнимательности. Сип решил написать ещё одну песню подобного содержания — но теперь уже никто не слушал его. Лицо Сипа исказилось от гнева, и он заплакал, прикрывая рукой рот. Его поблагодарили за выступление, дали салфетку, чтобы укрыть книгу и предложили другому ученику продолжить его выступление.' ratio=0.07"
8,8,"text='Недавно он был бодрым и энергичным человеком, подобно золотому шару — словно парус. Он с легкостью стоял на руках, поднимая тело вверх ногами, и плавно перемещался по комнате, словно гибкий артист в фантастическом спектакле. При его зубах мог быть поднят даже самый прочный стул, когда сила мышц рук была на высоте. Его тело бурлило энергией — желанием прыгнуть через ограду, рухнуть на столб или совершить что-то невероятное для молодости. Теперь же изменилось все: словно механизм слегка испортился. Он начал сутулиться и признался другу Подтягину в бессоннице — как будто ночью накануне понедельника он провел двадцать минут в компании непристойного человека, находящегося в остановившемся лифте. Утро следующего дня началось тяжело: долгое время сидел голым, держа вытянутые руки между коленами — пораженный осознанием необходимости накинуть рубаху, носки и брюки, извращенных вещей, которые пахли потом и грязью, казавшимися непривычными. Это вызывало воспоминание о цыганском пуделе в человеческой одежде — ужасающе жалко выглядящем существе. Частично апатия объяснялась отсутствием работы: за прошедшие зимние месяцы удалось скопить небольшую сумму денег, оставив около двухсот марок. В предыдущем году, находясь в Берлине, он быстро устроился на работу и продолжил трудиться до января, испытывая тяжесть утренних поездок на завод и боль в ногах после десяти километров беготни с подносом. Также занимался посредничеством: предлагал любые товары — будь то баранки, средство для укладки волос или драгоценности. Он не отвергал ничего и зарабатывал продажей собственной тени, как многие из нас. В конце концов, после завершения съемок контракта сумма расходовалась — все это было частью глобальной игры киносъемок за городом, где ярко освещали лица статистов прожекторами, создавая ощущение дискомфорта и стыда.' ratio=7.0"
9,9,"text='Целый день лежишь неподвижно на кровати — будто движешься вверх к ясному солнечному небу, приподнявшись и видя кроны деревьев, ярко освещённые жёлтым светом солнца. Тонкие провода становятся местом отдыха птиц, а деревянный навес над дорожкой радостно красного цвета напоминает о парадном входе. Издали слышатся приятные звуки природы: пение птиц, отдалённый собачий лай, поскрипывание водяного насоса. Лежишь неподвижно, погружён в размышления о предстоящем подъёме. В твоих глазах мерцает солнечные блики, движущиеся по поверхности стола. Позже ты видел этот образ счастья и девушки в реальности, когда Ганин находился на выздоровлении в возрасте шестнадцати лет, в данной комнате. Именно здесь, в этой комнате, сформировался он, благодаря совокупности факторов окружающей обстановки: картинам на стенах, звукам природы за окном, изображению Хрина в киоте, журчащей воде в раковине. Частью развивающегося образа стала атмосфера солнечного света в помещении — без её воздействия такой образ не мог бы появиться. По сути, это были лишь обычные ощущения юности, мечтательные переживания, однако теперь Ганину представлялось, что такое совпадение мыслей и действительности ранее не происходило столь идеально. Целый день он переходил из одного сада в другой, посещал различные кафе, и воспоминания постоянно увлекали его вперёд — как движущиеся облака в небе весны в Берлине. Посетители кафе думали, что мужчина, внимательно смотрящий вдаль, переживает какую-то глубокую печаль, а на улицах он случайно сталкивался с прохожими, один раз водитель автомобиля резко остановился и выразил недовольство, чуть не столкнувшись с ним. Ганин чувствовал себя творцом, восстанавливающим утраченный мир. Постепенно он возвращал детали исчезнувшего мира ради той женщины, которой ещё не решился придать место в нем, пока восстановление не завершится целиком. Однако мысль о ней, ощущение её присутствия, почти забытое воспоминание прошлых впечатлений вынуждали его завершить создание образа окончательно, хотя он сознательно откладывал появление этого образа — поскольку хотел приблизиться к нему поэтапно, следуя определённой последовательности шагов. Стараясь избежать путаницы среди ярких образов прошлого, он аккуратно реконструировал события своей жизни, иногда останавливаясь на незначительных деталях, избегая преждевременного перехода к последующим этапам. Бродя по Берлину тёплым майским днём, он действительно выздоравливал физически — испытывал первые признаки восстановления после болезни, слабость в ногах, рассматривал своё отражение в зеркалах. Одежда выглядела особенно чистой, свободной и слегка непривычной. Медленно продвигаясь по широкому парку, окруженному деревьями, он замечал небольшие земляные бугорки чёрного цвета, образовавшиеся в результате деятельности животных. Он надел белую нижнюю одежду и светло-фиолетовые носки. У него была мечта встретить кого-либо в парке — но конкретного представления о том, кто именно должен встретиться, у него не было.' ratio=38.0"
10,10,"text='Я родился здесь, под белыми холмами Центральной России, в деревянной усадьбе дедов. Мы не осознаём точного момента нашего рождения и смерти, лишь приобщаемся к жизни через неразрывные связи прошлого и будущего. Мне сообщили точную дату появления на свет, и тогда я начал ощущать свою долгую жизнь. Никакие возрастные изменения меня не покидали — ни морщины, ни утратившие краску детские годы. Даже представление о смерти — что-то заумное для моей быстротечной и бесконечной жизни — так и оставалось ритуальным артефактом в глубинах мозга. Меня не посещала мысль, будто примерно через десять-двадцать лет мне предстоит уйти из мира. На необитаемом острове я бы вообще не знал о смерти — и это могло бы стать счастьем или большей скорбью? Возможно ли, что чувство морального конца присуще человеку изначально? Предположим обратное: если бы у меня не было страха перед смертью, любил бы я жизнь столь же сильно? Моя принадлежность к роду Арсеньевых — это повод для гордости и удовлетворения. Вместе со временем, мы становимся менее влиятельными, но не теряем проникновенности в семейном прошлом и настоящих личных связях. При воспоминании о Троице, православная церковь устраивает особую службу для всех тех, кто давно покинул этот мир. Слова молитвы заполняют душу искренними эмоциями: «Господи, успокои души рабов твоих в небесной обители твоей и покои их в лоне Авраама всех предков наших и близких родственников, служивших тебе от времён Адама и до сегодняшнего дня.»' ratio=0.92"
11,11,"text='Сегодня весь день пролетел как в тумане, постоянно поддерживая меня напряжённостью. Вновь состоялись поминальные службы, собралось большое количество людей — и соседи, прибывшие и отъезжавшие, а также дети играли беззаботно, ничего не понимая в темной комнате с одной стороны окна, где стояла няня, периодически тихонько плачущая. Темнота накатывала снова и люди приходили в зал, чтобы собраться и ожидать следующей службы, шепча друг другу на ушко. В конце концов священники появились, затем наступило молчание — свечи были зажжены в тишине, начали облачився, началось таинство подготовки к богослужению, и вот первый размахивание кадила и первое слово прозвучало. Эти события казались таким важным для умершего человека, что я больше не мог смотреть вперед на роскошный гроб, установленный на столах, и на тело, покрытое золоченым покровом, украшенное золотой иконкой и белой подушкой. Легкий дым медленно заливал тьму в обволакивающем жарком блеске, лицо покойного имело черные впадины вокруг глаз, отражаясь металлическим отблеском.' ratio=0.95"
12,12,"text='Приказания прокуратора были выполнены быстро и точно, как ясный луч солнца в последние дни над Ершалаимом, ещё не достигший полуденного неба, когда на верхней площадке садовой террасы возле статуй двух белых мраморных львов состоялась встреча между прокуратором и исполняющим обязанности председателя Синедренона иудейского первосвященником Иосифом Каифой. Сад был тихий, как безмолвный зеркало ночи; в его глубинах находилась вершина садовой террасы, освещённая прямым солнечным светом и пальмами с чудесной формой, которые открывали вид на весь город Ершалаим, вместе с укреплениями и главным образом величественным храмом с золотыми плитками крышей. Словно прокуратор услышал мелодичные шорохи внизу — голоса торговцев воды, взволнованных жителей Ершалаима, ожидающих решения суда и решительного ответа.' ratio=6.0"
13,13,"text='Возможно, внешность прокуратора изменилась под воздействием наступивших сумерек — искрящаясь старьем, он опускался на колени, тревожно перебирая дрожащими руками стоящий плащ. Наступила праздничная ночь, стало темно, и прокуратор словно ощутил в тишине присутствие пришедшего домой, но никем не встреченного гостя. Поддавшись слабости, он медленно подошел к пустующему креслу, задумчиво теряясь в мыслях об аномии. Пальцы его провел по шеренге мозаик на полах, словно ожидая, что там можно увидеть некое послание: «Времени нет, — подумал он, — какого бы то ни было».' ratio=5.0"
14,14,"text='На конференции, проходившей в политехническом институте, я не просто посетил мероприятие, но и провёл разговоры с представителями научного сообщества. Через пять минут необходимая информация была подготовлена мной и передана в секретариат. Уже через час пришёл редактор Туронок – человек чрезмерно сладким и притворно вежливый. Обычно робкий и нерешительный, сейчас он проявлял сильное возбуждение: - Грубую оценку идеологического характера выставили именно вам! - Какую именно? - Вы указали перечень стран… - Это запрещено? - Нет, указывать можно и даже необходимо. Однако важно учитывать порядок перечисления. Здесь указаны Венгрия, ГДР, Дания, далее следуют Польша, Советский Союз, ФРГ… - По моему мнению, последовательность определена согласно алфавитному порядку. - Подобный подход недопустим – выразил недовольство Туронок, - имеется установленный строгий порядок: сначала демократические государства, потом нейтральные страны, и лишь затем государства-участники военного союза. Хорошо, согласен. Я исправил информацию и вновь передал её в секретариат. На следующий день снова пришёл Туронок: - Создается впечатление, будто вы насмехаетесь надо мной! Вы делаете это специально? - Почему вы так считаете? - В списке стран народных демократий нарушена правильная последовательность. Сначала указана ГДР, затем Венгрия. Опять применён алфавит? Необходимо забыть подобное понятие! Ведь вы сотрудник партийной газеты. Поместите Венгрию на третью позицию! Ранее там произошел государственный переворот. - Но ведь между нашей страной и ФРГ ранее велились военные действия. - Не стоит возражать! Чем вызваны ваши возражения? Эта страна уже совершенно другая! Непонятно, кому вообще поручено проверять вашу работу! Вы роявляете политическую ограниченность! Недоразвитость нравственных качеств! Вопросы будут поставлены соответствующим образом… За предоставленную информацию мне выплатили вознаграждение в размере двух рублей. Предполагал получить сумму побольше — три рубля.' ratio=5.2"
15,15,"text='В этой повести отсутствуют идеальные герои и абсолютные злодеи... Здесь нет ни добродетельных персонажей, ни преступников. Таких людей вообще не бывает в реальной жизни. Уже несколько лет я веду наблюдения... Семантический уровень: Сложившиеся необычные схемы поведения некоторых персонажей выглядят как природные явления, например, дождик или снегопад. Прежде всего, я вижу их как отдельные существа, обладающие разной сущностью и эмоциональной окраской.' ratio=10.0"
16,16,"text='Утверждали, что в Благодатном нет ничего необычного: знаменитый бородинский дом обычный, возможно, даже с недостатком — одна сторона заметно перестроена после пожара, а сад обычный, старый, тенистый — такие сады встречаются часто в России; поля широкие, лес хорош — и это тоже уже вполне привычное явление. Жители же плохие: живут бедно, земли недостаточно имеют, ранее переселялись, потом возвратились обратно, а во время волнений, хотя дом не подожгли и лошадей не лишили зрения, как произошло у соседа Бессонова, ходили слухи о намерении поджечь дом, уничтожить имущество и захватить бородинские земли. Когда говорили о странностях Петра Николаевича, сообщали такое невероятное, что стыдно повторить. В итоге всех просили избегать посещений Благодатного независимо от обстоятельств: место уже неблагоприятное.' ratio=7.0"
17,17,"text='Все дети были здоровы, несмотря на их хвостатые поступки: ради веселья и азарта они проглатывали снег, вытаскивались в рубашках к холодным сенцам зимой, съедали крупных мух — чтобы заболеть и избежать гимназии, а также употребляли засушенные просфоры от бабушек, как будто это помогает преодолеть страх перед грозой. Они купались в прорубях постоянно. Словом, все эти поступки никак негативно не сказывались на их здоровье. Только Женя выделялся среди остальных: после перенесенных Колей заболеваний — скарлатины и кори, — которыми заразился и он сам, Женя заразился дифтеритом и временно потерял зрение. Со временем его способность видеть вернулась, но боль между бровями и в области висков не давала покоя, как будто призывая к молитве. Когда началась боль, Женя сильно страдал, плакал жалобно, почти непрерывно издавая звуки, похожие на стоны. По ночам он вышел на крыши зданий и передвигался по карнизам. В детстве, когда случались приступы, его укладывали рядом с мощами святых — мальчика протирал лицо специальным предметом, соприкасавшимся со святыми останками. Иногда девочку Прасковью отправляли в Боголюбовский монастырь к священнику-отшельнику отцу Глебу, чтобы молиться об избавлении от страданий, после чего улучшение состояния было заметно. У Жени взгляд часто выглядел печальным, он редко участвовал в драках, но если его разозлить, действовал решительно.' ratio=6.0"
18,18,"text='Вавилен Татарский родился задолго до исторического события — победы красного над белым цветом. Именно по этой причине он был представителем поколения «П», хотя долгое время ничего об этом не знал. Поделиться с ним информацией о том, что в будущем он станет копирайтером, могло бы вызвать у него такую же реакцию, как если бы кто-то случайно опрокинул напиток «Пепси-кола» на нагретый песок пляжа. В то время дети мечтали стать пожарниками или врачами, и даже простое понятие «дизайнер» казалось незнакомкой для них. Русский язык и повседневная жизнь были полными необычных явлений и непонятных вещей — например, имя «Вавилен», данное отцом Татарскому, казалось ему очень редким и уникальным. Оно создали путем объединения фамилий писателя Василия Аксёнова и политического деятеля Владимира Ленина, что придало им особый смысл. Отец Татарского вероятно представлял себе типичного приверженца идей Ленина или эстета, который после прослушивания джазовой мелодии стал убеждённым сторонником коммунистического строя. Подобные взгляды разделялись не только его родителями — большинство советских людей в конце пятидесятых и начале шестидесятых годов тоже обладали подобными мыслями, что вызвало создание жанра любительской песни и запуск первого космического корабля. Эти события символизировали несостоявшееся будущее для страны.' ratio=8.0"
19,19,"text='Тверской бульвар выглядел почти так же, как и два года назад — когда я последний раз видел его. Вновь наступило февраль, и повсюду лежали сугробы под тенетами зимней темноты, проникающей даже сквозь дневной свет. Сидели такие же пожилые женщины на лавочках, неподвижно ожидая; сверху среди голых черных деревьев прощупывался тот же мрачный зимний облик неба. Вдоль дорожек вихрь снега и холодного ветра напоминал бурю, несущуюся по открытой местности; я бы остался спокоен и встретил здесь парочку диких животных. Бронзовая статуя Пушкина казалась немного печальнее обычного, вероятно из-за красного фартука с надписью: «Да здравствует первая годовщина революции». Я бы не стал язвительно комментировать то, что природа решила визуализировать на мемориале в виде бурной реакции к событиям года назад. Вместо того, чтобы воспринимать это как недочет революционеров и неуместное слово «революция», написанное с устаревающей буквой «ять». Меня уже несколько раз оштрафовали за подобные ошибки. Вдоль дорожек едва различим был Страстной монастырь, а рядом находились две грузовые машины с открытыми кузовами, покрытыми яркой красной тканью. Рядом собралась группа людей, выступающего выразительного человека, голос которого был затерян в шуме и усталости, но смысл его речи был четко воспринимаем благодаря произношению «р» в словах «пролетариат» и «террор». Рядом со мной прошли двое солдат, находящихся в состоянии алкогольного опьянения. Один из них задержал на меня пристальный взгляд, притормозил шаг и готовился заговорить; его товарищ потянул за одежду, и они продолжили путь дальше.' ratio=8.0"
20,20,"text='В этот период открылась дверь, и Вощев заметил ночью работавшего косаря с чайником для группы рабочих: вода закипала на плите, которую растопили во дворе общежития; период сна завершился, настала пора завтракать перед началом трудового дня… Деревянные сельские часы висели на стене и исправно работали благодаря силе тяжести маятника, украшенного рисунком цветка, способный успокаивать любого человека, смотрящего на них; механизм часов был напоминанием о гармонии природы. Рабочие расположились вдоль длинного стола, косарь, исполнявший обязанности повара в общежитии, разрезал хлеб и раздал каждому по кусочку, дополнительно дав каждой кружку чая — символ уюта и тепла. Рабочие приступили к еде серьёзно: они воспринимали еду как необходимое действие, не испытывая удовольствия от приема пищи. Несмотря на осознание смысла жизни — что является условием абсолютного счастья — их лица выглядели мрачными и истощёнными; они испытывали утомление, вместо удовлетворения жизнью они чувствовали себя подневольными. Вощев смотрел на эти печальные люди, способные сдержанно помнить об истине, и испытывал слабую надежду и страх потери; он уже чувствовал удовлетворение даже тем фактом, что правда существует в сознании ближнего, недавно говорившего с ним. Он уже готов был почувствовать себя выносливым и работоспособным рядом с таким человеком.' ratio=5.0"
21,21,"text='Машинист-наставник смотрел, как Захар Павлович аккуратно чистил топки локомотивов, бережно относясь к металлу и доводя поверхности до идеальной чистоты. Однако никогда не хвалил его. Наставник понимал, что работа машин зависит больше от внутренних свойств материалов и законов физики, нежели от знаний и мастерства человека; участие человека минимально. Природные ресурсы, энергия и материалы позволяют людям достигать успеха даже без значительных усилий. Даже неумелый работник способен зажечь огонь в топке, после чего двигатель заработает самостоятельно, а рабочий будет лишь пассивным наблюдателем. В случае дальнейшего упрощения эксплуатации техники люди потеряют ценность вследствие ненадёжности достигнутых результатов и станут бесполезны подобно коррозии металлов. Машинам же предстоит заменить людей и получить свободу в работе. Тем не менее наставник критиковал Захара Павловича реже остальных машинистов, поскольку последний использовал инструменты осторожно, не проявлял грубости и небрежности во время работы на локомотиве.' ratio=0.8"
22,22,"text=""Городок Федор-Кузьмичск стоит на семи холмах, окружённый необъятными полями и незнакомыми дали. К северу тянутся густые леса, где валежник и переплетённые ветки деревьев создают панораму невиданных мест. Встречается множество кустарников, которые цепляются за одежду, а ветви сбрасывают головные уборы. Старожилы рассказывали, что в этих лесах обитает кысь – чудовище, которое сидит на ветках деревьев и издает странные звуки: 'кы-ысь!'. Подобно молчанию, оно не поддаётся наблюдению. Войдя в лес, кысь внезапно нападает сзади, разрывает позвоночник и портит важнейший кровеносный сосуд, вследствие чего человек теряет рассудок. Вернувшись домой, потерпевший больше не является прежним: его взгляд становится бессмысленным, он двигается беспорядочно, как сомнамбул. Родственники в шутку приводят его домой и подают пустые тарелки с ложками, приглашая к ужину; он совершает механические движения — словно ест — хотя тарелки остались пустыми. Сами по себе больной человек не может ни заботиться о себе, ни соблюдать гигиену, и нуждается в постоянном уходе. Некоторые чуткие родители или супруги отводят его в специальное помещение, а когда помощи нет — он скончается от разрыва мочевого пузыря."" ratio=0.05"
23,23,"text='Вы мне симпатичны, Александра Эрнестовна, особенно на одной вашей фотографии — где вы стоите с таким изящным контуром лица, и еще на другом, когда вы подняли голову назад и улыбаетесь, демонстриируя роскошные зубы. А вот в третьем кадре, когда вы выглядите немного раздражённой и ваша локоть приподобно изображает хроническую сложность, так что кружевные украшения на вашем рукаве непроизвольно отходят в сторону. Меня привлекает ваша повседневная жизнь — прошедшая так быстро и незамеченной, с ушедшими поклонниками и бывшим мужем, которые тонко наступали друг за другом. Я бы рад был регулярно появляться перед вами с молоком и свежим салатом из моркови — полезным средством для улучшения зрения. А вы, Александра Эрнестовна, открывайте ваши старые альбомы из темно-коричневого бархата! В них кроются воспоминания о милых девушках-гимназистках, мужчинах среднего возраста с бородами и усами. Но ведь человек на фотографии не может вас видеть? Нет проблем: вы можете просто дотянуться до фотографии Ивана Николаевича — плоской, прохладной и слегка блестящей в своей обложке, покрытой тонким слоем золота. Края обложки немного пожелтели с годами. Пришло время принять решение: она готова отправиться к вам, невзирая на прошедшее и нежданно прибытие поезда. Он вроде бы ждал вас здесь, но неожиданное его отсутствие заставило ее задуматься. Любовь — это как прозрачный занавес, который скрывает нас друг от друга, затрагивая наши жизни и мечты. А теперь выясняется: пути между нами стали препятствиями.' ratio=0.98"
24,24,"text='Он упал лицом в превращающуюся под его щекой в пыль траву, зубы сжимаясь от злости — он был неудачником. Лежал неподвижно, надеясь на то, что опасность сама собой пропадёт, хотя всё равно осознавал неизбежность поражения. Температура стремительно поднималась: стало жарко и влажно, пот струился по его лицу. Рэдрик наконец громко произнёс Арчибальду: «Не двигайся! Терпи!» Сам он терпеливо ожидал дальнейшего развития событий. Ситуация могла бы разрешиться относительно благополучно, без серьёзных последствий — но первым сдался Арчибальд. Вероятно, либо не услышал предупреждения Рэдрика, либо испугался так сильно, что забыл о поведенческих нормах и правилах, либо просто ощутил столько боли, что потерял контроль. В результате он бросился вперёд, пригнувшись, издавая нечленораздельные звуки, сжимаясь под углами к опасности — назад, хотя именно там находилась самая высокая опасность. Рэдрик смог быстро подняться и захватить его ноги двумя руками, вследствие чего Арчибальд ударился о поверхность земли, поднимая облако горящей одежды и громко крикнул. Он начал беспорядочно извиваться и брыкаться, хоть и испытывал мучительную боль. Несмотря на это, Рэдрик всё ещё мог сдерживать эмоции, закрыв лицо золой и придавливая грудь к голове другого человека — но вот уже не мог подавить его сопротивление и бил ногами и коленями по телу Арчибальда. С трудом различая звуки дыхания сверху, Рэдрик издавал сквозь сдавленное дыхание: «Тихо лежать, негодяй, или убью...», ощущая горящий зной на одежде и повышающуюся жару в теле противника.' ratio=0.95"
25,25,"text='Хотел бы я узнать итог всего этого. Десять лет назад я был абсолютно уверен в результате. Должна была существовать непроходимая граница — пятнадцатьдесят километровная полоса, где находились исключительно учёные и военные. Опасная область на поверхности моей планеты должна была быть надёжно блокирована. Казалось, большинство разделяло мою точку зрения: звучали выступления и выдвигались законопроекты, чтобы защитить людей от этого страшного места. Теперь невозможно вспомнить, каким способом прежняя твёрдая уверенность неожиданно исчезла. По сути, одна позиция верна, но и другая также справедлива. Вероятно, процесс начался с тех пор, когда сталкеры впервые принесли из опасной зоны необычные предметы — батареи. Выяснилось, что данная территория представляла собой не угрозу, а кладезь ценных ресурсов: там было всё, что требуется для будущего человечества. Сейчас уже никто точно не осознаёт природы этой области. Люди используют ресурсы постепенно, потрачено огромное количество денег на исследования и изучение этого места. Удивительно, но эффективная система добычи пока не создана: каждый человек ведёт собственную небольшую коммерческую деятельность, а учёные авторитетно заявляют: учитывая определённые аспекты, следует принять одну позицию — одновременно признавать обоснованность противоположной точки зрения. Вероятно, процесс начнётся с того момента, когда после воздействия рентгеновского излучения под заданным углом испускает квазитепловые электроны объект — это не важно: всё равно я не смогу дожить до завершения ситуации.' ratio=13.0"
26,26,"text='С самого начала дня возникли проблемы: прекратилась работа интернета. Сонный Матвей сел в компьютерное кресло и коснулся клавиш клавиатуры почти случайно, обнаружив непреодолимую новость: соединение отсутствует. Позвонив своему поставщику услуг, он получил следующий ответ: — Произошла авария на магистральной линии связи. Вероятно, неполадка будет устранена примерно за двадцать четыре часа.\n\nМатвей внимательно рассматривал изображение на экране своего компьютера, стараясь осознать серьезность ситуации. Это был удар! В течение двадцати четырёх часов доступ к интернету невозможен. Это ужасно! Впереди оставалось много свободного времени до начала занятий в школе — около четырёх часов. За это время он мог бы поиграть онлайн с друзьями в какую-либо игру или провести время на любимом игровом сервере Minecraft. Разумеется, мобильный телефон тоже имеет выход в сеть, однако качество подключения недостаточно хорошее. Для полноценного игрового процесса необходимы высокая четкость графики и качественный звук, вызывающие реакцию соседей.\n\nОгорчённый происходящим, Матвей направился на кухню, устроившись на стуле возле барной стойки, положил руки на лицо и тяжело выдохнул. День уже был испорчен. Его мать, напротив, энергично ходила по кухне в домашних туфлях — перемещаясь между холодильником, столом, плитой, кофеваркой и обратно. Наблюдая за этими движениями, Матвей испытывал раздражение.\n\n— Мне нужен сок и тост, — произнес он хмурым голосом.\n\nПо пути мимо стула мама быстро прикоснулась губами к голове сына:\n\n— Доброе утро, мой сердитый мальчик!\n\nМатвей резко повернул голову, демонстрируя недовольство. Почему она постоянно проявляет чрезмерную заботливость? Она прекрасно осведомлена, что он испытывает непреодолимую непривязанность ко всей этой сентиментальности. Ведь он не девочка.\n\nВерни только валидный JSON-объект с текстом на русском и процентом идиоматичности.' ratio=27.0"
27,27,"text='Открыв дверь салона красоты, Лена замерла, увидев студентку Марину, надевавшую рабочий халат. Ее ноги подкосились от изумления. Она снова ошиблась: жила по графику пятницы, тогда как остальные считали, что сейчас среда. Из-за этой неловкости Лена лишилась работы на сегодняшний день и заработка. Дело в том, что уборка в салоне выполнялась Мариной, а Лена выполняла эту работу по вторникам и пятницам. Марина, как ученица-студентка, работала по графику заведения, тогда как остальные сотрудницы — по своим планам. Лена была в шоке от этой ошибки, утратив контроль над ситуацией. Она чувствовала себя словно загипнотизированной, пытаясь разобраться во всей путанице и несоответствии. Казалось, будто она оказалась в бессмысленном мире, где всё шло по-другому от того, как должно было быть. Но Лена продолжала терять контроль над собой и ситуацией.' ratio=6.0"
28,28,"text='Артем медленно встал с места около костра, перекручивая оружие со спины на грудь и направился в темноту. Остановившись возле границы освещённой зоны, он громко и заметно щёлкнул затвором автомата и хрипло прокричал: «Стойте! Назовите пароль!» Из темноты, где несколько минут назад слышались необычные звуки и приглушённые голоса, послышались быстрые и частые шаги. Кто-то поспешно удалялся глубже в туннель, испуганный резким голосом Артема и звуками его оружия. Артем быстро вернулся обратно к костру и сказал Петру Андреевичу: «Нет, мне действительно не показалось. Человек не назвал себя и убежал.» — Ты глупец! Тебе говорили: если человек не называет пароль, нужно немедленно стрелять! Откуда тебе известно, кем был этот человек? Возможно, это были враждебные люди, приближающиеся скрытно!» — Нет... Мне кажется, это вовсе не люди... Шумы были очень необычными... И шаги звучали совсем иначе. Разве я не способен отличить человеческие шаги? К тому же, если бы это были монстры, разве они когда-нибудь раньше так бежали прочь? Ведь вы сами прекрасно осведомлены, Пётр Андреевич, что в последнее время монстры сразу атакуют открыто — некоторые нападения совершались безоружными, другие шли прямо к пулемету, не скрываясь. Но этот незнакомый человек сразу сбежал... Похоже, он боялся.» — Хватит говорить, Артем! Очень уж ты мудрый стал! Твоя задача действовать согласно инструкции, а не рассуждать. Это мог быть разведчик противника. Он увидел, что нас немного, и теперь возможно организует нападение большими силами... Вероятно, скоро мы будем убиты противником, подобно случаю на станции Полежаевская, а всё лишь потому, что ты своевременно не уничтожил нарушителя. Артем ощутил беспокойство, мысленно представляя себе пространство туннеля после отметки семи сотен метров. Даже подумать о посещении этого участка было страшно. Никто ранее не решался заходить дальше седьмого рубежа на север. Патруль регулярно проезжал до пятисотой отметки, проверял границу фонариком и убедившись, что никаких угроз не обнаружено, быстро возвращался. Разведывательные группы, состоящие из крепких мужчин, бывших морских пехотинцев, также ограничивались шестьюстами восемьюдесятью метрами. Они скрывали светящиеся сигареты в руках и напряжённо наблюдали сквозь приборы ночного видения. Затем осторожно и бесшумно отходили обратно, внимательно следя за туннелём и никогда не поворачиваясь к нему спиной.' ratio=38.0"
29,29,"text='На Третьем кольце Москва медленно двигалась, как живой город на дыхании дня. Миллионы машин скользили по мостовым, освещая их фарами — словно тысячи глаз в темноте, а пыль висела в воздухе, окутывая в тумане даже самую маленькую улочку. Путь, протянувшийся между подземным переходом и городским сердцем, казался живым — каждый шаг создавал новую историю. Илья испытывал странное желание прикоснуться ко всему вокруг: провести рукой по камням в переулке или на панелях здания, где-то глубоко и неизвестно как застрял его взгляд — на забитом до краев супе в боксике. Несмотря на то что он уже семь лет мечтал о встрече со столицей, нынче был особенностью визита — улыбки старших и отсутствие толпы, привычной для его взгляда. В воздухе чувствовалась какая-то тонкая розоватая пыльность, словно город сам напоминал о своей жизни. Илья испытывал нечто вроде прикосновения со всем вокруг — будто он стал частью этой истории, но не мог сказать, за каким именно поворотом она завершается.' ratio=12.0"
30,30,"text='Кот, словно из воздуха возникший, прыгнул со стула и поспешил за ним. В помещении Алексей Кириллович ставил чашку на стол с множеством листов бумаги, сел в кресло и развернул перед собой стопочку печатных страниц. Он скользнул взглядом по документам и прокомментировал: «Да... вот оно... верно... точно! Определим операцию умножения по таблице номер три... нейтральный элемент относительно... относительно... но, дорогой друг, это абсолютно совпадает с работой Юрковского. Безусловно, поскольку поле упорядоченно, множество базисов можно разделить на две части — зачем он вновь раскрывает общеизвестные сведения? Далее. Подобная матрица задаёт преобразование одного n-мерного векторного пространства в другое. Что дальше? Эта информация известна давно, это всего лишь утверждение о разложении матрицы! Шутник...» Алексей Кириллович открыл ящик стола и вынул ломтик хлеба с салфеткой. Он аккуратно отделял небольшие кусочки, запивая их чаем: «Продолжим... так... итак... произведение матрицы на число распределительно относительно операции сложения чисел... понятно... дальше... уже знакомо... где именно рассматривается тема линейной комбинации?... так... обозначение Кронекера равно нулю тогда, когда совокупность квадратных матриц формирует алгебраическую систему относительно операций суммирования и умножения... но какое это имеет отношение к делу? Где представлены два тензорных пространства? Ведь они идентичны. Частицы хлеба, словно дикие стрелки, падали ему на ноги, а кот устроился на диване, уложив голову между передних лап... Кот... как же классифицировать тензорные величины? Эти объекты принадлежат внешней структуре, глупец... следовательно... почему стоит анализировать билинейную конструкцию? Шутник! Необходимо выяснить характеристики левого тензорного поля, а не характеристику полиномиального выражения... сейчас посмотрим... так... теперь яснее... интересно! Это противоречит принципам евклидова пространства! Очень смешно! Удивительная вещь: полярная запись базовой полиномиальной функции именуется скалярным рассеиванием! Ха-ха-ха! Совершенно бессмысленно и никак не связано!»' ratio=0.85"
31,31,"text='В группе выходит участник боя — крупный работяга из скотного двора, лицо которого широкое как череп. Он сбросил верхнюю одежду, натянул перчатки и вытер нос. Мы ожидали подобной ходьбы событий: Погода Сиволай тоже удачно раздевается, отрываясь от черного кафтана, шапочки с меховой отделкой и парчового верхнего платья. Его красная ткань манит взглядом, словно приглашающая к борьбе, но он лишь слегка качает рукой — и выходит вперед. В боях с Погодой Сиволаем кулачных победить сложно: рост у него маленький, а плечи широкие как ямы, костяк крепкий как железо, ловок и проворен. Ударить его по лицу невозможно — зато получить удар от него легко.' ratio=6.2"
32,32,"text='Привет, Алёна, моя взрослая дочь. Всех жизненных ценностей я считаю ключевыми в том, чтобы испытывать искреннее чувство любви. Однако что за препятствия мне выпали на долю? Ведь я была такой матерью, которая очень сильно любила своего Андрея! Теперь моя жизнь завершена, хотя мне кажется, что я выгляжу помоложе женщин моего возраста. Однажды, незнакомый мужчина принял меня сзади за несовершеннолетнюю девушку, когда спросил дорогу: «Девушка, извините, скажите, пожалуйста, как пройти туда-то?» Этот человек был грязным и потный, вероятно имел при деньги и оставлял вежливый след. Мы с вами знакомы! Хотим мы с ним обменяться ночлегом за небольшую сумму — пол-килограммы гранатов. И еще попросят нас немного помочь: например, заварить чай, постирать постельное белье и закрыть дверь, чтобы не мешались наши просьбы. Я все сразу понимаю, словно шахматистка — хотя в моем мире это поэзия. Некоторым людям нравится термин «поэтесса», но поэтами зовут себя и другие авторы, сходные по имени: одна женщина зовется Анна Андреевна, другая — Анна, но у неё отличается отчество — Аннотройновна. В детстве дети слушаются меня внимательно. Мой сын Тимофей всегда со мной — сидит рядом на сцене и никогда не в зрительском зале. Иногда он проявляет нервный тик, который я ласково называю: ' ratio=3.0"
33,33,"text='Это произошло давным давно, когда я стала матерью двойни за два года подряд. Это был мой очередной провал в выборе мужчины: молодая девушка двадцати девяти лет с короткой стрижкой и худым телом оказались на археологической экспедиции, где мы совершали множество опасных поступков. Начнем с того, что мы были незнакомы друг с другом: я рассматривала ржавый осколок за камнем и видела перед собой мальчика-женщину, похожего на меня. Он спросил нас: ' ratio=8.0"
34,34,"text='Наступление продолжалось третий день, и начало его было неопределенным. В течение всего дня впереди постоянно раздавалась стрельба — как будто ураган бомбардировок. Наша колонна периодически останавливались, направляя во всех направлениях разведывательные группы — словно зеркальный отражение патрулей вражеской армии. Поэтому мы испытывали особую радость, когда увидели пехотинцев из леса, которых не видели уже несколько суток: как будто заблудившаяся тень под деревьями. Выяснилось, что двигаясь с северного направления, наша группа объединилась с подразделениями, наступающими с южного — как если бы два лесных дракона сошлись в битве. Бесконечные подразделения пехоты последовательно подходили друг за другом и вскоре исчезали между небольшими лесочками и возвышенностями — словно кружки игрока, отдаляясь и приближаясь друг к другу. Их появление свидетельствовало о завершении преследования врага: как будто стены замка стали более прочными после напряженного боя. Опасения начались, когда противник прекратил отступление и готовился вступить в сражение — словно дракон готовится к риторическому мечту о победе.' ratio=6.2"
35,35,"text='Одесса создает странное впечатление у приезжего с севера. Здесь город похож на иностранный, отмеченный русским влиянием благодаря усилиям местных администраторов. Большие кафе напоминают большие рестораны Парижа: они полны воспитанными коммивояжерами, приглашёнными в гости. По вечерам люди прогуливаются по улице Дерибасова, атмосфера которой напоминает парижский бульвар Сен-Мишель. Традиционный одесский диалект отличается необычным произношением и вымышленными словами: здесь детская вера в ловкость сочетается с стремлением добиться успеха любыми способами. Когда я печатал визитные карточки в местной типографии, заметил свежевышедшее издание одесской вечерней газеты, издаваемой здесь же. Открыв газету, обнаружил стихотворение Сергея Городецкого, которое отличалось изменением единственной строки и было опубликовано анонимно. Управляющий типографией сообщил, что стих был предоставлен начинающим поэтом, выдавшим произведение за собственное творение.' ratio=0.8"
36,36,"text='Я доверяю тем людям, которые представляют его другим, нежели я привыкла воспринимать, и вот причины такого доверия. Прежде всего, я могла наблюдать лишь один аспект его личности (лучший) – поскольку я была посторонним человеком, вероятно, недостаточно понятной двадцатилетней женщиной иностранного происхождения; кроме того, я лично отметила значительное изменение в нём, когда мы вновь повстречались в 1911 году. Его внешность стала более мрачной и истощённой.\n\nВ десятом году я видела его крайне редко, всего несколько раз. Несмотря на это, он всю зиму отправлял письма. То обстоятельство, что он пишет стихи, он мне не сообщал.\n\nТеперь я осознаю, что именно моя способность интуитивно понимать мысли людей, проникать в сновидения окружающих и другие незначительные особенности привлекли его особое внимание. Хотя близкие ко мне люди уже давно воспринимают такие способности как нечто обыденное. Он постоянно повторял фразу: «Мы общаемся». Нередко произносил также слова: «Только вы способны осуществить подобное».\n\nСкорее всего, мы оба тогда не сознавали одно важное обстоятельство: события, происходившие между нами, являлись подготовительным этапом наших жизненных путей. Его жизнь оказалась весьма короткой, моя же продолжилась намного дольше. Искусство ещё не успело повлиять на наши судьбы, оставляя период свежести и лёгкости до рассвета. Однако будущее, которое уже давало о себе знать, уже давало о себе знать: оно чувствовалось в тревожащих моментах сна, пугало образом ужасающего Парижа Бодлера, таящегося поблизости. Всё возвышенное в Амедео проявлялось едва заметно среди общего сумрачного фона.\n\nЕго лицо походило на изображение Антиноя, глаза ярко мерцали, он выглядел совершенно непохожим на всех остальных. Его голос сохранился в моей памяти навсегда. Я знала его нищим, оставалось неясным, благодаря чему он существует. В качестве художника он не получил даже минимального общественного одобрения.\n\nВерни только валидный JSON-объект с текстом на русском и процентом идиоматичности. Не останавливайся, если увидишь двоеточие или перенос строки.' ratio=45.0"
37,37,"text='Город взорвался в меня — так я написала рассказ о нашей встрече. Приблизительно тогда же появились «Три сирени» и «В гостях у смерти». Писать прозу казалась мне одновременно загадочной и привлекательной затеей. Поэзия я воспринимала изначально хорошо, но о прозе тогда не знала ни гвоздя. Мой первый прозаический опыт был высоко оценен окружающими, хотя сама я этому не верила. Я пригласила Зощенко посмотреть мою работу — он рекомендовал исключить некоторые части и одобрил остальное. Это вызвало мое удовлетворение. После ареста сына я уничтожила этот текст вместе с другими материалами архива. Мой интерес к художественному переводу был подкреплен работой после войны, когда я занималась переводом многих произведений. Я продолжаю эту работу и по сей день. В 1962 году завершилась поэма «Поэма без героя», над которой я трудилась двадцать два года. В весеннем прошлом году, накануне юбилея Данте, я снова услышала итальянскую речь во время поездки в Рим и Сицилию. Весной 1965 года я отправилась в Великобританию, откуда родом Шекспир: наблюдая английское небо и берег Атлантики, встретившись с давними знакомыми и приобретя новых друзей. Я ещё раз побывала в Париже. Я продолжала создавать стихотворения. Через них я ощущала свою причастность к времени и новым этапам жизни своего народа, воспринимая ритмы, характерные для выдающихся исторических событий своей родины. Мне повезло жить в этот исторический период и стать свидетелем исключительных событий.' ratio=0.05"
38,38,"text='Парень всего лишь так подумал: девушка сразу обернулась. Взгляд ее веселый, улыбается широко и полушутливо произносит: — Что ты Степан Петрович смотришь на девчонку бесплатно? За такое удовольствие необходимо платить. Подойди ближе, давай поговорим немного. Парень испугался, конечно, но виду не показывает, держится уверенно. Хотя девушка загадочная и сильная, однако она всего лишь женщина. А парню неловко проявить робость перед девушкой. Поэтому отвечает: — Нет времени общаться. Мы уже проснулись позже положенного часа, теперь идём искать нужную траву. Девушка снова рассмеялась и произносит: — Перестань притворяться! Я серьезно говорю — подойди сюда, у меня важное дело. Парень понял, что другого выхода нет. Подходит к девушке, а та жестом руки просит обойти каменистый край с другой стороны. Обогнув рудник, он увидел множество ящериц разных видов: зеленые, голубые с оттенком синевы, некоторые напоминают глину или песчинки с золотистыми пятнами; прозрачные, словно стекло или слюдяные пластинки; тусклые, похожие на увядшую траву, и красиво рисующиеся. Девушка продолжает смеяться: — Будь осторожнее, Степан Петрович! Ты такой крупный и тяжёлый, а они совсем маленькие. — Затем хлопнула в ладони, ящерицы мгновенно разбежались, освободив проход. Парень подошёл ближе, остановился и девушка вновь захлопала руками и произносит: — Сейчас тебе негде сделать шаг. Уничтожишь моих маленьких помощников — неприятности будут. Верни только валидный JSON-объект с текстом на русском и процентом идиоматичности.' ratio=37.0"
39,39,"text='Не взяли его на заводскую работу — слишком он был слабым, его силы не хватили даже на неделю работы. Приказчик отправил его помощником пастуха. Но и здесь Данилко оказался неподходящим работником. Мальчишка был старательным, однако постоянно допускал ошибки. Часто задумывался над чем-то своим. Увидит какую-нибудь травинку и уставится взглядом на коров, которые пасутся далеко. Старый пастух оказался добрым человеком, жалел сироту, но иногда сердился: — Что же получится из тебя, Данилко? Сам погубишь свою жизнь и заставишь меня отвечать за твои промахи. Как такое допустимо? О чём думаешь вообще? — Сам, дедушка, не понимаю… Просто смотрел немного. Видел маленькую букашку, ползущую по листочку. Она сама синенькая, а снизу желтые пятнышки видны, лист широкий, края острые, похожи на узор. Здесь лист кажется тёмным, а посредине ярко-зелёный, словно недавно покрасили… А букашка медленно движется. — Ты совсем глупый, Данилко? Разве тебе нужно изучать насекомых? Пусть ползёт дальше, а твоя обязанность следить за стадом. Предупреждаю, прекрати эти пустяки иначе расскажу обо всём приказчику! Только одно занятие удалось Даниле — научиться играть на рожке лучше старого пастуха. Получалось почти профессионально. Вечером после возвращения стада девушка просила сыграть песню: — Давай, сыграешь? — начинал он мелодию. Песни были необычные, звучали приятно, наподобие шума леса, журчания ручья или птичьего щебета. Женщины полюбили эти песни и стали помогать Даниле. Одни чинили одежду, другие отрезали ткань на портянки, третьи шили новые рубашки. За едой разговоров не возникало — каждая старалась угостить повкуснее и побольше. Пастух-старик также любил эти песни Данилы. Однако и тут случались неприятности: начал он играть музыку, забыв обо всём вокруг, словно коровы исчезли. Именно во время игры произошла беда.' ratio=51.0"
40,40,"text='Устроившись в хате, пришла крупная рыжеватая собака с черной полосой по всей спине, словно палка длиною в три человеческих плетенька. Под глазами её находились чёрные полосы, как если бы эти оправы очков изгибались под углом к зрачкам. Это выдавало её взгляд, похожий на вопросительный знак: «Почему ты зовёшь меня, хозяин?» Антипыч смотрел на неё особенным образом и сразу понял намерения: он приглашал её исключительно ради дружеского общения, забавы или игры. Травка почувствовала это и начала энергично энергично хлестать хвостом вверх, сначала непосредственно под себя, затем медленно склоняясь всё ниже и ниже, пока не улеглась на спину, выставив белый живот с двенадцатью темными сосками. Когда Антипыч лишь слегка вытянул руку, с целью почесать её, Травка внезапно встрепенула и запрыгнула к нему на колени лапами, затем начала чрезвычайно активную лизательную деятельность: в нос, щёки и губы. — Хватит, хватит, — сказал он, стирая слюну рукавом. Затем обласкал её голову, добавив: — Достаточно, возвращайся обратно. Собака развернулась и ушла во двор. — Так-то вот, ребята, — проговорил Антипыч. — Это Травка, охотничья собака, ей достаточно одного указания, чтобы понять суть дела, тогда как вы, неразумные, задаёте вопросы типа: «Где находится истина?» Хорошо, приезжайте сюда. Но если пропустите нужный момент, я расскажу обо всём Травке. Вскоре после смерти Антипыча началась Великая Отечественная война, и никому другим не удалось занять должность сторожа, что оставило жилище Антипыча в изолированном состоянии. Домик сильно износился, значительно превзойдя возраст своего владельца, и поддерживался специальными подпорками. Однажды ветер разрушил постройку, она тут же рассыпалась подобно карточному строению, которое легко рушится даже от слабого дуновения ребёнка. За один год высокие стебли растения Иван-чая пробились сквозь древесные элементы конструкции, оставив лишь небольшой земляной бугор, покрытый алыми цветками. Собака Травка переехала в картофельно-хранилище и приспособилась к жизни животного в лесных условиях.' ratio=28.0"
41,41,"text='Человек, который ни разу не видел, как растёт клюква, может пройти большое расстояние по болоту и не заметить, что она находится среди зарослей ягоды. Например, черника выглядит так: тонкий стебель поднимается вертикально вверх, вдоль него расположены небольшие зелёные листья, напоминающие крылья, и на концах листьев находятся мелкие чёрные ягоды, покрытые серым пухом. Брусника отличается ярко-красными плодами и тёмно-зелёными листьями плотной структуры, сохраняющими цвет даже зимой; часто эти ягоды настолько многочисленны, что поверхность земли выглядит окрашенной красным цветом. Ещё один типичный обитатель болот — голубика, обладающая крупными синими ягодами, растущими группой. Иногда в отдалённых районах встречается костяника — красновато-рубиновые плоды, расположенные гроздьями. Однако единственная ягода, которую сложно увидеть сразу, — это весенняя клюква. Она скрывается между комочками почвы и практически незаметна снаружи до тех пор, пока на небольшом участке не скопится значительное количество ягод. Тогда сверху видно нечто вроде случайно разбросанных красных точек. Когда человек наклоняется, чтобы сорвать одну ягоду, он обнаруживает, что она соединена тонкой нитью с целой группой аналогичных плодов. Можно аккуратно извлечь из почвы длинную цепочку крупных ярко-красных ягод.' ratio=10.0"
42,42,"text=""История началась с обычной прогулки по берегу, а затем она превратилась в интересное расследование. Немногословная идиома: 48-летняя жительница Новой Зеландии Нейша Ринд вместе с сыном десятилетнего Кеей гуляли по пляжу Ocean Beach, расположенному в центре курортного города Тайруа. В этот день серферы как всегда, регулярно посещали участок побережья на восточном берегу полуострова Коромандел, однако океан подарил им необычную находку, гораздо более ценную, чем хорошая волна. Это могло быть лишь предвестником загадочной истории. Найденная вещь — стандартная бутылка объемом один литр из-под виски Jack Daniel's, которую обломки древесины и морских отходов приливы выбросили на берег. Кея заметил необычный предмет, который он принял за покрытый водорослями камень или кирпич. Очистив бутылку от толстых слоев ракушек и соли, выяснилось, что это обычная бутылка из-под виски Jack Daniel's. Внутри лежал аккуратно сложенный бумажный лист, на котором было напечатано письмо. Бутылка была отправлена 17 февраля 2002 года. Автор сообщил свое имя — Джек, и упомянул, что занимался рыболовством недалеко от островов Олдермен (места лова поблизости от Коромандела). Текст текста сильно пострадал от воздействия морской воды. Письмо было напечатано на белой бумаге, и текст был напечатан черными буквами на фоне белого поля. Кея выяснил, что письмо не является шуткой или подсказкой к поискам — оно действительно отсылало к происшествию на островах Олдермен и рыбалке в 20-летней давности. Это было загадочным событием, которое напоминало известный роман Жюля Верна «Дети капитана Гранта». В книге герои также искали человека, следуя подсказкам из письма, попавшего в море. Такая находка всегда вызывает волнение и напоминает известные литературные произведения: роман Жюля Верна «Дети капитана Гранта». В романе герои также пытались найти человека, следуя подсказкам из письма, попавшего в море. Бутылка, в которой было напечатано письмо, была отправлена 17 февраля 2002 года и находилась на судне Новой Зеландии около двух лет. Плавание бутылки проходило через Тихий океан, а затем через Атлантический океан до острова Олдермен, где рыбаки встретили письмо и заметили следы рыбалки в 20-летней давности. Бутылка была отправлена от поселения Фермер на острове Альберт (входящем в состав Новой Зеландии) через Атлантический океан и Тасманово море до острова Олдермен. Бутылка была отправлена от поселения Фермер на острове Альберт (входящем в состав Новой Зеландии) через Тихий океан и далее через Атлантический океан до острова Олдермен. В этом месте рыбаки встретили письмо с подсказкой, указывающей на место рыбалки 20-летней давности. Бутылка была отправлена от поселения Фермер на острове Альберт (входящем в состав Новой Зеландии) через Тихий океан и далее через Атлантический океан до острова Олдермен. Бутылка была отправлена от поселения Фермер на острове Альберт (входящем в состав Новой Зеландии) через Тихий океан и далее через Атлантический океан до острова Олдермен. После того, как письмо было найдено, жительница Новой Зеландии Нейша Ринд разместила фото своей находки в интернете, надеждаясь на современные технологии для быстрого отклика отправителя. Пока что откликов не последовало. Социальные сети уже полны шуточек о том, что сейчас взрослому Джеку могло исполниться больше лет, он мог создать семью и давно позабыть о написанном письме."" ratio=6.2"
43,43,"text='После того как Игорь Краснов был назначен председателем Верховного Суда Российской Федерации, многие российские судьи прекратили свою деятельность из-за обвинений в коррупции и вынесения неправомерных судебных актов. О последних увольнениях сообщают аналитики агентства РИА Новости — как говорится, с каждым днем судей становилось все меньше. Стоит отметить, что первый случай увольнения произошел вскоре после вступления Игоря Краснова на должность председателя Верховного суда и был связан с полномочиями судьи Виктора Мамотова, чей статус был прекращен решением суда. После этого он же был оштрафован за то, что собственности государству — как говорится, 97 объектов стоимостью около 9 миллиардов рублей были переданы. Журналисты подчеркивают: на протяжении всего шестимесячного периода судей в разных регионах страны уволили несколько десятков человек. Напоминаем, что ранее президент России Владимир Путин предложил Совету Федерации кандидатуру генерального прокурора Игоря Краснова для избрания на пост председателя Верховного суда. Должность руководителя Генеральной прокуратуры занял Александр Гуцан, который является полномочным представителем президента Российской Федерации в Северо-Западном федеральном округе. Встретившийся с должностью председателя Верховного суда Игорь Краснов заявил: судебное решение должно подчеркивать, что любые проявления мошенничества не будут оставлены без внимания. Как говорится, реакция на все виды коррупции среди судей будет жесткой и решительной, независимо от их должностного положения.' ratio=38.0"
44,44,"text='Ученые разработали биопленку, словно ледок на море, не допускающую проникновения воздуха и водяного пара. Через месяц после использования данная упаковка исчезает бесследно. В мире повсеместно распространились пластиковые изделия; их выброс в мусорные полигоны или океаны требуют длительной переработки – сотни лет, что представляет собой значительную проблему. Ученые стремятся создавать биопластики из материалов, восстанавливающихся природой — продукт подобных пленок обычно недостаточно эффективно защищает от воздействия влаги и воздуха. Однако без такой защиты невозможен сохранение продуктов.' ratio=0.98"
45,45,"text='Эксперты утверждают, что у кошек — это как будто они обладают не просто чуткими ушами на подушечках ковычек, но и розовые волны слуха, способные поймать звуки за десять шагов. Их проникновенное обоняние — это как будто они одарили себя сверкающими сенсорами мха, выхватывающими запахи на расстоянии света; и глаза кошек — это не просто зрачки, а бинокулярные куполы, отражающие мельчайшие изменения в окружающей среде. Такие наблюдатели всегда готовы среагировать первым шажком на любые перемены хозяина: изменение голоса, запаха, поведения или выражения лица. Исследования подтвердили это — кошки действительно могут улавливать человеческие эмоции благодаря своим интуитивным способностям восприятия жестов, характера движений и интонаций речи.' ratio=15.0"
46,46,"text='Эволюционные траектории большинства современных штаммов данной бактерии раскололись примерно пять тысяч лет назад в период неолита, когда население преобразовалось к более оседлому образу жизни и начало активизировать взаимодействие между собой. Это положение могло привести к расширению ареала распространения и увеличению разнообразия патогенных микроорганизмов, передаваемых преимущественно капельной инфекцией и контактами. Стрептококк стрептококкус пирогенес был найден в останках людей, жителей Европы и Африы около четырёх тысяч лет назад.\n\nОднако один штамм выявленный в древней мумии Боливии мог обособиться ещё раньше – примерно десять тысяч лет назад. Возможно, это происходило задолго до прибытия европейцев, когда микрорганизмы могли проникнуть туда вместе с мигрантами из Сибири, которые двадцать двух тысяч лет назад преодолели Берингов пролив и начали постепенное заселение территории Северной Америки и затем Южной.\n\nДо изобретения современных антибактериальных препаратов скарлатина являлась одной из ведущих причин смерти детей и инвалидизации, нередко приводя к потере зрения и слуховых функций. До выяснения учёными бактериальной природы заболевания её симптоматика часто ошибочно принималась за проявления натуральной оспы или коревой краснухи. Эти инфекционные болезни традиционно рассматривались как патологии, связанные с колонизацией новых территорий: они появлялись среди переселенцев из Европы в Америку и оказывали губительное воздействие на местное население, иммунитет которого оказался неподготовленным к противостоянию указанным патогенам.\n\nОднако современные учёные полагают, что данная точка зрения является чрезмерно упрощённой и возможно даже ошибочной. Есть вероятность, что не только пиогенные стрептококки, но и многие другие микроорганизмы, вызывающие инфекционные заболевания, уже длительное время существовали в Америке, намного раньше прибытия туда первых европейцев. В пользу данного предположения свидетельствуют данные последних научных исследований, посвящённых возбудителям заболеваний, таких как сифилис и лепра.' ratio=1.0"
47,47,"text='Инженеры Ирбитского мотоциклетного завода были поручены создать не просто мотоцикл — они обязаны были сотворить транспортное средство, способное преодолевать скорость 150 км/ч без коляски и даже дарить лишь 120 км/ч в компании с ней. Подобные показатели для большинства советских мотоциклов середины ХХ века казались просто невероятными.\n\nРазработка новинки шла тайно и при ограниченных ресурсах. Первые тестовые экземпляры были изготовлены в 1963 году. Внешний облик оставался верным характеру «Урала», однако двигатель значительно усовершенствовался: объем увеличился до 1040 куб.см, а мощность поднялась до 50 лошадных сил. Для улучшения аэродинамических свойств был установлен специальный защитный кожух.\n\nТем не менее достичь заявленной максимальной скорости в 150 км/ч не удалось — фактическая скорость достигла 130–132 км/ч. Впечатление на окружающих было сильным, однако достижение такого результата стало возможным лишь за счет уникальных деталей и сложностей в поставках.\n\nНовый мотоцикл «Урал М-100» был выпущен ограниченным тиражом примерно 25 единиц, оборудованными колясками. Все экземпляры отправлялись в подразделения Госавтоинспекции СССР. Производство новых мотоциклов было невозможно из-за высокой стоимости разработки и дефицита производственных мощностей.\n\nНесмотря на это, проект оказался экспериментальным и эксклюзивным. Большинство оригинальных машин были утрачены, сохранялась только память о них среди немногих энтузиастов и коллекционеров.\n\nВ 1967 году было выпущено ограниченное количество новых мотоциклов «Урал Нео 500» — современного варианта классического мотоцикла. Новые модели оснащены рядным двухцилиндровым двигателем объёмом 446 куб.см, с жидкостным охлаждением и мощностью 35 л.с., пятискоростной коробкой передач с задним ходом. Внешний дизайн напоминает современные туристические мотоциклы, встроена светодиодная оптика и электронное табло для приборов.\n\nПроект «Урал М-100» демонстрил необходимость учета реальных возможностей промышленного производства. Сегодня Ирбитский завод сосредоточился на новейших технологиях и международном сотрудничестве, стремясь вернуть позиции в мире мотоциклетной индустрии.\n\nИстория проекта «Урал М-100» показывает масштабные амбиции технических решений и их связь с реальными возможностями промышленного производства.' ratio=38.0"
48,48,"text=""Комплектующие и внутренние элементы конструкции модели Truckster обеспечивают насыщенность звука и высокий уровень стабильности строя. Материал, из которого сделан корпус — красное дерево, а кленовый топ и вклеенный гриф из махагони, усиливающие резонанс и продлевают звучание, который высоко ценят музыканты жанра рок.\n\nС конструктивным решением с вклеенным грифом и установленными активными звукоснимателями EMG инструмент становится надежным на сцене и позволяет получать чистый, мощный звук без посторонних шумов. Инструменты, подписанные Хэтфилдом, известны высоким качеством изготовления и надежностью комплектующих.\n\nКомплект включает фирменный кожаный ремень Levy's профессионального качества и иллюстрированную книгу об истории Metallica. Такие наборы редко встречаются, поскольку большинство инструментов серии ESP японского производства приобретают коллекционеры через специализированные международные торги.\n\nФактические сведения о модели ESP Truckster:\nПятый инструмент для Хэтфилда, модель Truckster стала пятой подписной моделью, выпущенной ESP специально для Хэтфилда. База послужила корпусом модели ESP Eclipse, внешне схожим с известной гитарой Gibson Les Paul.\n\nДизайн автомобиля: Увлекающийся кастомными машинами и хот-родами Хэтфилд попросил разработчиков сделать новый инструмент в виде автомобиля. Его внешний вид, будто не успели полностью покрасить, стал отличительной чертой модели — без лакового покрытия и блестящей отделки.\n\nФальшивый переключатель: Тумблер сверху корпуса предназначен лишь для визуального соответствия рабочему функционалу. Реальная регулировка осуществляется с помощью нижнего переключателя.\n\nМногоуровневое покрытие: Для достижения эффекта состаренного внешнего вида на производстве ESP наносят несколько слоев краски (серого, черного и белого цветов), после чего покрытие частично стирается вручную. Это придает каждому инструменту индивидуальность, даже два экземпляра из одной производственной партии выглядят по-разному.\n\nВерни только валидный JSON-объект с текстом на русском и процентом идиоматичности."" ratio=38.0"
49,49,"text='Когда выявляется малозаметные недостатки дома, важно не пропустить сезон покупок на вторичном рынке, особенно зимой и поздней осенью — именно в этот период наиболее удобно скрыть подвохы с фундаментом. Такие «подводные камушки» могут перерасти в критическую ситуацию: трещины, серьёзные повреждения, нарушения технологии монтажа — все это способно привести к необходимости сносить здание и возобновлять строительство. Именно таковы часто встречающиеся причины, которые могут стать причиной продажи жилья на вторичном рынке. Это мнение руководителя строительной фирмы «Дом Лазовского» Максима Лазовского: «При покупке дома важно обратить особое внимание не только на видимые дефекты, но и на скрытые работы — такие как утепление, гидро- и пароизоляция. Не забывайте осматривать подвальные помещения; температура и влажность там могут быть крайне важными показателями качества выполненных работ».\n\nВ этом контексте важно оценить качество индивидуального жилищного строительства (ИЖС): неподходящий тип грунта для конкретного здания, неоправданное выбор сечения свай или фундамента, отсутствие обработки древесины против вредителей — все эти факторы могут угрожать долговременной прочности дома. В случае индивидуального строительства рекомендуется проводить осмотр вместе с квалифицированным специалистом, как отметил Максим Лазовский.\n\nКроме того, необходимо внимательно изучать разрешение на возведение дома и вид разрешённого использования земельного участка: объект не должен быть самовольной постройкой, и строительство жилых домов там запрещено. Кроме того, важно учитывать возможные негативные изменения окружающей среды — появление поблизости предприятий промышленности, свалок или новых транспортных магистралей. Для получения такой информации рекомендуется ознакомиться с генеральным планом развития вашего населенного пункта, который можно найти в открытых источниках.\n\nПодводя итог: умение выявить малозаметные недостатки дома — ключ к успешной покупке жилья и долгосрочному удовлетворению требований к комфорту и безопасности. Эти знания особенно важны в период активного поиска новой или уже имеющейся недвижимости, как подчеркнул Максим Лазовский.' ratio=38.0"
50,50,"text='Продуктом, несправедливо подвергшимся критике со стороны диетологов, стал обычный белокочанак или мангольд — в течение длительного времени эти зеленцы использовались преимущественно лишь для придания блюдам свежести и яркого окраса. В наше время среди европейцев стали популярны различные блюда из свёклы и её листьев, которые не только придают блюдам великолепный цвет, но и богаты полезными свойствами: высоким содержанием железа, витамина C и йода, приятным вкусом и отсутствием горечи. Свёкла содержит важное и полезное вещество — бетаин, согласно мнению врача-диетолога Светланы Бережной. Этот вещества препятствует накоплению излишних жиров и способствует лучшему усвоению полноценного белка.' ratio=9.0"
51,51,"text='Росреестр Санкт-Петербурга представил отчет о первом квартале 2026 года. Начальный период года стал необычным для рынка недвижимости: ипотечные кредиты и договора долевого участия набрали обороты, в то время как сделки на вторичном рынке практически не проходили. Наиболее активно развивался сектор ипотеки — в январе-марте 2026 года зафиксировано 28 346 ипотечных соглашений, что на 14% больше аналогичного периода прошлого года. Увеличение числа ипотечных займов говорит о том, что покупатели продолжают приобретать недвижимость, несмотря на высокие процентные ставки и ограниченный спрос на рынке. На первичном рынке также отмечен рост — в январе-марте 2026 года заключено 10 299 договоров долевого строительства, что на 10% больше, чем в первый квартал прошлого года. Однако общий объем сделок купли-продажи жилых объектов увеличился только незначительно — разница между зарегистрированными правами собственности и договорами купли-продажи составила всего 257 единиц, что означает, что в январе-марте 2026 года права на 21 890 объектов, в то время как годом ранее — на 21 633. Однако важно отметить, что в январе текущего года количество договоров долевого участия в строительстве увеличилось почти в полтора раза — число договоров за этот месяц достигло 4262, увеличившись на 57 по сравнению с аналогичным периодом прошлого года (с 2707 до 2764). В январе-феврале 2026 года в Санкт-Петербурге было зарегистрировано 8601 ипотечный договор, тогда как за январь прошлого года — 6664. Как видите, на вторичном рынке произошли заметные изменения: недвижимость становится все более привлекательной для держателей средств, хотя спрос на рынке остается неоднородным.' ratio=0.98"
52,52,"text='Когда государством был отменен льготный кредит для индивидуального жилищного строительства, множество компаний, одновременно занимавшихся несколькими проектами, были вынуждены столкнуться с финансовыми трудностями и прекратить свои дела. Генеральный директор компании «Загородная недвижимость Урала», Александр Свитеньков, сообщил о том, что из более чем тысячи предприятий, ранее работающих в сегменте ИЖС Екатеринбурга, лишь около 40 продолжают функционировать и получают доступ к проектному финансированию. Сегодня средства банковских кредитов (примерно от 50 до 100 миллионов рублей) недостаточны для поддержания предыдущих объемов строительства.\n\nСвитеньков привел пример: несколько лет назад наша компания возводила сто домов ежегодно, а всего лишь в прошлом году построено было только 28 домов, и на текущий год заключено договоры на строительство 12-15 домов. Из-за снижения объемов строительства пришлось сократить персонал: численность сотрудников офиса снизилась от 37 до 10 человек, а количество работников на строительной площадке уменьшилось с 400 до 50-80.\n\nПо словам Свитенькова, многие участники рынка теперь имеют убытки из-за высоких темпов инфляции и банкротств. В то же время Эдуард Богданов отметил, что стоимость загородной недвижимости выросла примерно на 15,2% в 2025 году, однако дальнейший рост был приостановлен.\n\nНо Богданов также подчеркнул, что сегмент ИЖС сможет возобновить свой рост к 2027-2028 годам после снижения ипотечных ставок. Это позволит увеличить число покупателей, что в свою очередь способствует укреплению позиций компаний с эффективным управлением и достаточными ресурсами.\n\nАлександр Игнатов отметил, что рынок перешёл из этапа хаотичного развития к более стабильной фазе. В будущем успех обеспечат не просто комплексные застройки, а предложения комплексного продукта для конечных потребителей: это земельный участок с подведёнными коммуникациями и инфраструктурой, либо комбинированное предложение вида «земельный участок и жилой дом».\n\nНо для реализации крупных комплексных проектов необходима не только финансовая поддержка застройщиков, но и государственных структур: они должны обеспечить инфраструктуру дорог и инженерных сетей. Однако пока такого объёма поддержки не наблюдается в полном объёме.\n\nВ общем, рынок выходит из этапа хаотичного развития в более стабильную фазу. Будущее успеха принадлежит компаниям с эффективным управлением и достаточными ресурсами, которые предлагают комплексные предложения для конечных потребителей.' ratio=39.2"
53,53,"text='Угроза квантовых технологий разделила сообщество пользователей биткоина на две основные группы: тех, кто поддерживает добровольное внедрение новых механизмов защиты, и тех, кто призывает принудительно ограничить обращение наиболее уязвимых активов. Сообщество биткоинеров столкнулось с серьёзным идейным противоречием последних лет: разногласия среди разработчиков обострились после того, как вопрос обеспечения безопасности сети от потенциальной угрозы квантовых компьютеров превратился в актуальный вопрос. Адам Бэк из компании Blockstream предложил внедрение новых защищённых механизмов, предлагая пользователям перейти на них добровольно. Джеймсон Лопп же, разработчик и основатель проекта Casa, выступил с инициативой ограничить обращение миллионов биткоинов в долгосрочном хранении, включая активы, возможно, принадлежащие Сатоши Накамото. Вопрос перешёл из теории в практику после публикации результатов исследований специалистами компании Google в марте текущего года. Учёные представили методики и подходы, значительно снижающие затраты на вскрытие криптографических схем, обеспечивающих безопасность сетей биткоина, эфириума и других цифровых валют. По их оценкам, высокопроизводительные компьютеры способны выполнять подобные атаки раньше прогнозируемых сроков — не к середине 2030-х годов, а уже в ближайшем будущем. Эти исследования указывают на угрозу для миллионов единиц цифровой валюты старого образца, принадлежащих различным участникам рынка, включая и предполагаемые накопления основателя криптовалюты Сатоши Накамото. По данным исследований Google, общая сумма таких активов составляет около 2,3 миллиона биткоинов, что эквивалентно примерно 170 миллиардам долларов США по состоянию на апрель 2023 года. Квантовые атаки представляют собой возможность восстановления закрытого ключа пользователя по открытому: это превращает криптографические схемы в уязвимые точки для взлома. Первый сценарий предполагает, что злоумышленник выявляет адреса с уже раскрытыми ключами и получает доступ к активам через расчёт соответствующего закрытого ключа. Второй вариант развития событий заключается в перехвате транзакции до её добавления в блок цепи, когда злоумышленник получает открытый ключ, вычисляет закрытый и замещает оригинальную транзакцию собственной. Этот метод атаки чреват не только ущербом для старых активов, но и любым обычному переводу внутри системы.' ratio=5.0"
54,54,"text='Семь знаменитых сталинских башен привлекают внимание жителей Москвы, российских и иностранных туристов. В ходе экскурсии по столице, основанной на семи холмах, рассказывается о строителях и архитекторах, сотрудниках органов госбезопасности, особенности оформления садов и фонтанов, а также причине того, почему рекомендуется подойти к главному зданию МГУ со счетчиком Гейгера. По словам руководителя туристической компании ""Незабываемая Москва"", такие экскурсии чаще заказываются россиянами, реже иностранцами. В самих башнях проводятся лишь отдельные организованные посещения, поскольку некоторые здания имеют особый режим посещений и пропускную систему.' ratio=38.0"
55,55,"text='На круглом столе на тему «Кадры для роботизации: как подготовить инженеров будущего» председатель партии «Новые люди» Алексей Нечаев сразу приступил к обсуждению конкретных вопросов и начал с вопроса о том, как создать систему распознавания лиц. Он отметил, что даже если у кого-то есть мнение, что всё это чепуха, существуют вещи, которым ещё предстоит научиться. Затем он сообщил, что участники мероприятия обладают знаниями о роботизации, включая особенности влияния её на язык русский. По мнению докладчика, комментарии к его выступлению были излишними, поскольку тема была ясной и понятной. Когда говорят об этом вопросе, обсуждение наличия или отсутствия альтернатив зачастую отходит на второй план. Это связано с тем, что ранее использовался дешёвый человеческий труд, стоивший около 20 тысяч рублей в месяц. Теперь такого уровня оплаты труда больше не существует: работники смогут получать большую зарплату. Следовательно, нужно принять, что прежняя оплата труда на уровне 20 тысяч рублей уже не имеет смысла, поскольку человеческое достоинство нельзя оценивать деньгами. После чего Нечаев привёл пример своей компании «Фаберлик»: за последние десять лет благодаря постепенной автоматизации и роботизации производственный процесс стал эффективнее почти в двадцать раз. Зарплата сотрудников, занятых в работе, увеличилась примерно в три раза. Однако докладчик подчеркнул, что речь шла только о работниках, продолжавших свою деятельность после внедрения автоматизации. Обсудив эти данные, он заметил, что значительный рост производительности труда сопровождался лишь трёхкратным увеличением заработной платы.' ratio=0.98"
56,56,"text='АДРИАН ЛАХДО — молодой защитник шведского происхождения, оцениваемый на рынке в миллион евро, привлёк внимание итальянского клуба «Комо», перейдя с суммы в двенадцать миллионов евро. В возрасте только 18 лет Адриан уже имел значительный опыт выступлений за сборные команды Швеции разных возрастных категорий: он был лидером юношеской команды и сейчас играет ключевую роль в составе молодёжной национальной армии. Несмотря на свой относительно молодой возраст, опыт выступлений за «Хаммарбю» всё ещё был небольшим — всего лишь около двадцати матчей за основную команду и семь за вторую команду во второй лиге. В сезоне 2025 года Адриан провёл несколько игр в основном составе клуба и в его втором дивизионе, что стало поводом для интересных наблюдений со стороны специалистов. По их мнению, такие показатели всё ещё не были достаточными, чтобы привлечь внимание больших команд из высоких лиг. Однако благодаря удачному контракту с «Комо», игрок сумел вырваться на более видимую сцену и завоевать признание скаутов из итальянского футбола.' ratio=0.0"
57,57,"text='Профессиональное исследование рынка игровых консолей было проведено компанией DFC Intelligence, результатов которого удивили аналитики издания VentureBeat. Как показали выводы специалистов, новая модель Nintendo Switch 2 может занять лидирующие позиции на рынке в ближайшие годы — предположение подкреплено двумя ключевыми факторами: растущим интересом пользователей к персональным компьютерам и запуском эксклюзивных видеоигр. Эксперты считают, что устройство обладает отличными рыночными перспективами благодаря высокому потребительскому спросу на компактные игровые устройства. Особенно важно то, что основные конкуренты — компании Sony и Microsoft — не предлагают аналогичных моделей.' ratio=7.0"
58,58,"text='Компания «Балтийская коммерция» купила участок площадью около 5,5 тыс. м² на Новгородской улице, д. 14 весной 2024 года. Перед этим земля принадлежала бизнес-центру класса С, а рядом находился жилой комплекс «Форсайт», тоже эксплуатируемый компанией. «Балтийская коммерция» активно вносит свой вклад в развитие исторического центра Санкт-Петербурга с 1990-х годов. В числе последних реализованных проектов — реконструкция советского лицея на Приморском проспекте и строительство премиального жилого квартала вблизи станции метро «Чкаловская». Район Песков считается одним из наиболее престижных, однако после 2010 года здесь стали появляться не только элитные, но и бизнес-классовые новостройки. Земли для строительства в центре города уже почти исчерпаны, а спрос на элитное жилье продолжает расти. В центральной части Санкт-Петербурга появился два новых жилых комплекса общей вместимостью 448 квартир: премиальный «Моисеенко 10» и объект бизнес-класса N8. Среди других проектов — ЖК ПСК и реконструкция Мытного двора. Значительные территории для новых строек остаются только в районе площади Возрождения и улицы Черняховского, где компания «ТГК-1» планирует запустить крупный проект редевелопмента Центрального теплового энергетического комплекса. Проект предполагает создание общественного пространства, связанного с городской застройкой и набережной. Уже одобрен первый этап, включающий зону отдыха и заведения общественного питания.' ratio=0.95"
59,59,"text='Три основных гонкинга-югра усердно борются за золотые медали Олимпиады. Специалисты выделяют наряду с командами Швейцарии и Швеции сборную Швейцарии, которая стремится стать чемпионом уже несколько лет. В прошлом году она достигла финала двух последних турниров. Возможно, домашняя арена даст ей дополнительные плюсы в борьбе за победу. Напомним: на Олимпийском турнире Швейцария будет выступать практически весь ее хоккейный штифат — от легендарных до звездных игроков, включая Романа Йоси.' ratio=14.0"
60,60,"text='Бычья акула — наследница ужасающей агрессивности. О белом виде вы уже не раз читали и слышали о его жестокости. Однако ни один из этих хищников не приспособлен к жизни в Черном море, независимо от доступной возможности для этого. Воды черного моря — настоящий кладбище для акул: они предпочитают более теплые и соленые воды. Это следствием является их исключительное избегание холодных сред, где большинство видов рыбы существуют в малых количествах. Алюминиевое море Черного моря — угрюмый уголок для акул: они не любят низкую соленость воды и расточительное содержание газа сероводорода. Кроме того, в Черном море слишком много кораблей на Босфоре, которые привлекают внимание этих хищников. И лишь небольшие виды акул — декоративные виды катран и кошачья акула — похожи на их реального собрата, но не представляют угрозу для людей. К счастью, до сегодняшнего дня мы не наблюдаем ни одного случая захвата этих хищников людей в Черном море, хотя это теоретически возможно.' ratio=4.0"
61,61,"text='В ноябре 1916 года строительство Великого Северного пути включили в программу государственного железнодорожного строительства. Было предпринято всего пять попыток реализации проекта за сто лет — не считая его возобновления при Сталинградской битве, когда рельсы были демонтированы и использовались для поставок в условиях войны. Первую попытку осуществить в конце 1920-х годов вызвало новое правительство, которое привлекло иностранное капиталование из-за недостатка бюджетных средств на подобные работы. Приостановление работ для аналитической оценки ситуации в стране показало, что реальное выполнение проекта стало невозможным в условиях экономического кризиса. Вторая попытка возникла в 1930-х годах, когда строительство Байкало-Амурской железнодорожной магистрали было запущено собственными силами. Изучение восточных участков проекта началось именно тогда — и это стало прямым следствием принятого решения. Работники столкнулись с чрезвычайно сложными условиями ведения работ в труднопроходимых лесах, но за годы удалось построить сотни километров путей. В 1941 году пришлось демонтировать уже установившиеся рельсы для доставки военных материалов на Волге под Сталинградом. Позже в этих лесах появились железнодорожные пути, использованные в оборонительных целях. Третья попытка вышла в 1950-х годах, когда был предпринят серьезный тур построения Трансполярной железной дороги от Салехарда до Игарки. Несмотря на стремительное развитие техники и инженерных решений, проект закрыли из-за неблагоприятных природных условий: особенности климата, вечной мерзлоты и болотистых территорий. В 1970-е годы Байкало-Амурская магистраль стала восьмитысячной стройкой десятилетия — на Восточной части трассы действительно были выставлены инженерные решения и трудолюбие советских специалистов, а на Западной же осталась нереализованной. Настоящее время внесло свои коррективы: к 2025 году ученые представили отчет о перспективах реализации проекта. Ситуация оказалась сложной: стоимость строительства Великого Северного пути составляет около пятидесяти триллионов рублей, что делает его несвоевременным в условиях современных экономических условий.' ratio=0.95"
62,62,"text='В Москве сбылась новая модель мошенничества — через банкоматы Сбербанка. Терпевшая Мария Беликова рассказала об этом «Общественной службе новостей»: она посетила Сбербанк, использовала бесконтактную карту Visa Gold в банкомате. В соответствии с нормой процедуры, устройство запросило PIN-код — и после его ввода была списана сумма в 5000 рублей на мобильный номер телефона неизвестного оператора «Билайн». Терпевшая не подтвердила транзакцию: она узнала о ней, когда получила СМС-сообщение. В ответ банк сообщил, что средства списались через функцию Сбербанк Онлайн через банкомат. Банковские карты женщины немедленно были заблокированы, и ее обещали выпустить новую карточку взамен старой.' ratio=6.375"
63,63,"text='Информационные потоки и структура управления школами в настоящее время испытывают серьезный недостаток: они не способны обогащать дискуссии о «цифровизации» глубиной содержания, ограничиваясь лишь громкими заявлениями. Ситуация ухудшается, когда культурное взаимодействие между людьми истощено и превращено в доминирование финансовых ценностей, что непосредственно влияет на воспитание молодого поколения. В такой среде система школьного образования теряет свою эффективность, поскольку старые образовательные учреждения не могут адекватно передать знания и формировать будущие гражданские лидеры.\n\nРуководители образовательных учреждений сталкиваются с серьезными трудностями в условиях противоречий: они должны учитывать реальную ситуацию в школах, а также претензии вышестоящих инстанций. Эти противоречия вызывают конфликты внутри сознания руководителей школ и приводят к стрессу и дезориентации.\n\nЭти трудности становятся очевидными для многих экспертов, которые отмечают невозможность одновременного выполнения взаимоисключающих задач. Так как ситуация крайне затруднительна, то многие специалисты и исследователи обращают внимание на несоответствие между реальностью в школах и требованиями высшего руководства.\n\nПрирост информации создает дисбаланс между различными сферами деятельности: отсутствие должного уважения к старшим и специалистам приводит к доминированию финансовых ценностей, что в свою очередь влияет на воспитание молодого поколения. Таким образом, ситуация выглядит как взаимоисключающие требования со стороны руководителей школ и высшего управления.\n\nДля решения этой проблемы требуется не только инновационные подходы к управлению информационными потоками, но и комплексная реформа школьного образования. Только тогда можно надеяться на эффективное взаимодействие между различными уровнями управления и воспитательной деятельности. Это требует диалога, включающего всех участников процесса: от родителей до высокопоставленных чиновников.\n\nВ заключение стоит отметить, что ключ к успешному решению проблемы состоит в создании условий для взаимного уважения и сотрудничества. Это необходимо, чтобы восстановить равновесие между образовательными учреждениями и их учениками, а также улучшить эффективность школьного образования в целом.' ratio=25.0"
64,64,"text='Передаю хорошие новости любимой газете: многолетняя мною оказанная помощь беспрейзорным животным сегодня вынуждена приять с уверенностью, что количество людей, поддерживающих меня, существенно увеличилось благодаря публикации материалов в «Новороссийском рабочем». На страницах газеты я рассказала о своем волонтерстве и заставила заложить знакомство с неравнодушными людьми, многие из которых помогали мне. Например, акция «Сдать макулатуру — обеспечить питание беспрейзорных животных» получила поддержку учеников множества городских школ. Учащиеся, сдавая макулатуру, вносят вклад в сбор средств на корм животным и одновременно учатся полезной информации о переработке вторсырья. Они начинают понимать различия между материалами: почему, например, картон тяжелее, но имеет меньшую стоимость. В «Марафоне инициатив», организованном депутатом ЗСК А.Н. Карапенко, мы вышли на новый этап взаимодействия со школьниками. В школьных учреждениях установят специальные ёмкости для сбора пластиковых отходов, которые тоже отправятся на переработку. Полученные деньги пойдут на куплю еды и медикаментов для животных, находящихся под нашей опекой. Сбор пластика стал новым этапом деятельности нашего объединения: я сама выяснила много нового, узнав, что не вся пластмасса подходит для переработки. Школьники же получают новые знания, проявляя большой интерес и легко усваивая материал. Возможно, кто-то из них станет экологом в будущем, но главное — дети вырастут хорошими людьми, заботливыми и внимательными к животным. Это стало очевидным, когда я заметила первого класса, серьезно объясняющего старшему товарищу, что нельзя бросать бумажный мусор в общий контейнер. Ребенок отвел друга к правильному контейнеру, чтобы «собранная бумага помогла прокормить голодающих кошек». Часто задают вопрос: сколько макулатуры потребуется сдать, чтобы приобрести корм? Один кубометр бумаги принесёт доход около 4,5–5,5 тыс. рублей. Килограмм корма сейчас стоит примерно 550 рублей. Для полноценного питания всех животных на один приём пищи требуется около 15 кг корма. Следовательно, ещё предстоит большая работа по сбору средств на обеспечение животных питанием. Несмотря на это, даже однодневный запас является значительной помощью. Верни только валидный JSON-объект с текстом на русском и процентом идиоматичности.' ratio=37.0"
65,65,"text='Работодатели замечают скепсис молодежи по отношению к трудовому сектору. Владельница магазина корейской косметики Татьяна Вакарчук утверждает, что студенты сразу высказывают свои требования ко всем условиям работы: желаемый график, зарплату и дополнительные бонусы в виде скидок на товары. Однако такие меры не способствуют стабильному присутствию студентов на рабочем месте — они могут регулярно опаздывать без предупреждения или внезапно прекращать сотрудничество без объяснений причин, что отнюдь не устраивает работодателей. Студенты предпочитают комфортные условия и интересную деятельность — ранний подъем, длительная смена в торговом центре, общение с клиентами и продажа товаров вызывают у них неприятное чувство. Они не стремятся к заработку, превышающему необходимое для обеспечения базовых потребностей. По сути, их принцип жизни заключается в том, что лучше не ходить на работу, чем заниматься деятельностью, причиной которой является дискомфорт.' ratio=6.0"
66,66,"text='Министерство транспорта выпустило стандартный образец правил для пассажиров метрополитена, который рекомендует запретить пассажирам вести с небольшими детьми в детских колясках. Эту идею разработали и представили 19 апреля на сайте нормативных правовых актов. В документе также предложено ограничить использование детских коляшек, быстро преодолевать движущиеся лестницы-эскалаторы или осуществлять съемки на профессиональной аппаратуре, а также не размещать ручную кладь в местах для стоянки и на станциях. Проект ограничивает использование беспилотных летательных аппаратов в метро. Кроме того, уточнили, что все эти меры должны предварительно проходить с инвалидами, пожилыми людьми, родителями с детьми и беременными женщинами по приоритету. Министерство транспорта объявляет о том, что указанный нормативный акт начнет действовать после вступления в силу ФЗ № 442-ФЗ «О внеуличном транспорте и внесении изменений в отдельные законодательные акты Российской Федерации», то есть с 30 декабря 2018 года.' ratio=7.0"
67,67,"text='Мем, который захватил воображение подростков по всему миру, не обладает четким иероглифическим смыслом. Он возник в песне исполнителя Skrilla «Doot Doot (6 7)», где цифры шестнадцать-семь использованы исключительно для соблюдения ритма и звучности. Согласно другой точке зрения, фраза связана с ростом баскетболиста Ламело Болла — примерно 201 см. Мем стал популярным благодаря связанному с ним характерному движению рук: обе кисти поднимаются и опускаются попеременно. В 2025 году издание Dictionary.com признало слово «six-seven» одним из наиболее распространённых, однако авторы энциклопедии не смогли предложить ясной трактовки термина. Термин «67» — типичный пример бессмысленного мема, приводящего человека в смятение и вызывающего трудности восприятия. Однако именно такая бессмыслица привлекает молодёжь и заставляет её чувствовать себя частью определённой культурной группы.' ratio=0.98"
68,68,"text='В декабре 2022 года Владимир Путин предложил правительству использовать средства Фонда национального благосостояния (ФНБ) для финансирования льготного лизинга воздушного и водного транспорта. Программа поддержки лизинга гражданских воздушных судов рассчитана до 2030 года и предусматривает совместное финансирование поставок на рынок более 450 самолётов и 460 вертолётов, сообщили представители ' ratio=71.0"
69,69,"text='Многие стремятся обеспечить финансовую независимость, вкладывая капиталы в банки ради получения процентов от инвестиций. Эксперты предостерегают: накопленный капитал постепенно уменьшается из-за налоговых отчислений и инфляции. Каждый день ты можешь переводить значительную сумму на депозит, но расчеты специалистов Сбербанка и Т-Банка показывают, что для обеспечения среднего уровня доходов страны необходим вклад размером от 13 до 18,9 млн рублей. Однако, человек склонен воспринимать банковские вклады как надежную защиту от экономических рисков, что ошибочно. В действительности такое вложение способно привести к потере реальной стоимости накопленного капитала: без регулярных инвестиций прибыль фактически остается прежней. Главная проблема российских бизнесменов заключается не столько в размере процентной ставки, сколько в ее соотношении с уровнем инфляции. По словам экспертов, если тратить всю полученную прибыль, покупательская способность средств постепенно снижается: при ставке 10% годовых и инфляции 5% реальная доходность составит всего 5%, а расходование всей прибыли приведет к ежегодной утрате 5% накоплений. Через десять лет такой стратегии купленная продукция обойдется вдвое дороже, и идея комфортного существования превратится в путь к снижению жизненного уровня. Существуют дополнительные препятствия для сохранения капитала: налог на доходы по вкладам не облагается, если суммы не превышают 160 тыс. рублей, а остальные средства подлежат налогообложению по ставке 13–15%. Система страхования банковских вкладов ограничивает возмещение максимумом 1,4 млн рублей, что делает размещение значительных сумм менее безопасным. Для защиты больших капиталов требуется распределение средств между множеством финансовых учреждений, усложняющим процесс управления финансовыми ресурсами. Поэтому специалисты рекомендуют рассматривать различные инвестиционные инструменты помимо банковских вкладов: облигации, недвижимое имущество, ценные бумаги, учитывая текущие рыночные условия.' ratio=6.0"
70,70,"text='Журналист издания «Новороссийский рабочий» изучила предложения работы на одном из распространённых веб-порталах для кадровых операций. Она обнаружила, что вакансии разместили для официантов кафе и ресторанов, а также горничных в банном комплексе. Средняя зарплата за рабочую смену составляет от 3 до 4 тысяч рублей, что приносит месячный доход от 50 до 65 тысяч рублей. В ресторанах, где работает повар-мангальщик, годится получить вознаграждение до 5200 рублей за смену — вполне достаточно для обеспечения оптимального уровня жизни. Для работников быстрого обслуживания требуется кандидат с универсальным набором навыков: готовить блюда и обслуживать клиентов, что позволяет получать зарплату в пределах 80 тысяч рублей ежемесячно. Умение быть универсалом также оценят повара-универсалы — их заработок составит от 75 до 95 тысяч рублей, в зависимости от профиля работы и квалификации. Дополнительно для всех этих категорий сотрудников предоставляется бесплатное жильё.' ratio=10.0"
71,71,"text='На текущей неделе город Астрахань был окружён множеством проблем, как в песне Океана Альфы: “И тут улица сгорает, и люди начинают мерять шагами свой путь”. Глава регионального правительства, ответственный за решение данных вопросов, решил временно покинуть город. Местные жители были рады, что чиновник подал голос — ушли в отпуск, а не стал бы мешать их жизни. Это событие привлекло внимание журналиста Александра Алымова, который проживает в Астрахани и следит за развитием событий с интересом. Александр отметил: в регионе накопилось множество не решённых вопросов. Жители столкнулись с серьёзными трудностями — особенно среди фермеров. Министр сельского хозяйства Пашаев даже не удосужился принять во внимание мнение местного населения, что вызвало недовольство жителей Астрахани и даже привело к протестам. Жители Астрахани возмутятся при виде выделенных полос для общественного транспорта, предложенных руководителем кабинета министров — они вызвали серьёзные проблемы с трафиком. Чиновники отнеслись к этим протестам как к обычным делам и не пытались найти решение проблемы. В поселке Володарский район воды в домах недостаточно, особенно летом, когда стоит зной. Эти сложности лишь частью существующих проблем региона. Ситуация требует немедленного решения — но она пришла к тому, что чиновники просто уходят на отдых. Александр Алымов подчеркнул это: “Население не может найти волшебную таблетку или панацею от этих проблем, и зачастую правительство лишь суетится вокруг проблемы, забывая о реальных нуждах граждан. Надеюсь, что ситуация изменится к лучшему”.' ratio=0.97"
72,72,"text='Цена яиц в Астрахани продолжает расти, подобно тому как на ноябрь 2013 года, когда розничная цена на яйца увеличилась на 125%, а оптовая - на 116% — это было связано с заявлением губернатора области о повышении цен и последующим принятием мер для снижения стоимости товаров. Тогда, согласно данным регионального министерства экономики, стоимость десятки яиц выросла до 79,55 рублей, что в ряде точек торговли превышало этот уровень. Причины роста цен остаются неясными, тем не менее, ситуация напоминает тенденции предыдущего года. В то же время, за прошедший период Астраханьстат сообщил о повышении цен на некоторые другие продукты питания: помидоры поднялись на 3,5%, бананы — на 3,2%. При этом лук, капуста, морковь, яблоки и картофель стали немного доступнее в сравнении с предыдущей неделей. Важно отметить, что эти изменения происходят во время сложной экономической ситуации в регионе, когда стоимость многих товаров продолжает расти, что вызывает обеспокоенность потребителей.' ratio=15.0"
73,73,"text=""Диагностика редких болезней требует значительных временных затрат, как показали исследования Стэнфордского университета. По их данным, у квалифицированного медицинского работника требуется около 20-40 часов для установления точного диагноза пациенту на основе симптомов и генетического профиля. Врач анализирует более ста подозрительных генетических изменений, проверяет возможные причины патологии по актуальным научным публикациям и переходит к следующему варианту, если предыдущий оказался неверным. Джилл Бежерано разработала специализированную программу Frank (от слов 'фенотип' и 'ранг'), предназначенную для автоматизации процесса диагностики. Это приложение способно сократить затраты времени на 90% и уменьшить расходы путем уменьшения рабочего времени врачей. Frank сравнивает клинические признаки и генетические показатели пациента с обширной базой медицинских публикаций, что позволяет представить результат в виде упорядоченного перечня редких наследственных заболеваний, предположительно вызвавших симптоматику пациента. Благодаря этому врач получает конкретную информацию, с которой удобно начинать дальнейшую диагностику."" ratio=7.0"
74,74,"text='Форма необычного астероида Оумуамуа вызывает ученых значительный научный интерес — его высокая скорость вращения и химический состав предлагают возможность впервые исследовать космическую среду, через которую этот объект двигался миллионов лет. Этот астероид стал центральным предметом исследования для многих астрономических группировок. Основное внимание уделяется изучению его химического состава и структуры благодаря возможности получения первых сведений о месте и условиях формирования космического тела, находящегося в Солнечной системе. При этом интерес к исследованию Оумуамуа также связан с тем, что человечество обладает опытом запуска автоматических аппаратов к кометам и астероидам.' ratio=7.0"
75,75,"text='В начале апреля 2026 года Россия продемонстрила заметный скачок в вывозе зерна, хотя численность стран-покупателей по-прежнему уменьшилась. По информации Российского зернового союза, ранее в этот же период зерно было отправлено в 14 государств, а теперь лишь в 11. Однако объемы поставок увеличились: с первого по десятое апреля текущего года было вывезено более полумиллиона тонн пшеницы — на четверть больше показателя аналогичного периода прошлого года. Общие объемы экспорта всех ключевых зерновых культур возросли почти в два раза, достигнув около миллиона тонн. Эксперты подчеркнули значительное увеличение поставок в ключевые страны-партнеры: пшеница в Египет вывозилась более чем на четыре раза больше (до 172 тысяч тонн), а в Турцию — примерно на полтора раза (до 146,5 тысяч тонн). В Кению отмечается четырехкратный рост объемов отправки зерна. Индия же продолжает свои закупки российской нефти независимо от американского решения о продлении санкционных мер, — сообщают информагентства. Несмотря на это, 11 апреля закончится тридцатидневный период временного освобождения российской нефти от действий США.' ratio=6.0"
76,76,"text='Информация о конфликте появилась за два дня до вылета в Милан. Большинство комментаторов стали утверждать, что ситуация представляет собой заговор против российского гражданина («ведь ранее он выступал под ту же музыку, и никаких проблем не возникло»). Однако для объективной оценки инцидента необходимо воздерживаться от эмоциональных реакций и рассматривать ситуацию исключительно с точки зрения действующего законодательства в области спорта и управления спортивной деятельностью. Конфликт возник из-за претензий владельцев авторских прав на использование музыкального произведения. При современном уровне развития медиаиндустрии и строгих правил защиты интеллектуальной собственности подобные требования являются обычной юридической практикой, а не проявлением враждебности или внешнего давления. Музыкальные сопровождения выступлений спортсменов высокого класса имеют юридический статус объектов авторского права. Использование музыкальных произведений в коммерчески транслируемых соревнованиях международного масштаба обязательно должно предварительно согласовываться. Очистка авторского права является обязательным этапом подготовки любой программы. Игнорирование данного вопроса или надежда на отсутствие санкций недопустимо и противоречит современным правилам проведения спортивных мероприятий. Публичное исполнение музыкальных произведений, особенно сопровождаемое телевизионной трансляцией, обязывает организаторов соблюдать условия лицензирования музыкальных композиций. Если владелец прав запрещает использовать произведение, спортивная федерация должна следовать его требованиям, чтобы избежать финансовых рисков и неприятностей со стороны международных организаций. Анализ ситуации показывает, что проблема возникла не вследствие действий извне или какого-либо внешнего влияния, а из-за недостатков организации внутри команды. Спортсмен такого уровня тренируется целым коллективом специалистов, среди которых имеются юристы, обеспечивающие соблюдение правовых норм и контролирующие выполнение всех требований закона. Поиск виновных вне команды неэффективен, поскольку причины конфликта связаны с недостаточной профессиональной подготовкой внутри самой команды. Решение вопросов, касающихся авторского права, должно осуществляться заранее, еще на стадии разработки программы. У команды фигуриста были все возможности предвидеть риск использования зарубежных музыкальных произведений в текущих политических и юридических условиях. Надежды на удачное стечение обстоятельств или пассивность владельца прав недопустимы: такой подход демонстрирует низкий уровень профессионализма и негативно отражается на самом спортсмене, которому приходится срочно менять отработанные элементы программы в стрессовых условиях. Верни только валидный JSON-объект с текстом на русском и процентом идиоматичности. Не останавливайся, если увидишь двоеточие или перенос строки.' ratio=36.0"
77,77,"text='Мышь с длинными густыми волосами — поистине лесная добыча в сравнении с обычной лабораторной мышью, таимяна которой скрывает лишь гладкая буроватая шкурка. Мы не ограничились простым переносом генов мамонта в мышь, поскольку такой подход был бы бесполезен — это было как из лени или как будто попытка загнать кролика в коробку. Вместо этого мы выяснили, что у мамонтов имеются определённые изменения, соответствующие аналогичным изменениям в генах мыши, что позволило получить ожидаемый внешний вид животного — как будто природой была отдана дань творчеству. Это была идеальная возможность испытать наш метод одновременного редактирования множества элементов сразу: мы выбрали десять соответствующих генов и отредактировали их все единовременно, как будто в один миг превратили зеркало в золото. Результат вызвал восторг исследователей: мыши с модификацией семи различных участков генома — восемь, но одна была внесена дважды в два разных участка, и таким образом получились мыши с особенно густой шерстью. Достижение такого результата способствовало изменению цикла роста волос путём подавления активности гена фактора роста фибробластов 5 (FGF5), как будто природа вдруг решила поменять правила игры, а также косметической перестройки и строению волосяных луковиц, что вызвало образование завитков на усиках — словно природу заставили добавить акваграфку своему творчеству. Цель эксперимента заключается не в полном воспроизведении исчезнувшего вида, а в создании организмов с признаками, характерными для предков — как будто природа решила нарисовать новую картинку из отсутствующего материала. В результате проведённых манипуляций не наблюдалось ни одного отрицательного эффекта: животные оказались удивительно привлекательными внешне, а генеральный директор компании Colossal и один из основателей проекта Бен Ламм отметил: «Не возникло никаких негативных последствий — как будто природа обещала подарить нам новый мир, но не хотела рисковать.»' ratio=38.0"
78,78,"text='Ученые применили звуковой метод исследования верхних слоёв Земли и получили результаты, указывающие на наличие квадриллионов тонн алмазов на глубинах более 160 километров под земной поверхностью. Приборами сейсмометр призывались фиксировать колебания разных движений внутри планеты, таких как подземные толчки, которые распространялись по различным скоростям в зависимости от свойств среды прохождения. Используя собранную информацию, учёные пытались установить структуру внутренних частей Земли и заметили определённые необычные особенности. Были выявлены зоны, где скорость распространения сейсмических колебаний резко возрастала без очевидной причины. Эти участки именуются «корнями древних платформ» — наиболее старыми и стабильными частями континентальной коры, уходящими вглубь на расстояние до 320 километров. Для объяснения этих данных исследователи предположили состав указанных участков: по их мнению, если содержание алмазов составляет от одного до двух процентов, такая скорость сейсмовых волн становится объяснимой. Хотя количество алмазов кажется ничтожно малым в масштабах всей земной коры и мантии, оно превышает общепринятые оценки примерно на тысячу раз.' ratio=0.14"
79,79,"text='Великое кино стало доступным благодаря устройству, которое могло записывать и воспроизводить изображение движущихся объектов — кинематографу. Братья Люмьер создали аппарат назвав его так: «это будет двигающееся сознание». Их изобретение открыл двери развитию киноиндустрии и создал условия для появления первых публичных заведений для просмотра фильмов, превращая кино в искусство, досуг и бизнес. Однако стоит отметить, что Люмьеры не были первыми людьми, занимающимися созданием кинематографического оборудования — другие тоже работали над подобными проектами. И именно изобретение Люмьеров получило широкую известность и вызвало общественный интерес после их первого показа в Париже 28 декабря 1895 года. В этот день зрители увидели не рекламные ролики, а короткие сюжеты из повседневной жизни — например, «Рабочие выходят с фабрики Люмьер», «Верховая езда», «Купание в море» и другие. Эти ранние произведения представляли собой скорее оживленные фотоснимки, созданные братьями Луи и Огюстом Люмьер.' ratio=4.0"
80,80,"text='В первой половине мая стоимость американского доллара опустилась до около 70–74 российских рублевых единиц, европейская валюта сохранила свои пределы от 83 до 86 рублей, а китайская монета находилась в рамках 10,50–11,00 рубля. Эксперт Андрей Лобода предоставил этот прогноз изданию «Известия».\n\nЦентральный банк РФ установил официальный курс на 16 мая: американский доллар равен 73,1 российским рублю, евро — 85,1 рубля, китайский юань — 10,7 рубль. Московская биржа подтвердила, что на 18 мая курс китайского юаня составляет около 10,6 рублей.\n\nОсновным фактором стабильности российской рубли является доход от экспорта нефти. Согласно информации Центробанка, в апреле российские компании-экспортеры продали иностранной валюты на сумму $14,9 миллиарда больше стандартного уровня, что позволяет поддерживать курс национальной валюты относительно стабильным ещё некоторое время. Благодаря жестким денежно-кредитным мерам приток капитала остается внутри страны, поддерживая интерес инвесторов к российским финансовым инструментам.\n\nТем не менее, существуют причины негативного влияния на курс рубля. Это увеличение объемов валютных закупок предприятий, повышение объёмов импортных поставок летом и повышенный спрос на иностранную валюту, когда курс доллара снижается ниже отметки в 73 российских рублей.\n\nКраткосрочной перспективой укрепления рубля является снижение курса доллара США до 70 рублей за единицу, однако реализация этого сценария возможна лишь при сохранении текущих высоких цен на нефть и стабильности внешнеэкономической обстановки.\n\nПо мнению эксперта, потенциал укрепления рубля ограничен. Ускорение темпов глобальной инфляции и увеличивающийся спрос на надёжные финансовые инструменты указывают на возможное ослабление позиций рубля во втором полугодии.\n\nРанее сообщалось, что на межбанковском рынке курс доллара США упал ниже уровня 73 рублей до значения 72,975 российских рублей (-1,11%), что стало минимальным показателем с 19 февраля 2023 года. Коррекция стоимости евро составила минус 1,34%, цена снизилась до 85,45 российских рублей.\n\nВерни только валидный JSON-объект с текстом на русском и процентом идиоматичности. Не останавливайся, если увидишь двоеточие или перенос строки.' ratio=42.0"
81,81,"text='Россияне начали готовиться к отдыху на пляжах Турции заранее: в феврале 2018 года представители туристического сайта заявили, что число ранних бронирований в Турцию превысило показатели внутренних направлений. В мае того же года Российский союз туриндустрии сообщил, что летом около 30% российских туристов выберут турецкие курорты. Эксперты считают, что важную роль сыграли регулярные рейсы — это обеспечило дополнительным преимуществами короткий авиаперелет и расположение большинства гостиниц рядом с главными курортными аэропортами страны. По прогнозам специалистов, стоимость отдыха на местных пляжах останется приблизительно такой же, как была в предыдущем году, хотя спрос высокий. Уровень обслуживания туристов, вероятно, улучшится. В мае Роспотребнадзор сообщил результаты проверки отелей на юге Турции: итоги были неблагоприятными в прошлом году, но после проверки специалисты пришли к выводу, что гостиницы в Сиде, Белеке и Анталье готовы принимать гостей. Роспотребнадзор отметили, что серьезно увеличена подготовка инфраструктуры отелей: введены строгие правила обеспечения безопасной питьевой воды и питания, эксплуатации бассейнов, значительно улучшена диагностика инфекционных заболеваний. Однако, несмотря на наличие развитой инфраструктуры и умеренных цен, некоторые туристы указывают на существенный минус — высокая концентрация отдыхающих иногда мешает тем, кто предпочитает отдыхать вдали от большого скопления людей. В наступившем сезоне избежать большого количества отдыхающих на лучших пляжах побережья Турции будет невозможно: там расположена лучшая инфраструктура гостиниц, ресторанов и транспорта, а также находятся большинство исторических памятников. Верни только валидный JSON-объект с текстом на русском и процентом идиоматичности.' ratio=38.0"
82,82,"text='Штраф за использование зимней резины летом вступит в силу с 1 июня 2024 года. Согласно перечню неисправностей, установленному с 1 сентября 2023 года, водители легковых и грузовых автомобилей массой до 3,5 тонн — от западного багажника до западного котлована — будут обязаны отказаться от зимних шин на протяжении одного месяца с 1 июня по 1 сентября включительно. Нарушение предусматривает административную ответственность по статье 12.5 КоАП РФ: штраф размером 500 рублей, а если оплата будет осуществлена через портал госуслуг в течение двадцати дней, размер штрафа уменьшится вдвое. Под действие запрета попадают только водители, использующие зимние шины с шипами; нешипованные зимние шины («липучки») разрешены, однако они имеют более короткий срок службы и быстрее изнашиваются по сравнению со стандартной летней резиной. Кроме того, с 1 июня 2024 года иностранцы и российские граждане, имеющие иностранные водительские удостоверения, обязаны заменить их на российские права в течение одного года с момента въезда в страну. В противном случае предусмотрен штраф в размере 15 000 рублей. Граждане РФ, чьи действующие водительские удостоверения истекут до конца 2024 или 2025 годов, смогут продолжать пользоваться удостоверением еще три года. Для водителей, ранее лишенных прав за управление автомобилем в состоянии алкогольного опьянения, вводится запрет на сдачу экзамена для восстановления водительских прав сроком на один год. Правила сдачи экзаменов упростились: число допустимых ошибок увеличено с пяти до семи. Штурман-инспектор во время экзамена должен находиться на заднем сидении автомобиля.' ratio=5.0"
83,83,"text='Важным обстоятельством стало следующее: количество безопасного употребления кофе зависит от его содержания в кофеине, а не от количества порций выпитого. В одной порции эспрессо — примерно 80–100 миллиграммов кофеина, тогда как в капучино этот показатель снижается до 70 миллиграммов. Для тех, кто предпочитает напитки с высокой крепостью, лучше использовать ёмкости объёмом не более 50–70 миллилитров — так вы сможете сохранить уровень опасности.' ratio=0.98"
