text_id,author,source,link,year_of_creation,text_domen,original_text,idiomatic_expressions,len,word_count,ratio,idiom_count,ratio_2
1,Андрей Белый,Петербург,,1913,художественный,"Над пустыми петербургскими улицами пролетали едва озаренные смутности; обрывки туч перегоняли друг друга.

Какое-то фосфорическое пятно и туманно, и мертвенно проносилось по небу; фосфорическим блеском протуманилась высь; и от этого проблистали железные крыши и трубы. Протекали тут зеленые воды Мойки; по одной ее стороне то же высилось все трехэтажное здание о пяти своих белых колоннах; наверху были выступы. Там, на светлом фоне светлого здания, медленно проходил Ее Величества кирасир; у него была золотая, блиставшая каска.

И серебряный голубь над каской распростер свои крылья.

Николай Аполлонович, надушенный и выбритый, пробирался по Мойке, запахнувшись в меха; голова упала в шинель, а глаза как-то чудно светились; в душе – поднимались там трепеты без названья; что-то жуткое, сладкое пело там: словно в нем самом разлетелся на части буревой эолов мешок и сыны нездешних порывов на свистящих бичах в странные, в непонятные страны угоняли жестоко.

Думал он: неужели и это – любовь? Вспомнил он: в одну туманную ночь, выбегая стремительно из того вон подъезда, он пустился бежать к чугунному петербургскому мосту, чтобы там, на мосту…

Вздрогнул он.

Пролетел сноп огня: придворная, черная пролетела карета: пронесла мимо светлых впадин оконных того самого дома ярко-красные свои, будто кровью налитые, фонари; на струе черной мойской фонари проиграли и проблистали; призрачный абрис треуголки лакея и абрис шинельных крыльев пролетели с огнем из тумана в туман.","пролетали едва озаренные смутности
обрывки туч перегоняли друг друга
фосфорическое пятно и туманно, и мертвенно проносилось по небу
фосфорическим блеском протуманилась высь
здание о пяти своих белых колоннах
серебряный голубь над каской распростер свои крылья
голова упала в шинель
глаза как-то чудно светились
в душе – поднимались там трепеты без названья
жуткое, сладкое пело там
разлетелся на части буревой эолов мешок и сыны нездешних порывов на свистящих бичах в странные, в непонятные страны угоняли жестоко
Пролетел сноп огня: придворная, черная пролетела карета
пронесла мимо светлых впадин оконных того самого дома ярко-красные свои, будто кровью налитые, фонари
фонари проиграли и проблистали
призрачный абрис треуголки лакея и абрис шинельных крыльев пролетели с огнем из тумана в туман",202,98,"48,51485149",15,"7,425742574"
2,Андрей Белый,Петербург,,1913,художественный,"То место увенчивал великолепный дворец; вверх протянутой башнею напоминал он причудливый замок: розово-красный, тяжелокаменный! Не теперь это было, и венценосца того уже нет.

Розово-красный дворец выступал своим верхом из гущи безлистных суков; те суки протянулися к небу глухими порывами и, качаясь, ловили бегущие облака; каркая, вверх стрельнула ворона; взлетела, качалась над хлопьями; и — обратно низринулась.

Пролетка пересекала то место.

И конная статуя вычернялась неясно от площади; посетители Петербурга той статуе не уделяют внимания: великолепная статуя!

Своему великому прадеду соорудил эту статую самодержец; он жил в розовокаменном замке; не долго томился.

Вероятно, не раз появлялась курносая в белых локонах голова в амбразуре окна. И курносая в локонах голова дозирала пространства за стеклами; утопали глаза в розовеющих угасаниях неба, иль упирались в серебряную игру и в кипение месячных отблесков в густолиственных древесах; у подъезда стоял часовой в треуголке с полями и брал   н а   к а р а у л   при проходе золотогрудого генерала в андреевской ленте к расписанной акварелью карете; и краснопламенный высился кучер с приподнятых козел; а на запятках — стояли губастые негры.

И Павел Петрович, окинувши взглядом все это, опять возвращался к сентиментальному разговору с кисейною фрейлиной; фрейлина улыбалась; обозначились лукавые ямочки, мушка.

В ту ночь разливалося лунное серебро, упадая на мебели императорской опочивальни, озолощая лукаво амурчика; на подушке уже вырисовывался профиль лежащего; где-то били куранты; и — намечались шаги... Не прошло трех мгновений — постель была смята: а простыни были теплы; почившего — не было; кучечка белокудерных офицеров с порывисто обнаженными шашками наклоняла главы к опустевшему ложу; в дверь сбоку ломились; и — плакался женский голос; рука розовогубого офицера приподняла оконную штору; и из-под спущенной кисеи, на окне, в серебре — прочернела дрожащая тень.

Где-то били куранты; а там, в отдалении, топотали шаги.","место увенчивал великолепный дворец
вверх протянутой башнею
те суки протянулися к небу глухими порывами и, качаясь, ловили бегущие облака
вверх стрельнула ворона; взлетела, качалась над хлопьями; и — обратно низринулась.
статуя вычернялась неясно от площади
в амбразуре окна
курносая в локонах голова дозирала
пространства за стеклами
утопали глаза в розовеющих угасаниях неба, иль упирались в серебряную игру и в кипение месячных отблесков в густолиственных древесах;
краснопламенный высился кучер
обозначились лукавые ямочки
разливалося лунное серебро, упадая на мебели императорской опочивальни, озолощая лукаво амурчика
вырисовывался профиль
намечались шаги
Не прошло трех мгновений
кучечка белокудерных офицеров с порывисто обнаженными шашками
и из-под спущенной кисеи, на окне, в серебре — прочернела дрожащая тень.
топотали шаги",278,94,"33,81294964",18,"6,474820144"
3,Евгений Замятин,Мы,,1920,художественный,"Вечер. Легкий туман. Небо задернуто золотисто-молочной тканью и не видно: что там — дальше, выше. Древние знали, что там их величайший, скучающий скептик — Бог. Мы знаем, что там хрустально-синее, голое, непристойное ничто. Я теперь не знаю, что там: я слишком много узнал. Знание, абсолютно уверенное в том, что оно безошибочно, — это вера. У меня была твердая вера в себя, я верил, что знаю в себе все. И вот — —Я — перед зеркалом. И первый раз в жизни — именно так: первый раз в жизни — вижу себя ясно, отчетливо, сознательно — с изумлением вижу себя, как кого-то «его». Вот я — он: черные, прочерченные по прямой брови; и между ними — как шрам — вертикальная морщина (не знаю, была ли она раньше). Стальные, серые глаза, обведенные тенью бессонной ночи; и за этой сталью... оказывается, я никогда не знал, что там. И из «там» (это «там» одновременно и здесь, и бесконечно далеко) — из «там» я гляжу на себя — на него и твердо знаю: он — с прочерченными по прямой бровями — посторонний, чужой мне, я встретился с ним первый раз в жизни. А я настоящий — я — не он...Нет: точка. Все это — пустяки, и все эти нелепые ощущения — бред, результат вчерашнего отравления... Чем: глотком зеленого яда — или ею? Все равно. Я записываю это, только чтобы показать, как может странно запутаться и сбиться человеческий — такой точный и острый — разум. Тот разум, который даже эту, пугавшую древних, бесконечность сумел сделать удобоваримой — посредством...Щелк нумератора — и цифры: R-13. Пусть, я даже рад: сейчас одному мне было бы...","Небо задернуто золотисто-молочной тканью
скучающий скептик — Бог
голое, непристойное ничто
черные, прочерченные по прямой брови
между ними — как шрам — вертикальная морщина
Стальные, серые глаза, обведенные тенью бессонной ночи
за этой сталью...
это «там» одновременно и здесь, и бесконечно далеко
с прочерченными по прямой бровями
глотком зеленого яда — или ею
как может странно запутаться и сбиться человеческий — такой точный и острый — разум",265,57,"21,50943396",11,"4,150943396"
4,Евгений Замятин,Мы,,1920,художественный,"Она была в фантастическом костюме древней эпохи: плотно облегающее черное платье, остро подчеркнуто белое открытых плечей и груди, и эта теплая, колыхающаяся от дыхания тень между... и ослепительные, почти злые зубы...
Улыбка — укус, сюда — вниз. Села, заиграла. Дикое, судорожное, пестрое, как вся тогдашняя их жизнь, — ни тени разумной механичности. И, конечно, они, кругом меня, правы: все смеются. Только немногие... но почему же и я — я?
Да, эпилепсия — душевная болезнь — боль... Медленная, сладкая боль — укус — и чтобы еще глубже, еще больнее. И вот, медленно — солнце. Не наше, не это голубовато-хрустальное и равномерное сквозь стеклянные кирпичи — нет: дикое, несущееся, опаляющее солнце — долой все с себя — все в мелкие клочья.
Сидевший рядом со мной покосился влево — на меня — и хихикнул. Почему-то очень отчетливо запомнилось: я увидел — на губах у него выскочил микроскопический слюнный пузырек и лопнул. Этот пузырек отрезвил меня. Я — снова я.
Как и все — я слышал только нелепую, суетливую трескотню струн. Я смеялся. Стало легко и просто. Талантливый фонолектор слишком живо изобразил нам эту дикую эпоху — вот и все.
С каким наслаждением я слушал затем нашу теперешнюю музыку. (Она продемонстрирована была в конце — для контраста.) Хрустальные хроматические ступени сходящихся и расходящихся бесконечных рядов — и суммирующие аккорды формул Тэйлора, Маклорена; целотонные, квадратно-грузные ходы Пифагоровых штанов; грустные мелодии затухающе-колебательного движения; переменяющиеся фраунгоферовыми линиями пауз яркие такты — спектральный анализ планет... Какое величие! Какая незыблемая закономерность! И как жалка своевольная, ничем — кроме диких фантазий — не ограниченная музыка древних...
Как обычно, стройными рядами, по четыре, через широкие двери все выходили из аудиториума. Мимо мелькнула знакомая двояко-изогнутая фигура; я почтительно поклонился.","остро подчеркнуто белое открытых плечей и груди
теплая, колыхающаяся от дыхания тень между
ослепительные, почти злые зубы
Улыбка — укус
Села, заиграла. Дикое, судорожное, пестрое, как вся тогдашняя их жизнь, — ни тени разумной механичности.
все смеются. Только немногие... но почему же и я — я?
Да, эпилепсия — душевная болезнь — боль... Медленная, сладкая боль — укус — и чтобы еще глубже, еще больнее. И вот, медленно — солнце. Не наше, не это голубовато-хрустальное и равномерное сквозь стеклянные кирпичи — нет: дикое, несущееся, опаляющее солнце — долой все с себя — все в мелкие клочья.
суетливую трескотню струн
слишком живо изобразил нам эту дикую эпоху
Хрустальные хроматические ступени сходящихся и расходящихся бесконечных рядов — и суммирующие аккорды формул Тэйлора, Маклорена; целотонные, квадратно-грузные ходы Пифагоровых штанов; грустные мелодии затухающе-колебательного движения; переменяющиеся фраунгоферовыми линиями пауз яркие такты — спектральный анализ планет...
незыблемая закономерность
И как жалка своевольная, ничем — кроме диких фантазий — не ограниченная музыка древних...
двояко-изогнутая фигура",271,146,"53,87453875",13,"4,79704797"
5,Федор Сологуб ,Мелкий бес,,1902,художественный,"Все это Рутилов говорил, по обыкновению своему, быстро и весело, улыбаясь, но он, 
высокий, узкогрудый, казался чахлым и хрупким, и из-под шляпы его, новой и модной, 
как-то жалко торчали жидкие, коротко остриженные светлые волосы.
– Ну, уж и втрое, – вяло возразил Передонов, снимая и протирая золотые очки.
– Да уж верно! – воскликнул Рутилов. – Смотри, не зевай, пока я жив, а то они у меня 
тоже с гонором, – потом захочешь, да поздно будет. А только из них каждая за тебя с 
превеликим удовольствием пойдет.
– Да, в меня здесь все влюбляются, – с угрюмым самохвальством сказал Передонов.
– Ну, вот видишь, вот ты и лови момент, – убеждал Рутилов.
– Мне бы, главное, не хотелось, чтобы она была сухопарая, – с тоскою в голосе сказал 
Передонов. – Жирненькую бы мне.
– Да уж на этот счет ты не беспокойся, – горячо говорил Рутилов. – Они и теперь 
барышни пухленькие, а если не совсем вошли в объем, так это только до поры до времени. 
Выйдут замуж, и они раздобреют, как старшая. Лариса-то у нас, сам знаешь, какая кулебяка 
стала.
– Я бы женился, – сказал Передонов, – да боюсь, что Варя большой скандал устроит.
– Боишься скандала, так ты вот что сделай, – с хитрою улыбкою сказал Рутилов: –
сегодня же венчайся, не то завтра: домой явишься с молодой женой, и вся недолга. Правда, 
хочешь, я это сварганю, завтра же вечером? С какою хочешь?
Передонов внезапно захохотал, отрывисто и громко.
– Ну, идет? по рукам, что ли? – спросил Рутилов.
Передонов так же внезапно перестал смеяться и угрюмо сказал, тихо, почти шопотом:
– Донесет, мерзавка.
– Ничего не донесет, нечего доносить, – убеждал Рутилов.
– Или отравит, – боязливо шептал Передонов.
– Да уж ты во всем на меня положись, – горячо уговаривал его Рутилов, – я все так 
тонко обстрою тебе…
– Я без приданого не женюсь, – сердито крикнул Передонов.
Рутилова нисколько не удивил новый скачок в мыслях его угрюмого собеседника. Он 
возразил все с тем же одушевлением:
– Чудак, да разве они бесприданницы! Ну, что же, идет, что ли? Ну, я побегу, все 
устрою. Только чур, никому ни гу-гу, слышишь, никому!
Он потряс руку Передонова и побежал от него. Передонов молча смотрел за ним. 
Барышни Рутиловы припомнились ему, веселые, насмешливые. Нескромная мысль выдавила 
на его губы поганое подобие улыбки, – оно появилось на миг и исчезло. Смутное 
беспокойство поднялось в нем.","казался чахлым и хрупким
жалко торчали жидкие, коротко остриженные светлые волосы
они у меня тоже с гонором
в меня здесь все влюбляются
лови момент
не совсем вошли в объем
до поры до времени
раздобреют
какая кулебяка стала
и вся недолга
я это сварганю
по рукам, что ли?
я все так тонко обстрою тебе
скачок в мыслях
ни гу-гу
Нескромная мысль выдавила на его губы поганое подобие улыбки, – оно появилось на миг и исчезло.
Смутное беспокойство поднялось в нем",376,63,"16,75531915",17,"4,521276596"
6,Федор Сологуб ,Творимая легенда,,1912,художественный,"Беру кусок жизни, грубой и бедной, и творю из него сладостную легенду, ибо я — поэт. 
Косней во тьме, тусклая, бытовая, или бушуй яростным пожаром, — над тобою, жизнь, я, 
поэт, воздвигну творимую мною легенду об очаровательном и прекрасном.
В спутанной зависимости событий случайно всякое начало. Но лучше начать с того, 
что и в земных переживаниях прекрасно, или хотя бы только красиво и приятно. Прекрасны 
тело, молодость и веселость в человеке, — прекрасны вода, свет и лето в природе.
Было лето, стоял светлый, знойный полдень, и на реку Скородень падали тяжелые 
взоры пламенного Змия. Вода, свет и лето сияли и радовались, сияли солнцем и простором, 
радовались одному ветру, веющему из страны далекой, многим птицам и двум обнаженным 
девам.
Две сестры, Елисавета и Елена, купались в реке Скородени. И солнце, и вода были 
веселы, потому что две девы были прекрасны и были наги. И обеим девушкам было весело, 
прохладно и хотелось двигаться, и смеяться, и болтать, и шутить. Они говорили о человеке, 
который волновал их воображение.
Девушки были дочери богатого помещика. Место, где они купались, примыкало к 
обширному, старому саду их усадьбы. Может быть, им было особенно приятно купаться в 
этой реке потому, что они чувствовали себя госпожами этих быстротекущих вод и песчаных 
отмелей под их быстрыми ногами. И они плавали и смеялись в этой реке с уверенностью и 
свободою прирожденных владетельниц и госпож. Никто не знает пределов своего 
господства, — но блаженны утверждающие свое обладание, свою власть!
","Беру кусок жизни, грубой и бедной, и творю из него сладостную легенду
Косней во тьме, тусклая, бытовая, или бушуй яростным пожаром
над тобою, жизнь, я, поэт, воздвигну творимую мною легенду
в спутанной зависимости событий случайно всякое начало
падали тяжелые взоры пламенного Змия
вода, свет и лето сияли и радовались
радовались одному ветру, веющему из страны далекой
чувствовали себя госпожами этих быстротекущих вод
песчаных отмелей под их быстрыми ногами
с уверенностью и свободою прирожденных владетельниц и госпож
Никто не знает пределов своего господства
блаженны утверждающие свое обладание, свою власть",233,77,"33,0472103",12,"5,150214592"
7,Мариам Петросян,"Дом, в котором...",,2009,художественный,"Дом стоит на окраине города. В месте, называемом Расческами. Длинные 
многоэтажки здесь выстроены зубчатыми рядами с промежутками квадратно-
бетонных дворов – предполагаемыми местами игр молодых «расчесочников». 
Зубья белы, многоглазы и похожи один на другой. Там, где они еще не вырос-
ли, – обнесенные заборами пустыри. Труха снесенных домов, гнездилища крыс и 
бродячих собак гораздо более интересны молодым «расчесочникам», чем их 
собственные дворы – интервалы между зубьями.
На нейтральной территории между двумя мирами – зубцов и пустырей –
стоит Дом. Его называют Серым. Он стар и по возрасту ближе к пустырям – за-
хоронениям его ровесников. Он одинок – другие дома сторонятся его – и не по-
хож на зубец, потому что не тянется вверх. В нем три этажа, фасад смотрит на 
трассу, у него тоже есть двор – длинный прямоугольник, обнесенный сеткой. 
Когда-то он был белым. Теперь он серый спереди и желтый с внутренней, дво-
ровой стороны. Он щетинится антеннами и проводами, осыпается мелом и пла-
чет трещинами. К нему жмутся гаражи и пристройки, мусорные баки и собачьи 
будки. Все это со двора. Фасад гол и мрачен, каким ему и полагается быть.
Серый Дом не любят. Никто не скажет об этом вслух, но жители Расчесок 
предпочли бы не иметь его рядом. Они предпочли бы, чтобы его не было вооб-
ще.
","Длинные многоэтажки здесь выстроены зубчатыми рядами с промежутками квадратно-бетонных дворов
Зубья белы, многоглазы и похожи один на другой
где они еще не выросли
между двумя мирами – зубцов и пустырей
Он стар
захоронениям его ровесников
Он одинок – другие дома сторонятся его
не похож на зубец, потому что не тянется вверх
Он щетинится антеннами и проводами, осыпается мелом и плачет трещинами.
К нему жмутся гаражи и пристройки
Фасад гол и мрачен",200,61,"30,5",11,"5,5"
8,Мариам Петросян,"Дом, в котором...",,2009,художественный,"Выяснилось, что всякий человек, пытающийся привлечь к себе внимание, есть человек 
самовлюбленный и нехороший, способный на что угодно и воображающий о себе невесть 
что, в то время как на самом деле он просто-напросто пустышка. Ворона в павлиньих перь-
ях. Или что-то в этом роде. Сип прочел басню о вороне. Потом стихи об осле, угодившем в 
озеро и потонувшем из-за собственной глупости. Потом он хотел еще спеть что-то на ту же 
тему, но его уже никто не слушал. Сип надул щеки, расплакался и замолчал. Ему сказали 
спасибо, передали платок, заслонили учебником и предоставили слово Гулю.
Гуль говорил еле слышно, не поднимая головы, как будто считывал текст с поверхно-
сти стола, хотя ничего, кроме поцарапанного пластика, там не было. Белая челка лезла в 
глаз, он поправлял ее кончиком пальца, смоченным слюной. Палец фиксировал бесцветную 
прядь на лбу, но как только отпускал, она тут же сползала обратно в глаз. Чтобы смотреть на 
Гуля долго, нужно иметь стальные нервы. Поэтому я на него не смотрел. От моих нервов и 
так остались одни ошметки, незачем было лишний раз их терзать.
– К чему пытается привлечь внимание обсуждаемый? К своей обуви, казалось бы. На 
самом деле это не так. Посредством обуви он привлекает внимание к своим ногам. То есть 
афиширует свой недостаток, тычет им в глаза окружающим. Этим он как бы подчеркивает 
нашу общую беду, не считаясь с нами и нашим мнением. В каком-то смысле он по-своему 
издевается над нами…
Он еще долго размазывал эту кашу. Палец сновал вверх и вниз по переносице, белки 
наливались кровью. Я знал наизусть все, что он может сказать – все, что вообще принято 
говорить в таких случаях. Все слова, вылезавшие из Гуля, были такими же бесцветными и 
пересушенными, как он сам, его палец и ноготь на пальце.","пустышка
ворона в павлиньих перьях
что-то в этом роде
Сип надул щеки
как будто считывал текст с поверхности стола
стальные нервы
От моих нервов и так остались одни ошметки, незачем было лишний раз их терзать.
афиширует свой недостаток
тычет им [недостатком] в глаза
Он еще долго размазывал эту кашу.
белки наливались кровью
все слова, вылезавшие из Гуля, были такими же бесцветными и пересушенными, как он сам ",282,55,"19,5035461",12,"4,255319149"
9,Владимир Набоков,Машенька,,1926,художественный,"За последнее время он стал вял и угрюм. Еще так недавно он умел, не хуже японского 
акробата, ходить на руках, стройно вскинув ноги и двигаясь, подобно парусу, умел зубами 
поднимать стул и рвать веревку на тугом бицепсе. В его теле постоянно играл огонь, – же-
ланье перемахнуть через забор, расшатать столб, словом – ахнуть, как говорили мы в юно-
сти. Теперь же ослабла какая-то гайка, он стал даже горбиться и сам признавался Подтягину, 
что, «как баба», страдает бессонницей. Плохо он спал и в ту ночь с воскресенья на поне-
дельник, после двадцати минут, проведенных с развязным господином в застрявшем лифте. 
В понедельник утром он долго просидел нагишом, сцепив между колен протянутые, холод-
новатые руки, ошеломленный мыслью, что и сегодня придется надеть рубашку, носки, 
штаны, – всю эту потом и пылью пропитанную дрянь, – и думал о цирковом пуделе, кото-
рый выглядит в человеческих одеждах до ужаса, до тошноты жалким. Отчасти эта вялость 
происходила от безделья. Особенно трудиться ему сейчас не приходилось, так как за зиму 
он накопил некоторую сумму, от которой впрочем оставалось теперь марок двести, не 
больше: эти три последних месяца обошлись дороговато.
В прошлом году, по приезде в Берлин, он сразу нашел работу и потом до января тру-
дился, – много и разнообразно: знал желтую темноту того раннего часа, когда едешь на 
фабрику; знал тоже, как ноют ноги после того, как десять извилистых верст пробежишь с 
тарелкой в руке между столиков в ресторане «Pir Goroi»; знал он и другие труды, брал на 
комиссию все, что подвернется, – и бублики, и бриллиантин и просто бриллианты. Не брез-
говал он ничем: не раз даже продавал свою тень подобно многим из нас. Иначе говоря, ез-дил в качестве статиста на съемку, за город, где в балаганном сарае, с мистическим писком 
закипали светом чудовищные фацеты фонарей, наведенных, как пушки, на мертвенно-яркую 
толпу статистов, палили в упор белым убийственным блеском, озаряя крашеный воск за-
стывших лиц, щелкнув, погасали, – но долго еще в этих сложных стеклах дотлевали красно-
ватые зори: – наш человеческий стыд. Сделка была совершена, и безымянные тени наши 
пущены по миру.","вигаясь, подобно парусу
В его теле постоянно играл огонь
словом – ахнуть, как говорили мы в юности
ослабла какая-то гайка
«как баба», страдает бессонницей
вошеломленный мыслью, что и сегодня придется надеть рубашку, носки, штаны, – всю эту потом пылью пропитанную дрянь, – и думал о цирковом пуделе, который выглядит в человеческих одеждах до ужаса, до тошноты жалким.
знал желтую темноту того раннего часа, когда едешь на фабрику
десять извилистых верст пробежишь с тарелкой в руке между столиков
брал на комиссию все, что подвернется, – и бублики, и бриллиантин и просто бриллианты
продавал свою тень
где в балаганном сарае, с мистическим писком 
закипали светом чудовищные фацеты фонарей, наведенных, как пушки, на мертвенно-яркую толпу статистов, палили в упор белым убийственным блеском, озаряя крашеный воск застывших лиц, щелкнув, погасали, – но долго еще в этих сложных стеклах дотлевали красноватые зори: – наш человеческий стыд
Сделка была совершена, и безымянные тени наши пущены по миру.",330,140,"42,42424242",13,"3,939393939"
10,Владимир Набоков,Машенька,,1926,художественный,"День-деньской кровать скользит в жаркое ветреное небо и, когда привстаешь, то ви-
дишь верхушки лип, круто прохваченные желтым солнцем, телефонные проволоки, на ко-
торые садятся стрижи, и часть деревянного навеса над мягкой красной дорогой перед па-
радным крыльцом. Оттуда доносятся изумительные звуки: щебетанье, далекий лай, скрип 
водокачки.
Лежишь, плывешь и думаешь о том, что скоро встанешь; и в солнечной луже играют 
мухи, и цветной моток шелка, как живой, спрыгивает с колен матери, сидящей подле, мягко 
катится по янтарному паркету…
В этой комнате, где в шестнадцать лет выздоравливал Ганин, и зародилось то счастье, 
тот женский образ, который, спустя месяц, он встретил наяву. В этом сотворении участво-
вало все, – и мягкие литографии на стенах, и щебет за окном, и коричневый лик Христа в 
киоте, и даже фонтанчик умывальника. Зарождавшийся образ стягивал, вбирал всю солнеч-
ную прелесть этой комнаты и, конечно, без нее он никогда бы не вырос. В конце концов это 
было просто юношеское предчувствие, сладкие туманы, но Ганину теперь казалось, что ни-
когда такого рода предчувствие не оправдывалось так совершенно. И целый день он пере-
ходил из садика в садик, из кафе в кафе, и его воспоминанье непрерывно летело вперед, как 
апрельские облака по нежному берлинскому небу. Люди, сидевшие в кафе, полагали, что у 
этого человека, так пристально глядящего перед собой, должно быть какое-нибудь глубокое 
горе, а на улице он в рассеяньи толкал встречных, и раз быстрый автомобиль затормозил и 
выругался, едва его не задев.
Он был богом, воссоздающим погибший мир. Он постепенно воскрешал этот мир, в 
угоду женщине, которую он еще не смел в него поместить, пока весь он не будет закончен. 
Но ее образ, ее присутствие, тень ее воспоминанья требовали того, чтобы наконец он и ее бы 
воскресил, – и он нарочно отодвигал ее образ, так как желал к нему подойти постепенно, 
шаг за шагом, точно так же как тогда, девять лет тому назад. Боясь спутаться, затеряться в 
светлом лабиринте памяти, он прежний путь свой воссоздавал осторожно, бережно, возвра-
щаясь иногда к забытой мелочи, но не забегая вперед. Блуждая в этот весенний вторник по 
Берлину, он и вправду выздоравливал, ощущал первое вставанье с пастели, слабость в ногах, 
смотрелся во все зеркала. Белье и одежды казались необыкновенно чистыми, просторными и немного чужими. Он медленно шел по широкой аллее, что вела от площадки дома в дебри 
парка. Там и сям вздувались на лиловатой от лиственной тени земле черные червистые 
холмики, – работа кротов. Он надел белые панталоны, сиреневые носки. Он мечтал встре-
тить кого-нибудь в парке, кого – он еще не знал.
","День-деньской
кровать скользит в жаркое ветреное небо и
верхушки лип, круто прохваченные желтым солнцем
Лежишь, плывешь
в солнечной луже
играют мухи
цветной моток шелка, как живой, спрыгивает с колен матери
мягко катится по янтарному паркету
зародилось то счастье, тот женский образ, который, спустя месяц, он встретил наяву
В этом сотворении участвовало все
Зарождавшийся образ стягивал, вбирал всю солнечную прелесть этой комнаты
без нее он никогда бы не вырос
юношеское предчувствие
сладкие туманы
не оправдывалось так совершенно
воспоминанье непрерывно летело вперед, как апрельские облака по нежному берлинскому небу
быстрый автомобиль затормозил и выругался
Он был богом, воссоздающим погибший мир. Он постепенно воскрешал этот мир, в угоду женщине, которую он еще не смел в него поместить, пока весь он не будет закончен.
ее образ, ее присутствие, тень ее воспоминанья требовали того, чтобы наконец он и ее бы воскресил
он нарочно отодвигал ее образ, так как желал к нему подойти постепенно, 
шаг за шагом
Боясь спутаться, затеряться в светлом лабиринте памяти
Белье и одежды казались необыкновенно чистыми, просторными и немного чужими.
дебри парка
Там и сям вздувались на лиловатой от лиственной тени земле черные червистые холмики
",400,160,40,26,"6,5"
11,Иван Бунин,Жизнь Арсеньева,,1929,художественный,"Я родился полвека тому назад, в средней России, в деревне, в отцовской усадьбе.
У нас нет чувства своего начала и конца. И очень жаль, что мне сказали, когда именно я 
родился. Если бы не сказали, я бы теперь и понятия не имел о своем возрасте, – тем более, 
что я еще совсем не ощущаю его бремени, – и, значит, был бы избавлен от мысли, что мне 
будто бы полагается лет через десять или двадцать умереть. А родись я и живи на 
необитаемом острове, я бы даже и о самом существовании смерти не подозревал. «Вот было 
бы счастье!» – хочется прибавить мне. Но кто знает? Может быть, великое несчастье. Да и 
правда ли, что не подозревал бы? Не рождаемся ли мы с чувством смерти? А если нет, если 
бы не подозревал, любил ли бы я жизнь так, как люблю и любил?
О роде Арсеньевых, о его происхождении мне почти ничего не известно. Что мы 
вообще знаем! Я знаю только то, что в Гербовнике род наш отнесен к тем, «происхождение 
коих теряется во мраке времен». Знаю, что род наш «знатный, хотя и захудалый» и что я всю 
жизнь чувствовал эту знатность, гордясь и радуясь, что я не из тех, у кого нет ни рода, ни 
племени. В Духов день призывает Церковь за литургией «сотворить память всем от века 
умершим». Она возносит в этот день прекрасную и полную глубокого смысла молитву: 
– Вси рабы Твоя, Боже, упокой во дворех Твоих и в недрех Авраама, – от Адама даже до 
днесь послужившая Тебе чисто отцы и братiи наши, други и сродники!
","чувства своего начала и конца
совсем не ощущаю его [возраста] бремени
избавлен от мысли
Не рождаемся ли мы с чувством смерти?
происхождение 
коих теряется во мраке времен
род наш «знатный, хотя и захудалый»
нет ни рода, ни племени
дворех Твоих и в недрех Авраама
от Адама даже до днесь",255,41,"16,07843137",10,"3,921568627"
12,Иван Бунин,Жизнь Арсеньева,,1929,художественный,"Как во хмелю провел я и весь день, все время державший в непрестанном напряжении: 
опять были панихиды, опять многолюдство, приезжающие и уезжающие соседи, а там 
где-то, в затворенной со всех сторон солнечной детской, беззаботные игры ничего еще не 
понимающих детей, под скорбным и ласково невнимательным присмотром то и дело тихо 
плачущей няньки…
И вот опять стало смеркаться и опять стали сходиться, собираться в зал, ждать новой 
панихиды, осторожно переговариваться… Приход священнослужителей и вслед за тем 
воцарившееся молчание, зажигание свечей и облачение в этой тишине, все это 
таинственно-церковное приготовление к службе, а потом первый взмах кадила и первый 
возглас – все это показалось мне теперь, в этот последний для покойника вечер, столь
многозначительным, что я уже глаз не мог поднять на то, что было впереди, на этот пышный, 
бархатный гроб, воздвигнутый на составленные столы, и на то церковно-страшное, 
картинно-погребальное, что наклонно возвышалось в гробу во всем зловещем великолепии 
своего золотого покрова, золотой иконки на груди и новой, жестко-белой подушки, – во всей 
сумрачной тьме непробудного гробового сна этого чернобородого лика с запавшими и 
почерневшими веками, металлически лоснящегося сквозь теплый, душный дым и горячий, 
дрожащий блеск…
","Как во хмелю провел я и весь день
державший в непрестанном напряжении
под скорбным и ласково невнимательным присмотром
осторожно переговариваться
воцарившееся молчание
глаз не мог поднять на то, что было впереди
на то церковно-страшное, картинно-погребальное, что наклонно возвышалось в гробу во всем зловещем великолепии своего золотого покрова, золотой иконки на груди и новой, жестко-белой подушки
во всей сумрачной тьме непробудного гробового сна этого чернобородого лика
металлически лоснящегося сквозь теплый, душный дым и горячий, дрожащий блеск",182,67,"36,81318681",9,"4,945054945"
13,Михаил Булгаков,Мастер и Маргарита,,1940,художественный,"Приказания прокуратора были исполнены быстро и точно, и солнце, с какой-то необыкновенною яростью сжигавшее в эти дни Ершалаим, не успело еще приблизиться к своей наивысшей точке, когда на верхней террасе сада у двух мраморных белых львов, стороживших лестницу, встретились прокуратор и исполняющий обязанности президента Синедриона первосвященник иудейский Иосиф Каифа.

В саду было тихо. Но, выйдя из-под колоннады на заливаемую солнцем верхнюю площадь сада с пальмами на чудовищных слоновых ногах, площадь, с которой перед прокуратором развернулся весь ненавистный ему Ершалаим с висячими мостами, крепостями и – самое главное – с не поддающейся никакому описанию глыбой мрамора с золотою драконовою чешуею вместо крыши – храмом Ершалаимским, – острым слухом уловил прокуратор далеко и внизу, там, где каменная стена отделяла нижние террасы дворцового сада от городской площади, низкое ворчание, над которым взмывали по временам слабенькие, тонкие не то стоны, не то крики.

Прокуратор понял, что там на площади уже собралась несметная толпа взволнованных последними беспорядками жителей Ершалаима, что эта толпа в нетерпении ожидает вынесения приговора и что в ней кричат беспокойные продавцы воды.","солнце, с какой-то необыкновенною яростью сжигавшее в эти дни Ершалаим
у двух мраморных белых львов, стороживших лестницу
­заливаемую солнцем верхнюю площадь сада с пальмами на чудовищных слоновых ногах
с не поддающейся никакому описанию глыбой мрамора с з­олотою драконовой чешуею вместо крыши
над которым в­змывали по временам слабенькие, тонкие не то стоны, не то крики
несметная толпа взволнованных последними беспорядками жителей
толпа в нетерпении ожидает",168,58,"34,52380952",7,"4,166666667"
14,Михаил Булгаков,Мастер и Маргарита ,,1940,художественный,"Может быть, эти сумерки и были причиною того, что внешность прокуратора резко изменилась. Он как будто на глазах постарел, сгорбился и, кроме того, стал тревожен. Один раз он оглянулся и почему-то вздрогнул, бросив взгляд на пустое кресло, на спинке которого лежал плащ. Приближалась праздничная ночь, вечерние тени играли свою игру, и, вероятно, усталому прокуратору померещилось, что кто-то сидит в пустом кресле. Допустив малодушие – пошевелив плащ, прокуратор оставил его и забегал по балкону, то потирая руки, то подбегая к столу и хватаясь за чашу, то останавливаясь и начиная бессмысленно глядеть на мозаику пола, как будто пытаясь прочесть в ней какие-то письмена.

За сегодняшний день уже второй раз на него пала тоска. Потирая висок, в котором от адской утренней боли осталось только тупое, немного ноющее воспоминание, прокуратор все силился понять, в чем причина его душевных мучений. И быстро он понял это, но постарался обмануть себя. Ему ясно было, что сегодня днем он что-то безвозвратно упустил, и теперь он упущенное хочет исправить какими-то мелкими и ничтожными, а главное, запоздавшими действиями. Обман же самого себя заключался в том, что прокуратор старался внушить себе, что действия эти, теперешние, вечерние, не менее важны, чем утренний приговор. Но это очень плохо удавалось прокуратору.","как будто на гла­зах постарел
вечерние тени играли свою игру
бессмысленно глядеть на мо­заику пола, как будто пытаясь прочесть в ней какие-то письмена
на него пала тоска
от адской утренней боли
тупое, немного ноющее воспоминание
душевных мучений
он что-то безвозвратно упустил
какими-то мелкими и ничтожными, а главное, ­запоздавшими действиями",196,41,"20,91836735",9,"4,591836735"
15,Сергей Довлатов,Компромисс,,1981,художественный,"Конференция состоялась в Политехническом институте. Я туда заехал, побеседовал. Через пять минут информация была готова. Отдал ее в секретариат. Появляется редактор Туронок, елейный, марципановый человек. Тип застенчивого негодяя. На этот раз возбужден:
      - Вы допустили грубую идеологическую ошибку.
      - ?
      - Вы перечисляете страны...
      - Разве нельзя?
      - Можно и нужно. Дело в том, к а к вы их перечисляете. В какой очередности. Там идут Венгрия, ГДР, Дания, затем - Польша, СССР, ФРГ...
      - Естественно, по алфавиту.
      - Это же внеклассовый подход, - застонал Туронок, - существует железная очередность. Демократические страны - вперед! Затем - нейтральные государства. И, наконец, - участники блока...
      - О'кей, - говорю.
      Я переписал информацию, отдал в секретариат. Назавтра прибегает Туронок:
      - Вы надо мной издеваетесь! Вы это умышленно проделываете?!
      - Что такое?
      - Вы перепутали страны народной демократии. У вас ГДР после Венгрии. Опять по алфавиту?! Забудьте это оппортунистическое слово! Вы работник партийной газеты. Венгрию - на третье место! Там был путч.
      - А с Германией была война.
      - Не спорьте! Зачем вы спорите?! Это другая Германия, другая! Не понимаю, кто вам доверил?! Политическая близорукость! Нравственный инфантилизм! Будем ставить вопрос...
      За информацию мне уплатили два рубля. Я думал - три заплатят...","елейный, марципановый человек
Тип застенчивого негодяя.
внеклассовый подход
Вы надо мной издеваетесь!
железная очередность
Политическая близорукость! 
Нравственный инфантилизм!
Будем ставить вопрос...",226,15,"6,637168142",8,"3,539823009"
16,Сергей Довлатов,Компромисс,,1981,художественный,"  В этой повести нет ангелов и нет злодеев... Нет грешников и праведников нет. Да и в жизни их не существует. Вот уже несколько лет я наблюдаю...
      Один редактор говорил мне:
      - У тебя все действующие лица - подлецы. Если уж герой - подлец, ты должен логикой рассказа вести его к моральному краху. Или к возмездию. А у тебя подлецы - нечто естественное, как дождь или снег,..
      - Где же тут подлецы? - спрашивал я. - Кто, например, подлец?
      Редактор глядел на меня, как на человека, оказавшегося в нехорошей компании и пытающегося выгородить своих дружков...
      Я давно уже не разделяю людей на положительных и отрицательных. А литературных героев - тем более. Кроме того, я не уверен, что в жизни за преступлением неизбежно следует раскаяние, а за подвигом - блаженство. Мы есть то, чем себя ощущаем. Наши свойства, достоинства и пороки извлечены на свет божий чутким прикосновением жизни... ""Натура - ты моя богиня!"" И так далее... Ладно...
      В этой повести нет ангелов и нет злодеев, да и быть не может. Один из героев - я сам. Выведен также Миша Шаблинский, с характерными для него выражениями - ""спонтанная апперцепция"", ""имманентный дуализм""... Далее фигурирует Митя Кленский, его тоже легко узнать. Пристрастие к анодированным зажимам для галстука и толстым мундштукам из фальшивого янтаря снискало ему широкую известность.
      Что нас сближало? Может быть, как это получше выразиться, легкая неприязнь к официальной стороне газетной работы. Какой-то здоровый цинизм, помогающий избегать громких слов...
      В нашей конторе из тридцати двух сотрудников по штату двадцать восемь называли себя: ""Золотое перо республики"". Мы трое в порядке оригинальности назывались - серебряными. Дима Шер, написавший в одной корреспонденции: ""Искусственная почка - будничное явление наших будней"", слыл дубовым пером.","нет ангелов и нет злодеев
Нет грешников и праведников нет.
логикой рассказа вести его к моральному краху. Или к возмездию.
подлецы - нечто естественное, как дождь или снег
Редактор глядел на меня, как на человека, оказавшегося в нехорошей компании и пытающегося выгородить своих дружков...
не разделяю людей на положительных и отрицательных
за преступлением неизбежно следует раскаяние, а за подвигом - блаженство
Мы есть то, чем себя ощущаем.
Наши свойства, достоинства и пороки извлечены на свет божий чутким прикосновением жизни...
Натура - ты моя богиня!
нет ангелов и нет злодеев
Пристрастие к анодированным зажимам для галстука и толстым мундштукам из фальшивого янтаря снискало ему широкую известность.
легкая неприязнь к официальной стороне газетной работы
здоровый цинизм, помогающий избегать громких слов
В нашей конторе из тридцати двух сотрудников по штату двадцать восемь называли себя: ""Золотое перо республики"". Мы трое в порядке оригинальности назывались - серебряными.
будничное явление наших будней
слыл дубовым пером",292,133,"45,54794521",17,"5,821917808"
17,Алексей Ремизов,Жертва,,1909,художественный,"Говорилось, что ничего особенного в Благодатном нет, что Бородинский прославленный дом как дом, да, пожалуй, даже с изъяном – одна половина очень заметно заново переделана после пожара, ну и сад как сад, старый, тенистый – правда, но таких садов, если поездить по России, сколько хочешь; поля, лес – что говорить – поля просторны, лес хороший, да тоже не какая-нибудь невидаль; а люди – даже совсем дрянь: беднота, земли мало, то переселялись, то опять вернулись, а во время беспорядков, если дом не сожгли и лошадям глаза не повыкололи, как это сделали у соседа Бессонова, то все-таки поговаривали и о том, чтобы дом сжечь, добро истребить да отобрать Бородинскую землю. Что же касается Петра Николаевича, то, перечисляя все его странности, несли такую крещенскую белиберду, что просто повторять совестно. И в конце концов заказывалось другу и недругу даже в самой крайней нужде бывать в Благодатном: место нечисто.

Кто-то из добрых друзей советовал Александре Павловне жаловаться губернатору, но она и слышать не хотела. Во слухах, на ее взгляд, правды ни капли не было, да и не стоило историю подымать. В самом деле: мало ли что какой-нибудь подозрительный со своего подозрительного ума не сочинит и не выдумает – ему бы только валить с больной головы на здоровую! Да притом же и разговоры как-то само собою прекратились – все-таки люди не так глупы, как кажутся.","ничего особенного в Благодатном нет
прославленный дом как дом
сад как сад
что говорить
не какая-нибудь невидаль
а люди – даже совсем дрянь
добро истребить
крещенскую белиберду
другу и недругу
место нечисто
добрых друзей
и слышать не хотела
правды ни капли не было
историю подымать
мало ли что какой-нибудь подозрительный со своего подозрительного ума не сочинит и не ыдумает
валить с больной головы на здоровую!
разговоры как-то само собою прекратились
люди не так глупы, как кажутся",218,59,"27,06422018",18,"8,256880734"
18,Алексей Ремизов,Пруд,,1908,художественный,"Вообще, все дети отличались крепким здоровьем, несмотря на все свои финогеновские проделки: для озорства и удали ели снег и выбегали в одних, рубашках в холодные сени, глотали больших мух, чтобы мутило и не идти в гимназию, а чтобы грозы не бояться, ели черствые заплесневелые просвирки — бабушкино наущение! — и всегда на пруду — кувыркались в прорубь. И все с рук сходило, вреда особенного не замечалось. Исключением был Женя. Женя, после всех болезней Коли, прохворав скарлатиной и корью, получил еще дифтерит и одно время ослеп. Зрение вернулось, но постоянно на глаза он жаловался. Какая-то была у него сильная невральгия. Не глаза болели, а где-то над бровями в висках: схватит и мучает, — и свету тогда уж не видит, и плачет убито, так плачут только беспомощные дети, не плачет, а гудит. И лунатик он был: по ночам сонный проделывал диковинные вещи, — вылезал на крышу, ходил по карнизу. В самом раннем детстве, когда у него были припадки, клали его на мощи, и у Вареньки у образов в киоте вместе с венчальными свечами хранились бархатные рукавички и шапочки с мощей, — святыню к глазам прикладывали. Водила его Прасковья в Боголюбов монастырь к схимнику о. Глебу на молитву о изгнании беса, будто и полегчало. Глаза у Жени такие были грустные, и забиякой не слыл он, а все же разойдется — маху не даст.","крепким здоровьем
финогеновские проделки
для озорства и удали
чтобы мутило и не идти в гимназию
бабушкино наущение
все с рук сходило
вреда особенного не замечалось
схватит и мучает
плачет убито
так плачут только беспомощные дети
не плачет, а гудит
проделывал диковинные вещи
забиякой не слыл
маху не даст",220,35,"15,90909091",14,"6,363636364"
19,Виктор Пелевин,Generation «П»,,2011,художественный,"Вавилен Татарский родился задолго до этой исторической победы красного над красным. Поэтому он автоматически попал в поколение «П», хотя долгое время не имел об этом никакого понятия. Если бы в те далекие годы ему сказали, что он, когда вырастет, станет копирайтером, он бы, наверно, выронил от изумления бутылку «Пепси-колы» прямо на горячую гальку пионерского пляжа. В те далекие дни детям положено было стремиться к сияющему шлему пожарного или белому халату врача. Даже мирное слово «дизайнер» казалось сомнительным неологизмом, прижившимся в великом русском языке по лингвистическому лимиту, до первого серьезного обострения международной обстановки.

Но в те дни в языке и в жизни вообще было очень много сомнительного и странного. Взять хотя бы само имя «Вавилен», которым Татарского наградил отец, соединявший в своей душе веру в коммунизм и идеалы шестидесятничества. Оно было составлено из слов «Василий Аксенов» и «Владимир Ильич Ленин». Отец Татарского, видимо, легко мог представить себе верного ленинца, благодарно постигающего над вольной аксеновской страницей, что марксизм изначально стоял за свободную любовь, или помешанного на джазе эстета, которого особо протяжная рулада саксофона заставит вдруг понять, что коммунизм победит. Но таков был не только отец Татарского, – таким было все советское поколение пятидесятых и шестидесятых, подарившее миру самодеятельную песню и кончившее в черную пустоту космоса первым спутником – четыреххвостым сперматозоидом так и не наставшего будущего.

Татарский очень стеснялся своего имени, представляясь по возможности Вовой. Потом он стал врать друзьям, что отец назвал его так потому, что увлекался восточной мистикой и имел в виду древний город Вавилон, тайную доктрину которого ему, Вавилену, предстоит унаследовать. А сплав Аксенова с Лениным отец создал потому, что был последователем манихейства и натурфилософии и считал себя обязанным уравновесить светлое начало темным. Несмотря на эту блестящую разработку, в возрасте восемнадцати лет Татарский с удовольствием потерял свой первый паспорт, а второй получил уже на Владимира.","исторической победы красного над красным
поколение «П»
Если бы в те далекие годы ему сказали, что он, когда вырастет, станет копирайтером, он бы, наверно, выронил от изумления бутылку «Пепси-колы» прямо на горячую гальку пионерского пляжа.
детям положено было стремиться к сияющему шлему пожарного или белому халату врача
сомнительным неологизмом, прижившимся в великом русском языке по лингвистическому лимиту, до первого серьезного обострения международной обстановки
в языке и в жизни вообще было очень много сомнительного и странного
имя «Вавилен», которым Татарского наградил отец
соединявший в своей душе веру в коммунизм и идеалы шестидесятничества
верного ленинца, благодарно постигающего над вольной аксеновской страницей, что марксизм изначально стоял за свободную любовь, или помешанного на джазе эстета, которого особо протяжная рулада саксофона заставит вдруг понять, что коммунизм победит
подарившее миру
кончившее в черную пустоту космоса первым спутником – четыреххвостым сперматозоидом так и не наставшего будущего
тайную доктрину которого ему, Вавилену, предстоит унаследовать
сплав Аксенова с Лениным
уравновесить светлое начало темным
блестящую разработку
с удовольствием потерял свой первый паспорт",293,147,"50,17064846",16,"5,460750853"
20,Виктор Пелевин,Чапаев и Пустота,,1996,художественный,"Тверской бульвар был почти таким же, как и два года назад, когда я последний раз его видел – опять был февраль, сугробы и мгла, странным образом проникавшая даже в дневной свет. На скамейках сидели те же неподвижные старухи; вверху, над черной сеткой ветвей, серело то же небо, похожее на ветхий, до земли провисший под тяжестью спящего Бога матрац.

Была, впрочем, и разница. Этой зимой по аллеям мела какая-то совершенно степная метель, и, попадись мне навстречу пара волков, я совершенно не удивился бы. Бронзовый Пушкин казался чуть печальней, чем обычно – оттого, наверно, что на груди у него висел красный фартук с надписью: «Да здравствует первая годовщина Революции». Но никакого желания иронизировать по поводу того, что здравствовать предлагалось годовщине, а революция была написана через «ять», у меня не было – за последнее время я имел много возможностей разглядеть демонический лик, который прятался за всеми этими короткими нелепицами на красном.

Уже начинало темнеть. Страстной монастырь был еле виден за снежной мглой. На площади перед ним стояли два грузовика с высокими кузовами, обтянутыми ярко-алой материей; вокруг колыхалась толпа, и долетал голос оратора – я почти ничего не разбирал, но смысл был ясен по интонации и пулеметному «р-р» в словах «пролетариат» и «террор». Мимо меня прошли два пьяных солдата, за плечами у которых качались винтовки с примкнутыми штыками. Солдаты торопились на площадь, но один из них, остановив на мне наглый взгляд, замедлил шаг и открыл рот, словно собираясь что-то сказать; к счастью – и его, и моему – второй дернул его за рукав, и они ушли.

","мгла, странным образом проникавшая даже в дневной свет
те же неподвижные старухи
черной сеткой ветвей
серело то же небо, похожее на ветхий, до земли провисший под тяжестью спящего Бога матрац
по аллеям мела какая-то совершенно степная метель, и, попадись мне навстречу пара волков, я совершенно не удивился бы
Бронзовый Пушкин казался чуть печальней, чем обычно – оттого, наверно, что на груди у него висел красный фартук с надписью: «Да здравствует первая годовщина Революции».
Но никакого желания иронизировать по поводу того, что здравствовать предлагалось годовщине, а революция была написана через «ять», у меня не было
демонический лик, который прятался за всеми этими короткими нелепицами на красном
пулеметному «р-р» в словах «пролетариат» и «террор»
колыхалась толпа
смысл был ясен по интонации и пулеметному «р-р» в словах «пролетариат» и «террор»
наглый взгляд",248,116,"46,77419355",12,"4,838709677"
21,Андрей Платонов,Котлован ,,1968,художественный,"В это время отворился дверной вход, и Вощев увидел ночного косаря с артельным чайником: кипяток уже поспел на плите, которая топилась на дворе барака; время пробуждения миновало, наступила пора питаться для дневного труда...Сельские часы висели на деревянной стене и терпеливо шли силой тяжести мертвого груза; розовый цветок был изображен на облике механизма, чтобы утешать всякого, кто видит время. Мастеровые сели в ряд по длине стола, косарь, ведавший женским делом в бараке, нарезал хлеб и дал каждому человеку ломоть, а в прибавок еще по куску вчерашней холодной говядины. Мастеровые начали серьезно есть, принимая в себя пищу как должное, но не наслаждаясь ею. Хотя они и владели смыслом жизни, что равносильно вечному счастью, однако их лица были угрюмы и худы, а вместо покоя жизни они имели измождение. Вощев со скупостью надежды, со страхом утраты наблюдал этих грустно существующих людей, способных без торжества хранить внутри себя истину; он уже был доволен и тем, что истина заключалась на свете в ближнем к нему теле человека, который сейчас только говорил с ним, значит, достаточно лишь быть около того человека, чтобы стать терпеливым к жизни и трудоспособным.— Иди с нами кушать! — позвали Вощева евшие люди. Вощев встал и, еще не имея полной веры в общую необходимость мира, пошел есть, стесняясь и тоскуя.","кипяток уже поспел на плите
время пробуждения миновало, наступила пора питаться для дневного труда
[часы] терпеливо шли силой тяжести мертвого груза
розовый цветок был изображен на облике механизма, чтобы утешать всякого, кто видит время
ведавший женским делом
начали серьезно есть, принимая в себя пищу как должное, но не наслаждаясь ею
владели смыслом жизни, что равносильно вечному счастью
вместо покоя жизни они имели измождение
со скупостью надежды, со страхом утраты
грустно существующих людей
способных без торжества хранить внутри себя истину
он уже был доволен и тем, что истина заключалась на свете в ближнем к нему теле человека, который сейчас только говорил с ним, значит, достаточно лишь быть около того человека, чтобы стать терпеливым к жизни и трудоспособным
еще не имея полной веры в общую необходимость мира",207,113,"54,58937198",13,"6,280193237"
22,Андрей Платонов,Чевенгур,,1972,художественный,"Машинист-наставник видел любовную работу Захара Павловича – топки очищались им без всяких повреждений металла и до сияющей чистоты, – но никогда не говорил Захару Павловичу доброго слова. Наставник отлично знал, что машины живут и движутся скорее по своему желанию, чем от ума и умения людей; люди здесь ни при чем. Наоборот, доброта природы, энергии и металла портят людей. Любой холуй может огонь в топке зажечь, но паровоз поедет сам, а холуй – только груз. И если дальше техника так податливо пойдет, то люди от своих сомнительных успехов выродятся в ржавчину, – тогда их останется передавить работоспособными паровозами и дать машине волю на свете. Однако наставник ругал Захара Павловича меньше других – Захар Павлович бил молотком всегда с сожалением, а не с грубой силой, не плевал на что попало, находясь на паровозе, и не царапал беспощадно тела машины инструментами.

– Господин наставник! – обратился раз Захар Павлович, осмелев ради любви к делу. – Позвольте спросить: отчего человек – так себе: ни плох, ни хорош, а машины равномерно знамениты?

Наставник слушал сердито – он ревновал к посторонним паровозы, считая свое чувство к ним личной привилегией.

«Серый черт, – говорил для себя наставник, – тоже понадобились ему механизмы: господи боже мой!»

Против обоих людей стоял паровоз, который разогревали под ночной скорый поезд. Наставник долго смотрел на паровоз и наполнялся обычным радостным сочувствием. Паровоз стоял великодушный, громадный, теплый на гармонических перевалах своего величественного высокого тела. Наставник сосредоточился, чувствуя в себе гудящий безотчетный восторг. Ворота депо были открыты в вечернее пространство лета – в смуглое будущее, в жизнь, которая может повториться на ветру, в стихийных скоростях на рельсах, в самозабвении ночи, риска и нежного гула точной машины.

Машинист-наставник сжал руки в кулаки от прилива какой-то освирепевшей крепости внутренней жизни, похожей на молодость и на предчувствие гремящего будущего. Он забыл про низкую квалификацию Захара Павловича и ответил ему, как равному другу:

– Ты вот поработал и поумнел! Но человек – чушь!.. Он дома валяется и ничего не стоит… Но ты возьми птиц…","до сияющей чистоты
машины живут и движутся скорее по своему желанию, чем от ума и умения людей
доброта природы, энергии и металла портят людей
люди от своих сомнительных успехов выродятся в ржавчину, – тогда их останется передавить работоспособными паровозами и дать машине волю на свете
не царапал беспощадно тела машины инструментами
машины равномерно знамениты
он ревновал к посторонним паровозы, считая свое чувство к ним личной привилегией
Серый черт
тоже понадобились ему механизмы: господи боже мой! 
наполнялся обычным радостным сочувствием
аровоз стоял великодушный, громадный, теплый на гармонических перевалах своего величественного высокого тела.
гудящий безотчетный восторг
вечернее пространство лета
 смуглое будущее, в жизнь, которая может повториться на ветру, в стихийных скоростях на рельсах, в самозабвении ночи, риска и нежного гула точной машины.
от прилива какой-то освирепевшей крепости внутренней жизни, похожей на молодость и на предчувствие гремящего будущего
Но человек – чушь!.. 
Он дома валяется и ничего не стоит… 
возьми птиц",320,135,"42,1875",18,"5,625"
23,Татьяна Толстая,Кысь,,2000,художественный,"На семи холмах лежит городок Федор-Кузьмичск, а вокруг городка – поля необозримые, земли неведомые. На севере – дремучие леса, бурелом, ветви переплелись и пройти не пускают, колючие кусты за порты цепляют, сучья шапку с головы рвут. В тех лесах, старые люди сказывают, живет кысь. Сидит она на темных ветвях и кричит так дико и жалобно: кы-ысь! кы-ысь! – а видеть ее никто не может. Пойдет человек так вот в лес, а она ему на шею-то сзади: хоп! и хребтину зубами: хрусь! – а когтем главную-то жилочку нащупает и перервет, и весь разум из человека и выйдет. Вернется такой назад, а он уж не тот, и глаза не те, и идет, не разбирая дороги, как бывает, к примеру, когда люди ходят во сне под луной, вытянувши руки, и пальцами шевелят: сами спят, а сами ходят. Поймают его и ведут в избу, а иной раз для смеху поставят ему миску пустую, ложку в руку вторнут: ешь; он будто и ест, из пустой-то миски, и зачерпывает, и в рот несет, и жует, а после словно хлебом посудину обтирает, а хлеба-то в руке и нет; ну, родня, ясно, со смеху давится. Такой сам ничего делать не может, даже оправиться не умеет: каждый раз ему заново показывай. Ну, если жене или там матери его жалко, она его с собой в поганый чулан водит; а ежели за ним приглядеть некому, то он, считай, не жилец: как пузырь лопнет, так он и помирает.

Вот чего кысь-то делает.

На запад тоже не ходи. Там даже вроде бы и дорога есть – невидная, вроде тропочки. Идешь-идешь, вот уж и городок из глаз скрылся, с полей сладким ветерком повевает, все-то хорошо, все-то ладно, и вдруг, говорят, как встанешь. И стоишь. И думаешь: куда же это я иду-то? Чего мне там надо? Чего я там не видел? Нешто там лучше? И так себя жалко станет! Думаешь: а позади-то моя изба, и хозяюшка, может, плачет, из-под руки вдаль смотрит; по двору куры бегают, тоже, глядишь, истосковались; в избе печка натоплена, мыши шастают, лежанка мягкая… И будто червырь сердце точит, точит… Плюнешь и назад пойдешь. А иной раз и побежишь. И как завидишь издали родные горшки на плетне, так слеза и брызнет. Вот не дать соврать, на аршин брызгает! Право!..","поля необозримые, земли неведомые
ветви переплелись и пройти не пускают, колючие кусты за порты цепляют, сучья шапку с головы рвут
она ему на шею-то сзади: хоп! и хребтину зубами: хрусь!
когтем главную-то жилочку нащупает и перервет, и весь разум из человека и выйдет
он уж не тот, и глаза не те
со смеху давится
он, считай, не жилец
городок из глаз скрылся
сладким ветерком повевает, все-то хорошо, все-то ладно
будто червырь сердце точит, точит…
Плюнешь и назад пойдешь.
Вот не дать соврать, [слеза] на аршин брызгает! Право!..""",365,76,"20,82191781",12,"3,287671233"
24,Татьяна Толстая,Милая Шура,,2004,художественный,"Вы мне нравитесь, Александра Эрнестовна, вы мне очень нравитесь, особенно вон на той фотографии, где у вас такой овал лица, и на этой, где вы откинули голову и смеетесь изумительными зубами, и на этой, где вы притворяетесь капризной, а руку забросили куда-то на затылок, чтобы резные фестончики нарочно сползли с локтя. Мне нравится ваша никому больше не интересная, где-то там отшумевшая жизнь, бегом убежавшая молодость, ваши истлевшие поклонники, мужья, проследовавшие торжественной вереницей, все, все, кто окликнул вас и кого позвали вы, каждый, кто прошел и скрылся за высокой горой. Я буду приходить к вам и приносить и сливки, и очень полезную для глаз морковку, а вы, пожалуйста, раскрывайте давно не проветривавшиеся бархатные коричневые альбомы – пусть подышат хорошенькие гимназистки, пусть разомнутся усатые господа, пусть улыбнется бравый Иван Николаевич. Ничего, ничего, он вас не видит, ну что вы, Александра Эрнестовна!.. Надо было решиться тогда. Надо было. Да она уже решилась. Вот он – рядом, – руку протяни! Вот, возьми его в руки, держи, вот он, плоский, холодный, глянцевый, с золотым обрезом, чуть пожелтевший Иван Николаевич! Эй, вы слышите, она решилась, да, она едет, встречайте, всё, она больше не колеблется, встречайте, где вы, ау!
 Тысячи лет, тысячи дней, тысячи прозрачных непроницаемых занавесей пали с небес, сгустились, сомкнулись плотными стенами, завалили дороги, не пускают Александру Эрнестовну к ее затерянному в веках возлюбленному. Он остался там, по ту сторону лет, один, на пыльной южной станции, он бродит по заплеванному семечками перрону, он смотрит на часы, отбрасывает носком сапога пыльные веретена кукурузных обглодышей, нетерпеливо обрывает сизые кипарисные шишечки, ждет, ждет, ждет паровоза из горячей утренней дали. Она не приехала. Она не приедет. Она обманула. Да нет, нет, она же хотела! Она готова, и саквояжи уложены! Белые полупрозрачные платья поджали колени в тесной темноте сундука, несессер скрипит кожей, посверкивает серебром, бесстыдные купальные костюмы, чуть прикрывающие колени – а руки-то голые до плеч! – ждут своего часа, зажмурились, предвкушая… В шляпной коробке – невозможная, упоительная, невесомая… ах, нет слов – белый зефир, чудо из чудес! На самом дне, запрокинувшись на спину, подняв лапки, спит шкатулка – шпильки, гребенки, шелковые шнурки, алмазный песочек, наклеенный на картонные шпатели – для нежных ногтей; мелкие пустячки. Жасминовый джинн запечатан в хрустальном флаконе – ах, как он сверкнет миллиардом радуг на морском ослепительном свету! Она готова – что ей помешало? Что нам всегда мешает?","смеетесь изумительными зубами
где-то там отшумевшая жизнь
бегом убежавшая молодость
ваши истлевшие поклонники, мужья, проследовавшие торжественной вереницей
каждый, кто прошел и скрылся за высокой горой
раскрывайте давно не проветривавшиеся бархатные коричневые альбомы – пусть подышат хорошенькие гимназистки, пусть разомнутся усатые господа, пусть улыбнется бравый Иван Николаевич.
Вот он – рядом, – руку протяни!
возьми его в руки, держи, вот он, плоский, холодный, глянцевый, с золотым обрезом, чуть пожелтевший Иван Николаевич
Тысячи лет, тысячи дней, тысячи прозрачных непроницаемых занавесей пали с небес, сгустились, сомкнулись плотными стенами, завалили дороги, не пускают Александру Эрнестовну к ее затерянному в веках возлюбленному.
Он остался там, по ту сторону лет
пыльные веретена кукурузных обглодышей
ждет, ждет, ждет паровоза из горячей утренней дали
Белые полупрозрачные платья поджали колени в тесной темноте сундука, несессер скрипит кожей, посверкивает серебром
[бесстыдные купальные костюмы] ждут своего часа, зажмурились, предвкушая…
В шляпной коробке – невозможная, упоительная, невесомая… ах, нет слов – белый зефир, чудо из чудес!
запрокинувшись на спину, подняв лапки, спит шкатулка
Жасминовый джинн запечатан в хрустальном флаконе – ах, как он сверкнет миллиардом радуг на морском ослепительном свету!",369,155,"42,00542005",17,"4,60704607"
25,Аркадий и Борис Стругацкие,Пикник на обочине,,1972,художественный,"Он упал лицом в траву, и она разлетелась в пыль под его щекой, и он заскрипел зубами 
от злости, что так не повезло. Он лежал, стараясь не двигаться, все еще надеясь, что, может 
быть, про несет, хотя и понимал, что они попались. Жар усиливался, наваливался, 
обволакивал все тело, как простыня, смоченная кипятком, глаза залило потом, и Рэдрик 
запоздало крикнул Арчибальду: «Не шевелись! Терпи!». И стал терпеть сам. И он бы 
вытерпел, и все, может быть, обошлось бы более или менее благополучно, без всяких потерь, 
но не выдержал Арчибальд. То ли он не расслышал Рэдрика, то ли перепугался до того, что 
забыл все наказы и заповеди, то ли разом припекло его еще сильнее, чем Рэдрика, во всяком 
случае, управлять собой он перестал и слепо, с каким-то горловым воплем кинулся, 
пригнувшись, куда погнал его бессмысленный инстинкт — назад, как раз туда, куда бежать 
уж никак было нельзя. Рэдрик едва успел приподняться и обеими руками обхватить его за 
ногу, и он всем телом грянулся о землю, подняв тучу пепла, взвизгнул неестественно 
высоким голосом и лягнул Рэдрика свободной ногой в лицо, забился и задергался, но Рэдрик, 
сам уже плохо соображая от боли, наполз на него, прижимаясь обожженным лицом к 
кожаной куртке, стремясь задавить, втереть в землю, обеими руками держа за длинные 
волосы дергающуюся голову и бешено колотя носками ботинок и коленями по ногам, по 
земле, по заду. Он смутно слышал стоны и мычание, доносившиеся из-под него, и свой 
собственный хрип: «Лежи, сволочь, лежи, убью…», а сверху на него все наваливали и 
наваливали груды раскаленного угля, и уже полыхала на нем одежда, и трещала, вздуваясь 
пузырями и лопаясь, кожа на ногах и боках, и он, уткнувшись лицом в серый пепел, 
судорожно уминая грудью голову этого проклятого сопляка, не выдержал и заорал изо всех 
сил… ","[трава] разлетелась в пыль
заскрипел зубами от злости
надеясь, что, может быть, пронесет
они попались
Жар усиливался, наваливался, обволакивал все тело, как простыня, смоченная кипятком
глаза залило потом
перепугался до того, что забыл все наказы и заповеди
разом припекло его еще сильнее
слепо, с каким-то горловым воплем кинулся, 
пригнувшись, куда погнал его бессмысленный инстинкт
грянулся о землю, подняв тучу пепла
стремясь задавить, втереть в землю
бешено колотя
Он смутно слышал
сверху на него все наваливали и 
наваливали груды раскаленного угля
уминая грудью голову этого проклятого сопляка
заорал изо всех сил",289,75,"25,95155709",18,"6,228373702"
26,Аркадий и Борис Стругацкие,Пикник на обочине,,1972,художественный,"Да, хотел бы я знать, чем все это кончится. Десять лет назад я совершенно точно знал, 
чем это должно кончиться. Непреодолимые кордоны. Пояс пустоты шириной в пятьдесят 
километров. Ученые и солдаты, больше никого. Страшная язва на теле моей планеты должна 
быть заблокирована намертво. И ведь надо же, вроде бы все так считали, не только я. Какие 
произносились речи, какие предлагались законопроекты… И теперь уже даже не вспомнишь, 
каким образом эта всеобщая стальная решимость расплылась вдруг киселем. С одной 
стороны — нельзя не признать, с другой стороны — нельзя не согласиться. Кажется, все 
началось, когда первые сталкеры вынесли из Зоны первые «этаки». «Батарейки»… Да, 
кажется, с этого и началось. Язва оказалась не такой уж язвой, и даже не язвой вовсе, а 
сокровищницей… А теперь уже никто и не знает, что это. Пользуются помаленьку… Десять 
лет корячатся, миллиарды ухлопали, а организованного грабежа наладить так и не могут. 
Каждый делает свой маленький бизнес, а ученые лбы с важным видом сообщают: с одной 
стороны, нельзя не признать, а с другой стороны, нельзя не согласиться, поскольку объект 
такой-то, будучи облучен рентгеном под углом восемнадцать градусов, испускает 
квазитепловые электроны. Ну их к дьяволу. Все равно до самого конца мне не дожить…
","Да, хотел бы я знать, чем все это кончится. Десять лет назад я совершенно точно знал, чем это должно кончиться.
Пояс пустоты шириной в пятьдесят километров.
Страшная язва на теле моей планеты должна быть заблокирована намертво.
вроде бы все так считали
Какие произносились речи, какие предлагались законопроекты…
всеобщая стальная решимость расплылась вдруг киселем
С одной стороны — нельзя не признать, с другой стороны — нельзя не согласиться.
Язва оказалась не такой уж язвой, и даже не язвой вовсе, а сокровищницей…
Пользуются помаленьку…
Десять лет корячатся
миллиарды ухлопали
организованного грабежа наладить так и не могут.
Каждый делает свой маленький бизнес
ученые лбы с важным видом сообщают
с одной стороны, нельзя не признать, а с другой стороны, нельзя не согласиться
Ну их к дьяволу.
до самого конца мне не дожить",195,112,"57,43589744",17,"8,717948718"
27,Виктория Ледерман,Теория невероятностей,,2018,художественный,"День не заладился с самого утра: отключили интернет. Когда сонный Матвей перетек из кровати в компьютерное кресло и практически на ощупь прогулялся пальцами по клавиатуре, его ждал сюрприз: нет соединения. Он позвонил провайдеру и услышал ответ:

– Авария на магистральной линии. Вероятно, будет ликвидирована в течение суток.

Матвей тупо смотрел на экран монитора, пытаясь осознать размеры катастрофы. Вот это подстава! Целые сутки без интернета? Все, конец. Отрезан от мира. Отключен от цивилизации. Кошмар! Жуть! Самая кошмарная жуть, которая только могла произойти в понедельник в девять утра. До школы еще уйма времени – целых четыре часа. Можно было бы зарубиться в какой-нибудь шутер с френдами по сети или зависнуть на любимом сервере «Майнкрафт». Конечно, есть еще интернет в телефоне, но это совсем не то. Играть нужно с хорошим изображением и качественным звуком, так, чтобы соседи подскакивали в своих креслах.

Матвей в состоянии вселенской скорби притащился на кухню, забрался на стул у барной стойки, подпер голову руками и горестно вздохнул. Утро было испорчено. Мама же, наоборот, бодро цокала домашними босоножками – от холодильника к обеденному столу, от стола к плите, от плиты к кофеварке, от кофеварки снова к столу. У Матвея от этого мельтешения зарябило в глазах.

– Хочу сок и тост! – мрачно потребовал он.

Мама мимоходом поцеловала его в макушку:

– Доброе утро, злючка-колючка!

Матвей недовольно дернул головой. Ну что она вечно лезет со своими нежностями? Знает ведь, что он ненавидит все эти муси-пуси. Он же не девчонка, в самом деле.","День не заладился с самого утра
сонный Матвей перетек из кровати в компьютерное кресло
практически на ощупь прогулялся пальцами по клавиатуре
его ждал сюрприз: нет соединения
тупо смотрел
осознать размеры катастрофы
Вот это подстава!
Все, конец. Отрезан от мира. Отключен от цивилизации. Кошмар! Жуть! Самая кошмарная жуть, которая только могла произойти в понедельник в девять утра.
уйма времени
зарубиться в какой-нибудь шутер с френдами
зависнуть на любимом сервере
это совсем не то
Играть нужно с хорошим изображением и качественным звуком, так, чтобы соседи подскакивали в своих креслах.
Матвей в состоянии вселенской скорби притащился на кухню, забрался на стул у барной стойки, подпер голову руками и горестно вздохнул.
бодро цокала домашними босоножками
от этого мельтешения зарябило в глазах
злючка-колючка
лезет со своими нежностями
муси-пуси
Он же не девчонка, в самом деле.",234,111,"47,43589744",20,"8,547008547"
28,Виктория Ледерман,Календарь ма(й)я,,2016,художественный,"Открыв дверь в салон, Лена остановилась как громом пораженная. Она увидела в зале студентку Марину, застегивающую на себе рабочий халат. У Лены подкосились ноги. Она опять все перепутала. Она продолжала жить по расписанию пятницы, хотя для всех остальных была среда. Это означало, что в услугах Лены здесь сегодня не нуждаются и что никакой зарплаты не будет. На самом деле уборщицей в салоне работала Марина, а Лена ее подменяла по вторникам и пятницам.

– Лен, ты чего пришла? Не твоя же смена, – удивленно сказала тетя Мила, пожилая парикмахерша, которая и договорилась с хозяйкой, чтобы несовершеннолетнюю школьницу неофициально взяли на работу.

– Моя! Еще как моя! – звенящим голосом завопила Лена, чувствуя, что теряет над собой контроль. Сколько можно выносить весь этот бред! Она словно попала в театр абсурда. Когда же это закончится?

– Лен, твоя смена в пятницу, ты перепутала, – улыбнулась парикмахерша.

– Тетя Мила, ну хоть вы признайтесь, что сегодня пятница! – взмолилась девочка. – Что с вами всеми происходит?!

– Лена, тебе нехорошо?

– Это вам нехорошо! Это вы сошли с ума и думаете, что сегодня среда.

Две клиентки, сидящие в креслах, с интересом наблюдали за происходящим. Тетя Мила подхватила Лену под руку и утащила в подсобное помещение, чтобы не привлекать всеобщего внимания. Там она налила ей воды и усадила на старый продавленный диван.

– Переработалась, – говорила она, гладя Лену по голове, – переутомилась. Виданное ли дело, чтобы двенадцатилетний ребенок работал так, как и некоторые взрослые не работают! Отдохнуть тебе надо, с подружками погулять.

– Я не ребенок, – мотнула головой Лена, сбрасывая ее руку. – И мне уже тринадцать.

– Двенадцать, тринадцать. Какая разница? Тебе в куклы играть надо, а ты всю семью тащишь на себе.

– Мне только кукол не хватает! Время впустую тратить! И так день короткий, ничего не успеваю.

– Горемыка, – вздохнула тетя Мила. – Слушай, Лен, я тут одежонку насобирала для твоих мальчишек. Хорошая еще, внук аккуратно носит.

– Не надо, – сказала Лена, поднимаясь.

– Как же не надо? Мальчишки ведь, все как на огне горит!

","остановилась как громом пораженная
У Лены подкосились ноги.
Она опять все перепутала.
в услугах Лены здесь сегодня не нуждаются
Еще как моя!
звенящим голосом завопила
теряет над собой контроль
Сколько можно выносить весь этот бред! Она словно попала в театр абсурда. Когда же это закончится?
Что с вами всеми происходит?!
тебе нехорошо?
Это вам нехорошо!
Это вы сошли с ума
всеобщего внимания
Тебе в куклы играть надо, а ты всю семью тащишь на себе.
Мне только кукол не хватает!
Горемыка
одежонку насобирала
все как на огне горит",298,70,"23,48993289",18,"6,040268456"
29,Дмитрий Глуховский,Метро 2033,,2002,художественный,"Артем нехотя поднялся со  своего места у  костра и, перетягивая автомат со  спины
на грудь, двинулся во тьму. Стоя на самом краю освещенного пространства, он демонстра-
тивно, как можно громче и внушительней, щелкнул затвором и хрипло крикнул:
– Стоять! Пароль!
Из  темноты, откуда минуту назад раздавались странный шорох и  глухое бормотание,
послышались спешные, дробные шаги. Кто-то отступал вглубь туннеля, напуганный сиплым
Артемовым голосом и бряцанием оружия. Артем спешно вернулся к костру и бросил Петру
Андреевичу:
– Да нет, не показалось. Не назвался, удрал.
– Эх ты, раззява! Тебе же было сказано: не отзываются – сразу стрелять! Откуда тебе
знать, кто это был? Может, это черные подбираются!
–  Нет… Я думаю, это  вообще не  люди… Звуки очень странные… Да и  шаги у  него
не человеческие. Что же я, человеческих шагов не узнаю? А потом, если бы это были черные,
разве они хоть раз вот так убегали? Вы же сами знаете, Петр Андреевич, в последнее время
черные вперед сразу бросаются – и на дозор нападали уже с голыми руками, и на пулемет шли
в полный рост. А этот удрал сразу… Какая-то трусливая тварь.
– Ладно, Артем! Больно ты умный! Есть у тебя инструкция – и действуй по инструкции,
а не рассуждай. Может, это лазутчик был. Увидел, что нас здесь мало, и – превосходящими
силами… Может, нас сейчас здесь прихлопнут за милую душу, ножом по горлу, и станцию
всю вырежут вон, как с Полежаевской вышло, а все потому, что ты вовремя не срезал гада…
Смотри у меня! В следующий раз по туннелю за ними бегать заставлю!
Артем поежился, представляя себе туннель за семисотым метром. Страшно было даже
помыслить о том, чтобы показаться там. За семисотый метр на север не отваживался ходить
никто. Патрули доезжали до пятисотого и, осветив пограничный столб прожектором с дрезины,
убедившись, что никакая дрянь не переползла за него, торопливо возвращались. Разведчики,
здоровые мужики, бывшие морские пехотинцы, и те останавливались на шестьсот восьмиде-
сятом, прятали горящие сигареты в ладонях и замирали, прильнув к приборам ночного виде-
ния. А потом медленно, тихо отходили назад, не спуская глаз с туннеля и ни в коем случае
не поворачиваясь к нему спиной.","двинулся во тьму
самом краю освещенного пространства
демонстративно, как можно громче и внушительней, щелкнул затвором
глухое бормотание
спешные, дробные шаги
Эх ты, раззява!
черные подбираются
Что же я, человеческих шагов не узнаю?
с голыми руками
на пулемет шли в полный рост
трусливая тварь
Больно ты умный!
Увидел, что нас здесь мало, и – превосходящими силами…
прихлопнут за милую душу
ножом по горлу, и станцию
всю вырежут вон, как с Полежаевской вышло,
вовремя не срезал гада
Смотри у меня!
Артем поежился, представляя себе туннель
Страшно было даже помыслить
не отваживался ходить никто
никакая дрянь не переползла
здоровые мужики
замирали, прильнув к приборам ночного видения
ни в коем случае
не поворачиваясь к нему спиной",235,61,"25,95744681",26,"11,06382979"
30,Дмитрий Глуховский,Текст,,2017,художественный,"Через Третье кольцо медленно проворачивали миллион автомобилей, фары горели днем, грязь из-под колес была взвешена в воздухе, люди выкипали из подземных переходов, Москва ворочалась и дышала. Живая. Илье хотелось трогать ее, трогать все подряд, гладить. Он семь лет хотел потрогать ее, Москву.

– Мне до Лобни.

Электрички поменялись сильно.

Он их помнил замызганными, зелеными, с исцарапанными стеклами, с изрисованными боками, с деревянными общими скамейками, пол в подсолнечной шелухе, пиво пролитое испаряется медленно, и все этим пивом пропахло. А теперь: белые новые поезда с желтыми стрелами на бортах, сиденья мягкие: каждому – свое. Пассажиры сидели чинно. Белые поезда их облагородили.

– Не хочешь со мной на Навку сходить? Ледовое шоу, – говорила одна ухайдоканная тетка другой. – Я тот раз была, феерия.

– Может, и сходила бы. Навка-то за этого выскочила, с усами, ну? Который путинский секретарь. Ничего мужчина, – отвечала та, более чем пятидесятилетняя, оштукатуренная поверх измождения. – Импозантный.

– Да ну его, – отмахивалась первая. – Навка и получше бы себе могла. Мне вот знаешь кто нравится? Лавров. Лавров хороший. Я бы с Лавровым лично. Он и порешительней твоего усатого будет.

Илья слушал и ничего не понимал. Поезд медлил. Пустые кишки урчали, под ложечкой сосало. На привокзальный чебурек он денег пожалел: цены в ларьке были московскими, а транспортные ему выдавали соликамскими. Зачем тратиться на чебурек, когда скоро мамины щи горячие?

Очень захотелось этих щей. Трехдневных. Со сметанкой. Хлеба туда сухого покрошить, как в детстве, как дед показывал. Баланду навести. Притопить корки в супе, но не до мякиша, а чтобы чуть-чуть еще хрустко было, подышать щами – и, обжигаясь, ложку в рот.

","медленно проворачивали миллион автомобилей
фары горели днем, грязь из-под колес была взвешена в воздухе
люди выкипали из подземных переходов
Москва ворочалась и дышала. Живая. Илье хотелось трогать ее, трогать все подряд, гладить. Он семь лет хотел потрогать ее, Москву.
Электрички поменялись сильно.
Пассажиры сидели чинно. Белые поезда их облагородили.
ухайдоканная тетка
Я тот раз была, феерия.
Навка-то за этого выскочила, с усами, ну?
Ничего мужчина
более чем пятидесятилетняя, оштукатуренная поверх измождения
Да ну его, – отмахивалась первая.
Навка и получше бы себе могла.
Я бы с Лавровым лично.
твоего усатого
Поезд медлил.
Пустые кишки урчали, под ложечкой сосало.
привокзальный чебурек
он денег пожалел
цены в ларьке были московскими, а транспортные ему выдавали соликамскими
Баланду навести.
еще хрустко было",254,97,"38,18897638",22,"8,661417323"
31,Владимир Сорокин,Норма,,1983,художественный,"Кот спрыгнул со стула, потрусил за ним.

В комнате Алексей Кириллович поставил чашку на заваленный бумагами стол, сел в кресло, положил перед собой пачку машинописных листов, полистал:

– Мммм это было… ага… это да… ага! Вот. Зададим мультипликативный закон, определяемый таблицей три… так… нейтральный элемент относительно… так… относительно… так… но, милый мой, это же тютелька в тютельку реферат Юрковского. Конечно, ведь если тело упорядочено, то множество реперов может быть разбито на два подмножества, чего он Америку открывает?.. Так. Такая матрица определяет отображение энмерного векторного пространства в другое векторное пространство. Ну и что? Это ведь теорема о невыраженной матрице! Юморист.

Алексей Кириллович выдвинул ящик стола, вынул лежащую на салфетке норму и, не отрываясь от листков, стал отщипывать кусочки, изредка запивая чаем:

– Так… так… ну, а это уж тоже ведь… умножение матрицы на скаляр дистрибутивно относительно сложения скаляров… ну… так… это было… а где он про линейную комбинаторику трепется?.. ага… символ Кронекера, равный нулю, если множество квадратичных матриц образует кольцо относительно суммы и произведения… ну и что? А где же два тензора пространства? Они же эквивалентны.

Крошки нормы падали ему на колени, сыпали на пол. Синус лежал на диване, положив морду между лап.

– А как же класс тензоров определить? Ведь это элементы внешнего ряда, чудак… ну… а зачем билинейную структуру рассматривать? Юморист! Нам важно знать параметры левого тензора, а не кривую полиноминальной функции… а здесь что?.. ага… ну это ясно… ага… тут он… так. Так! Интересно! И что же? Это в пику евклидову пространству! Бог ты мой! Ха-ха, ха-ха! О, держите меня! Полярная форма фундаментальной полиноминальной функции называется скалярным рассеянием! Ха-ха-ха! В огороде бузина, в Киеве дядька!","заваленный бумагами стол
милый мой, это же тютелька в тютельку реферат Юрковского
чего он Америку открывает?..
Юморист.
где он про линейную комбинаторику трепется?..
Ведь это элементы внешнего ряда, чудак…
Юморист!
Это в пику евклидову пространству! Бог ты мой!
О, держите меня!
В огороде бузина, в Киеве дядька!",261,38,"14,55938697",10,"3,831417625"
32,Владимир Сорокин,День опричника,,2006,художественный,"Выходит от них поединщик: здоровенный скотник, морда тыквой. Скидывает тулуп, натягивает рукавицы, сопли утирает. Но мы к такому повороту готовы – Погода Сиволаю на руки кафтан свой черный сбрасывает, шапку с куньей оторочкой стряхивает, куртку парчовую скидывает, поводит плечом молодецким, шелком алым обтянутым, мне подмигивает, выступает вперед. Супротив Погоды в кулачном деле даже Масло – подросток. Невысок Погода, но широк в плечах, крепок в кости, ухватист да оборотист. Попасть в его харю гладкую трудно. А вот от него вмясо схлопотать – проще простого.

Озорно глядит Погода на соперника, с прищуром, поигрывает пояском шелковым:

– Ну что, сиволапый, готов битым быть?

– Не хвались, опричник, на рать идучи!

Погода и скотник ходят кругами, примериваются. И одеты они по-разному, и в положениях разных, и господам разным служат, а коль приглядеться – из одного русского теста слеплены. Русские люди, решительные.

Встаем кругом, смыкаемся с челядью. На кулачном поприще это в норме. Здесь все равны – и смерд и столбовой, и опричник и приказной. Кулак – сам себе государь.

Посмеивается Погода, подмигивает скотнику, поигрывает плечами молодецкими. И не выдерживает мужик, кидается с замахом кулака пудового. Приседает Погода, а сам скотника – под ложечку коротким тычком. Икнул тот, но выдюжил. Погода снова вокруг танцует, плечами, как девка срамная, покачивает, подмигивает, язык розовый показывает. Скотник танцы не уважает, крякает да опять размахивается. Но Погода упреждает – слева в скулу, справа по ребрам – хлесть! хлесть! Аж ребра треснули. А от кулака пудового снова увернулся. Взревел скотник медведем, замахал кулачищами, рукавицы теряя. Да все без толку: снова под ложечку да и по сопатке – хрясь! Оступается детина, как медведь-шатун. Сцепил руки замком, ревет, рассекает воздух морозный. Да все без толку: хлоп! хлоп! хлоп! Быстрые кулаки у Погоды: вот уж и морда у скотника в крови, и глаз подбит, и нос красную юшку пустил. Летят алые капли, рубинами сверкают на зимнем солнце, падают на снег утоптанный.

","морда тыквой
поводит плечом молодецким, шелком алым обтянутым
Супротив Погоды в кулачном деле даже Масло – подросток.
широк в плечах, крепок в кости, ухватист да оборотист
Попасть в его харю гладкую трудно.
от него вмясо схлопотать – проще простого
Озорно глядит Погода на соперника, с прищуром, поигрывает пояском шелковым:
сиволапый
Не хвались, опричник, на рать идучи!
из одного русского теста слеплены
Встаем кругом, смыкаемся с челядью.
Кулак – сам себе государь.
подмигивает скотнику, поигрывает плечами молодецкими
не выдерживает мужик
Икнул тот, но выдюжил.
Погода снова вокруг танцует, плечами, как девка срамная, покачивает, подмигивает, язык розовый показывает.
танцы не уважает
кулака пудового
Взревел скотник медведем
замахал кулачищами, рукавицы теряя
все без толку
да и по сопатке – хрясь
Оступается детина, как медведь-шатун.
рассекает воздух морозный
все без толку
Быстрые кулаки у Погоды
нос красную юшку пустил
рубинами сверкают на зимнем солнце",300,111,37,28,"9,333333333"
33,Людмила Петрушевская,Время ночь,,1991,художественный,"Ау, Алена, моя далекая дочь. Я считаю, что самое главное в жизни — это любовь. Но за что мне все это, я же безумно ее любила! Безумно любила Андрюшу! Бесконечно.

А сейчас все, жизнь моя кончена, хотя мне мой возраст никто не дает, один даже ошибся со спины: девушка, ой, говорит, простите, женщина, как нам найти тут такой-то заулок? Сам грязный, потный, денег, видимо, много, и смотрит ласково, а то, говорит, гостиницы все заняты. Мы вас знаем! Мы вас знаем! Да! Бесплатно хочет переночевать за полкило гранатов. И еще какие-то там мелкие услуги, а чайник ставь, простыни расходуй, крючок на дверь накидывай, чтобы не клянчил, — у меня все просчитано в уме при первом же взгляде. Как у шахматистки. Я поэт. Некоторые любят слово «поэтесса», но смотрите, что нам говорит Марина или та же Анна, с которой мы почти что мистические тезки, несколько букв разницы: она Анна Андреевна, я тоже, но Андриановна. Когда я изредка выступаю, я прошу объявить так: поэт Анна — и фамилия мужа. Они меня слушают, эти дети, и как слушают! Я знаю детские сердца. И он всюду со мной, Тимофей, я на сцену, и он садится за тот же столик, ни в коем случае не в зрительном зале. Сидит и причем кривит рот, горе мое, нервный тик. Я шучу, глажу Тиму по головке: «Мы с Тамарой ходим парой», — и некоторые идиоты организаторы начинают: «Пусть Тамарочка посидит в зале», не знают, что это цитата из известного стихотворения Агнии Барто.

","моя далекая дочь
я же безумно ее любила! Безумно любила Андрюшу! Бесконечно.
мне мой возраст никто не дает
Мы вас знаем! Мы вас знаем! Да! Бесплатно хочет переночевать за полкило гранатов.
у меня все просчитано в уме при первом же взгляде. Как у шахматистки.
смотрите, что нам говорит Марина или та же Анна, с которой мы почти что мистические тезки, несколько букв разницы
Я знаю детские сердца.
ни в коем случае
кривит рот, горе мое, нервный тик
Мы с Тамарой ходим парой",240,73,"30,41666667",10,"4,166666667"
34,Людмила Петрушевская,Время ночь,,1991,художественный,"Это было давно, когда я их родила, сразу за два года двоих, это было сумасшествие одной археологической экспедиции и моя очередная грандиозная ошибка в людях, когда я, юная особа двадцати девяти лет, стрижка под мальчика, худоба, глаза и ноги, девчонка совсем (мы с одним ребенком еще в начале, никто никого не знал, рассматривали за камнем его находку, ржавый обломок, а он подошел, так смешно, и говорит: «Мальчики, вы что тут делаете?» Я на него подняла глаза, он рассмотрел и поперхнулся, так я была похожа на мальчика. С того все и началось, дни и ночи счастья, когда я — поэтесса после пединститута и выгнанная из газеты со стажем журналистской работы за роман с одним женатым художником, отцом троих детей, которых я всерьез собиралась воспитать, дура! А жена его тут как тут: вам не стыдно? — и к главному редактору. И тут же им дают давно обещанную трехкомнатную квартиру — они жили в одной комнате все плюс мать его якобы жены, а у меня в комнате он мог работать, хотя моя в свою очередь мать очень бурно его попрекала, что он живет на моей шее, не женясь, — какие еще старые, старые песни, однако!), — так вот, когда я, уволившись из газеты, поехала куда глаза глядят в археологическую экспедицию, и вот вам результат, Андрей и Аленушка, два солнышка, все в одной комнате опять-таки, мать в своей упорно и упорно! Пожили, посмотрели на реальность, у моего мужа грандиозный развод в городе Куйбышеве, жена его приезжала смотреть на меня пузатую, то есть как смотреть — он открывает дверь, а там жена с пятнадцатилетним сыном, надо поговорить.","сумасшествие одной археологической экспедиции
грандиозная ошибка в людях
стрижка под мальчика
худоба, глаза и ноги, девчонка совсем
он рассмотрел и поперхнулся, так я была похожа на мальчика
дни и ночи счастья
тут как тут
все плюс мать
бурно его попрекала
он живет на моей шее, не женясь, — какие еще старые, старые песни, однако!
куда глаза глядят
Андрей и Аленушка, два солнышка
все в одной комнате опять-таки, мать в своей упорно и упорно!
грандиозный развод
на меня пузатую",262,64,"24,42748092",15,"5,72519084"
35,Николай Гумилев,Записки кавалериста,,1916,художественный,"Третий день наступления начался смутно. Впереди все время слышалась перестрелка, колонны то и дело останавливались, повсюду посылались разъезды. И поэтому особенно радостно нам было увидеть выходящую из леса пехоту, которой мы не встречали уже несколько дней. Оказалось, что мы, идя с севера, соединились с войсками, наступавшими с юга. Бесчисленные серые роты появлялись одна за другой, чтобы через несколько минут расплыться среди перелесков и бугров. И их присутствие доказывало, что погоня кончилась, что враг останавливается и подходит бой.

Наш разъезд должен был разведать путь для одной из наступающих рот и потом охранять ее фланг. По дороге мы встретились с драгунским разъездом, которому была дана почти та же задача, что и нам. Драгунский офицер был в разодранном сапоге — след немецкой пики — он накануне ходил в атаку. Впрочем, это было единственное повреждение, полученное нашими, а немцев порубили человек восемь. Мы быстро установили положение противника, то есть ткнулись туда и сюда и были обстреляны, а потом спокойно поехали на фланг, подумывая о вареной картошке и чае.

Но едва мы выехали из леска, едва наш дозорный поднялся на бугор, из-за противоположного бугра грянул выстрел. Мы вернулись в лес, все было тихо. Дозорный опять показался из-за бугра, опять раздался выстрел, на этот раз пуля оцарапала ухо лошади. Мы спешились, вышли на опушку и стали наблюдать. Понемногу из-за холма начала показываться германская каска, затем фигура всадника — в бинокль я разглядел большие светлые усы. «Вот он, вот он, черт с рогом», — шептали солдаты. Но офицер ждал, чтобы германцев показалось больше, что пользы стрелять по одному. Мы брали его на прицел, разглядывали в бинокль, гадали об его общественном положении.","Третий день наступления начался смутно.
Бесчисленные серые роты
[роты появлялись, чтобы] расплыться среди перелесков и бугров
Мы быстро установили положение противника, то есть ткнулись туда и сюда и были обстреляны, а потом спокойно поехали на фланг, подумывая о вареной картошке и чае.
Вот он, вот он, черт с рогом",262,45,"17,17557252",5,"1,908396947"
36,Николай Гумилев,Африканский дневник,,1913,художественный,"Странное впечатление производит на северянина Одесса. Словно какой-нибудь заграничный город, русифицированный усердным администратором. Огромные кафе, наполненные подозрительно-изящными коммивояжерами. Вечернее гуляние по Дерибасовской, напоминающей в это время парижский бульвар Сен-Мишель. И говор, специфический одесский говор, с измененными удареньями, с неверным употребленьем падежей, с какими-то новыми и противными словечками. Кажется, что в этом говоре яснее всего сказывается психология Одессы, ее детски-наивная вера во всемогущество хитрости, ее экстатическая жажда успеха. В типографии, где я печатал визитные карточки, мне попался на глаза свежий номер печатающейся там же вечерней одесской газеты. Развернув его, я увидел стихотворение Сергея Городецкого с измененной лишь одной строкой и напечатанное без подписи. Заведующий типографией сказал мне, что это стихотворение принесено одним начинающим поэтом и выдано им за свое.

Несомненно, в Одессе много безукоризненно-порядочных, даже в северном смысле слова, людей. Но не они задают общий тон. На разлагающемся трупе Востока завелись маленькие юркие червячки, за которыми будущее. Их имена — Порт-Саид, Смирна, Одесса.

10-го апреля на пароходе Добровольного флота «Тамбов» мы вышли в море. Какие-нибудь две недели тому назад бушующее и опасное Черное море было спокойно, как какое-нибудь озеро. Волны мягко раздавались под напором парохода, где рылся, пульсируя, как сердце работающего человека, невидимый винт. Не было видно пены, и только убегала бледно-зеленая малахитовая полоса потревоженной воды. Дельфины дружными стаями мчались за пароходом, то обгоняя его, то отставая, и по временам, как бы в безудержном припадке веселья, подскакивали, показывая лоснящиеся мокрые спины, Наступила ночь, первая на море, священная. Горели давно не виденные звезды, вода бурлила слышнее. Неужели есть люди, которые никогда не видели моря?

12-го утром — Константинополь. Опять эта никогда не приедающаяся, хотя откровенно-декоративная красота Босфора, заливы, лодки с белыми латинскими парусами, с которых веселые турки скалят зубы, дома, лепящиеся по прибрежным склонам, окруженные кипарисами и цветущей сиренью, зубцы и башни старинных крепостей, и солнце, особенное солнце Константинополя, светлое и не жгучее.

Мы прошли мимо эскадры европейских держав, введенной в Босфор на случай беспорядков. Неподвижная и серая, она тупо угрожала шумному и красочному городу. Было восемь часов, время играть национальные гимны. Мы слышали, как спокойно-гордо прозвучал английский, набожно — русский, а испанский так празднично и блестяще, как будто вся эта нация состояла из двадцатилетних юношей и девушек, собравшихся потанцевать","заграничный город, русифицированный усердным администратором
подозрительно-изящными коммивояжерами
детски-наивная вера во всемогущество хитрости, ее экстатическая жажда успеха
На разлагающемся трупе Востока завелись маленькие юркие червячки, за которыми будущее
море было спокойно, как какое-нибудь озеро
Волны мягко раздавались под напором парохода, где рылся, пульсируя, как сердце работающего человека, невидимый винт.
Дельфины дружными стаями мчались за пароходом
в безудержном припадке веселья
[ночь] священная
Горели давно не виденные звезды
откровенно-декоративная красота Босфора
веселые турки скалят зубы
дома, лепящиеся по прибрежным склонам
[эксандра] тупо угрожала
спокойно-гордо прозвучал английский [гимн], набожно — русский, а испанский так празднично и блестяще, как будто вся эта нация состояла из двадцатилетних юношей и девушек, собравшихся потанцевать",354,92,"25,98870056",15,"4,237288136"
37,Анна Ахматова,Листки из дневника. Проза. Письма,,1957,художественный,"Я очень верю тем, кто описывает его не таким, каким я его знала, и вот почему. Во-первых, я могла знать только какую-то одну сторону его сущности (сияющую) – ведь я просто была чужая, вероятно, в свою очередь, не очень понятная двадцатилетняя женщина, иностранка; во-вторых, я сама заметила в нем большую перемену, когда мы встретились в 1911 году. Он весь как-то потемнел и осунулся.

В 10-м году я видела его чрезвычайно редко, всего несколько раз. Тем не менее он всю зиму писал мне43. Что он сочинял стихи, он мне не сказал.

Как я теперь понимаю, его больше всего поразило во мне свойство угадывать мысли, видеть чужие сны и прочие мелочи, к которым знающие меня давно привыкли. Он все повторял: «On communique»44. Часто говорил: «Il n’y a que vous pour réaliser cela»45.

Вероятно, мы оба не понимали одну существенную вещь: все, что происходило, было для нас обоих предысторией нашей жизни: его – очень короткой, моей – очень длинной. Дыхание искусства еще не обуглило, не преобразило эти два существования, это должен был быть светлый легкий предрассветный час. Но будущее, которое, как известно, бросает свою тень задолго перед тем, как войти, стучало в окно, пряталось за фонарями, пересекало сны и пугало страшным бодлеровским Парижем, который притаился где-то рядом. И все божественное в Амедее только искрилось сквозь какой-то мрак.

У него была голова Антиноя и глаза с золотыми искрами, – он был совсем не похож ни на кого на свете. Голос его как-то навсегда остался в памяти. Я знала его нищим, и было непонятно, чем он живет. Как художник он не имел и тени признания.","очень верю тем, кто описывает его не таким, каким я его знала
только какую-то одну сторону его сущности (сияющую)
чужая, вероятно, в свою очередь, не очень понятная двадцатилетняя женщина, иностранка
Он весь как-то потемнел и осунулся.
больше всего поразило во мне свойство угадывать мысли, видеть чужие сны и прочие мелочи
Он все повторял: «On communique»44. Часто говорил: «Il n’y a que vous pour réaliser cela»45.
существенную вещь
было для нас обоих предысторией нашей жизни: его – очень короткой, моей – очень длинной
Дыхание искусства еще не обуглило, не преобразило эти два существования, это должен был быть светлый легкий предрассветный час.
Но будущее, которое, как известно, бросает свою тень задолго перед тем, как войти, стучало в окно, пряталось за фонарями, пересекало сны и пугало страшным бодлеровским Парижем, который притаился где-то рядом.
И все божественное в Амедее только искрилось сквозь какой-то мрак.
У него была голова Антиноя и глаза с золотыми искрами, – он был совсем не похож ни на кого на свете.
Голос его как-то навсегда остался в памяти.
и тени признания",256,158,"61,71875",14,"5,46875"
38,Анна Ахматова,Листки из дневника. Проза. Письма,,1957,художественный,"Страшный призрак, притворяющийся моим городом, так поразил меня, что я описала эту мою с ним встречу в прозе. Тогда же возникли очерки «Три сирени» и «В гостях у смерти» – последнее о чтении стихов на фронте в Териоках. Проза всегда казалась мне и тайной и соблазном. Я с самого начала все знала про стихи – я никогда ничего не знала о прозе. Первый мой опыт все очень хвалили, но я, конечно, не верила. Позвала Зощенку. Он велел кое-что убрать и сказал, что с остальным согласен. Я была рада. Потом, после ареста сына, сожгла вместе со всем архивом.

Меня давно интересовали вопросы художественного перевода. В послевоенные годы я много переводила. Перевожу и сейчас.

В 1962 году я закончила «Поэму без героя», которую писала двадцать два года.

Прошлой весной, накануне дантовского года, я снова услышала звуки итальянской речи – побывала в Риме и на Сицилии. Весной 1965 года я поехала на родину Шекспира, увидела британское небо и Атлантику, повидалась со старыми друзьями и познакомилась с новыми, еще раз посетила Париж.

Я не переставала писать стихи. Для меня в них – связь моя с временем, с новой жизнью моего народа. Когда я писала их, я жила теми ритмами, которые звучали в героической истории моей страны. Я счастлива, что жила в эти годы и видела события, которым не было равных.","Страшный призрак, притворяющийся моим городом
я описала эту мою с ним [городом] встречу в прозе
В гостях у смерти
Проза всегда казалась мне и тайной и соблазном.
Я с самого начала все знала про стихи – я никогда ничего не знала о прозе.
британское небо
связь моя с временем, с новой жизнью моего народа
я жила теми ритмами, которые звучали в героической истории моей страны
",212,58,"27,35849057",9,"4,245283019"
39,Павел Бажов,Медной горы хозяйка,,1936,художественный,"Только подумал так-то, она и оглянулась. Весело на парня глядит, зубы скалит и говорит шуткой:— Ты что же, Степан Петрович, на девичью красу даром глаза пялишь? За погляд-от ведь деньги берут. Иди-ка поближе. Поговорим маленько. Парень испужался, конечно, а виду не оказывает. Крепится. Хоть она и тайна сила, а все ж таки девка. Ну, а он парень — ему, значит, и стыдно перед девкой обробеть.— Некогда, — говорит, — мне разговаривать. Без того проспали, а траву смотреть пошли. Она посмеивается, а потом и говорит:— Будет тебе наигрыш вести. Иди, говорю, дело есть. Ну, парень видит — делать нечего. Пошел к ней, а она рукой маячит, обойди-де руду-то с другой стороны. Он обошел и видит — ящерок тут несчисленно. И все, слышь-ко, разные. Одни, например, зеленые, другие голубые, которые в синь впадают, а то как глина либо песок с золотыми крапинками. Одни, как стекло либо слюда, блестят, а другие, как трава поблеклая, а которые опять узорами изукрашены. Девка смеется.— Не расступи, — говорит, — мое войско, Степан Петрович. Ты вон какой большой да тяжелый, а они у меня маленьки. — А сама ладошками схлопала, ящерки и разбежались, дорогу дали. Вот подошел парень поближе, остановился, а она опять в ладошки схлопала, да и говорит, и все смехом:— Теперь тебе ступить некуда. Раздавишь мою слугу — беда будет.","зубы скалит
на девичью красу даром глаза пялишь
За погляд-от ведь деньги берут.
Поговорим маленько.
испужался, конечно, а виду не оказывает. Крепится.
тайна сила, а все ж таки девка
стыдно перед девкой обробеть
Без того проспали
Будет тебе наигрыш вести.
делать нечего
рукой маячит
обойди-де руду-то
ящерок тут несчисленно
все, слышь-ко, разные
голубые, которые в синь впадают
как глина либо песок с золотыми крапинками
как трава поблеклая
которые опять узорами изукрашены
Не расступи, — говорит, — мое войско
вон какой большой да тяжелый
дорогу дали
Раздавишь мою слугу — беда будет.",215,70,"32,55813953",22,"10,23255814"
40,Павел Бажов,Каменный цветок,,1938,художественный,"На заводскую работу либо в гору все ж таки не отдали — шибко жидко место, на неделю не хватит. Поставил его приказчик в подпаски. — И тут Данилко не вовсе гож пришелся. Парнишечко ровно старательный, а все у него оплошка выходит. Все будто думает о чем-то. Уставится глазами на травинку, а коровы-то — вон где! Старый пастух ласковый попался, жалел сироту, и тот временем ругался:— Что только из тебя, Данилко, выйдет? Погубишь ты себя, да и мою старую спину под бой подведешь. Куда это годится? О чем хоть думка-то у тебя?— Я и сам, дедко, не знаю... Так... ни о чем... Засмотрелся маленько. Букашка по листочку ползла. Сама сизенька, а из-под крылышек у ней желтенько выглядывает, а листок широконький... По краям зубчики, вроде оборочки выгнуты. Тут потемнее показывает, а середка зеленая-презеленая, ровно ее сейчас выкрасили... А букашка-то и ползет.— Ну, не дурак ли ты, Данилко? Твое ли дело букашек разбирать? Ползет она — и ползи, а твое дело за коровами глядеть. Смотри у меня, выбрось эту дурь из головы, не то приказчику скажу! Одно Данилушке далось. На рожке он играть научился — куда старику! Чисто на музыке какой. Вечером, как коров пригонят, девки-бабы просят:— Сыграй, Данилушко, песенку. Он и начнет наигрывать. И песни всё незнакомые. Не то лес шумит, не то ручей журчит, пташки на всякие голоса перекликаются, а хорошо выходит. Шибко за те песенки стали женщины привечать Данилушку. Кто пониточек починит, кто холста на онучи отрежет, рубашонку новую сошьет. Про кусок и разговору нет, — каждая норовит дать побольше да послаще. Старику пастуху тоже данилушковы песни по душе пришлись. Только и тут маленько неладно выходило. Начнет Данилушко наигрывать и все забудет, ровно и коров нет. На этой игре и пристигла его беда.","шибко жидко место, на неделю не хватит
Поставил его приказчик в подпаски.
не вовсе гож пришелся
Парнишечко ровно старательный, а все у него оплошка выходит.
Уставится глазами на травинку, а коровы-то — вон где!
Что только из тебя, Данилко, выйдет?
мою старую спину под бой подведешь
Куда это годится?
О чем хоть думка-то у тебя?
Засмотрелся маленько.
зубчики, вроде оборочки выгнуты
середка зеленая-презеленая, ровно ее сейчас выкрасили
Твое ли дело букашек разбирать?
выбрось эту дурь из головы
На рожке он играть научился — куда старику!
Чисто на музыке какой.
девки-бабы
песни всё незнакомые. Не то лес шумит, не то ручей журчит, пташки на всякие голоса перекликаются
пониточек
онучи
рубашонку новую сошьет
Про кусок и разговору нет, — каждая норовит дать побольше да послаще.
данилушковы песни по душе пришлись
маленько неладно выходило
все забудет, ровно и коров нет
На этой игре и пристигла его беда.",283,119,"42,04946996",26,"9,187279152"
41,Михаил Пришвин,Кладовая солнца,,1945,художественный,"В хату вошла большая рыжая собака с черным ремешком по всей спине. У нее под глазами были черные полоски с загибом вроде очков. И от этого глаза казались очень большими, и ими она спрашивала: «Зачем позвал меня, хозяин?»
Антипыч как-то особенно поглядел на нее, и собака сразу поняла человека: он звал ее по приятельству, по дружбе, ни для чего, а просто так, пошутить, поиграть... Травка замахала хвостом, стала снижаться на ногах все ниже, ниже и, когда подползла так к коленям старика, легла на спину и повернула вверх светлый живот с шестью парами черных сосков. Антипыч только руку протянул было, чтобы погладить ее, она как вдруг вскочит и лапами на плечи — и чмок и чмок его: и в нос, и в щеки, и в самые губы.
— Ну, будет, будет, — сказал он, успокаивая собаку и вытирая лицо рукавом.
Погладил ее по голове и сказал:
— Ну, будет, теперь ступай к себе.
Травка повернулась и вышла на двор.
— То-то, ребята, — сказал Антипыч. — Вот Травка, собака гончая, с одного слова все понимает, а вы, глупенькие, спрашиваете, где правда живет. Ладно же, приезжайте. А упустите меня, Травке я все перешепну.
И вот умер Антипыч. Вскоре началась Великая Отечественная война. Другого сторожа на место Антипыча не назначили, и сторожку его бросили. Очень ветхий был домик, старше много самого Антипыча, и держался уже на подпорках. Как-то раз без хозяина ветер поиграл с домиком, и он сразу весь развалился, как разваливается карточный домик от одного дыхания младенца. В один год высокая трава Иван-чай проросла через бревнышки, и от всей избушки остался на лесной поляне холмик, покрытый красными цветами. А Травка переселилась в картофельную яму и стала жить в лесу, как и всякий зверь.","под глазами были черные полоски с загибом вроде очков.
ими [глазами] она спрашивала: «Зачем позвал меня, хозяин?»
стала снижаться на ногах все ниже, ниже
лапами на плечи — и чмок и чмок его: и в нос, и в щеки, и в самые губы
где правда живет
упустите меня, Травке я все перешепну
ветер поиграл с домиком
сразу весь развалился, как разваливается карточный домик от одного дыхания младенца",274,60,"21,89781022",8,"2,919708029"
42,Михаил Пришвин,Кладовая солнца,,1945,художественный,"Кто никогда не видал, как растет клюква, тот может очень долго идти по болоту и не замечать, что он по клюкве идет. Вот взять ягоду чернику, — та растет, и ее видишь: стебелечек тоненький тянется вверх, по стебельку, как крылышки, в разные стороны зеленые маленькие листики, и у листиков сидят мелким горошком черничинки, черные ягодки с синим пушком. Так же и брусника, кровяно-красная ягода, листики темно-зеленые, плотные, не желтеют даже под снегом, и так много бывает ягоды, что место, кажется, кровью полито. Еще растет в болоте голубика кустиком, ягода голубая, более крупная, не пройдешь, не заметив. В глухих местах, где живет огромная птица глухарь, встречается костяника, красно-рубиновая ягода кисточкой, и каждый рубинчик в зеленой оправе. Только у нас одна-единственная ягода клюква, особенно ранней весной, прячется в болотной кочке и почти невидима сверху. Только уж когда очень много ее соберется на одном месте, заметишь сверху и подумаешь: «Вот кто-то клюкву рассыпал». Наклонишься взять одну, попробовать, и тянешь вместе с одной ягодинкой зеленую ниточку со многими клюквинками. Захочешь — и можешь вытянуть себе из кочки целое ожерелье крупных кровяно-красных ягод.
То ли, что клюква — ягода дорогая весной, то ли, что полезная и целебная и что чай с ней хорошо пить, только жадность при сборе ее у женщин развивается страшная. Одна старушка у нас раз набрала такую корзину, что и поднять не могла. И отсыпать ягоду или вовсе бросить корзину тоже не посмела. Да так чуть и не померла возле полной корзины. А то бывает, одна женщина нападет на ягоду и, оглядев кругом — не видит ли кто, — приляжет к земле на мокрое болото и ползает и уж не видит, что к ней ползет другая, не похожая вовсе даже и на человека. Так встретятся одна с другой — и ну, цапаться!","стебелечек тоненький тянется вверх, по стебельку, как крылышки, в разные стороны зеленые маленькие листики, и у листиков сидят мелким горошком черничинки
место, кажется, кровью полито
ягода кисточкой, и каждый рубинчик в зеленой оправе
[ягода] прячется в болотной кочке
тянешь вместе с одной ягодинкой зеленую ниточку со многими клюквинками
можешь вытянуть себе из кочки целое ожерелье крупных кровяно-красных ягод
жадность при сборе ее у женщин развивается страшная
чуть и не померла возле полной корзины
к ней ползет другая, не похожая вовсе даже и на человека
Так встретятся одна с другой — и ну, цапаться!",289,84,"29,06574394",10,"3,460207612"
43,Семен Сергеев,Царьград. Подмосковье,https://dzen.ru/a/ad4vO4dP7i9xBFtW,2026,новостной,"Эта история началась как обычная прогулка по побережью, а превратилась в настоящий детектив. 48-летняя жительница Новой Зеландии Нейша Ринд и ее десятилетний сын Кея бродили по пляжу Ocean Beach в курортном городке Тайруа. Этот район на восточном побережье полуострова Коромандел давно облюбовали серферы, но в тот день океан приготовил для туристов куда более редкий трофей, чем удачная волна.

Среди груды плавника и морского мусора, который прилив обычно выносит на песок, Кея заметил странный предмет. Сначала семья подумала, что это обычный кирпич, обросший морской растительностью. Однако, очистив находку от толстого слоя ракушек и соленого налета, они поняли, что держат в руках классическую литровую бутылку из-под виски Jack Daniel’s. Внутри белел свернутый листок бумаги, пишет РГ.

Как только Нейша осторожно извлекла пробку, стало ясно: это не шутка современных пранкеров. Послание было датировано 17 февраля 2002 года. На пожелтевшей бумаге, изрядно пострадавшей от влаги, удалось разобрать имя автора - Джек. Парень писал о том, что он занимается рыбалкой в районе островов Олдермен (это популярное место для промысла неподалеку от берегов Коромандела). К сожалению, морская вода превратила большую часть текста в нечитаемые кляксы, но дата и имя сохранились идеально.

Такие находки всегда вызывают трепет и заставляют вспомнить классику мировой литературы, например, знаменитый роман Жюля Верна ""Дети капитана Гранта"". В книге герои искали пропавшего моряка, доверившись письму из океана, которое так же пострадало от морской воды.

В реальности все прозаичнее, но не менее увлекательно. Бутылка дрейфовала в Тихом океане долгих 22 года. За это время она могла совершить кругосветное путешествие или все эти десятилетия кружить в мощных течениях Тасманова моря, прежде чем вернуться почти в ту же точку, где была брошена в воду.

Нейша Ринд опубликовала фотографии артефакта в социальных сетях, надеясь, что современные технологии, в отличие от времен Жюла Верна, помогут найти того самого Джека без кругосветного путешествия. Пока на связь никто не вышел. Пользователи в соцсетях уже шутят, что Джек, скорее всего, за это время успел вырасти, завести семью и забыть о своем подростковом увлечении.

Подобные случаи большая редкость. Исследователи океанов отмечают, что большинство стеклянных сосудов разбивается о скалы в первые же месяцы странствий. То, что бутылка ""Джека"" уцелела и сохранила письмо спустя четверть века, настоящая удача. Теперь маленькому Кее и его маме остается только ждать: возможно, автор письма из прошлого увидит новости и расскажет, какой была та самая рыбалка в далеком 2002-м.","превратилась в настоящий детектив
облюбовали серферы
океан приготовил для туристов куда более редкий трофей, чем удачная волна
среди груды плавника
это не шутка современных пранкеров
превратила большую часть текста в нечитаемые кляксы
Такие находки всегда вызывают трепет и заставляют вспомнить классику мировой литературы
доверившись письму
В реальности все прозаичнее, но не менее увлекательно.
долгих 22 года
[бутылка] могла совершить кругосветное путешествие или все эти десятилетия кружить в мощных течениях Тасманова моря, прежде чем вернуться почти в ту же точку
большинство стеклянных сосудов разбивается о скалы в первые же месяцы странствий
остается только ждать
письма из прошлого",373,83,"22,25201072",14,"3,753351206"
44,,KP.RU:Комсомольская правда,https://dzen.ru/news/story/b60b96af-354b-59ed-9f3e-de646aae6875?lang=ru&persistent_id=3332215823&rubric=index&story=0c0bfbaa-a7b0-5ae2-b93b-c8d710b1eb67&t=7452959871613276160,2026,новостной,"После назначения Игоря Краснова на должность председателя Верховного Суда РФ десятки российских судей лишились мантий из-за связей с коррупцией и неправосудных решений. Об этом, проанализировав последние отставки, сообщает РИА Новости.

Отмечается, что первое и наиболее громкое дело произошло в считанные дни после того, как Краснов возглавил Верховный суд. Речь идет о Викторе Мамотове, лишенного полномочий судьи ВС РФ, с которого позже взыскали в доход государства 97 объектов имущества на 9 миллиардов рублей.

В общей сложности, заключают журналисты, всего за полгода мантий лишились десятки судей в разных субъектах Российской Федерации.

Напомним, президент России Владимир Путин представил Совету Федерации кандидатуру генпрокурора Игоря Краснова для утверждения на должность председателя Верховного суда. Место Игоря Краснова на посту главы Генпрокуратуры занял Александр Гуцан - полномочный представитель президента России в Северо-Западном федеральном округе.

Позже, уже в новой должности, Игорь Краснов заявил, что судебные решения не должны быть катализатором мошеннических схем. Реакция на любые коррупционные действия судей независимо от их уровня будет бескомпромиссной.","десятки российских судей лишились мантий
громкое дело
считанные дни
мантий лишились десятки судей
катализатором мошеннических схем",152,12,"7,894736842",5,"3,289473684"
45,,Царьград. Санкт-Петербург,https://dzen.ru/a/aemjdjiGoGguCoCT?utm_source=yxnews&utm_medium=mobile,2026,новостной,"Учёные создали биоплёнку, которая не пропускает ни кислород, ни водяной пар. Спустя месяц после использования такая упаковка просто исчезает.

Пластик стал окружать людей почти повсюду. Такая упаковка отправляется на свалку или даже попадает в океан, где разлагаться будет в течение столетий. Это большая проблема. Учёные стараются создать биопластик из возобновляемых природой материалов. Но обычно экологичные плёнки плохо защищают от влаги и кислорода. А без защиты товар сохранить не получится.

Инженеры из Технологического института Джорджии нашли выход. Они создали биоплёнку из того, что растёт в огороде или лесу, а также остаётся на кухнях хозяек после готовки. Например, понадобилась целлюлоза (главный строительный материал растений), хотозан (добывают из панцирей крабов и из грибной кожуры), лимонная кислота (из цитрусовых). Ингредиенты обрабатываются, превращаясь в тонкую плёнку. Такая упаковка не пропускает ни кислород, ни водяной пар.

Такая плёнка сама разложится и не будет отравлять землю веками. По словам профессора Карсона Мередит, плёнка иногда даже лучше обычного пластика сохраняет продукты свежими, как сообщает innovanews.ru. Однако для правильного разложения нужны специальные условия, например, температура, влажность и микробы. А на обычной свалке она пролежит так же долго, как обычный пластик. Пока испытать новинку не получится, это лабораторный прототип. И в реальной упаковке такой плёнке не хватит эластичности при изгибах. Вероятно, придётся добавлять пластификатор.","упаковка просто исчезает
[инженеры] нашли выход.
из того, что растёт в огороде или лесу, а также остаётся на кухнях хозяек после готовки
не будет отравлять землю веками
",201,24,"11,94029851",5,"2,487562189"
46,Адам Магомедов,MOSREGTODAY,https://dzen.ru/a/aeh0BTiGoGguCPK9?utm_source=yxnews&utm_medium=mobile,2026,новостной,"Специалисты подтверждают, что у кошек действительно феноменально развита сенсорная система. Их обоняние превосходит человеческое примерно в сорок раз, слух способен улавливать ультразвуковые частоты, а зрение идеально настроено на фиксацию малейших изменений в пространстве. Благодаря этому они становятся чрезвычайно внимательными наблюдателями и мгновенно замечают, когда с хозяином что-то не так: меняется его поведение, голос, запах и даже мимика. Результаты научных исследований доказывают, что кошки действительно способны распознавать человеческие эмоции по выражению лица, характеру движений и интонации.

Однако, по словам экспертов, кошка не диагностирует саму болезнь, а лишь реагирует на изменения в привычном облике и поведении человека. Что касается привычки ложиться именно на больное место, то и этому есть рациональное объяснение. Воспаленные участки тела, как правило, имеют повышенную температуру, а кошки, чья нормальная температура составляет 38–39 градусов, инстинктивно тянутся к теплу. Таким образом, питомец создает эффект «живой грелки», что действительно может временно облегчить дискомфорт, но ни о каком лечебном воздействии, которое было бы зафиксировано экспериментально, речь не идет.

Ученые также развеивают миф о том, что кошки способны выявлять у людей онкологические заболевания. В отличие от собак, которых специально дрессируют для диагностики рака по запаху мочи, кошек для этих целей не используют, в том числе из-за сложностей с их обучением. Единственный научно подтвержденный терапевтический эффект от присутствия этих пушистых питомцев — это доказанное снижение уровня стресса и тревожности у их владельцев.","феноменально развита сенсорная система
питомец создает эффект «живой грелки»
этих пушистых питомцев",216,10,"4,62962963",3,"1,388888889"
47,,"Вокруг света
",https://dzen.ru/news/story/9b464037-203d-5f41-b9f5-49aa1e605474?lang=ru&fan=1&t=1776924069&persistent_id=3330576527&cl4url=f2d88339270db54bc91d41307edea50f&story=10b9c6a9-5a99-5121-82f5-29b783f69cf2,2026,новостной,"Эволюционные линии большинства современных штаммов этой бактерии разошлись около пяти тысяч лет назад, в эпоху неолита, когда люди становились все более оседлыми и жили в более тесном контакте друг с другом. Это могло способствовать распространению и диверсификации патогена, который передается, в основном, воздушно-капельным и контактным путем. Так, Streptococcus pyogenes был обнаружен в останках людей, живших в Европе и Африке четыре тысячи лет назад.

Штамм, обнаруженный в боливийской мумии, мог отделиться от остальных еще раньше, примерно 10 тысяч лет назад, считают ученые. Изначально он мог попасть в Южную Америку из Сибири вместе с людьми, которые примерно 22 тысячи лет назад пересекли Берингов пролив и постепенно начали расселяться вдоль североамериканского, а затем и южноамериканского континента.

До появления современных антибиотиков скарлатина была одной из основных причин детской смертности и инвалидности, иногда вызывая потерю зрения и слуха. Пока ученые не выяснили, что инфекция вызывается бактерией, ее симптомы часто путали с оспой, корью и дифтерией. Все эти инфекции исторически считались болезнями «пограничья» — они сопровождали европейских колонизаторов, хлынувших в Америку, вызывая разрушительный эффект среди местного населения, чья иммунная система была не готова к встрече с этими патогенами.

Однако сейчас ученые считают эту версию очень упрощенной, и возможно, неверной. Вполне возможно, что не только пиогенный стрептококк, но и многие другие возбудители инфекционных заболеваний циркулировали в Новом Свете на протяжении тысячелетий, задолго до появления там европейцев. В поддержку этой гипотезы говорят результаты недавних исследований, касающихся возбудителей сифилиса и проказы.","Все эти инфекции исторически считались болезнями «пограничья»
возбудители инфекционных заболеваний циркулировали в Новом Свете",229,13,"5,676855895",2,"0,8733624454"
48,Евгений Акопян,REGIONS.RU,https://dzen.ru/a/aemz5jiGoGguCpFn?utm_source=yxnews&utm_medium=mobile,2026,новостной,"Инженерам Ирбитского мотоциклетного завода поставили задачу: разработать машину, способную разгоняться до 150 км/ч без коляски и до 120 км/ч с ней. Для большинства советских мотоциклов тех лет это были космические цифры.

Работа над новинкой велась в режиме строгой секретности и при хронической нехватке ресурсов. Первые опытные образцы собрали в 1963 году. Внешне мотоцикл оставался узнаваемым «Уралом», но двигатель серьезно прокачали: объем вырос до 1040 кубических сантиметров, а мощность достигла 50 лошадиных сил. Чтобы улучшить аэродинамику, поставили специальный обтекатель. Правда, паспортных 150 км/ч добиться не удалось — первые экземпляры разгонялись до 130–132 км/ч. Но и этого хватило, чтобы поразить современников.

В 1967-м завод выпустил крошечную партию — всего около 25 мотоциклов с колясками. Их распределили по подразделениям ГАИ по всему Советскому Союзу. Каждый экземпляр собирали практически вручную: не хватало мощностей, уникальные комплектующие поставлялись с перебоями, да и сама разработка обошлась слишком дорого. На деле эксплуатация этих байков превратилась в головную боль. Запчасти для литрового мотора были в жутком дефиците, а если двигатель серьезно ломался, его чаще всего просто не удавалось починить. В итоге проект так и остался штучным — слишком сложным и дорогим для советской промышленности.

И все же «Урал М-100» сумел оставить след в истории отечественного мотостроения. Эти машины прослужили в ГАИ около десяти лет. Сегодня о них помнят лишь единицы — даже заядлые коллекционеры и фанаты ретро-техники знают об этой модели не много. Большинство экземпляров безвозвратно утеряны, а уцелевшие стали настоящим раритетом.

Тем временем Ирбитский мотоциклетный завод вновь пытается удивить публику. С января 2026 года встал на конвейер «Урал Нео 500» — более доступная и современная версия легендарного бренда. Новинка получила рядный двухцилиндровый двигатель объемом 446 см³ с жидкостным охлаждением и отдачей 35 л. с., а также пятиступенчатую коробку передач с задней передачей. Сухая масса — 334 кг. Внешне байк выдержан в духе современных туристических мотоциклов, а в оснащение добавили светодиодную оптику, электронную приборную панель и встроенную переднюю камеру. Модель разработали в партнерстве с крупной компанией, и ориентирована она в первую очередь на экспорт.

Проект «Урал М-100» наглядно показывает, как смелые инженерные идеи могут обгонять свое время, но разбиваться о суровую реальность производства. Сегодня завод делает ставку на новые технологии и международную кооперацию, чтобы вернуть себе место на мировом рынке мотоциклов.","космические цифры
двигатель серьезно прокачали
объем вырос
паспортных 150 км/ч добиться не удалось
эксплуатация этих байков превратилась в головную боль
оставить след в истории
завод вновь пытается удивить публику
выдержан в духе
как смелые инженерные идеи могут обгонять свое время, но разбиваться о суровую реальность производства.",357,38,"10,6442577",9,"2,521008403"
49,,Транссибинфо Хабаровск,https://dzen.ru/a/aefsa0xpDmEbvz-J?utm_source=yxnews&utm_medium=mobile,2026,новостной,"Технические особенности и материалы.

Техническая «начинка» Truckster полностью ориентирована на плотный, тяжелый звук и максимальную стабильность в строю.

Основой инструмента служит классическое сочетание: корпус из красного дерева с кленовым верхом и вклеенный гриф из махагони, что обеспечивает мощный резонанс и долго тянущийся звук, который так ценят рок-музыканты.

Конструкция с вклеенным грифом и активные звукосниматели EMG делают инструмент устойчивым к экстремальным сценическим условиям и дают мощный звук без лишних шумов. Модели на которых стоит подпись Хэтфилда ценятся за высокое качество сборки и надежность компонентов.

В комплекте с гитарой продавец отдает профессиональный кожаный ремень Levy's и иллюстрированное издание, посвященное истории группы Metallica. Наличие такого лота в регионе — большая редкость, так как обычно инструменты японской серии ESP приобретаются коллекционерами через международные аукционы.

Интересные факты о модели ESP Truckster:

Пятая совместная работа: Truckster — это уже пятая «подписная» гитара, которую ESP сделала для Хэтфилда. В основу лег корпус ESP Eclipse, визуально напоминающий Gibson Les Paul.

Грузовик, а не гитара: Хэтфилд обожает кастомные автомобили и хот-роды. Когда ESP спросили, как должна выглядеть его новая модель, он, выбрал этот дизайн: серый, ободранный, будто его только загрунтовали и забыли покрасить. Так и появился этот «недокрашенный», поцарапанный стиль — честный, без лака и блеска.

Секрет переключателя: Тот самый фальшивый тумблер на верхней части корпуса добавлен исключительно для сходства с винтажными гитарами. Рабочим является только нижний переключатель.

Многослойный финиш: Чтобы добиться эффекта старения, на фабрике ESP гитару красят в несколько слоев (серый, черный, белый), а затем вручную протирают покрытие, чтобы сквозь верхний слой проглядывали нижние. В результате даже две гитары из одной партии будут выглядеть по-разному — у каждой свой «характер».","Техническая «начинка»
плотный, тяжелый звук
«подписная» гитара
Грузовик, а не гитара
«недокрашенный», поцарапанный стиль — честный, без лака и блеска
даже две гитары из одной партии будут выглядеть по-разному — у каждой свой «характер»",254,29,"11,41732283",6,"2,362204724"
50,,Life,https://dzen.ru/a/ZjK1x0-iMWDwSoau,2024,новостной,"Как вычислить неочевидные недостатки дома
Во-первых, не покупайте дома на вторичном рынке зимой или поздней осенью — именно в это время легче всего замаскировать недостатки в фундаменте. А именно они могут быть фатальными. Серьёзные изъяны, трещины, нарушения технологии строительного процесса установки фундамента могут привести к тому, что дом придётся сносить и строить заново. Собственно, это и может оказаться по факту причиной продажи дома на вторичном рынке. Об этом предупредил владелец строительной компании ""Дом Лазовского"" Максим Лазовский.

Следующий момент — изъяны скрытых работ. А именно — ошибки при утеплении, гидро- и пароизоляции. Обязательно посетите подвальное помещение, если оно есть. Посмотрите на динамику температуры и влажности, нет ли подтёков на стенах и иных следов.

Проблем со вторичным объектом ИЖС может быть масса — грунт не подходит для выбранного типа строения, с сечением свай или вообще типом фундамента ошиблись. Забыли обработать от короедов, и жуки уже скушали половину лаг… Лучше приходить на просмотр понравившегося объекта с профессионалом (технический или строительный надзор) и смотреть все мелочи.

— Кроме того, обязательно изучите разрешение на строительство и ВРИ земельного участка. А вдруг это вообще ""самострой"" и возводить жилые сооружения на этой земле запрещено. Также изучите косвенные дефекты — это возможные ухудшения локации. Например, открытие рядом завода по переработке сырья, свалки или новой оживлённой дороги. Для этого надо посмотреть план градостроительной застройки вашего муниципального образования — он есть в открытом доступе в сети, — добавил Максим Лазовский.","[Проблем] может быть масса
жуки уже скушали",226,6,"2,654867257",2,"0,8849557522"
51,,KP.RU:Комсомольская правда,https://dzen.ru/a/WbPkRFWHa0WGyUD3,2017,новостной,"Незаслуженно обиженный диетологами продукт - свекла обыкновенная. Или мангольд. До последнего времени ее использовали больше «для цвета», кроша в винегрет или борщ. Сейчас же в Европе стали очень популярны мангольд-диеты, которые включают разные блюда из свеклы и ее листьев, которые, кстати, тоже очень полезны, богаты железом, аскорбинкой и йодом (и в отличие от других видов ботвы - совсем не горькие, а даже приятные на вкус).

В свекле есть одно уникальное и очень ценное для всех худеющих вещество - бетаин, рассказывает врач диетолог-гастроэнтеролог Светлана Бережная. Он не дает всасываться лишним жирам и при этом улучшает усвоение полноценных белков.

К тому же в свекольном соке содержатся ферменты, которые улучшают водно-солевой обмен в организме и обладают мягким мочегонным действием, что весьма полезно тем, кто мало двигается и склонен к образованию отеков (кстати, если просто нормализовать водно-солевой обмен, то есть не давать накапливаться лишней жидкости в тканях, уйдет сразу 2-3 кило). Свекла богата клетчаткой и горечами, которые стимулируют работу кишечника и желчного пузыря. Правда, этот овощ обладает и слабительным действием.

Свекла отлично подходит для разгрузочных дней. Но это не означает, что надо уныло жевать пресную, вареную свеклу, натертую на терке. Из этого овоща за копейки можно приготовить массу вкуснейших и красивых блюд.

В ста граммах свеклы всего 40 ккал. Хорошо сочетается с сельдью, зеленью, плохо - с острыми и копчеными продуктами.","обиженный диетологами продукт
ее использовали больше «для цвета»
уныло жевать пресную, вареную свеклу
за копейки можно приготовить массу вкуснейших и красивых блюд",213,19,"8,920187793",4,"1,877934272"
52,Павел Никифоров,Деловой Петербург,https://www.dp.ru/a/2026/04/21/sdelki-vo-vseh-formah-rinok?from=dzen-news,2026,новостной,"Петербургский Росреестр подвёл итоги I квартала 2026 года. Начало года для рынка жилья оказалось неоднородным: число ипотек и договоров долевого участия выросло, тогда как на вторичном рынке заметного движения не произошло.

Самую сильную динамику показал ипотечный сегмент.

За январь-март в Петербурге зарегистрировано 28 346 ипотек — на 14% больше, чем годом ранее. В I квартале 2025 года этот показатель составлял 24 943. Для рынка это важный сигнал: несмотря на дорогие кредиты и сдержанный потребительский спрос, покупатели продолжают выходить на сделки с привлечением заёмных средств.

Рост зафиксирован и на первичном рынке. По данным управления Росреестра по Санкт-Петербургу, в I квартале 2026 года зарегистрировано 10 299 договоров участия в долевом строительстве. Это на 10% больше результата за аналогичный период прошлого года, когда было оформлено 9366 ДДУ. Иными словами, сегмент новостроек начал год увереннее, чем вторичный рынок.

При этом сделки купли-продажи жилья показали фактически нулевую динамику. Количество зарегистрированных прав собственности на объекты жилищного фонда на основании договоров купли-продажи и мены составило 21 890 против 21 633 годом ранее. Формально показатель вырос, но по сути остался на уровне прошлого года.

Напомним, количество договоров долевого участия в Петербурге за январь возросло в 1,5 раза. ДДУ за первый месяц 2026 года прибавили в количестве 57%. В количественном выражении за начало 2026 года в Петербурге было зарегистрировано 8601 ипотека (в январе прошлого года — 6 664). Число ДДУ этот период составило 4262 (в январе прошлого года — 2707).","на вторичном рынке заметного движения не произошло
покупатели продолжают выходить на сделки
сегмент новостроек начал год увереннее
",226,15,"6,637168142",4,"1,769911504"
53,,РБК,https://t.rbc.ru/tyumen/freenews/69e65b339a794734d7f9bd3b?utm_source=yxnews&utm_medium=mobile&utm_referrer=https%3A%2F%2Fdzen.ru%2Fnews%2Fstory%2F0fc310cc-1b31-5e64-834e-0839b0f1e9c8,2026,новостной,"В это же время государство отменило льготную ипотеку, которая позволяла сектору быстро расти. Многие компании, развивавшиеся за счет одновременного строительства нескольких объектов, столкнулись кассовыми разрывами и начали уходить с рынка.

По наблюдениям генерального директора «Загородной недвижимости Урала» Александра Свитенькова, из более чем тысячи компаний, которые работали в сегменте ИЖС в Екатеринбурге, «выжили», смогли пройти аккредитацию и получить проектное финансирование порядка сорока. Банковских кредитов (а это порядка 50-100 млн руб.) сегодня не хватает, чтобы обеспечивать прежние объемы стройки.

«Еще несколько лет назад мы строили сотню домов в год. В прошлом году мы возвели только 28 объектов. В этом году заключили контрактов на 12-15 домов. Из-за падения объемов строительства нам пришлось сократить штат. Из 37 человек в офисе осталось 10 человек. Из 400 рабочих осталось всего лишь 50-80 человек», — приводит пример Александр Свитеньков.

Многие участники рынка работают с отрицательной рентабельностью из-за высокой инфляции, что приводит к волне банкротств, а иногда и к уголовным делам, говорит Александр Свитеньков.

По данным Эдуарда Богданова, в 2025 году цены на загородную недвижимость в стране в среднем выросли примерно на 15,2%. Но сегодня рост стоимости остановился.

«Можно найти предложения с возможностью торговаться, в том числе есть неплохой выбор как по земельным участкам так и по домам. Возобновление роста цен ожидаю в 2027-2028 годах, когда ипотечные ставки вернут на рынок большое количество покупателей», — говорит Эдуард Богданов.

Эксперты прогнозируют, что весь 2026 год рынок ИЖС будет перестраиваться. Недокапитализированные игроки со слабым продуктом — уйдут, а компании с хорошим менеджментом и финансовой подушкой — усилят позиции.

«Рынок переходит из хаотичной фазы в более зрелую. Будущее не просто за комплексной застройкой как таковой, а за понятным упакованным продуктом для покупателя: участок с коммуникациями, дорогой, инфраструктурой и прозрачной юридической моделью. Либо комплексное решение «участок + дом». Именно такие форматы будут забирать основной спрос», — подчеркивает Александр Игнатов.

Реализация комплексных проектов требует не только собственных средств девелопера, но и поддержки со стороны государства для подведения дорог и коммуникаций, чего пока в полной мере не происходит.","позволяла сектору быстро расти
уходить с рынка
из более чем тысячи компаний [«выжили»]
падения объемов строительства
волне банкротств
Возобновление роста цен
рынок ИЖС будет перестраиваться
Недокапитализированные игроки со слабым продуктом
Рынок переходит из хаотичной фазы в более зрелую.
понятным упакованным продуктом для покупателя: участок с коммуникациями, дорогой, инфраструктурой и прозрачной юридической моделью
забирать основной спрос",316,45,"14,24050633",11,"3,481012658"
54,,РБК,https://www.rbc.ru/crypto/news/69e0f7ff9a794782bf7c7350,2026,новостной,"Квантовая угроза расколола биткоин-сообщество на два лагеря — сторонников добровольного перехода на защищенные механизмы и принудительной заморозки уязвимых монет

Биткоин-сообщество столкнулось с самым идеологически сложным вызовом за последние годы. Вопрос защиты сети от квантовых компьютеров расколол разработчиков на два лагеря. С одной стороны, CEO Blockstream Адам Бэк призвал сообщество к добровольной модернизации и защищенным механизмам, с другой — разработчик и основатель Casa Джеймсон Лопп предложил заморозить миллионы «спящих» монет, включая кошельки анонимного создателя биткоина Сатоши Накамото.

Дискуссия, еще недавно считавшаяся сугубо теоретической, обрела жесткие сроки после публикации исследования Google в марте. Компания обнародовала результаты своей работы более чем на 50 страницах, представив алгоритм и логику, радикально сокращающие затраты на взлом криптографии, на которой базируется безопасность биткоина, Ethereum и большинства других криптовалют. По их оценке, компьютеры нужной мощности могут появиться не в середине 2030-х годов, как считалось ранее, а уже к концу этого десятилетия.

Речь идет о том, что под угрозой могут оказаться миллионы биткоинов «старого формата», и это не только предполагаемые средства Сатоши Накамото, но и других участников. По оценкам Google, их общее число составило 2,3 млн BTC, или более $170 млрд по курсу на 16 апреля.

Квантовая атака на блокчейн сводится к восстановлению приватного ключа по публичному. Сейчас это считается вычислительно неосуществимой задачей, но квантовые алгоритмы позволяют решать ее существенно эффективнее.

В первом сценарии атакующий находит адреса, где публичный ключ уже раскрыт, и получает доступ к средствам, вычислив приватный ключ. Во втором сценарии он перехватывает транзакцию до ее включения в блок, извлекает публичный ключ, вычисляет приватный и подменяет транзакцию. Во втором случае под угрозой оказываются уже не только старые или неактивные кошельки, но и обычные переводы.","Квантовая угроза расколола биткоин-сообщество на два лагеря
заморозки уязвимых монет
заморозить миллионы «спящих» монет
жесткие сроки
",262,13,"4,961832061",5,"1,908396947"
55,,РИА Новости,https://dzen.ru/a/XKydgiYaZgCuFvb6,2019,новостной,"""Семь сестер"", семь знаменитых сталинских высоток интересуют и самих москвичей, и туристов со всей России, и иностранцев. На экскурсиях по ""городу на семи холмах"" можно узнать о строителях и архитекторах, службе госбезопасности, секретах клумб и фонтанов и зачем подходить к главному зданию МГУ со счетчиком Гейгера. ""Такие экскурсии часто заказывают российские туристы и иногда иностранные, — рассказывает руководитель туркомпании ""Незабываемая Москва"". — Правда, внутрь высоток туристов не водят: в некоторых из них — режимные объекты, пропускная система"".

Попасть в высотки можно — и не только в те, где находятся отели, но и в обычный жилой дом.

Особенно интересно это будет ценителям балета: музей-квартира Галины Улановой находится в высотке на Котельнической набережной. Посещение — по предварительной записи.

Гости в отзывах хвалят и экскурсоводов, и интерьеры, и уникальные экспонаты. Благодарят за возможность почувствовать эпоху, а в ней — жизнь балерины. Ну и, конечно, отмечают виды из окна и помпезность самой высотки.","""Семь сестер"", семь знаменитых сталинских высоток
""городу на семи холмах""
возможность почувствовать эпоху, а в ней — жизнь балерины",146,17,"11,64383562",3,"2,054794521"
56,Павел Осипов,Центральная профсоюзная газета «Солидарность»,https://solidarnost.org/articles/robotizatsiya-kotoruyu-my-obsudili.html,2024,новостной,"- Есть знакомые лица, есть незнакомые. И радует и то, и другое, - открывая круглый стол на тему “Кадры для роботизации: как подготовить инженеров будущего”, председатель партии “Новые люди” Алексей Нечаев перешел с места в карьер. Начал он с утилитарных задач вроде создания системы распознавания лиц. И радовался, что, вопреки классику, не “знакомые всё”, и есть еще чему учиться. Но успокоил: - Мы с вами люди, которые что-то про роботизацию понимаем. (И про роботизацию русского языка особенно. - П.О.) В целом выступление Алексея Нечаева было из разряда тех, которые комментировать - только портить: - Во многом, когда говорим о роботизации, обсуждения “есть ли этому альтернативы, нет ли этому альтернативы” практически не ведутся. Потому что долгое время дешевый труд - “ну зачем нам робот, у нас есть люди по 20 тысяч рублей в месяц”. У нас этих людей больше нету, и что бы ни было дальше, этих людей уже не будет. И это хорошо, потому что люди, значит, будут больше зарабатывать. То есть “людям по 20 тысяч рублей в месяц” стоит признать тот факт, что их не существует. Не можем с этим не согласиться - люди в деньгах не измеряются в принципе. Тут достоинство не стоит путать с номиналом. Но что значит “будут больше зарабатывать”? Где, кем? Тут интересен опыт компании “Фаберлик”, который привел в пример сам ее основатель Нечаев: - Мы за 10 лет увеличили производительность труда почти в 20 раз, просто год за годом занимаясь автоматизацией, роботизацией. И самое главное, что зарплаты людей, которые работали, выросли примерно раза в три. Тут важно понимать, что речь идет именно о людях, “которые работали”. О людях, которые перестали работать вследствие автоматизации производства, не упоминалось. Примечательно, кстати, что производительность труда выросла в целых 20 раз, а зарплаты - всего втрое… Хотя чему тут удивляться.","перешел с места в карьер
вопреки классику, не “знакомые всё”, и есть еще чему учиться
которые что-то про роботизацию понимаем. (И про роботизацию русского языка особенно. - П.О.)
комментировать - только портить
люди по 20 тысяч рублей в месяц
“людям по 20 тысяч рублей в месяц” стоит признать тот факт, что их не существует
люди в деньгах не измеряются в принципе. Тут достоинство не стоит путать с номиналом
зарплаты людей, которые работали, выросли примерно раза в три. Тут важно понимать, что речь идет именно о людях, “которые работали”. О людях, которые перестали работать вследствие автоматизации производства, не упоминалось.
Примечательно, кстати, что производительность труда выросла в целых 20 раз, а зарплаты - всего втрое… Хотя чему тут удивляться.
",291,109,"37,45704467",10,"3,436426117"
57,,football life,https://dzen.ru/a/aYJHr6-vah4oZ2-b,2026,новостной,"АДРИАН ЛАХДО - при стоимости в 1 млн. евро был продан в ""Комо"" за 12 млн. евро.

Шведскому центральному полузащитнику всего 18 лет, он был лидером юношеской сборной, а теперь так же ключевая фигура и в молодёжной, но... При этом в играх за ""Хаммарбю"" у него менее двадцати матчей на профессиональном уровне. В 2025 году Лахдо чередовал игры за основу, с матчами за второй состав (из третьей по силе лиге Швеции) и казалось наврят ли способен заинтересовать клуб из более сильного чемпионата, но, как видим - он уехал в топ-лигу.

Что именно привлекло скаутов ""Комо"" в данном игроке - не совсем понятно, но в итальянской команде стараются делать ставку на молодых талантов, собранных по всей Европе, и зачастую в своём выборе не промахиваются. А значит, что-то и в скандинаве разглядели. Ну не зря ж вместо 1 миллиона заплатили - 12.

КАДЕР МЕЙТЕ - при стоимости в 10 млн. евро был куплен ""Аль-Хилялем"" за 30 млн. евро

Этот трансфер не удивляет - в первую очередь, конечно из-за того, кто раскошелился на футболиста. Саудовские клубы приучили к тому, что готовы платить большие деньги и име не так уж важно за кого - в данном случае вышло так, что они заплатили за молодого (18 лет) и весьма перспективного игрока.

Мейте с 15 лет занимался в академии ""Ренна"", прошёл все возраста и оказался в главной команде, где пусть и не стал сходу незаменимым для стартового состава, но было видно, что из него может выйти толк. Нападающий был хоро в верховой борьбе, мог играть как в центре атаки, так и на флангах, хорошо укрывал мяч корпусом, не терялся под прессингом, с каждым месяцем совершенствовал игру в пас... В общем, перспективы в игроке были и не зря он начал играть за сборную Франции U-21. И вот на таком фоне переезд в Саудовскую Аравию выглядит не в лучшем свете - кажется, что игрок выбрал деньги, а не профессиональное развитие.","АДРИАН ЛАХДО - при стоимости в 1 млн. евро был продан в ""Комо""
наврят ли способен заинтересовать клуб из более сильного чемпионата
он уехал в топ-лигу
в своём выборе не промахиваются
КАДЕР МЕЙТЕ - при стоимости в 10 млн. евро был куплен ""Аль-Хилялем""
раскошелился на футболиста
может выйти толк
хорошо укрывал мяч корпусом
не терялся под прессингом
переезд в Саудовскую Аравию выглядит не в лучшем свете",307,57,"18,56677524",10,"3,25732899"
58,Андрей Ставицкий,LENTA.RU,https://lenta.ru/news/2025/04/09/switch/,2025,новостной,"Nintendo Switch 2 имеет все шансы стать самой популярной игровой консолью на рынке. Об этом сообщает издание VentureBeat со ссылкой на исследование компании DFC Intelligence.

Специалисты организации отметили, что новая консоль Nintendo имеет шансы изменить рынок видеоигр. В DFC Intelligence полагают, что она станет самой продаваемой приставкой в следующие два года — из-за повышенного интереса пользователей персональных компьютеров (ПК) и новых эксклюзивных видеоигр.

Аналитики называют перспективы Nintendo Switch 2 на рынке успешными по тому, что потребители заинтересованы в подобном компактном игровом устройстве. Они отметили, что у главных конкурентов — Sony и Microsoft — нет собственных компактных моделей.

Также в DFC Intelligence обратили внимание на высокое качество выпущенных для консоли игр. Специалисты подчеркнули, что 80 процентов игр для Switch выпускает сама Nintendo или подконтрольные ей студии. Для сравнения, около 85 процентов игр для PlayStation готовят сторонние разработчики.

В заключении авторы отчета отметили высокую «перекрестную привлекательность» Nintendo Switch. Согласно внутренним данным, 44 процентов ПК-геймеров имеют консоль от Nintendo.

Приставку Nintendo Switch 2 представили в начале апреля. Консоль получила 7,9-дюймовый LCD-дисплей с частотой 120 герц, новые джойстики на магнитном креплении, возможность масштабировать разрешение игр до 4К.","отметили высокую «перекрестную привлекательность» Nintendo Switch. Согласно внутренним данным, 44 процентов ПК-геймеров имеют консоль от Nintendo.",178,16,"8,988764045",1,"0,5617977528"
59,,Restate,https://dzen.ru/a/aW-cAxD7VhuwTbVm,2026,новостной,"Исторические локации и новые проекты
Компания «Балтийская коммерция» приобрела участок на Новгородской улице, 14 весной 2024 года. Ранее здесь располагался бизнес-центр класса С, а рядом уже построен жилой комплекс «Форсайт» того же девелопера. Общая площадь участка - около 5,5 тысячи квадратных метров.

Девелопер работает в исторических районах Петербурга с конца 90-х годов. Среди последних проектов - реконструкция бывшего советского лицея на проспекте Римского-Корсакова и премиальный квартал у метро «Чкаловская». Пески традиционно считаются одной из самых престижных локаций города, хотя после 2010 года здесь стали появляться не только элитные, но и бизнес-класса новостройки.

Район отличается спокойствием и отсутствием туристического шума, что ценят будущие жильцы. Однако, как отмечают эксперты, здесь еще много промышленных территорий, оставшихся в наследство от «серого пояса» города.

Рынок элитного жилья и перспективы развития
С начала 2024 года, по данным NF Group, в центральной части Петербурга появилось два новых жилых комплекса на 448 квартир: элитный «Моисеенко 10» и бизнес-класс N8. В стадии реализации находятся еще несколько проектов, включая жилой комплекс ПСК и реконструкцию Мытного двора. Свободных участков для строительства в центре практически не осталось, а спрос на премиальное жилье стабильно высок.

По информации брокеров, отдельные земельные участки еще можно найти в районе площади Восстания и на улице Черняховского. Однако основной резерв для развития центрального района - это территории между Синопской набережной и Новгородской улицей. Здесь компания «ТГК-1» готовит масштабный проект редевелопмента бывшей Центральной ТЭЦ. Планируется создать общественно-деловое пространство, которое соединит городскую застройку с набережной. Первый этап, включающий рекреационную зону и объекты общепита, уже получил одобрение экспертизы.

Петербург продолжает меняться: исторические кварталы обретают новую жизнь, а элитные жилые комплексы становятся частью городской ткани, где прошлое и будущее встречаются на одной улице.","от «серого пояса» города
исторические кварталы обретают новую жизнь
элитные жилые комплексы становятся частью городской ткани, где прошлое и будущее встречаются на одной улице",264,22,"8,333333333",3,"1,136363636"
60,Илья Соболев,Российская газета,https://dzen.ru/a/agYGPVU4_3gzPphB,2026,новостной,"В тройке главных претендентов на золото эксперты видят хозяев турнира - швейцарцев. Сборная Швейцарии уже не первый год метит в чемпионы: на двух предыдущих турнирах ""часовщики"" играли в финале. Возможно, фактор домашнего льда и станет той самой недостающей деталью, чтобы пазл сложился. Тем более, что на турнире в родных стенах сыграют почти все доступные швейцарские звезды во главе с Романом Йоси.

Неплохая команда у фаворитов любого чемпионата мира - шведов. Это сплав энхаэловцев и игроков, выступающих в Европе. Пожалуй, главная звезда - один из лидеров ""Детройта"" Лукас Рэймонд, набравший 76 очков в минувшей ""регулярке"" НХЛ.

Ровный, но не выдающийся состав у чехов. Впрочем, им даже без громких имен удавалось добиваться результата.

Немцы могли похвастать на Олимпиаде звездами первой величины вроде Леона Драйзайтля и Тима Штюцле, но в Швейцарии им придется обходиться более скромными силами. Хотя клубы обоих - ""Эдмонтон"" и ""Оттава"" - уже завершили сезон.

Словаки на Играх-2026 едва не дотянулись до бронзы, но на чемпионате мира прогреметь им будет посложнее. Главная звезда сборной форвард Юрай Слафковски, к примеру, бок о бок с нашим Иваном Демидовым бьется в ""Монреале"" за Кубок Стэнли. Зато словаки снова не обошлись без представителя Континентальной хоккейной лиги. В состав включен Адам Лишка, выступающий за череповецкую ""Северсталь"".","хозяев турнира
""часовщики""
фактор домашнего льда и станет той самой недостающей деталью, чтобы пазл сложился
сплав энхаэловцев и игроков, выступающих в Европе
в минувшей ""регулярке"" НХЛ
Ровный, но не выдающийся состав у чехов
обходиться более скромными силами
едва не дотянулись до бронзы
на чемпионате мира прогреметь им будет посложнее
бок о бок
бьется в ""Монреале"" за Кубок Стэнли
",197,48,"24,36548223",12,"6,091370558"
61,,51 Меридиан,https://dzen.ru/a/Yemhv7BnxV0hwNuR,2022,новостной,"Самой яростной и агрессивной считается Бычья акула. Про страх и ужас белой, думаю каждый из вас уже знает. Но никто из этих агрессоров ни в коем случае не поплывет в Черное море, хотя возможность такая у них несомненно есть.

Длиннокрылые и серые акулы не менее опасные и крупные, но и они как вы поняли, в Черное море не заплывают.

На это есть следующие причины:
  1.   Воды Черного моря слишком холодные (особенно зимой), а большинство акул это пугает.
  2.   В Черном море очень мало рыбы, ее просто недостаточно, чтобы прокормить огромных хищников. Акулы это чувствуют и понимают, поэтом не плавают там, где нет еды.
  3.   Слабая соленость воды в Черном море отпугивает акул. Так устроено природой, что чем вода более соленая, тем лучше для этих хищников.
  4.   Почти 90% воды в Черном море, перенасыщена сероводородом. Конечно акулы это чувствуют и не лезут в пороховую бочку, их инстинкты такие вещи улавливают очень быстро. Глубже чем на 100 метрах в Черном море, нет никакой жизни, а акулы любят плавать глубоко.
  5.   Экосистема Черного моря находится в плачевном состоянии, экологическая обстановка ухудшается.

Ну и пожалуй последнее, даже самая свирепая акула не рискнет в здравом уме переплывать Босфор с огромным количеством судов, которые там двигаются круглосуточно.

Зато в Черном море водятся можно сказать декоративные акулы, речь идет о Катране и Кошачьей акуле. Эти мелкие рыбки напоминают реальных акул лишь отчасти и никакой опасности для человека не несут.

За всю историю наблюдений, официально в Черном море не была замечена ни одна из опасных для человека видов акул, но в теории это более чем возможно.","Про страх и ужас белой [акулы]
никто из этих агрессоров
ни в коем случае
большинство акул это пугает
Акулы это чувствуют и понимают
Так устроено природой
Конечно акулы это чувствуют и не лезут в пороховую бочку
их инстинкты такие вещи улавливают очень быстро
акулы любят плавать
находится в плачевном состоянии
самая свирепая акула не рискнет в здравом уме переплывать Босфор
декоративные акулы
более чем возможно",253,53,"20,9486166",13,"5,138339921"
62,Алексей Жирухин,Путешествия со смыслом,https://dzen.ru/a/aebyq7YhIUDRFFdB,2026,новостной,"""В ноябре 1916 года Великий Северный путь включили в государственный план железнодорожного строительства.

Но вскоре грянули потрясения, изменившие ход истории.

Пять попыток за сто лет.

Попытка первая: начало 1920-х.
Новое руководство страны вернулось к проекту.
Из-за нехватки средств рассматривали даже привлечение иностранных инвесторов - понимали, что без северной логистики страна задыхается.
Однако эксперты попросили паузу на стратегическую оценку.
В условиях тяжелого восстановления страны проект пришлось заморозить.

Попытка вторая: 1930-е годы.
Решили строить только своими силами, опираясь на внутренние резервы. Началось освоение восточного фрагмента будущей магистрали - знаменитого БАМа.

Работы шли в невероятно тяжелых условиях непроходимой тайги.
За несколько лет ценой колоссальных усилий проложили сотни километров пути.

Но в 1941 году рельсы, уже уложенные в лесах, пришлось срочно демонтировать и погрузить в эшелоны.
Из них проложили легендарную Волжскую рокаду под Сталинградом для снабжения фронта.
Сибирская дорога отдала свою сталь ради спасения страны.

Попытка третья: 50-е годы.
Была предпринята героическая попытка проложить Трансполярную магистраль от Салехарда до Игарки.
Но суровая природа, вечная мерзлота и болота оказались сильнее тогдашних технологий.
Проект остановили.

Попытка четвертая: 1970-е.
БАМ объявили «стройкой века».

Восточный участок магистрали действительно был блестяще завершен, став подвигом советских инженеров и строителей.
Но до западной части Великого Северного пути так и не дошли.

Попытка пятая: наши дни.
В конце 2025 года эксперты подготовили новый доклад о перспективах магистрали.

Итог экспертизы поражает воображение: цена вопроса - 50 триллионов рублей. В текущих экономических реалиях проект пока признан преждевременным.""","грянули потрясения, изменившие ход истории
страна задыхается
попросили паузу
проект пришлось заморозить
Сибирская дорога отдала свою сталь ради спасения страны
суровая природа, вечная мерзлота и болота оказались сильнее тогдашних технологий
был блестяще завершен
до западной части Великого Северного пути так и не дошли
Итог экспертизы поражает воображение",208,39,"18,75",9,"4,326923077"
63,,Общественная Служба Новостей,https://dzen.ru/a/XL3HBiK1zQCyJ4r4,2019,новостной,"В столице появился очередной вид мошенничества - деньги выводятся при взаимодействии с банкоматами, об этом «Общественной службе новостей» сообщила пострадавшая Мария Беликова.

- Пришла в отделение Сбербанка, вставила бесконтактную карту VISA Gold в банкомат. Традиционно запросили пинкод. Ввела. Моментально списалось 5000 рублей на чужой телефон «Билайна». Этот номер я не вводила, не подтверждала оплату, узнала о ней по моментально пришедшей смс. Позвонила в банк, сказала, что не подтверждаю платеж. Девушка уточнила, что платёж был из Сбербанк онлайн через банкомат. Сразу заблокировали мне все счета, отрубили онлайн и карту на перевыпуск, - рассказала Беликова.

Девушка тут же позвонила на горячую линию «Билайн». Выяснилось, что средства с телефона увели моментально и вернуть их сотовый оператор не обещает.

- Виноват, на мой взгляд, Сбербанк и его новомодный банкомат с бесконтактным способом введения данных. Видимо, мошенник до меня начал сессию, ввёл все данные, номер телефона и сумму. Потом каким то образом оставил висеть эту сессию в скрытом режиме. Как только я ввела пин-код, мои средства автоматически списались. Сбербанк допустил взлом своей системы банкоматов, – предполагает пострадавшая.

Девушка написала заявление в Сбербанк, не очень надеясь на успех. Но сотрудники банка не только вернули деньги, но и были предельно внимательны.

- Лично мне менеджеры посочувствовали, сказали, что таких случаев много по всей Москве. Люди обращались в полицию, но там им якобы сказали, что состава преступления нет: клиент сам вводит код. Никто, конечно, не признается, что косяк системы Сбербанка. – Комментирует Мария.

Как отмечает пострадавшая, в банке ей посоветовали в следующий раз перед началом работы с банкоматом нажимать кнопку «Отмена». Это, по мнению, сотрудников Сбербанка, сведет опасность несанкционированного списания денег на нет.

В Сбербанке нам сообщили, что в случае несанкционированного списания средств, необходимо сразу связаться со службой безопасности банка. И сразу заблокировать карту и счета. А потом уже написать заявление в ближайшем офисе банка и обратиться в полицию.","моментально пришедшей смс
отрубили онлайн и карту на перевыпуск
средства с телефона увели моментально
новомодный банкомат
оставил висеть эту сессию
Сбербанк допустил взлом своей системы
косяк системы Сбербанка
сведет опасность несанкционированного списания денег на нет",294,28,"9,523809524",8,"2,721088435"
64,,Общественная Служба Новостей,https://dzen.ru/a/XlFvhaiebAGLyXWT,2020,новостной,"Вызовы
По этой версии у нас сейчас вызов времени какой? Информационное общество. Дескать, много информации обрушивается на людей и прочие бла-бла-бла. Всё это повторяется настолько регулярно, что даже обычный запрос в поисковике завалит подобными выступлениями.

Понятно, что про это легко говорить. Во-первых, на этот «вызов времени легко отвечать. Ответы тоже уже заготовлены: цифровизация и прочее. Во-вторых, можно словеса развесить. Красивые, раздутые и пафосные. И при этом ничего, по факту, не сказать.

А главное – можно деньги на этом «осваивать».

А то, что реальные вызовы времени совсем в другом - это прошедшие «перековку» даже видеть не хотят.

Какой же этот вызов? Да, культура у нас вся развалилась! У нас нет никакой культуры. Абсолютно.

Что я имею в виду. Никакого уважения к старшим. Никакого уважения к профессионалам. Деньги поставлены во главу угла. И это так или иначе транслируется и детям.

И вот это РЕАЛЬНЫЙ вызов: в этих условиях общество не может детей учить. Старая школа не может учить детей. Даже не то, что «старая школа», а уже развалины старой школы. И никто не хочет это признавать.

Расщепление
В результате что получается? Голова каждого нормального ответственного директора школы должна уметь работать в двух противоречащих друг другу режимах.

С одной стороны, они находятся в школе, погружены в её РЕАЛЬНЫЕ проблемы, отлично их чувствуют. Нередко знают, как эти проблемы решались прежде.

А, с другой стороны, они подчинены департаменты образования. И там им в голову «имплантируют» определённую логику. Если эту логику включить при работе в школе, то будет только хуже.

И что получается? У многих директоров буквально «шиза» начинается, раздвоение личности. Это не только мое мнение. Об этом на полном серьёзе многие люди говорят, с которыми я встречаюсь.

Потому что два этих «режима» («школьный» и «департаментный») невозможно совместить. Об этом и психологи говорят, и философы. Невозможно жить, когда с утра ты должен вести себя одним образом, а вечером – строго по-иному.

И от этого у людей реально «крыша едет». Они на тебя смотрят и говорят: «Вот это чёрное». Хотя смотришь сам, это - «белое». И ты им это несоответствие не докажешь. Буквально.","вызов времени
Дескать, много информации обрушивается на людей и прочие бла-бла-бла.
обычный запрос в поисковике завалит подобными выступлениями
вызов времени
можно словеса развесить
ничего, по факту, не сказать
деньги на этом «осваивать»
вызовы времени
прошедшие «перековку»
культура у нас вся развалилась
Деньги поставлены во главу угла.
общество не может детей учить
Старая школа не может учить детей.
Даже не то, что «старая школа», а уже развалины старой школы.
Голова каждого нормального ответственного директора школы должна уметь работать в двух противоречащих друг другу режимах.
отлично их [проблемы] чувствуют
им в голову «имплантируют» определённую логику
логику включить
буквально «шиза» начинается, раздвоение личности
«крыша едет»",322,83,"25,77639752",20,"6,211180124"
65,Виктория Николаенко,Новороссийский рабочий,https://novorab.ru/2023/12/09/soberem-plastik-i-bumagu-nakormim-novorossijskih-bezdomyshej/,2023,новостной,"«Спешу поделиться добрыми новостями с любимой газетой. Много лет я помогаю четвероногим бездомышам. И сегодня могу с гордостью сказать, что число моих единомышленников значительно возросло во многом благодаря «Новороссийскому рабочему».

Рассказывая о своей волонтерской работе на страницах «НР», я познакомилась с неравнодушными людьми, многие из которых оказали мне помощь.

Так, например, идея акции «Сдай макулатуру – накорми бездомышей» стала сегодня девизом для учащихся многих городских школ. Сдавая бумагу, ученики не только помогают сборам на пропитание бездомышам, но и многое узнают о переработке сырья. Например, понимают, почему картон весит больше, а ценится меньше.

Участие в «Марафоне инициатив», организованном депутатом ЗСК Александром Николаевичем Карпенко, помогло нам выйти на новый уровень работы со школьниками. Теперь в школах будут устанавливаться баки для сбора пластика. А пластик также сдаваться в переработку. На вырученные средства будем закупать корм и лекарства для наших подопечных.

Сбор пластика – свежая страница в истории нашей организации. Я и сама, признаться, узнала немало о том, что, оказывается не весь пластик полезен в переработке. Что говорить о школьниках, которые почерпнут новые знания? Дети в этом смысле очень любознательны, быстро схватывают нужную информацию. Кто знает, может, они в будущем станут экологами? Но в любом случае они будут добрыми людьми, любящими животных.

Я убедилась в этом, когда увидела первоклассника, строго «наставлявшего» своего старшего товарища не выбрасывать в мусорный бак бумагу. Малыш повел приятеля к контейнеру, чтобы «было чем потом кормить голодных котиков».

Меня часто спрашивают, сколько нужно собрать макулатуры, чтобы, сдав ее, купить хотя бы килограмм корма. Так вот, 1 тонна макулатуры «потянет» на 4,5 – 5,5 тысяч рублей. Килограмм сухого корма стоит сегодня примерно 550 рублей. Пятнадцать килограммов — это один раз покушать всем нашим подопечным. Поэтому на еду животным еще собирать и собирать. Тем не менее даже запас на один день – огромное подспорье для нас.","четвероногим бездомышам
накорми бездомышей
пропитание бездомышам
выйти на новый уровень работы со школьниками
свежая страница в истории нашей организации
быстро схватывают нужную информацию
1 тонна макулатуры «потянет» на 4,5 – 5,5 тысяч рублей
на еду животным еще собирать и собирать",288,33,"11,45833333",8,"2,777777778"
66,,RuNews24.ru,https://dzen.ru/a/agXd2VrEqxFxyFNv,2026,новостной,"Сам мем, захвативший внимание подростков по всему миру, не имеет фиксированного значения. Фраза происходит из песни рэпера Skrilla «Doot Doot (6 7)», где цифры используются не для передачи смысла, а ради ритма и звучания. Согласно другой версии, отсылка идет к росту баскетболиста Ламело Болла — 6 футов 7 дюймов (около 201 сантиметра). Популяризировал мем и характерный жест, когда обе ладони попеременно двигаются вверх-вниз. Dictionary.com даже признал «six-seven» словом 2025 года, хотя сами составители затруднились дать ему четкое определение. По сути, «67» — это классический «брейнрот-мем», то есть бессмысленный контент, от которого «плавятся мозги», но именно эта абсурдность и вызывает у подростков такой восторг.

Филологи объясняют феномен тем, что у этой фразы практически нет значения, зато есть важная функция — быть маркером принадлежности к своей субкультуре. Крикнув «six-seven», подросток показывает: «я свой, я в теме, я не взрослый». Именно это и сводит с ума педагогов по обе стороны океана. Учителя из США жалуются, что любая комбинация чисел, где есть шесть или семь, делает класс неуправляемым, а школьники хором повторяют завирусившуюся фразу и имитируют характерный жест.

В России ситуация осложнилась еще и тем, что мем начал перетекать из виртуального пространства в реальную жизнь с неожиданными последствиями. В Саратове, например, подростки атаковали владельцев квартир с номером 67 — звонили в домофоны и кричали «шесть-семь», после чего убегали, снимая реакцию разгневанных жильцов на видео. Глава Лиги безопасного интернета Екатерина Мизулина уже обратила внимание на ситуацию с запретами в школах, а департамент образования Перми взял историю с шуточным объявлением на контроль, проведя с учащимися профилактические беседы.","захвативший внимание
«плавятся мозги»
я в теме
сводит с ума
по обе стороны океана
делает класс неуправляемым
повторяют завирусившуюся фразу
мем начал перетекать из виртуального пространства в реальную жизнь",249,22,"8,835341365",8,"3,212851406"
67,Александр Петров,Neva.Today,https://neva.today/news/mintrans-nameren-zapretit-v-metro-perevozku-detey-v-kolyaskah-151160/,2018,новостной,"Министерство транспорта создало типовой проект правил пользования метрополитеном, в котором ведомство предлагает запретить перевозить в подземке детей в колясках. Документ был размещен на сайте проектов нормативно-правовых актов 19 апреля.

В документе указывается, что пассажирам метрополитена запрещается перевозить детей в детских колясках, бежать по эскалатору, делать фото и видео с помощью профессионального и стационарного оборудования. Кроме того, новыми правилами запрещается размещать ручную кладь на сиденьях в вагонах и на скамейках станций.

Также министерство предлагает запретить «вмешиваться в работу устройств беспроводной передачи данных» и «пользоваться летательными аппаратами» в метро.

В проекте правил пользования метрополитеном также прописано, что за пассажиром теперь закрепят обязанность уступать инвалидам, пожилым, пассажирам с детьми и беременным. Ранее это правило носило рекомендательный характер.

Минтранс отметил, что приказ вступит в силу после федерального закона 442-ФЗ «О внеуличном транспорте и о внесении изменений в отдельные законодательные акты Российской Федерации», то есть, 30 декабря 2018 года.",перевозить в подземке,140,3,"2,142857143",1,"0,7142857143"
68,,Ридус,https://dzen.ru/a/YW3TY2WrrjVC6Ca6,2021,новостной,"Нежелание работать отмечают и работодатели. Владелица торговой точки по продаже корейской косметики Татьяна Вакарчук говорит, что те же студенты, еще не начав трудовой путь, пытаются выставлять свои условия: график, зарплата, какие-то бонусы вроде скидок на продукцию. Но несмотря на все это, лояльность к компании проявлять не спешат: могут опоздать, не предупредив, а то и уволиться одним днем без объяснения причин.

— Им важно, чтобы было удобно и прикольно. А вставать рано утром «не удобно» и «не прикольно», равно как и стоять смену в торговом центре, общаться с людьми, что-то им объяснять, продавать. При этом у меня в фирме продавцы помимо окладной части получают еще и процент от реализации. Чем не мотивация? Но современным молодым людям не особенно это и нужно — заработали сегодня на какую-то нехитрую еду, а что будет завтра их не особенно волнует. Уж не думала, что нынешние юноши и девушки будут жить по принципу «лучше кашки не доложат, но на работу не потревожат», — говорит Татьяна Вакарчук.

Отсутствие амбиций отмечают и рестораторы. Они утверждают, что буквально несколько лет назад официантами, барменами, хостес были в основном студенты и трудились они прилежно, а сейчас на их место пришли люди среднего возраста и работают они куда усерднее, чем их более молодые коллеги.

— Современная молодежь не отличается надежностью и какой-то профессиональной порядочностью. За последний год в моих заведениях каждые два месяца студенты-официанты не выходят на смену без объяснения причин. Они просто не отвечают на звонки и не появляются на рабочем месте. Но еще лет пять назад картина была другая — молодые люди трудились со всей ответственностью, не боялись работы и зарабатывали, кстати, хорошо, ведь все знают, что официанта ноги кормят, — рассказал управляющий сети закусочных Вадим Терехов.

Отдельно он отметил, что нынешним парням и девушкам достаточно малого во многом именно потому, что для того, чтобы получить больше, нужно и работать больше. Терехов привел пример: официант среднего возраста сознательно берется обслуживать больше столов в смену, он знает, что от этого зависит заработок, поэтому за день он может получить около 5 тысяч рублей. Его 18-летний коллега заработает раза в три меньше, поскольку и смену он себе выбивает короче, и столов обслуживает меньше. Ему не важно, что денег мало, ему важна «свобода» и нетяжелая работа.

По мнению Терехова, привести молодежь в чувства может помочь нужда. Речь о том, что когда «сильно прижмет» придется променять свое «хочу» на «нужно» работодателя. Иными словами, если человеку станет нечего есть, то он, скорее всего, перестанет пытаться прогнуть мир и взрослых людей под себя и каким-то образом примирится с действительностью и необходимостью выжить.","трудовой путь
вставать рано утром «не удобно» и «не прикольно»
лучше кашки не доложат, но на работу не потревожат
еще лет пять назад картина была другая
официанта ноги кормят
привести молодежь в чувства
сильно прижмет
променять свое «хочу» на «нужно» работодателя
прогнуть мир и взрослых людей под себя",410,40,"9,756097561",9,"2,195121951"
69,,Ридус,https://dzen.ru/a/Zgygk7vFkgwX6st-,2024,новостной,"В декабре 2022 года президент РФ Владимир Путин призвал правительство начать выделять средства Фонда национального благосостояния (ФНБ) на льготный лизинг воздушного и водного транспорта.

В рамках программы поддержки лизинга гражданских воздушных судов до 2030 года с софинансированием на рынок планируется поставить более 450 самолетов и 460 вертолетов, сообщали в ""Ростехе"". Приобретать технику для последующей передачи авиаперевозчикам по льготным ставкам будут лизинговые компании, основной пакет заказов придется на ГТЛК.

В 2023 году из ФНБ было уже выделено почти 300 миллиардов рублей на выкуп 162 самолетов ""Аэрофлота"", S7, ""Уральских авиалиний"" и ""Авроры"". Из этого транша ""Аэрофлоту"" была выделена львиная доля - около 250 миллиардов! И самое интересное, что эти средства пошли на выкуп иностранной авиационной техники!

Кроме того, средства из ФНБ выделялись НЛК под 1,5% на 15 лет. ""Аэрофлот"" получил самолеты от НЛК в операционный лизинг, а частные авиакомпании - в финансовый (после истечения контракта воздушные суда перейдут в их собственность). ""Аэрофлот"" будет выплачивать лизинговые платежи из своей прибыли. А если учесть, что валовая прибыль компании в 2023 году по РСБУ составила 7,274 миллиарда рублей по сравнению с убытком на 49,943 миллиарда годом ранее, то выплачивать лизинговые платежи будет не из чего.

И совсем уже не смешно. Коммерческие и управленческие расходы ""Аэрофлота"" почти сравнялись с прибылью компании и составили 6,438 миллиарда и 10,592 миллиарда рублей по РСБУ соответственно.

Правда, в компании говорят, что основной вклад в снижение коммерческих расходов 2023 году на 46,9%, или на 5,964 миллиарда рублей, по сравнению с 2022 годом внес переход на отечественную систему бронирования ""Леонардо"". Но компания тем не менее ""продолжает программу контроля за расходами""!

И еще совсем непонятно, почему государственные средства выделяются частным авиакомпаниям. Ведь и дураку ясно, что, выделяя миллионы рублей на выкуп иностранных самолетов, Россия активно поддерживает экономику не совсем дружественных нам государств. А наши авиакомпании, получив халявные средства, в следующем году, когда их не будет, начнут поднимать цены на билеты.","львиная доля
И самое интересное, что эти средства пошли на выкуп иностранной авиационной техники!
совсем уже не смешно
и дураку ясно
халявные средства",301,19,"6,312292359",5,"1,661129568"
70,,RuNews24.ru,https://dzen.ru/a/agZrmVU4_3gzPwel,2026,новостной,"В погоне за финансовой независимостью многие готовы положить все сбережения в банк, чтобы жить на проценты. Однако экономисты предупреждают: из-за инфляции и налогов такая стратегия медленно, но верно уничтожает капитал.

Казалось бы, что может быть надежнее, чем уйти на покой с солидной суммой на депозите? На примере ставок Сбербанка и Т-Банка эксперты разложили математику мечты по полочкам. Выяснилось, что даже для пассивного дохода на уровне средней зарплаты по стране потребуется сумма от 13 до 18,9 миллиона рублей в зависимости от условий.

При этом психологический фактор здесь играет злую шутку: устав от кризисов и выгорания, люди часто переоценивают стабильность банковского вклада, путая его с защитой от инфляции. Но реальность, как подчеркивают аналитики, оказалась суровее: если не реинвестировать проценты, богаче вы не станете.

Самый большой парадокс «рантье по-русски» кроется не в ставках, а в их разнице с инфляцией, пишет «Прайм».

«Если весь процентный доход тратится, — предупреждает глава правления банка, — его реальная покупательная способность со временем снижается». Представьте: банк начисляет 10%, инфляция съедает 5%.

Реально ваш портфель растет только на половину. Но если вы тратите все 10%, то ежегодно теряете 5% капитала. Через десяток лет на те же деньги вы сможете купить в два раза меньше. Так мечта о беззаботной жизни превращается в дорогу к постепенному обнищанию.

Кроме инфляции, на пути к вечному отдыху лежат два стражника: налог и риск отзыва лицензии. С 2026 года не облагается налогом лишь доход со вкладов до 160 тысяч рублей — все, что выше, будет отдано государству по ставке 13-15%. А систему страхования, которая гарантирует возврат лишь 1,4 миллиона рублей, эксперты сравнивают с «ловушкой для крупных вкладчиков».

Чтобы обезопасить несколько миллионов, их нужно разбивать по десяткам банков, что превращает управление деньгами в настоящую работу. Именно поэтому аналитики советуют не зацикливаться на вкладах, а диверсифицировать риски, добавляя в портфель облигации, недвижимость или даже акции, если ситуация на рынке позволяет.","уйти на покой
эксперты разложили математику мечты по полочкам
психологический фактор здесь играет злую шутку
парадокс «рантье по-русски» кроется не в ставках
инфляция съедает
ваш портфель растет
на пути к вечному отдыху лежат два стражника: налог и риск отзыва лицензии
ловушкой для крупных вкладчиков
",296,37,"12,5",9,"3,040540541"
71,Светлана Добрицкая,Новороссийский рабочий,https://novorab.ru/2026/05/16/gornichnye-oficzianty-povara-kogo-zhdut-letom-v-novorossijske-na-sezonnuyu-rabotu/,2026,новостной,"Журналист «Новороссийского рабочего» проанализировала объявления на одном из популярных сайтов.

Требуются официанты в кафе, рестораны и в банный комплекс. Предлагается работать за 3-4 тыс. рублей за смену (месячный заработок от 50 до 65 тыс. рублей).

Повару-мангальщику в одном из известных ресторанов готовы платить 5200 рублей за смену.  В ресторан быстрого питания требуется сотрудник, который будет готовить блюда по стандартам компании, принимать и выдавать заказы, работать на кассе. Обещана зарплата от 80 тыс. рублей. Повару-универсалу готовы платить от 75 тыс. рублей в месяц. При этом бонусом будет бесплатное проживание.

На базе отдыха в Широкой балке ждут горничную, которая будет убирать не только номера для гостей, но также беседки, территорию бассейна. Горничной предлагают бесплатное проживание и бесплатное трехразовое питание. За каждую смену она будет получать 3500 рублей на руки. Горничная, которая готова работать вахтовым методом в Абрау-Дюрсо – 90 суток,  будет зарабатывать до 4 тыс. рублей за сутки. Питание и проживание бесплатно.

Ждут администратора в мини-отеле на работу с мая по сентябрь с зарплатой от 80 тыс. рублей в месяц. В этом же  отеле требуется горничная с зарплатой от 60 тыс. в месяц.

Вакансии горничных, поваров, официантов, мойщиков посуды уборщиков есть в заведениях общепита, базах отдыха и гостиницах в Широкой балке, Мысхако, Абрау-Дюрсо. Ближе к лету их будет еще больше.",бонусом будет бесплатное проживание,203,4,"1,97044335",1,"0,4926108374"
72,,Инфоштаб - Astrakhanpost,https://dzen.ru/a/ZLFhjyXiK3gJp56L,2023,новостной,"Текущая неделя отличилась прорывом множества проблем, с которыми столкнулись астраханцы. Однако глава регионального правительства Олег Князев, обязанный их решать, предпочел сменить жаркую Астрахань на более приятную атмосферу. На это и обратил внимание известный астраханский журналист Александр Алымов.

«Болевых точек» в нашем регионе скопилось немало. Но теперь, похоже, «нарыв» вскрылся сразу в нескольких местах. И этот проблемный поток «нокаутировал» многих астраханцев. В своем телеграм-канале журналист отмечает, что есть трудности у фермеров, но подчиненный Князева — министр сельского хозяйства Пашаев не хочет их слышать. Жители Астрахани шокированы экспериментом с введением выделенных полос для автобусов, придуманным главой кабмина. Люди недовольны нововведением, приведшим к транспортному коллапсу, но чиновники не реагируют. А сельчане Володарского района испытывают трудности с водоснабжением. В наше-то жаркое астраханское лето! И это далеко не полный список.

Решение всех этих вопросов лежит в сфере деятельности председателя регионального правительства, которому, в свою очередь, подчиняются профильные министры. Но где же глава кабмина? — задается вопросом Александр Алымов. Как он реагирует на происходящее? Да, собственно, никак. Похоже, на время он отправил астраханские проблемы в стоп-лист и преспокойно уехал в отпуск.

«Казалось бы, что нужно сделать? Нужно мобилизоваться, нужно, возможно, предоставить людям ответы. Где у нас председатель правительства Князев сегодня? А он в отпуске. Он ушел с понедельника в отпуск. Такая реакция в тот момент, когда нужно приложить все усилия для активизации работы, очень показательна», — считает Александр Алымов.","прорывом множества проблем
сменить жаркую Астрахань на более приятную атмосферу
«Болевых точек» в нашем регионе скопилось немало.
«нарыв» вскрылся сразу в нескольких местах
проблемный поток «нокаутировал» многих астраханцев
В наше-то жаркое астраханское лето!
он отправил астраханские проблемы в стоп-лист",220,33,15,7,"3,181818182"
73,,Инфоштаб - Astrakhanpost,https://dzen.ru/a/ZRvuvcvI_1lTMMh_,2023,новостной,"Ценник на яйца в Астрахани продолжает совершать «кульбиты» вверх. За неделю их стоимость подросла на 2%. Об этом сообщают в Астраханьстате.

Так средняя цена за десяток «даров» курочек поднялась до 79,55 рублей. А в некоторых магазинах и того дороже. Объяснение происходящему найти сложно, ведь в Астраханской области работает несколько птицефабрик.

Кстати, подобная ситуация весьма похожа на ситуацию в ноябре 2013 года, когда, по данным регионального минэкономразвития, оптовые цены на яйца резко выросли на 116%, а розничные – на 125%. Астраханский губернатор, а это тогда был Александр Жилкин, предъявил птицефабрикам и торговцам данной продукции ультиматум, потребовав снизить стоимость. При этом пригрозил, что в случае отказа цены будут обрушены искусственно. Надо сказать, что такой «волшебный подзатыльник» от главы региона тогда сработал. Подробности портал Astrakhanpost.ru рассказывал ранее.

Впрочем, возвращаемся ко дню сегодняшнему. В Астраханьстате также рассказали и о росте ценника за последнюю семидневку и на ряд других продуктов. К примеру, на помидоры (на 3,5%) и бананы (на 3,2%). Зато лук, капусту, морковь, яблоки и картошку можно приобрести немного дешевле, чем неделей ранее.","Ценник на яйца в Астрахани продолжает совершать «кульбиты» вверх.
стоимость подросла
десяток «даров» курочек
цены будут обрушены
«волшебный подзатыльник» от главы региона
возвращаемся ко дню сегодняшнему
",166,21,"12,65060241",7,"4,21686747"
74,,ВЕСТИ,https://dzen.ru/a/W3wWMcQccgCpG4c-,2018,новостной,"Диагностика редких заболеваний может занимать большое количество времени. По оценкам специалистов из Стэнфордского университета (Stanford University), на поиск соответствующего симптомам и генотипу пациента заболевания может уходить до 20-40 часов времени высококвалифицированного специалиста. Эксперт рассматривает около 100 наиболее подозрительных мутаций в генах, предполагает, какая из них могла стать причиной болезни, проверяет свои предположения в литературе, затем переходит к следующей в случае неудачи.

Профессор Джилл Бежерано (Gill Bejerano) предложил компьютерный алгоритм под названием Франк (Phrank, phenotype + rank, соединение «фенотипа» и «ранга»), который может автоматизировать эти поиски. Программа сокращает время поиска на 90%, при этом экономя деньги за счет высвобождения рабочих часов врача.

Франк сравнивает симптомы и генетические данные пациента с базой, в которой содержатся сведения из медицинской литературы. Результатом сравнения является ранжированный список редких наследственных заболеваний, которые могли вызвать указанные симптомы. Таким образом у клинициста появляется «стартовая точка», от которой он может двигаться в направлении определения диагноза.

При создании алгоритма, в отличие от предыдущих подобных программ, ученые использовали медицинские данные реальных пациентов, поэтому Франк более эффективен. В частности, когда дело дошло до постановки диагноза самим алгоритмом, болезнь, которая действительно была у пациента, стояла четвертой в листе Франка и 33-й в списке, выданном более старым алгоритмом.

Кроме того, новая программа может помочь врачам в выявлении еще неизвестных наследственных заболеваний – если Франк не найдет упоминаний о симптомах у людей, он будет искать информацию о них в публикациях об экспериментах на животных. Джилл Бежерано пояснил, что, возможно, у людей то или иное заболевание могли до сих пор не диагностировать ни разу, а у мышей, например, оно уже проявлялось. Никто не заменит врача, подчеркнул профессор, но новые технологии могут сделать его работу более эффективной.","у клинициста появляется «стартовая точка», от которой он может двигаться в направлении определения диагноза
",266,14,"5,263157895",2,"0,7518796992"
75,,Газета.Ru,https://dzen.ru/a/XCHEeT-4RACqo5yc,2018,новостной,"Необычная форма астероида, быстрое вращение и состав представляют большой интерес с точки зрения уникальной возможности впервые изучить образец вещества, залетевшего в Солнечную систему из межзвездного пространства. Пожалуй, из всех известных науке астероидов Оумуамуа представляет наибольший интерес для астрономов. Его изучение позволило бы ученым узнать о том, где и как образовался необычный засланец, а также о свойствах межзвездного вещества, в котором он летел по направлению к Солнечной системе миллионы лет. А поскольку у человечества уже есть опыт отправки к кометам и астероидам автоматических станций, встает вопрос — можно ли отправить зонд для изучения Оумуамуа?

Ответ на него попыталась дать в своей статье группа ученых и инженеров, предложивших описание проекта «Лира».

Не так давно завершилась эпохальная и весьма сложная с точки зрения реализации миссия к комете Чурюмова-Герасименко. Однако эта комета вращается вокруг Солнца, и ученым нужно было лишь рассчитать траекторию и начало полета корабля, чтобы достичь ее в удобной точке. Поэтому главная сложность в отправке зонда к залетному астероиду — догнать его, ведь он уже находится на отлетной траектории и движется с огромной скорости, причем не в плоскости эклиптики.

Расчеты показывают, что гиперболическая скорость астероида составляет 26 км/c — что значительно больше скоростей, когда-либо достигнутых любыми рукотворными космическими аппаратами.

Известно, что аппарат Rosetta потратил 10 лет, чтобы догнать комету Чурюмова-Герасименко, а Juno — пять, чтобы долететь до Юпитера.

А самый быстрый космический аппарат, созданный человеком, «Вояджер-1» имеет скорость лишь 16,6 км/с.","
где и как образовался необычный засланец
встает вопрос
залетному астероиду",224,8,"3,571428571",4,"1,785714286"
76,,Вечерняя Москва,https://dzen.ru/a/ad0eKzljwSj4CBJP,2026,новостной,"Россия в начале апреля 2026 года продемонстрировала существенный рост экспорта зерновых, несмотря на сужение географии продаж. Согласно данным Российского зернового союза, если в аналогичный период прошлого года пшеница поставлялась в 14 стран, то сейчас число направлений сократилось до 11.

Несмотря на это, количественные показатели значительно улучшились: с 1 по 10 апреля объем отгрузок пшеницы превысил 1,1 миллиона тонн, что в 1,4 раза больше показателей предыдущего года. Общий экспорт основных видов зерновых культур вырос в 1,6 раза, достигнув 1,2 миллиона тонн.

Аналитики отметили резкое увеличение поставок ключевым партнерам. Так, экспорт в Египет вырос более чем в четыре раза (до 172 тысячи тонн), а в Турцию — в 1,6 раза (до 146,5 тысячи тонн). Также зафиксирован четырехкратный рост отгрузок в Кению, передает «Интерфакс».

Между тем сообщалось, что Индия продолжит покупать нефть у России, вне зависимости от того, станут ли США продлевать приостановку санкционных ограничений. Уже 11 апреля истекает 30-дневный срок исключения из американских санкций российской нефти.",сужение географии продаж,151,3,"1,986754967",1,"0,6622516556"
77,Николай Яременко,Росбалт,https://dzen.ru/a/aYgcEbQyR0fE8Ati,2026,новостной,"Об этом стало известно за два дня до отлета в Милан. Большая часть диванных экспертов, разумеется, стала искать всеобщий заговор против россиянина (мол, катался же он раньше под эту мелодию — и ничего), однако для объективного понимания произошедшего необходимо дистанцироваться от эмоциональных оценок и рассмотреть инцидент в плоскости спортивного права и менеджмента. Суть конфликта заключается в претензиях правообладателей на использование музыкального произведения, что в условиях современной медиасреды и жесткого контроля за интеллектуальной собственностью является не заговором и не давлением, а стандартной правовой процедурой.

В профессиональном спорте высших достижений музыкальное сопровождение не является просто фоном; это объект авторского права, использование которого в коммерческих трансляциях и на международных/государственных стартах требует предварительного согласования. Процедура «очистки» авторских прав — это стандартный бюрократический этап подготовки любой программы. В современных реалиях игнорирование этого аспекта или надежда на то, что использование трека останется незамеченным, является недопустимым анахронизмом.

Любое публичное исполнение произведения, тем более связанное с трансляцией на широкую аудиторию, накладывает на организаторов и команду спортсмена обязательства по соблюдению лицензионных соглашений. Если правообладатель (в данном случае — зарубежный) заявляет о запрете использования своего актива, спортивные федерации и структуры обязаны подчиниться, чтобы избежать многомиллионных исков и давления со стороны международных организаций.

При анализе сложившейся ситуации становится очевидным, что корень проблемы лежит не во внешних факторах или «кознях» оппонентов, а в плоскости управленческой безответственности. Подготовка спортсмена уровня сборной (хоть здесь формально сборной и нет — все выступают в нейтральном статусе — но ясно, что готовит фигуриста огромное число людей) — это работа огромного штаба, в задачи которого входит не только тренировочный процесс, но и полное юридическое сопровождение всех элементов программы.

Глупо искать виноватых во внешней среде, когда речь идет о базовом профессиональном упущении. Подобные юридические вопросы должны решаться руководством и штабом спортсмена заблаговременно, на этапе постановки программы, а не за несколько дней до старта. Команда фигуриста была обязана осознавать риски, связанные с использованием зарубежного контента в текущей геополитической и правовой обстановке. Надеяться на удачу или «традиционное невмешательство» правообладателей в последний момент — значит проявлять непрофессионализм, который в итоге бьет по самому спортсмену, вынужденному в стрессовом режиме менять наработанную программу.","диванных экспертов
мол, катался же он раньше под эту мелодию — и ничего
рассмотреть инцидент в плоскости спортивного права и менеджмента
Процедура «очистки» авторских прав
корень проблемы
в плоскости управленческой безответственности
«традиционное невмешательство» правообладателей в последний момент
непрофессионализм, который в итоге бьет по самому спортсмену",335,38,"11,34328358",8,"2,388059701"
78,,Planet Today,https://dzen.ru/a/Z8d-BqJGCVUEVfa2,2025,новостной,"Огромная мохнатая мышь против мыши дикого типа. Первая очень рыжая и пушистая с длинной волнистой шерстью, вторая имеет более гладкую коричневую шерсть

«Мы не просто впихнули гены мамонта в мышь, это было бы бессмысленно», — сказал Шапиро. «Мы обнаружили, что у мамонтов есть интересное изменение, а также интересное изменение в мышиной версии этих генов, которое привело к предсказуемому фенотипу. Это было идеальное место, и чтобы проверить нашу способность редактировать несколько вещей одновременно, мы выбрали 10 из этих генов и отредактировали их все одновременно».

Никаких непредвиденных последствий, кроме восхищения, не было.

«В некоторых из наших мышей мы использовали разные их комбинации, поэтому у самой отредактированной мыши изменения в семи разных локусах. На самом деле, есть восемь правок, но одна из них отредактирована в двух разных местах, и у нас есть наши ультрашерстяные мыши», - говорят исследователи.

Шерстяные мыши-колоссы отращивают волосы в три раза длиннее, чем мыши дикого типа. Это связано с изменениями в цикле роста волос, которые были изменены с помощью редактирования, вызывающего потерю функции гена фактора роста фибробластов 5, или FGF5. Шерстяная текстура волос возникает из-за потери функции FAM83G, FZD6 или TGM3, а изменения в развитии и структуре волосяных фолликулов привели к появлению курчавых усов.

То, о чем мы думаем, — это функциональное воскрешение. Никогда не будет возможным вернуть что-то, что на 100 процентов идентично по своей генетике, физиологии и поведению вымершему виду, но это и не наша цель.

Правки были тщательно проверены и протестированы, чтобы гарантировать, что благополучие животных будет сохранено, а генеральный директор и соучредитель Colossal Бен Ламм сказал: «Не было никаких непреднамеренных последствий, кроме умилительности. Мы не думали, что они будут такими милыми, как есть».","впихнули гены мамонта в мышь
Никаких непредвиденных последствий, кроме восхищения, не было.
ультрашерстяные мыши
Не было никаких непреднамеренных последствий, кроме умилительности.",262,18,"6,870229008",4,"1,526717557"
79,,Planet Today,https://dzen.ru/a/ZHPdrU8H7hPk-nfE,2023,новостной,"Ученые использовали звуковые волны для оценки состава верхней мантии Земли и обнаружили доказательства того, что около квадриллиона тонн алмазов могут быть похоронены где-то на глубине более 160 километров под нашими ногами.

Сейсмографы регистрируют волны от всех движений внутри Земли, таких как землетрясения. Это механические волны, движущиеся с определенной скоростью в зависимости от материала, через который они проходят.

Опираясь на полученные данные, исследователи попытались реконструировать, как устроены недра Земли — и вот тут-то они и наткнулись на кое-что интересное.

Они обнаружили определенные области, в которых сейсмические волны имеют тенденцию ускоряться без объяснения причин. Эти регионы называются «корнями кратона» и представляют собой древнейшие, наиболее неподвижные участки континентальных тектонических плит. Иногда их видят как перевернутые горы, простирающиеся на глубину до 320 километров.

Чтобы объяснить сейсмические данные, команда начала экспериментировать с возможным составом этих корней. Они пришли к выводу, что если эти структуры содержат от 1 до 2 процентов алмазов, то скорость сейсмических волн имеет смысл.

Это может показаться немного с точки зрения общего количества материала в коре и мантии, но это в 1000 раз больше алмазов, чем ожидалось.","около квадриллиона тонн алмазов могут быть похоронены где-то на глубине более 160 километров под нашими ногами
недра Земли
наткнулись на кое-что интересное
«корнями кратона»
экспериментировать с возможным составом этих корней
скорость сейсмических волн имеет смысл
",170,30,"17,64705882",7,"4,117647059"
80,,Москва 24,https://dzen.ru/a/XvS05Uci5TA86qcy,2020,новостной,"Все великое кино стало возможным благодаря небольшому ящику с функцией записи и воспроизведения движущихся предметов и людей. Братья Люмьер изобрели машину под названием ""Кинематограф"" (или ""Синематограф""), но кавычки здесь смело можно убирать, ведь именно они и положили начало кинематографу как индустрии. И практически подготовили мир к открытию кинотеатров, сделав кино одновременно и искусством, и досугом, и способом заработать деньги.

Но надо сказать, Братья Люмьер были не единственные и не первые, кто грезил кино. Просто у них это получилось лучше других, именно их изобретение стало популярным, а первые показы вызвали резонанс.

Платный киносеанс для зрителей братья Люмьер провели 28 декабря 1895 года в Париже. Именно это день вошел в историю как день рождения кинематографии. Однако это была далеко не первая демонстрация ""Кинескопа"". До этого сеансы проходили в Клинтоне, Нью-Йорке, Бостоне, Чикаго (где были представлены киноаппараты Вудвилла Латама), Берлине (Макс Складановский демонстрировал свой ""Биоскоп"").

Но именно парижский сеанс вызвал шквал восторгов, потому что людям показывали не рекламу аппарата, а сцены из обычной жизни. В репертуаре - ""Выход рабочих с фабрики Люмьер"", ""Вольтижировка, ""Ловля золотых рыбок"", ""Кузнецы"", ""Прыжок через одеяло"", ""Морское купание"" и другие. Первые фильмы трудно назвать фильмами в современном понимании: это были по сути ожившие фотографии братьев Луи и Огюста Люмьер. Знаменитое ""Прибытие поезда"" показали чуть позже, в начале 1896 года.","кто грезил кино
день рождения кинематографии
шквал восторгов
ожившие фотографии
",207,7,"3,381642512",5,"2,415458937"
81,,Известия,https://dzen.ru/a/agrmuFU4_3gzQ_oy,2026,новостной,"В начале второй половины мая доллар будет снижаться и находиться в диапазоне 70–74 рубля, евро закрепится в коридоре 83–86 рублей, а торги юанем на валютной секции Мосбиржи пройдут в пределах 10,50–11,00 рубля. Об этом 18 мая «Известиям» заявил член РАСО и экспертного совета Ассоциации форекс-дилеров по вопросам развития внебиржевого финансового рынка Андрей Лобода.

Центробанк России установил на 16 мая курс американской валюты на уровне 73,1 рубля, европейской — 85,1 рубля, китайской — 10,7 рубля. При этом, по данным Московской биржи, 18 мая юань торгуется на уровне 10,6 рубля.

«Главным фактором поддержки рубля остается нефтяная выручка. По данным ЦБ, в апреле экспортеры увеличили продажи на $14,9 млрд м/м — объем, способный удерживать курс в крепкой зоне еще несколько недель с учетом стандартного временного лага. Жесткая денежно-кредитная политика дополнительно работает в пользу рубля, удерживая капитал внутри страны и сохраняя привлекательность рублевых инструментов», — сообщил эксперт.

При этом Лобода обращает внимание и на факторы давления на рубль. Среди них — рост валютных покупок со стороны корпоративного сектора, усиление импорта в летний период, а также спекулятивный спрос на валюту на уровнях ниже 73 рублей за доллар.

С технической точки зрения ближайшей значимой целью укрепления рубля остается уровень 70 рублей за доллар, однако его достижение потребует сохранения текущего нефтяного импульса и стабильной геополитической ситуации.

Эксперт предупредил, что укрепление рубля может носить ограниченный характер. На фоне ускорения мировой инфляции и роста спроса на защитные активы к началу второго полугодия текущий период силы рубля может постепенно исчерпать себя.

Как отмечалось 13 мая, курс доллара на межбанковском рынке опустился ниже 73 рублей, составив 72,975 рубля (–1,11%). Это произошло впервые с 19 февраля 2023 года. В свою очередь курс евро уменьшился на 1,34% — до 85,45 рубля.","евро закрепится в коридоре 83–86 рублей
удерживать курс в крепкой зоне
работает в пользу рубля
привлекательность рублевых инструментов
факторы давления на рубль
рост валютных покупок
усиление импорта
укрепления рубля
текущего нефтяного импульса",272,24,"8,823529412",9,"3,308823529"
82,,Известия,https://dzen.ru/a/Ww0KF0jIXm4r6P_K,2018,новостной,"Судя по всему, к отдыху на турецких пляжах россияне стали готовится заранее. Еще в феврале 2018-го эксперты одного из популярных туристических сайтов рассказали, что Турция опередила внутренние направления по количеству ранних бронирований и стала лидером в этом сегменте. В мае в Российском союзе туриндустрии предсказали, что этим летом на турецкие пляжи отправится около 30% россиян, выезжающих на отдых за границу.

Свою роль, по мнению экспертов, тут сыграло и большое количество чартерных рейсов. Еще один плюс — короткий перелет и близость большинства отелей к основным курортным аэропортам страны.

При этом ожидается, что цены на отдых на местных пляжах, несмотря на весь ажиотаж, сильно не поднимутся — вероятнее всего, они останутся примерно на уровне прошлого года. А вот уровень сервиса, скорее всего, повысится. 

В мае в Роспотребнадзоре рассказали об итогах проведенной в отелях южного побережья Турции проверки. Повод был, прямо скажем, не радостный — в прошлом году сообщалось о нескольких случаях заражения инфекционными заболеваниями на местных курортах. Однако по итогам поездки специалисты ведомства сочли отели Сиде, Белека и Антальи полностью готовыми принять туристов: там не только приняли дополнительные меры, чтобы предотвратить риск распространения инфекций, но и заметно повысили уровень подготовки персонала.

«Большое внимание уделено подготовке отельной базы: усилены меры по обеспечению безопасного водоснабжения и питания, работы бассейнов, подготовке персонала, проведены мероприятия по улучшению выявления и лабораторной диагностики инфекций, организации противоэпидемических мероприятий», — отметили в отечественном надзорном ведомстве.

При всех преимуществах Турции с ее развитой инфраструктурой и вполне доступными ценами у этого направления, по мнению некоторых соотечественников, есть один недостаток — большое скопление людей порой может оттолкнуть ценителей уединенного отдыха.

В этом году избежать столпотворения на самых известных пляжах так называемой Турецкой ривьеры (там дела с отелями, ресторанами и транспортной инфраструктурой обстоят лучше всего, в этом же районе сосредоточено и большинство исторических достопримечательностей) точно не удастся.","Судя по всему
Свою роль сыграло
Повод был, прямо скажем, не радостный
может оттолкнуть ценителей уединенного отдыха
так называемой Турецкой ривьеры",288,17,"5,902777778",5,"1,736111111"
83,,Life,https://dzen.ru/a/ZlespAVepXYH4eMq,2024,новостной,"Когда начнут штрафовать за резину
С 1 июня сотрудники ГИБДД начнут штрафовать водителей за использование летом зимней резины. Перечень неисправностей, при которых запрещена эксплуатация легковых и грузовых автомобилей массой до 3,5 тонны, вступил в силу ещё 1 сентября 2023 года. Но фактически запрет на использование зимних шин вступает в силу с 1 июня 2024 года и действует три месяца — до 1 сентября.

Согласно первой части статьи 12.5 КоАП РФ водителям грозит штраф в 500 рублей. Сумму наказания можно снизить, если оплатить штраф через ""Госуслуги"" в течение 20 дней после наложения взыскания. Изменения коснутся только тех автомобилистов, кто не удосужился сменить зимнюю шипованную резину. Владельцев зимних ""липучек"" эта мера не затронет. Но им следует помнить, что зимняя резина более мягкая и быстрее изнашивается, чем летняя.

Какие новшества по замене прав
Но это ещё не все изменения, которые действуют с 1 июня 2024 года. Уже вступил в силу закон, по которому иностранные права для въехавших в Россию иностранцев и граждан РФ будут действовать только год. В течение этого времени нужно постараться получить российское удостоверение, потому что штраф за просроченные права внушительный — 15 тысяч рублей.

А вот граждане РФ, у которых срок действия водительского удостоверения истекает до 31 декабря 2024 года или до 31 декабря 2025 года, могут спокойно ездить ещё три года: им срок действия ВУ продлён автоматически. Впрочем, особо тревожные водители могут заменить удостоверение по собственному желанию — препятствовать этому никто не будет.

Как будут получать права

Получить права новичкам стало проще. На экзамене по вождению теперь допустимо набрать семь штрафных баллов вместо пяти, как это было раньше. При этом принимающему экзамен инспектору снова придётся пересесть на заднее сиденье. А вот ""лишенцам"", которые оказались без прав за вождение в нетрезвом виде, теперь запрещено сдавать экзамены на получение водительского удостоверения в течение года.","штрафовать за резину
тех автомобилистов, кто не удосужился сменить зимнюю шипованную резину
зимних ""липучек""
особо тревожные водители
""лишенцам"", которые оказались без прав за вождение в нетрезвом виде",286,23,"8,041958042",5,"1,748251748"
84,,"Вокруг света
",https://dzen.ru/a/W9bMc-vorwCq1iBi,2018,новостной,"Дело в том, что безопасная доза кофе зависит не от количества выпитых чашек, а от количества содержащегося в напитке кофеина. Например, в одной порции эспрессо — от 80 до 100 мг кофеина, а в капучино — только 70 мг. Если вы предпочитаете крепкий кофе, то используйте подходящую посуду — объем чашки не должен превышать 50-70 мл.

Также концентрация кофеина зависит от веществ, содержащихся в напитке: сахар, молоко, сливки снижают воздействие кофеина, так как он будет усваиваться медленнее и не в полном объеме.

Кофе обладает стимулирующим воздействием на организм, активизирует выработку адреналина, серотонина и дофамина — они поднимают настроение и помогают лучше справляться со стрессами. Но не все так гладко: чрезмерное употребление кофе ослабляет работу ЖКТ, нагружает сердце и нервную систему.",не все так гладко,118,4,"3,389830508",1,"0,8474576271"