,text_id,author,source,link,year_of_creation,text_domen,original_text,idiomatic_expressions,len,word_count,ratio,idiom_count,ratio_2,literal_version
0,1,Андрей Белый,Петербург,,1913,художественный,"Над пустыми петербургскими улицами пролетали едва озаренные смутности; обрывки туч перегоняли друг друга.

Какое-то фосфорическое пятно и туманно, и мертвенно проносилось по небу; фосфорическим блеском протуманилась высь; и от этого проблистали железные крыши и трубы. Протекали тут зеленые воды Мойки; по одной ее стороне то же высилось все трехэтажное здание о пяти своих белых колоннах; наверху были выступы. Там, на светлом фоне светлого здания, медленно проходил Ее Величества кирасир; у него была золотая, блиставшая каска.

И серебряный голубь над каской распростер свои крылья.

Николай Аполлонович, надушенный и выбритый, пробирался по Мойке, запахнувшись в меха; голова упала в шинель, а глаза как-то чудно светились; в душе – поднимались там трепеты без названья; что-то жуткое, сладкое пело там: словно в нем самом разлетелся на части буревой эолов мешок и сыны нездешних порывов на свистящих бичах в странные, в непонятные страны угоняли жестоко.

Думал он: неужели и это – любовь? Вспомнил он: в одну туманную ночь, выбегая стремительно из того вон подъезда, он пустился бежать к чугунному петербургскому мосту, чтобы там, на мосту…

Вздрогнул он.

Пролетел сноп огня: придворная, черная пролетела карета: пронесла мимо светлых впадин оконных того самого дома ярко-красные свои, будто кровью налитые, фонари; на струе черной мойской фонари проиграли и проблистали; призрачный абрис треуголки лакея и абрис шинельных крыльев пролетели с огнем из тумана в туман.","пролетали едва озаренные смутности
обрывки туч перегоняли друг друга
фосфорическое пятно и туманно, и мертвенно проносилось по небу
фосфорическим блеском протуманилась высь
здание о пяти своих белых колоннах
серебряный голубь над каской распростер свои крылья
голова упала в шинель
глаза как-то чудно светились
в душе – поднимались там трепеты без названья
жуткое, сладкое пело там
разлетелся на части буревой эолов мешок и сыны нездешних порывов на свистящих бичах в странные, в непонятные страны угоняли жестоко
Пролетел сноп огня: придворная, черная пролетела карета
пронесла мимо светлых впадин оконных того самого дома ярко-красные свои, будто кровью налитые, фонари
фонари проиграли и проблистали
призрачный абрис треуголки лакея и абрис шинельных крыльев пролетели с огнем из тумана в туман",202,98,"48,51485149",15,"7,425742574","Над пустынными петербургскими улицами двигались слабо освещённые неясные очертания облаков; клочья облаков быстро сменялись одно другим.

Некий тусклый светящийся объект неопределённой формы перемещался по небу неясно и бесцветно; небо приобрело слабое сияние; от этого заблестели металлические крыши и дымовые трубы. Здесь протекала река Мойка зелёного цвета; вдоль одного берега располагалось трёхэтажное строение с пятью белыми колоннами; сверху выступали архитектурные элементы. На ярком фоне строения спокойно шёл солдат Её Величества в блестящем шлеме с позолотой.

Рядом с ним летел серебристого окраса голубь, расправив крылья.

Николай Аполлонович, предварительно использовав парфюм и сбрив щетину, шел вдоль набережной реки Мойки, укрывшись меховым пальто; его голова находилась внутри воротника одежды, а глаза необычно отражали свет; внутри испытывал волнения без определённого названия; ощущал нечто одновременно страшное и приятное: как будто внутри него возникло сильное внутреннее напряжение и какие-то необъяснимые чувства направляли его в неизвестные места.

Он размышлял: возможно ли, что это чувство является любовью? В памяти всплывало воспоминание: однажды ночью, покрытый туманом, быстро выйдя из указанного подъезда, он поспешил к чугунной петербургской переправе, намереваясь именно там...

Он ощутил дрожь.

Мимо пролетел пучок света: чёрная императорская повозка проследовала рядом с окнами хорошо освещенного дома, везя красные осветительные приборы интенсивного оттенка; эти светильники отразили своё изображение на тёмной поверхности вод Мойки; расплывчатое очертание головного убора слуги и форма края верхней одежды промелькнули вместе со светом, появившись из туманной области и исчезнув в другой туманной зоне."
1,2,Андрей Белый,Петербург,,1913,художественный,"То место увенчивал великолепный дворец; вверх протянутой башнею напоминал он причудливый замок: розово-красный, тяжелокаменный! Не теперь это было, и венценосца того уже нет.

Розово-красный дворец выступал своим верхом из гущи безлистных суков; те суки протянулися к небу глухими порывами и, качаясь, ловили бегущие облака; каркая, вверх стрельнула ворона; взлетела, качалась над хлопьями; и — обратно низринулась.

Пролетка пересекала то место.

И конная статуя вычернялась неясно от площади; посетители Петербурга той статуе не уделяют внимания: великолепная статуя!

Своему великому прадеду соорудил эту статую самодержец; он жил в розовокаменном замке; не долго томился.

Вероятно, не раз появлялась курносая в белых локонах голова в амбразуре окна. И курносая в локонах голова дозирала пространства за стеклами; утопали глаза в розовеющих угасаниях неба, иль упирались в серебряную игру и в кипение месячных отблесков в густолиственных древесах; у подъезда стоял часовой в треуголке с полями и брал   н а   к а р а у л   при проходе золотогрудого генерала в андреевской ленте к расписанной акварелью карете; и краснопламенный высился кучер с приподнятых козел; а на запятках — стояли губастые негры.

И Павел Петрович, окинувши взглядом все это, опять возвращался к сентиментальному разговору с кисейною фрейлиной; фрейлина улыбалась; обозначились лукавые ямочки, мушка.

В ту ночь разливалося лунное серебро, упадая на мебели императорской опочивальни, озолощая лукаво амурчика; на подушке уже вырисовывался профиль лежащего; где-то били куранты; и — намечались шаги... Не прошло трех мгновений — постель была смята: а простыни были теплы; почившего — не было; кучечка белокудерных офицеров с порывисто обнаженными шашками наклоняла главы к опустевшему ложу; в дверь сбоку ломились; и — плакался женский голос; рука розовогубого офицера приподняла оконную штору; и из-под спущенной кисеи, на окне, в серебре — прочернела дрожащая тень.

Где-то били куранты; а там, в отдалении, топотали шаги.","место увенчивал великолепный дворец
вверх протянутой башнею
те суки протянулися к небу глухими порывами и, качаясь, ловили бегущие облака
вверх стрельнула ворона; взлетела, качалась над хлопьями; и — обратно низринулась.
статуя вычернялась неясно от площади
в амбразуре окна
курносая в локонах голова дозирала
пространства за стеклами
утопали глаза в розовеющих угасаниях неба, иль упирались в серебряную игру и в кипение месячных отблесков в густолиственных древесах;
краснопламенный высился кучер
обозначились лукавые ямочки
разливалося лунное серебро, упадая на мебели императорской опочивальни, озолощая лукаво амурчика
вырисовывался профиль
намечались шаги
Не прошло трех мгновений
кучечка белокудерных офицеров с порывисто обнаженными шашками
и из-под спущенной кисеи, на окне, в серебре — прочернела дрожащая тень.
топотали шаги",278,94,"33,81294964",18,"6,474820144","На указанном месте располагался роскошный дворец; своей верхней частью, похожей на вытянутую башню, он напоминал странной формы замок: кирпично-розовый, массивный каменный. Это происходило давно, и сейчас монарха, жившего здесь тогда, больше нет.

Кирпично-розовый дворец возвышался среди голых ветвей деревьев; ветви тянулись вверх подобно тихим порывам ветра и колебались, словно пытаясь ухватить проплывавшие мимо облака; крикнув, резко взметнулась вверх ворона; поднявшись высоко, она некоторое время парила, после чего снова стремительно спустилась вниз.

Экипаж проезжал через этот район.

Конная скульптура отчетливо выделялась на фоне площади; гости города редко обращают на неё внимание, хотя эта фигура величественна.

Сам монарх воздвигнул памятник своему знаменитому предку; он проживал во дворце красного кирпича; прожил недолго.

Возможно, неоднократно показывалась круглая белая голова с завитушками волос возле узкого проёма окна дворца. Эта голова внимательно смотрела вдаль сквозь стекло; взгляд либо терялся в мягких оттенках заката, либо фиксировался на серебристом мерцании отражённого света месяца среди густой листвы деревьев; у входа дежурил солдат в треугольной шляпе с полями и отдавал честь, когда золотой грудью генерал проходил мимо, направляясь к украшенной картинами повозке; рядом находился высокий возница, сидящий на высоком сиденье экипажа; сзади стояли черные слуги.

Павел Петрович вновь смотрел вокруг себя и возобновлял беседу с миловидной дамой-официанткой, одетой в прозрачную ткань; дама улыбалась; на щеках стали заметны небольшие впадинки, родинка.

В ту ночь пространство заливал свет луны, освещавший предметы интерьера императорских покоев, блестевший даже на маленьком изображении купидона; на подушке уже ясно виднелась форма головы человека, лежавшего ранее; откуда-то раздавались удары часов; вскоре послышались чьи-то приближающиеся шаги… Прошло лишь несколько секунд — постель оказалась помятой: простыни ещё сохраняли тепло тела; покойника уже не было видно; группа молодых офицеров с обнажёнными саблями склонились над пустым изголовьем кровати; кто-то пытался открыть дверь; слышался плач женского голоса; бледнолицый офицер поднял край шторы; и за прозрачной тканью окна проявилось смутное очертание дрожащей тени.

Откуда-то доносились звуки боя часов; неподалёку звучали удаляющиеся шаги."
2,3,Евгений Замятин,Мы,,1920,художественный,"Вечер. Легкий туман. Небо задернуто золотисто-молочной тканью и не видно: что там — дальше, выше. Древние знали, что там их величайший, скучающий скептик — Бог. Мы знаем, что там хрустально-синее, голое, непристойное ничто. Я теперь не знаю, что там: я слишком много узнал. Знание, абсолютно уверенное в том, что оно безошибочно, — это вера. У меня была твердая вера в себя, я верил, что знаю в себе все. И вот — —Я — перед зеркалом. И первый раз в жизни — именно так: первый раз в жизни — вижу себя ясно, отчетливо, сознательно — с изумлением вижу себя, как кого-то «его». Вот я — он: черные, прочерченные по прямой брови; и между ними — как шрам — вертикальная морщина (не знаю, была ли она раньше). Стальные, серые глаза, обведенные тенью бессонной ночи; и за этой сталью... оказывается, я никогда не знал, что там. И из «там» (это «там» одновременно и здесь, и бесконечно далеко) — из «там» я гляжу на себя — на него и твердо знаю: он — с прочерченными по прямой бровями — посторонний, чужой мне, я встретился с ним первый раз в жизни. А я настоящий — я — не он...Нет: точка. Все это — пустяки, и все эти нелепые ощущения — бред, результат вчерашнего отравления... Чем: глотком зеленого яда — или ею? Все равно. Я записываю это, только чтобы показать, как может странно запутаться и сбиться человеческий — такой точный и острый — разум. Тот разум, который даже эту, пугавшую древних, бесконечность сумел сделать удобоваримой — посредством...Щелк нумератора — и цифры: R-13. Пусть, я даже рад: сейчас одному мне было бы...","Небо задернуто золотисто-молочной тканью
скучающий скептик — Бог
голое, непристойное ничто
черные, прочерченные по прямой брови
между ними — как шрам — вертикальная морщина
Стальные, серые глаза, обведенные тенью бессонной ночи
за этой сталью...
это «там» одновременно и здесь, и бесконечно далеко
с прочерченными по прямой бровями
глотком зеленого яда — или ею
как может странно запутаться и сбиться человеческий — такой точный и острый — разум",265,57,"21,50943396",11,"4,150943396","Вечер. Легкая дымка. Туман скрывает небо, нельзя увидеть, что находится выше. В древности полагали, что над облаками обитает главный бог, равнодушный наблюдатель всего происходящего. Сейчас известно, что выше облаков лишь прозрачная синева и пустота космоса. Теперь же я теряюсь в догадках относительно того, что скрывается за пределами видимости, поскольку получил много новых знаний. Полностью убежденное знание эквивалентно верованию. Раньше я был уверен в своей правоте во всём касающемся меня самого. Однако теперь впервые осознаю своё отражение в зеркале совершенно ясно и отчётливо. Впервые внимательно смотрю на собственное лицо и удивлённо воспринимаю себя словно другого человека. Передо мной человек с чёрными ровными линиями бровей и вертикальной морщиной меж ними (раньше я не замечал её). Серые глаза имеют стальной оттенок и окружены тёмной каймой от бессонницы. За этими глазами прячутся мои настоящие чувства и переживания, которых ранее я не понимал. Оттуда же, изнутри сознания, смотрящего на моё изображение, приходит твёрдое убеждение, что этот отражённый мужчина чужд мне самому, мы встретились впервые. Настоящий же я — другой. Нет смысла продолжать размышления: всё перечисленное бессмысленно и является результатом недавних неприятных переживаний после употребления отравляющего вещества накануне вечером. Неважно какого именно. Записываю это исключительно ради демонстрации того, насколько необычным образом способен ошибаться наш разум, который обычно действует точно и остро. Разум, способный объяснить непонятную древним бескрайнюю даль, представить её понятной и доступной — благодаря использованию числовых обозначений вроде моего собственного номера R-13. К слову, я доволен таким решением: иначе пришлось бы оставаться одному."
3,4,Евгений Замятин,Мы,,1920,художественный,"Она была в фантастическом костюме древней эпохи: плотно облегающее черное платье, остро подчеркнуто белое открытых плечей и груди, и эта теплая, колыхающаяся от дыхания тень между... и ослепительные, почти злые зубы...
Улыбка — укус, сюда — вниз. Села, заиграла. Дикое, судорожное, пестрое, как вся тогдашняя их жизнь, — ни тени разумной механичности. И, конечно, они, кругом меня, правы: все смеются. Только немногие... но почему же и я — я?
Да, эпилепсия — душевная болезнь — боль... Медленная, сладкая боль — укус — и чтобы еще глубже, еще больнее. И вот, медленно — солнце. Не наше, не это голубовато-хрустальное и равномерное сквозь стеклянные кирпичи — нет: дикое, несущееся, опаляющее солнце — долой все с себя — все в мелкие клочья.
Сидевший рядом со мной покосился влево — на меня — и хихикнул. Почему-то очень отчетливо запомнилось: я увидел — на губах у него выскочил микроскопический слюнный пузырек и лопнул. Этот пузырек отрезвил меня. Я — снова я.
Как и все — я слышал только нелепую, суетливую трескотню струн. Я смеялся. Стало легко и просто. Талантливый фонолектор слишком живо изобразил нам эту дикую эпоху — вот и все.
С каким наслаждением я слушал затем нашу теперешнюю музыку. (Она продемонстрирована была в конце — для контраста.) Хрустальные хроматические ступени сходящихся и расходящихся бесконечных рядов — и суммирующие аккорды формул Тэйлора, Маклорена; целотонные, квадратно-грузные ходы Пифагоровых штанов; грустные мелодии затухающе-колебательного движения; переменяющиеся фраунгоферовыми линиями пауз яркие такты — спектральный анализ планет... Какое величие! Какая незыблемая закономерность! И как жалка своевольная, ничем — кроме диких фантазий — не ограниченная музыка древних...
Как обычно, стройными рядами, по четыре, через широкие двери все выходили из аудиториума. Мимо мелькнула знакомая двояко-изогнутая фигура; я почтительно поклонился.","остро подчеркнуто белое открытых плечей и груди
теплая, колыхающаяся от дыхания тень между
ослепительные, почти злые зубы
Улыбка — укус
Села, заиграла. Дикое, судорожное, пестрое, как вся тогдашняя их жизнь, — ни тени разумной механичности.
все смеются. Только немногие... но почему же и я — я?
Да, эпилепсия — душевная болезнь — боль... Медленная, сладкая боль — укус — и чтобы еще глубже, еще больнее. И вот, медленно — солнце. Не наше, не это голубовато-хрустальное и равномерное сквозь стеклянные кирпичи — нет: дикое, несущееся, опаляющее солнце — долой все с себя — все в мелкие клочья.
суетливую трескотню струн
слишком живо изобразил нам эту дикую эпоху
Хрустальные хроматические ступени сходящихся и расходящихся бесконечных рядов — и суммирующие аккорды формул Тэйлора, Маклорена; целотонные, квадратно-грузные ходы Пифагоровых штанов; грустные мелодии затухающе-колебательного движения; переменяющиеся фраунгоферовыми линиями пауз яркие такты — спектральный анализ планет...
незыблемая закономерность
И как жалка своевольная, ничем — кроме диких фантазий — не ограниченная музыка древних...
двояко-изогнутая фигура",271,146,"53,87453875",13,"4,79704797","Она была одета в костюм древнего стиля: тесное чёрное платье подчёркивало белизну обнажённых плеч и груди, а также выделяло светлые зубы, казавшиеся чрезмерно яркими.
Женщина села и начала играть. Её исполнение отличалось хаотичностью и нервозностью, отражавшими характер той эпохи, когда она жила. Она играла беспорядочно, без какой-либо структурированности. Остальные вокруг были согласны друг с другом и весело смеялись. Однако некоторые из присутствующих испытывали сомнения, и я тоже задумался над причиной своего смеха.
Эпилепсия является психическим заболеванием, вызывающим страдания. Боль возникает постепенно, усиливаясь и становясь всё интенсивнее. Постепенно приходит осознание болезненности происходящего. Затем появилось ощущение солнечного света, яркого и сильного, резко отличающегося от обычного спокойного освещения. Это чувство заставило снять одежду и разорвать её на куски.
Человек, сидящий рядом со мной, посмотрел в мою сторону и усмехнулся. Запомнилось одно обстоятельство: я заметил маленький пузырь слюны, появившийся и тут же исчезнувший на его губах. Наблюдение этого явления вернуло мне ясность сознания.
Подобно остальным, я воспринимал лишь бессмысленный шум струн музыкального инструмента. Я улыбался, чувствуя облегчение и спокойствие. Лекционный материал дал реалистичное представление о событиях того периода, вызвав смех слушателей.
После прослушала я современную музыку, демонстрируемую специально для сопоставления с предыдущей. Удовольствие доставляли чёткость структуры музыкальных произведений, построенных по строгим научным принципам, включающим элементы математики и физики. Ощущалась мощь порядка и гармонии современной музыки, противопоставляемой примитивному искусству прошлого, лишённому каких-либо ограничений, кроме собственных вымышленных представлений авторов.
Все покинули зал парами по четыре человека, двигаясь организованно через большие выходы. По пути мимо прошёл знакомый человек, имевший необычную фигуру, выгнутую в двух направлениях одновременно; я уважительно приветствовал его кивком головы."
4,5,Федор Сологуб ,Мелкий бес,,1902,художественный,"Все это Рутилов говорил, по обыкновению своему, быстро и весело, улыбаясь, но он, 
высокий, узкогрудый, казался чахлым и хрупким, и из-под шляпы его, новой и модной, 
как-то жалко торчали жидкие, коротко остриженные светлые волосы.
– Ну, уж и втрое, – вяло возразил Передонов, снимая и протирая золотые очки.
– Да уж верно! – воскликнул Рутилов. – Смотри, не зевай, пока я жив, а то они у меня 
тоже с гонором, – потом захочешь, да поздно будет. А только из них каждая за тебя с 
превеликим удовольствием пойдет.
– Да, в меня здесь все влюбляются, – с угрюмым самохвальством сказал Передонов.
– Ну, вот видишь, вот ты и лови момент, – убеждал Рутилов.
– Мне бы, главное, не хотелось, чтобы она была сухопарая, – с тоскою в голосе сказал 
Передонов. – Жирненькую бы мне.
– Да уж на этот счет ты не беспокойся, – горячо говорил Рутилов. – Они и теперь 
барышни пухленькие, а если не совсем вошли в объем, так это только до поры до времени. 
Выйдут замуж, и они раздобреют, как старшая. Лариса-то у нас, сам знаешь, какая кулебяка 
стала.
– Я бы женился, – сказал Передонов, – да боюсь, что Варя большой скандал устроит.
– Боишься скандала, так ты вот что сделай, – с хитрою улыбкою сказал Рутилов: –
сегодня же венчайся, не то завтра: домой явишься с молодой женой, и вся недолга. Правда, 
хочешь, я это сварганю, завтра же вечером? С какою хочешь?
Передонов внезапно захохотал, отрывисто и громко.
– Ну, идет? по рукам, что ли? – спросил Рутилов.
Передонов так же внезапно перестал смеяться и угрюмо сказал, тихо, почти шопотом:
– Донесет, мерзавка.
– Ничего не донесет, нечего доносить, – убеждал Рутилов.
– Или отравит, – боязливо шептал Передонов.
– Да уж ты во всем на меня положись, – горячо уговаривал его Рутилов, – я все так 
тонко обстрою тебе…
– Я без приданого не женюсь, – сердито крикнул Передонов.
Рутилова нисколько не удивил новый скачок в мыслях его угрюмого собеседника. Он 
возразил все с тем же одушевлением:
– Чудак, да разве они бесприданницы! Ну, что же, идет, что ли? Ну, я побегу, все 
устрою. Только чур, никому ни гу-гу, слышишь, никому!
Он потряс руку Передонова и побежал от него. Передонов молча смотрел за ним. 
Барышни Рутиловы припомнились ему, веселые, насмешливые. Нескромная мысль выдавила 
на его губы поганое подобие улыбки, – оно появилось на миг и исчезло. Смутное 
беспокойство поднялось в нем.","казался чахлым и хрупким
жалко торчали жидкие, коротко остриженные светлые волосы
они у меня тоже с гонором
в меня здесь все влюбляются
лови момент
не совсем вошли в объем
до поры до времени
раздобреют
какая кулебяка стала
и вся недолга
я это сварганю
по рукам, что ли?
я все так тонко обстрою тебе
скачок в мыслях
ни гу-гу
Нескромная мысль выдавила на его губы поганое подобие улыбки, – оно появилось на миг и исчезло.
Смутное беспокойство поднялось в нем",376,63,"16,75531915",17,"4,521276596","Всё это Рутилов произносил, как обычно, бодрым голосом и оживлённо, улыбаясь, однако выглядел высоким и худым человеком, производящим впечатление слабого и болезненного, несмотря на новую и модную шляпу, из-под которой были видны редкие светловолосые короткие стриженые волосы.
– Ну, втрое ведь всего лишь, – слабо возразил Передонов, снимая и вытирая золотые очки.
– Но правда же! – вскричал Рутилов. – Ты смотри внимательно, пользуйся моментом, пока я жив, потому что после моей смерти станет сложнее найти невесту, подходящую именно тебе. Каждая из моих дочерей охотно согласилась бы выйти за тебя.
– Здесь действительно многие испытывают ко мне симпатию, – угрюмо похвалился Передонов.
– Вот видишь, значит используй ситуацию сейчас, – советовал Рутилов.
– Самое важное для меня, чтобы девушка не была худощавой, – с грустью в голосе сказал Передонов. – Лучше пусть будет полной.
– Тебе совершенно не стоит волноваться по этому поводу, – энергично уверял Рутилов. – Сейчас мои дочери уже достаточно полноваты, а если кто-то ещё недостаточно полная, это временно. После замужества они станут ещё пышнее, посмотри хотя бы на мою старшую дочь Ларису.
– Я бы хотел вступить в брак, – сказал Передонов, – но опасаюсь, что моя жена Варя устроит крупный конфликт.
– Поскольку боишься конфликта, поступи так, – предложил Рутилов с лукавой улыбкой: – сегодня же заключай брачный союз, лучше сделать это немедленно. Вернувшись домой с молодой супругой, проблема разрешится сама собой. Согласен, хочешь, я всё организую прямо завтра вечером? И выберешь любую девушку.
Передонов неожиданно начал громко и резко смеяться.
– Значит, соглашаешься? По рукам, так сказать? – поинтересовался Рутилов.
Передонов также внезапно прекратил смех и мрачно прошептал тихим голосом:
– Она расскажет обо всём, эта негодяйка.
– Ей нечего рассказывать, ничего такого не произойдёт, – успокаивал Рутилов.
– Или отравит, – испуганно бормотал Передонов.
– Просто доверься мне во всех вопросах, – убедительно настаивал Рутилов, – я обеспечу всё аккуратно и продуманно.
– Без приданого я вступать в брак не намерен, – раздражённо выкрикнул Передонов.
Новое резкое изменение темы разговора не смутило Рутилова. Он ответил столь же вдохновенно:
– Странный человек, разве мои дочери лишены приданого? Так что согласны мы или нет? Я пойду заниматься подготовкой. Запомни, нельзя говорить кому-либо об этом деле, понял?
Рутилов пожал руку Передонова и поспешил прочь. Передонов молча наблюдал за ним. Девушки Рутилова вспомнились ему весёлыми и насмешливыми. Непристойная мысль вызвала мимолетную непривлекательную ухмылку на губах Передонова, тут же исчезнувшую. В нём возникло неясное чувство тревоги."
5,6,Федор Сологуб ,Творимая легенда,,1912,художественный,"Беру кусок жизни, грубой и бедной, и творю из него сладостную легенду, ибо я — поэт. 
Косней во тьме, тусклая, бытовая, или бушуй яростным пожаром, — над тобою, жизнь, я, 
поэт, воздвигну творимую мною легенду об очаровательном и прекрасном.
В спутанной зависимости событий случайно всякое начало. Но лучше начать с того, 
что и в земных переживаниях прекрасно, или хотя бы только красиво и приятно. Прекрасны 
тело, молодость и веселость в человеке, — прекрасны вода, свет и лето в природе.
Было лето, стоял светлый, знойный полдень, и на реку Скородень падали тяжелые 
взоры пламенного Змия. Вода, свет и лето сияли и радовались, сияли солнцем и простором, 
радовались одному ветру, веющему из страны далекой, многим птицам и двум обнаженным 
девам.
Две сестры, Елисавета и Елена, купались в реке Скородени. И солнце, и вода были 
веселы, потому что две девы были прекрасны и были наги. И обеим девушкам было весело, 
прохладно и хотелось двигаться, и смеяться, и болтать, и шутить. Они говорили о человеке, 
который волновал их воображение.
Девушки были дочери богатого помещика. Место, где они купались, примыкало к 
обширному, старому саду их усадьбы. Может быть, им было особенно приятно купаться в 
этой реке потому, что они чувствовали себя госпожами этих быстротекущих вод и песчаных 
отмелей под их быстрыми ногами. И они плавали и смеялись в этой реке с уверенностью и 
свободою прирожденных владетельниц и госпож. Никто не знает пределов своего 
господства, — но блаженны утверждающие свое обладание, свою власть!
","Беру кусок жизни, грубой и бедной, и творю из него сладостную легенду
Косней во тьме, тусклая, бытовая, или бушуй яростным пожаром
над тобою, жизнь, я, поэт, воздвигну творимую мною легенду
в спутанной зависимости событий случайно всякое начало
падали тяжелые взоры пламенного Змия
вода, свет и лето сияли и радовались
радовались одному ветру, веющему из страны далекой
чувствовали себя госпожами этих быстротекущих вод
песчаных отмелей под их быстрыми ногами
с уверенностью и свободою прирожденных владетельниц и госпож
Никто не знает пределов своего господства
блаженны утверждающие свое обладание, свою власть",233,77,"33,0472103",12,"5,150214592","Извлекаю фрагмент жизни, простой и непритязательной, и превращаю его в привлекательную историю, поскольку я являюсь поэтом.
Оставайся пассивной, обычной и однообразной или проявляй активность и силу — несмотря ни на что, я, будучи поэтом, создам над тобой красивую и увлекательную историю о приятном и привлекательном.
Случайности определяют развитие событий, любое начало обусловлено случайностью. Однако целесообразнее начинать с тех аспектов человеческого опыта, которые являются достойными восхищения, либо, по крайней мере, эстетичными и доставляющими удовольствие. Красивыми качествами человека являются здоровье, юность и жизнерадостность, красивыми явлениями природы являются прозрачная вода, солнечный свет и теплое время года.
Был летний день, ясный и жаркий, и река Скородень находилась под ярким светом солнца. Прозрачная вода, яркий свет и летняя погода сверкали и приносили ощущение радости благодаря теплу солнца, открытости пространства, дуновению ветра издалека, присутствию множества птиц и двух молодых девушек.
Елисавета и Елена, родные сестры, купались в реке Скородень. Солнце и вода вызывали радостные чувства, так как девушки выглядели красивее обычного и были обнаженными. Обе испытывали приятные ощущения: прохладу, желание активно двигаться, улыбаться, разговаривать и развлекаться. В беседе они упомянули мужчину, который был предметом их фантазий.
Эти девушки являлись дочерьми обеспеченного владельца поместья. Участок реки, где они купались, прилегал к обширному старинному саду принадлежавшего им дома. Возможно, им нравилось находиться здесь еще больше, так как они ощущали себя владелицами быстро текущей воды и песчаного берега, омываемого их ступнями. Они свободно передвигались и играли в воде, чувствуя уверенность и свободу хозяев территории. Границы власти любого человека неизвестны, однако счастливы те, кто уверен в своем положении и полномочиях!"
6,7,Мариам Петросян,"Дом, в котором...",,2009,художественный,"Дом стоит на окраине города. В месте, называемом Расческами. Длинные 
многоэтажки здесь выстроены зубчатыми рядами с промежутками квадратно-
бетонных дворов – предполагаемыми местами игр молодых «расчесочников». 
Зубья белы, многоглазы и похожи один на другой. Там, где они еще не вырос-
ли, – обнесенные заборами пустыри. Труха снесенных домов, гнездилища крыс и 
бродячих собак гораздо более интересны молодым «расчесочникам», чем их 
собственные дворы – интервалы между зубьями.
На нейтральной территории между двумя мирами – зубцов и пустырей –
стоит Дом. Его называют Серым. Он стар и по возрасту ближе к пустырям – за-
хоронениям его ровесников. Он одинок – другие дома сторонятся его – и не по-
хож на зубец, потому что не тянется вверх. В нем три этажа, фасад смотрит на 
трассу, у него тоже есть двор – длинный прямоугольник, обнесенный сеткой. 
Когда-то он был белым. Теперь он серый спереди и желтый с внутренней, дво-
ровой стороны. Он щетинится антеннами и проводами, осыпается мелом и пла-
чет трещинами. К нему жмутся гаражи и пристройки, мусорные баки и собачьи 
будки. Все это со двора. Фасад гол и мрачен, каким ему и полагается быть.
Серый Дом не любят. Никто не скажет об этом вслух, но жители Расчесок 
предпочли бы не иметь его рядом. Они предпочли бы, чтобы его не было вооб-
ще.
","Длинные многоэтажки здесь выстроены зубчатыми рядами с промежутками квадратно-бетонных дворов
Зубья белы, многоглазы и похожи один на другой
где они еще не выросли
между двумя мирами – зубцов и пустырей
Он стар
захоронениям его ровесников
Он одинок – другие дома сторонятся его
не похож на зубец, потому что не тянется вверх
Он щетинится антеннами и проводами, осыпается мелом и плачет трещинами.
К нему жмутся гаражи и пристройки
Фасад гол и мрачен",200,61,"30,5",11,"5,5","Дом расположен на краю города, в районе, известном как Расчески. Здесь стоят длинные многоквартирные здания, расположенные параллельными рядами с интервалами, занятыми бетонными дворами, предназначенными для детских игр местных жителей. Здания белые, имеют многочисленные окна и выглядят одинаково. Между зданиями находятся пустующие участки земли, окружённые забором. Остатки разрушенных строений привлекают больше внимания детей, чем эти дворы.

Между районами жилых зданий и пустырей находится отдельно стоящий дом, известный как Серый. Он старый, относится скорее к периоду разрушения прежних построек, чем к современным жилым комплексам. Другие дома расположены вдали от него. У дома три этажа, фасад обращён к дороге, также имеется внутренний двор, ограниченный металлической сетью. Раньше здание было белого цвета, сейчас оно серое снаружи и жёлтое внутри. Крыша покрыта антенной и кабелями, стены покрываются мелкими частицами штукатурки и трескаются. Рядом располагаются гаражи, подсобные помещения, контейнеры для мусора и будки для собак. Во дворе всё выглядит запущенным. Передняя сторона фасада лишена каких-либо украшений и выглядит мрачной.

Жители окрестности испытывают неприязнь к этому дому. Хотя никто открыто не высказывает своего недовольства, большинство предпочитает жить подальше от него и желало бы, чтобы этот дом вообще отсутствовал."
7,8,Мариам Петросян,"Дом, в котором...",,2009,художественный,"Выяснилось, что всякий человек, пытающийся привлечь к себе внимание, есть человек 
самовлюбленный и нехороший, способный на что угодно и воображающий о себе невесть 
что, в то время как на самом деле он просто-напросто пустышка. Ворона в павлиньих перь-
ях. Или что-то в этом роде. Сип прочел басню о вороне. Потом стихи об осле, угодившем в 
озеро и потонувшем из-за собственной глупости. Потом он хотел еще спеть что-то на ту же 
тему, но его уже никто не слушал. Сип надул щеки, расплакался и замолчал. Ему сказали 
спасибо, передали платок, заслонили учебником и предоставили слово Гулю.
Гуль говорил еле слышно, не поднимая головы, как будто считывал текст с поверхно-
сти стола, хотя ничего, кроме поцарапанного пластика, там не было. Белая челка лезла в 
глаз, он поправлял ее кончиком пальца, смоченным слюной. Палец фиксировал бесцветную 
прядь на лбу, но как только отпускал, она тут же сползала обратно в глаз. Чтобы смотреть на 
Гуля долго, нужно иметь стальные нервы. Поэтому я на него не смотрел. От моих нервов и 
так остались одни ошметки, незачем было лишний раз их терзать.
– К чему пытается привлечь внимание обсуждаемый? К своей обуви, казалось бы. На 
самом деле это не так. Посредством обуви он привлекает внимание к своим ногам. То есть 
афиширует свой недостаток, тычет им в глаза окружающим. Этим он как бы подчеркивает 
нашу общую беду, не считаясь с нами и нашим мнением. В каком-то смысле он по-своему 
издевается над нами…
Он еще долго размазывал эту кашу. Палец сновал вверх и вниз по переносице, белки 
наливались кровью. Я знал наизусть все, что он может сказать – все, что вообще принято 
говорить в таких случаях. Все слова, вылезавшие из Гуля, были такими же бесцветными и 
пересушенными, как он сам, его палец и ноготь на пальце.","пустышка
ворона в павлиньих перьях
что-то в этом роде
Сип надул щеки
как будто считывал текст с поверхности стола
стальные нервы
От моих нервов и так остались одни ошметки, незачем было лишний раз их терзать.
афиширует свой недостаток
тычет им [недостатком] в глаза
Он еще долго размазывал эту кашу.
белки наливались кровью
все слова, вылезавшие из Гуля, были такими же бесцветными и пересушенными, как он сам ",282,55,"19,5035461",12,"4,255319149","Оказалось, что каждый человек, стремящийся обратить на себя внимание, является эгоистичным человеком с негативными качествами, способным совершать любые поступки и переоценивающим собственные достоинства, тогда как фактически этот человек совершенно незначителен. Самоуверенный и тщеславный человек. Что-то похожее. Сип прочитал рассказ про птицу, желавшую казаться лучше, чем была. Затем стихотворение о животном, утонувшем вследствие собственного неразумия. После этого он захотел исполнить ещё одну песню аналогичного содержания, однако его больше никто не слушал. Лицо Сипа изменилось от гнева, он заплакал и умолк. Его поблагодарили, дали салфетку, прикрыли книгой и предложили другому ученику продолжить выступление.
Гуль произносил речь почти неслышно, не глядя вверх, словно читал написанное прямо на столе, несмотря на отсутствие там какого-либо текста, кроме испорченного пластмассового покрытия. Белые волосы спускались на лицо, мешали видеть, и он поправлял их мокрым пальцем. Прическа держалась лишь до тех пор, пока палец был приложен ко лбу, после чего немедленно возвращалась назад, снова закрывая взгляд. Для длительного наблюдения за ним нужна особая выдержка. По этой причине я старался не смотреть на него: мои нервы находились и так в плохом состоянии, дополнительная нагрузка могла привести к ухудшению самочувствия.
— Какого рода внимания добивается обсуждаемый субъект? Кажется, будто он стремится обратить внимание на свою обувь. Однако это неверно. Через привлечение интереса к обуви он обращает внимание на свои ноги. Тем самым демонстрирует своё физическое несовершенство, подчёркивая недостатки остальным людям, игнорируя их чувства и мнение. В некотором отношении он таким образом унижает нас...
Он продолжал говорить монотонно и однообразно. Палец перемещался вдоль носа, глаза покраснели. Мне заранее известны все аргументы, какие он мог изложить, поскольку такие речи типичны в данной ситуации. Каждое высказывание, произнесённое Гулем, было столь же невыразительным и сухим, как он сам, его пальцы и ногти."
8,9,Владимир Набоков,Машенька,,1926,художественный,"За последнее время он стал вял и угрюм. Еще так недавно он умел, не хуже японского 
акробата, ходить на руках, стройно вскинув ноги и двигаясь, подобно парусу, умел зубами 
поднимать стул и рвать веревку на тугом бицепсе. В его теле постоянно играл огонь, – же-
ланье перемахнуть через забор, расшатать столб, словом – ахнуть, как говорили мы в юно-
сти. Теперь же ослабла какая-то гайка, он стал даже горбиться и сам признавался Подтягину, 
что, «как баба», страдает бессонницей. Плохо он спал и в ту ночь с воскресенья на поне-
дельник, после двадцати минут, проведенных с развязным господином в застрявшем лифте. 
В понедельник утром он долго просидел нагишом, сцепив между колен протянутые, холод-
новатые руки, ошеломленный мыслью, что и сегодня придется надеть рубашку, носки, 
штаны, – всю эту потом и пылью пропитанную дрянь, – и думал о цирковом пуделе, кото-
рый выглядит в человеческих одеждах до ужаса, до тошноты жалким. Отчасти эта вялость 
происходила от безделья. Особенно трудиться ему сейчас не приходилось, так как за зиму 
он накопил некоторую сумму, от которой впрочем оставалось теперь марок двести, не 
больше: эти три последних месяца обошлись дороговато.
В прошлом году, по приезде в Берлин, он сразу нашел работу и потом до января тру-
дился, – много и разнообразно: знал желтую темноту того раннего часа, когда едешь на 
фабрику; знал тоже, как ноют ноги после того, как десять извилистых верст пробежишь с 
тарелкой в руке между столиков в ресторане «Pir Goroi»; знал он и другие труды, брал на 
комиссию все, что подвернется, – и бублики, и бриллиантин и просто бриллианты. Не брез-
говал он ничем: не раз даже продавал свою тень подобно многим из нас. Иначе говоря, ез-дил в качестве статиста на съемку, за город, где в балаганном сарае, с мистическим писком 
закипали светом чудовищные фацеты фонарей, наведенных, как пушки, на мертвенно-яркую 
толпу статистов, палили в упор белым убийственным блеском, озаряя крашеный воск за-
стывших лиц, щелкнув, погасали, – но долго еще в этих сложных стеклах дотлевали красно-
ватые зори: – наш человеческий стыд. Сделка была совершена, и безымянные тени наши 
пущены по миру.","вигаясь, подобно парусу
В его теле постоянно играл огонь
словом – ахнуть, как говорили мы в юности
ослабла какая-то гайка
«как баба», страдает бессонницей
вошеломленный мыслью, что и сегодня придется надеть рубашку, носки, штаны, – всю эту потом пылью пропитанную дрянь, – и думал о цирковом пуделе, который выглядит в человеческих одеждах до ужаса, до тошноты жалким.
знал желтую темноту того раннего часа, когда едешь на фабрику
десять извилистых верст пробежишь с тарелкой в руке между столиков
брал на комиссию все, что подвернется, – и бублики, и бриллиантин и просто бриллианты
продавал свою тень
где в балаганном сарае, с мистическим писком 
закипали светом чудовищные фацеты фонарей, наведенных, как пушки, на мертвенно-яркую толпу статистов, палили в упор белым убийственным блеском, озаряя крашеный воск застывших лиц, щелкнув, погасали, – но долго еще в этих сложных стеклах дотлевали красноватые зори: – наш человеческий стыд
Сделка была совершена, и безымянные тени наши пущены по миру.",330,140,"42,42424242",13,"3,939393939","Недавно он был бодрым и энергичным человеком. Умел легко стоять на руках, поднимая тело вверх ногами и перемещаться плавно, словно парус. Зубами мог поднять стул и порвать канат крепкими мышцами рук. Его тело бурлило энергией, желанием прыгнуть через ограду, раскачать столб, одним словом — совершить впечатляющий поступок, как мы говорили в молодости. Сейчас что-то изменилось, словно механизм слегка испортился. Он начал сутулиться и признался другу Подтягину, что мучается бессонницей. Ночью накануне понедельника плохо спал, проведя двадцать минут в компании непристойного человека в остановившемся лифте. Утро следующего дня началось тяжело: долгое время сидел голым, держа вытянутые прохладные руки между коленями, пораженный осознанием, что снова должен будет одеть рубаху, носки, брюки — вещи пропитанные потом и грязью, казавшиеся неприятной обязанностью. Подобное чувство вызывало у него воспоминание о цыганском пуделе, выглядящем ужасающе жалко в человеческой одежде. Частично апатия объяснялась отсутствием работы. За прошедшую зиму удалось скопить небольшую сумму денег, от которой осталось около двухсот марок, потому что последние месяцы были затратными.
В предыдущем году, прибыв в Берлин, он быстро устроился на работу и продолжал трудиться вплоть до января, выполняя разнообразные задания: испытывал тяжесть утренних поездок на завод; чувствовал боль в ногах после десяти километров беготни с подносом среди ресторанных столов заведения «Пир Горой». Занимался также посредничеством, предлагая любые товары, какие попадались под руку — будь то баранки, средство для укладки волос или драгоценности. Он ничего не отвергал: неоднократно зарабатывал продажей собственной тени, как многие из нас. Иными словами, участвовал в массовке киносъемок за городом, где огромные прожекторы, направленные на группу статистов, ярко освещали лица людей своим ярким резким светом, создавая ощущение дискомфорта и стыда. После завершения съемки контракт считался выполненным, и заработанная сумма расходовалась."
9,10,Владимир Набоков,Машенька,,1926,художественный,"День-деньской кровать скользит в жаркое ветреное небо и, когда привстаешь, то ви-
дишь верхушки лип, круто прохваченные желтым солнцем, телефонные проволоки, на ко-
торые садятся стрижи, и часть деревянного навеса над мягкой красной дорогой перед па-
радным крыльцом. Оттуда доносятся изумительные звуки: щебетанье, далекий лай, скрип 
водокачки.
Лежишь, плывешь и думаешь о том, что скоро встанешь; и в солнечной луже играют 
мухи, и цветной моток шелка, как живой, спрыгивает с колен матери, сидящей подле, мягко 
катится по янтарному паркету…
В этой комнате, где в шестнадцать лет выздоравливал Ганин, и зародилось то счастье, 
тот женский образ, который, спустя месяц, он встретил наяву. В этом сотворении участво-
вало все, – и мягкие литографии на стенах, и щебет за окном, и коричневый лик Христа в 
киоте, и даже фонтанчик умывальника. Зарождавшийся образ стягивал, вбирал всю солнеч-
ную прелесть этой комнаты и, конечно, без нее он никогда бы не вырос. В конце концов это 
было просто юношеское предчувствие, сладкие туманы, но Ганину теперь казалось, что ни-
когда такого рода предчувствие не оправдывалось так совершенно. И целый день он пере-
ходил из садика в садик, из кафе в кафе, и его воспоминанье непрерывно летело вперед, как 
апрельские облака по нежному берлинскому небу. Люди, сидевшие в кафе, полагали, что у 
этого человека, так пристально глядящего перед собой, должно быть какое-нибудь глубокое 
горе, а на улице он в рассеяньи толкал встречных, и раз быстрый автомобиль затормозил и 
выругался, едва его не задев.
Он был богом, воссоздающим погибший мир. Он постепенно воскрешал этот мир, в 
угоду женщине, которую он еще не смел в него поместить, пока весь он не будет закончен. 
Но ее образ, ее присутствие, тень ее воспоминанья требовали того, чтобы наконец он и ее бы 
воскресил, – и он нарочно отодвигал ее образ, так как желал к нему подойти постепенно, 
шаг за шагом, точно так же как тогда, девять лет тому назад. Боясь спутаться, затеряться в 
светлом лабиринте памяти, он прежний путь свой воссоздавал осторожно, бережно, возвра-
щаясь иногда к забытой мелочи, но не забегая вперед. Блуждая в этот весенний вторник по 
Берлину, он и вправду выздоравливал, ощущал первое вставанье с пастели, слабость в ногах, 
смотрелся во все зеркала. Белье и одежды казались необыкновенно чистыми, просторными и немного чужими. Он медленно шел по широкой аллее, что вела от площадки дома в дебри 
парка. Там и сям вздувались на лиловатой от лиственной тени земле черные червистые 
холмики, – работа кротов. Он надел белые панталоны, сиреневые носки. Он мечтал встре-
тить кого-нибудь в парке, кого – он еще не знал.
","День-деньской
кровать скользит в жаркое ветреное небо и
верхушки лип, круто прохваченные желтым солнцем
Лежишь, плывешь
в солнечной луже
играют мухи
цветной моток шелка, как живой, спрыгивает с колен матери
мягко катится по янтарному паркету
зародилось то счастье, тот женский образ, который, спустя месяц, он встретил наяву
В этом сотворении участвовало все
Зарождавшийся образ стягивал, вбирал всю солнечную прелесть этой комнаты
без нее он никогда бы не вырос
юношеское предчувствие
сладкие туманы
не оправдывалось так совершенно
воспоминанье непрерывно летело вперед, как апрельские облака по нежному берлинскому небу
быстрый автомобиль затормозил и выругался
Он был богом, воссоздающим погибший мир. Он постепенно воскрешал этот мир, в угоду женщине, которую он еще не смел в него поместить, пока весь он не будет закончен.
ее образ, ее присутствие, тень ее воспоминанья требовали того, чтобы наконец он и ее бы воскресил
он нарочно отодвигал ее образ, так как желал к нему подойти постепенно, 
шаг за шагом
Боясь спутаться, затеряться в светлом лабиринте памяти
Белье и одежды казались необыкновенно чистыми, просторными и немного чужими.
дебри парка
Там и сям вздувались на лиловатой от лиственной тени земле черные червистые холмики
",400,160,40,26,"6,5","Целый день кровать кажется поднимающейся вверх, будто движется в ясное теплое небо, и, приподнявшись, человек видит кроны деревьев, ярко освещённые жёлтым светом солнца, тонкие провода, служащие местом отдыха птиц, и деревянный навес над дорожкой красного цвета рядом с парадным входом. Издали слышатся приятные звуки природы: пение птиц, отдалённый собачий лай, поскрипывание водяного насоса.
Человек лежит неподвижно, погружён в размышления о предстоящем подъёме, наблюдает солнечные блики, играющие на поверхности стола, смотрит, как клубок нитей соскальзывает с коленей сидящей рядом женщины и плавно перекатывается по гладкому деревянному полу...
Именно здесь, в данной комнате, когда Ганин находился на выздоровлении в возрасте шестнадцати лет, сформировался мысленный образ счастья и девушки, которого он позже увидел в реальности. Этот процесс формирования образа происходил благодаря совокупности факторов окружающей обстановки: картинам на стенах, звукам природы за окном, изображению Христа в киоте, журчащей воде в раковине. Развивающийся образ впитывал приятную атмосферу солнечного света в помещении, и очевидно, что без воздействия этой среды такой образ не мог бы появиться. По сути, это были лишь обычные ощущения юности, мечтательные переживания, однако сейчас Ганину представлялось, что такое совпадение мыслей и действительности ранее не происходило столь идеально. Целый день он переходил из одного сада в другой, посещал различные кафе, и воспоминания постоянно увлекали его вперёд, подобно движущимся облакам в небе весной в Берлине. Посетители кафе думали, что мужчина, внимательно смотрящий вдаль, переживает какую-то глубокую печаль, а на улицах он случайно сталкивался с прохожими, один раз водитель автомобиля резко остановился и выразил недовольство, чуть не столкнувшись с ним.
Ганин чувствовал себя творцом, восстанавливающим утраченный мир. Постепенно он возвращал детали исчезнувшего мира ради той женщины, которой ещё не решился придать место в нём, пока восстановление не завершится целиком. Однако мысль о ней, ощущение её присутствия, призрак прошлых впечатлений вынуждали его завершить создание образа окончательно, хотя он сознательно откладывал появление этого образа, поскольку хотел приблизиться к нему поэтапно, следуя определённой последовательности шагов. Стараясь избежать путаницы среди ярких образов прошлого, он аккуратно реконструировал события своей жизни, иногда останавливаясь на незначительных деталях, избегая преждевременного перехода к последующим этапам. Бродя по Берлину тёплым майским днём, он действительно выздоравливал физически, испытывал первые признаки восстановления после болезни, слабость в ногах, рассматривал своё отражение в зеркалах. Одежда выглядела особенно чистой, свободной и слегка непривычной. Медленно продвигаясь по широкому парку, окруженному деревьями, он замечал небольшие земляные бугорки чёрного цвета, образовавшиеся в результате деятельности животных. Он надел белую нижнюю одежду и светло-фиолетовые носки. У него была мечта встретить кого-либо в парке, но конкретного представления о том, кто именно должен встретиться, у него не было."
10,11,Иван Бунин,Жизнь Арсеньева,,1929,художественный,"Я родился полвека тому назад, в средней России, в деревне, в отцовской усадьбе.
У нас нет чувства своего начала и конца. И очень жаль, что мне сказали, когда именно я 
родился. Если бы не сказали, я бы теперь и понятия не имел о своем возрасте, – тем более, 
что я еще совсем не ощущаю его бремени, – и, значит, был бы избавлен от мысли, что мне 
будто бы полагается лет через десять или двадцать умереть. А родись я и живи на 
необитаемом острове, я бы даже и о самом существовании смерти не подозревал. «Вот было 
бы счастье!» – хочется прибавить мне. Но кто знает? Может быть, великое несчастье. Да и 
правда ли, что не подозревал бы? Не рождаемся ли мы с чувством смерти? А если нет, если 
бы не подозревал, любил ли бы я жизнь так, как люблю и любил?
О роде Арсеньевых, о его происхождении мне почти ничего не известно. Что мы 
вообще знаем! Я знаю только то, что в Гербовнике род наш отнесен к тем, «происхождение 
коих теряется во мраке времен». Знаю, что род наш «знатный, хотя и захудалый» и что я всю 
жизнь чувствовал эту знатность, гордясь и радуясь, что я не из тех, у кого нет ни рода, ни 
племени. В Духов день призывает Церковь за литургией «сотворить память всем от века 
умершим». Она возносит в этот день прекрасную и полную глубокого смысла молитву: 
– Вси рабы Твоя, Боже, упокой во дворех Твоих и в недрех Авраама, – от Адама даже до 
днесь послужившая Тебе чисто отцы и братiи наши, други и сродники!
","чувства своего начала и конца
совсем не ощущаю его [возраста] бремени
избавлен от мысли
Не рождаемся ли мы с чувством смерти?
происхождение 
коих теряется во мраке времен
род наш «знатный, хотя и захудалый»
нет ни рода, ни племени
дворех Твоих и в недрех Авраама
от Адама даже до днесь",255,41,"16,07843137",10,"3,921568627","Я появился на свет пятьдесят лет назад, в центральной части России, в деревенском имении моего отца.

Мы не осознаём момента нашего рождения и ухода из жизни. Мне сообщили точную дату появления на свет, иначе сейчас я совершенно не представлял бы своего возраста, поскольку ещё никак не испытываю возрастных изменений, и следовательно, меня не посещала мысль, будто примерно через десять-двадцать лет мне предстоит умереть. Живя на необитаемом острове, я бы вообще не знал о существовании смерти. Возможно, это стало бы счастьем... Или наоборот, большим несчастьем? Верно ли утверждение, что я бы не узнал о ней? Ведь возможно, чувство смерти присуще человеку изначально? Предположим обратное, если бы я не подозревал о смерти, любил бы я жизнь столь же сильно, как она любима мной сейчас?

Что касается происхождения рода Арсеньевых, то оно практически неизвестно. Насколько вообще многое доступно нашему знанию! Единственно достоверное, что я осведомлён: наша фамилия указана среди родов, происхождение которых давно утрачено историей. Род наш известен, однако утратил прежнее влияние, и всю свою жизнь я воспринимал нашу принадлежность к такому роду как повод испытывать гордость и удовлетворение, ведь я не отношусь к людям, лишённым семейного корня и наследия.

В праздник Троицы православная церковь совершает особую службу памяти всех усопших людей с древности и произносит следующую проникновенную молитву:
«Господи, успокоь души рабов твоих в небесной обители твоей и покои в лоне Авраама всех предков наших и близких родственников, служивших тебе искренне от времён Адама и до сегодняшнего дня.»"
11,12,Иван Бунин,Жизнь Арсеньева,,1929,художественный,"Как во хмелю провел я и весь день, все время державший в непрестанном напряжении: 
опять были панихиды, опять многолюдство, приезжающие и уезжающие соседи, а там 
где-то, в затворенной со всех сторон солнечной детской, беззаботные игры ничего еще не 
понимающих детей, под скорбным и ласково невнимательным присмотром то и дело тихо 
плачущей няньки…
И вот опять стало смеркаться и опять стали сходиться, собираться в зал, ждать новой 
панихиды, осторожно переговариваться… Приход священнослужителей и вслед за тем 
воцарившееся молчание, зажигание свечей и облачение в этой тишине, все это 
таинственно-церковное приготовление к службе, а потом первый взмах кадила и первый 
возглас – все это показалось мне теперь, в этот последний для покойника вечер, столь
многозначительным, что я уже глаз не мог поднять на то, что было впереди, на этот пышный, 
бархатный гроб, воздвигнутый на составленные столы, и на то церковно-страшное, 
картинно-погребальное, что наклонно возвышалось в гробу во всем зловещем великолепии 
своего золотого покрова, золотой иконки на груди и новой, жестко-белой подушки, – во всей 
сумрачной тьме непробудного гробового сна этого чернобородого лика с запавшими и 
почерневшими веками, металлически лоснящегося сквозь теплый, душный дым и горячий, 
дрожащий блеск…
","Как во хмелю провел я и весь день
державший в непрестанном напряжении
под скорбным и ласково невнимательным присмотром
осторожно переговариваться
воцарившееся молчание
глаз не мог поднять на то, что было впереди
на то церковно-страшное, картинно-погребальное, что наклонно возвышалось в гробу во всем зловещем великолепии своего золотого покрова, золотой иконки на груди и новой, жестко-белой подушки
во всей сумрачной тьме непробудного гробового сна этого чернобородого лика
металлически лоснящегося сквозь теплый, душный дым и горячий, дрожащий блеск",182,67,"36,81318681",9,"4,945054945","Весь день прошел для меня словно в тумане и постоянно поддерживал меня в состоянии сильного напряжения: снова состоялись поминальные службы, снова собралось большое количество людей, среди которых были прибывшие и отъезжавшие соседи, а также дети играли беззаботно, еще ничего не понимая, в закрытой со всех сторон светлой комнате под наблюдением периодически тихонько плачущей няни...
Опять начало темнеть, и вновь люди начали приходить в зал, чтобы собраться и ожидать следующей поминальной службы, негромко разговаривая друг с другом... Затем появились священники, после чего наступило молчание, свечи были зажжены, произошло облачение в полной тишине, началось таинство подготовки к богослужению, а затем последовал первый размахивание кадилом и первое произнесенное слово – все эти события показались мне в этот заключительный вечер для умершего человека настолько важными, что я больше не смог смотреть вперед, на роскошный бархатный гроб, установленный на соединенных столах, и на тело, лежащее внутри гроба, покрытое золоченым покровом, украшенное золотой иконкой на груди и жесткой белой подушкой, погруженное в мрачную тьму вечного покоя, лицо которого имело черные впадины вокруг глаз и отражало металлический отблеск сквозь тепло и аромат дыма, мерцавшего жарким блеском."
12,13,Михаил Булгаков,Мастер и Маргарита,,1940,художественный,"Приказания прокуратора были исполнены быстро и точно, и солнце, с какой-то необыкновенною яростью сжигавшее в эти дни Ершалаим, не успело еще приблизиться к своей наивысшей точке, когда на верхней террасе сада у двух мраморных белых львов, стороживших лестницу, встретились прокуратор и исполняющий обязанности президента Синедриона первосвященник иудейский Иосиф Каифа.

В саду было тихо. Но, выйдя из-под колоннады на заливаемую солнцем верхнюю площадь сада с пальмами на чудовищных слоновых ногах, площадь, с которой перед прокуратором развернулся весь ненавистный ему Ершалаим с висячими мостами, крепостями и – самое главное – с не поддающейся никакому описанию глыбой мрамора с золотою драконовою чешуею вместо крыши – храмом Ершалаимским, – острым слухом уловил прокуратор далеко и внизу, там, где каменная стена отделяла нижние террасы дворцового сада от городской площади, низкое ворчание, над которым взмывали по временам слабенькие, тонкие не то стоны, не то крики.

Прокуратор понял, что там на площади уже собралась несметная толпа взволнованных последними беспорядками жителей Ершалаима, что эта толпа в нетерпении ожидает вынесения приговора и что в ней кричат беспокойные продавцы воды.","солнце, с какой-то необыкновенною яростью сжигавшее в эти дни Ершалаим
у двух мраморных белых львов, стороживших лестницу
­заливаемую солнцем верхнюю площадь сада с пальмами на чудовищных слоновых ногах
с не поддающейся никакому описанию глыбой мрамора с з­олотою драконовой чешуею вместо крыши
над которым в­змывали по временам слабенькие, тонкие не то стоны, не то крики
несметная толпа взволнованных последними беспорядками жителей
толпа в нетерпении ожидает",168,58,"34,52380952",7,"4,166666667","Приказания прокуратора были выполнены быстро и точно, и солнце, ярко светившее в последние дни над Ершалаимом, ещё не достигло своего полуденного положения, когда на верхней площадке садовой террасы возле статуй двух белых мраморных львов состоялась встреча между прокуратором и исполняющим обязанности председателя Синедриона иудейского первосвященником Иосифом Каифой.

Сад был тихий. Покинув укрытие колонн и оказавшись на верхнем участке сада, освещённом солнечными лучами, с расположенными здесь пальмами необычной формы, участок которого открывался прокуратору вид на весь город Ершалаим вместе с висячими мостами, укреплениями и главным образом величественным храмом, крытым золочёной плиткой, своим тонким слухом прокуратор услышал издалека слабый шум толпы снизу, иногда сопровождаемый тонкими возгласами.

Поняв услышанное, прокуратор сделал вывод, что внизу, около городских стен, уже собрался большой количество обеспокоенных недавними волнениями ершалаимских жителей, ожидающих решения суда, среди которых слышались голоса торговцев водой."
13,14,Михаил Булгаков,Мастер и Маргарита ,,1940,художественный,"Может быть, эти сумерки и были причиною того, что внешность прокуратора резко изменилась. Он как будто на глазах постарел, сгорбился и, кроме того, стал тревожен. Один раз он оглянулся и почему-то вздрогнул, бросив взгляд на пустое кресло, на спинке которого лежал плащ. Приближалась праздничная ночь, вечерние тени играли свою игру, и, вероятно, усталому прокуратору померещилось, что кто-то сидит в пустом кресле. Допустив малодушие – пошевелив плащ, прокуратор оставил его и забегал по балкону, то потирая руки, то подбегая к столу и хватаясь за чашу, то останавливаясь и начиная бессмысленно глядеть на мозаику пола, как будто пытаясь прочесть в ней какие-то письмена.

За сегодняшний день уже второй раз на него пала тоска. Потирая висок, в котором от адской утренней боли осталось только тупое, немного ноющее воспоминание, прокуратор все силился понять, в чем причина его душевных мучений. И быстро он понял это, но постарался обмануть себя. Ему ясно было, что сегодня днем он что-то безвозвратно упустил, и теперь он упущенное хочет исправить какими-то мелкими и ничтожными, а главное, запоздавшими действиями. Обман же самого себя заключался в том, что прокуратор старался внушить себе, что действия эти, теперешние, вечерние, не менее важны, чем утренний приговор. Но это очень плохо удавалось прокуратору.","как будто на гла­зах постарел
вечерние тени играли свою игру
бессмысленно глядеть на мо­заику пола, как будто пытаясь прочесть в ней какие-то письмена
на него пала тоска
от адской утренней боли
тупое, немного ноющее воспоминание
душевных мучений
он что-то безвозвратно упустил
какими-то мелкими и ничтожными, а главное, ­запоздавшими действиями",196,41,"20,91836735",9,"4,591836735","Возможно, причиной изменения внешности прокуратора стали наступившие сумерки. Внешность его заметно преобразилась: он выглядел старше, сутулился и испытывал тревогу. В один момент он обернулся и неожиданно вздрогнул, посмотрев на пустующее кресло, спинка которого была покрыта плащом. Наступила праздничная ночь, стало темно, и, возможно, утомленному прокуратору почудилось присутствие кого-то в пустующем кресле. Поддавшись слабости, он тронул плащ рукой, потом оставил его и начал беспокойно ходить по балкону: тер руки, подбегал к столу, хватался за чашу, останавливался и начинал смотреть на пол, украшенный мозаикой, словно надеялся увидеть там какое-либо послание.

Сегодня прокуратор во второй раз ощутил чувство грусти. Поглаживая висок, в котором осталась лишь легкая боль после сильнейших утренних страданий, прокуратор пытался осознать причину своего внутреннего дискомфорта. Вскоре он осознал ее, однако попытался ввести себя в заблуждение. Ясно понимая, что днём совершил ошибку, которую сейчас хотел бы исправить незначительными и несвоевременными поступками, прокуратор стремился убедить себя, что нынешние, вечерние действия столь же существенны, как и вынесенный утром приговор. Однако прокуратору слабо удавалось преуспеть в этой попытке самообмана."
14,15,Сергей Довлатов,Компромисс,,1981,художественный,"Конференция состоялась в Политехническом институте. Я туда заехал, побеседовал. Через пять минут информация была готова. Отдал ее в секретариат. Появляется редактор Туронок, елейный, марципановый человек. Тип застенчивого негодяя. На этот раз возбужден:
      - Вы допустили грубую идеологическую ошибку.
      - ?
      - Вы перечисляете страны...
      - Разве нельзя?
      - Можно и нужно. Дело в том, к а к вы их перечисляете. В какой очередности. Там идут Венгрия, ГДР, Дания, затем - Польша, СССР, ФРГ...
      - Естественно, по алфавиту.
      - Это же внеклассовый подход, - застонал Туронок, - существует железная очередность. Демократические страны - вперед! Затем - нейтральные государства. И, наконец, - участники блока...
      - О'кей, - говорю.
      Я переписал информацию, отдал в секретариат. Назавтра прибегает Туронок:
      - Вы надо мной издеваетесь! Вы это умышленно проделываете?!
      - Что такое?
      - Вы перепутали страны народной демократии. У вас ГДР после Венгрии. Опять по алфавиту?! Забудьте это оппортунистическое слово! Вы работник партийной газеты. Венгрию - на третье место! Там был путч.
      - А с Германией была война.
      - Не спорьте! Зачем вы спорите?! Это другая Германия, другая! Не понимаю, кто вам доверил?! Политическая близорукость! Нравственный инфантилизм! Будем ставить вопрос...
      За информацию мне уплатили два рубля. Я думал - три заплатят...","елейный, марципановый человек
Тип застенчивого негодяя.
внеклассовый подход
Вы надо мной издеваетесь!
железная очередность
Политическая близорукость! 
Нравственный инфантилизм!
Будем ставить вопрос...",226,15,"6,637168142",8,"3,539823009","Конференция прошла в политехническом институте. Я посетил данное мероприятие, провел беседу. Спустя пять минут необходимая информация оказалась подготовлена. Передал её в секретариат. Вскоре появился редактор Туронок, обладающий чрезмерно сладким и притворно вежливым характером. Обычно робкий и нерешительный человек, сейчас проявлял сильное возбуждение:
- Вами допущена грубая ошибка идеологического характера.
- Какая именно?
- Вы указали перечень стран…
- Это запрещено?
- Нет, указывать можно и даже необходимо. Однако важно учитывать порядок перечисления. Здесь указаны Венгрия, ГДР, Дания, далее следуют Польша, Советский Союз, ФРГ…
- По моему мнению, последовательность определена согласно алфавитному порядку.
- Подобный подход недопустим, - выразил недовольство Туронок, - имеется установленный строгий порядок: сначала демократические государства, потом нейтральные страны, и лишь затем государства-участники военного союза.
- Хорошо, согласен.
Я исправил информацию и вновь передал в секретариат. На следующий день снова пришел Туронок:
- Создается впечатление, будто вы насмехаетесь надо мной! Делаете это специально?
- Почему вы так считаете?
- В списке государств народной демократии нарушена правильная последовательность. Сначала указана ГДР, затем Венгрия. Опять применён алфавит? Необходимо забыть подобное понятие! Ведь вы сотрудник партийной газеты. Поместите Венгрию на третью позицию! Ранее там произошел государственный переворот.
- Но ведь между нашей страной и Германией ранее велись военные действия.
- Не стоит возражать! Чем вызваны ваши возражения? Эта страна уже совершенно другая! Непонятно, кому вообще поручено проверять вашу работу! Проявляете политическую ограниченность! Недоразвитость нравственных качеств! Вопросы будут поставлены соответствующим образом…
За предоставленную информацию мне выплатили вознаграждение в размере двух рублей. Предполагал получить сумму побольше — три рубля."
15,16,Сергей Довлатов,Компромисс,,1981,художественный,"  В этой повести нет ангелов и нет злодеев... Нет грешников и праведников нет. Да и в жизни их не существует. Вот уже несколько лет я наблюдаю...
      Один редактор говорил мне:
      - У тебя все действующие лица - подлецы. Если уж герой - подлец, ты должен логикой рассказа вести его к моральному краху. Или к возмездию. А у тебя подлецы - нечто естественное, как дождь или снег,..
      - Где же тут подлецы? - спрашивал я. - Кто, например, подлец?
      Редактор глядел на меня, как на человека, оказавшегося в нехорошей компании и пытающегося выгородить своих дружков...
      Я давно уже не разделяю людей на положительных и отрицательных. А литературных героев - тем более. Кроме того, я не уверен, что в жизни за преступлением неизбежно следует раскаяние, а за подвигом - блаженство. Мы есть то, чем себя ощущаем. Наши свойства, достоинства и пороки извлечены на свет божий чутким прикосновением жизни... ""Натура - ты моя богиня!"" И так далее... Ладно...
      В этой повести нет ангелов и нет злодеев, да и быть не может. Один из героев - я сам. Выведен также Миша Шаблинский, с характерными для него выражениями - ""спонтанная апперцепция"", ""имманентный дуализм""... Далее фигурирует Митя Кленский, его тоже легко узнать. Пристрастие к анодированным зажимам для галстука и толстым мундштукам из фальшивого янтаря снискало ему широкую известность.
      Что нас сближало? Может быть, как это получше выразиться, легкая неприязнь к официальной стороне газетной работы. Какой-то здоровый цинизм, помогающий избегать громких слов...
      В нашей конторе из тридцати двух сотрудников по штату двадцать восемь называли себя: ""Золотое перо республики"". Мы трое в порядке оригинальности назывались - серебряными. Дима Шер, написавший в одной корреспонденции: ""Искусственная почка - будничное явление наших будней"", слыл дубовым пером.","нет ангелов и нет злодеев
Нет грешников и праведников нет.
логикой рассказа вести его к моральному краху. Или к возмездию.
подлецы - нечто естественное, как дождь или снег
Редактор глядел на меня, как на человека, оказавшегося в нехорошей компании и пытающегося выгородить своих дружков...
не разделяю людей на положительных и отрицательных
за преступлением неизбежно следует раскаяние, а за подвигом - блаженство
Мы есть то, чем себя ощущаем.
Наши свойства, достоинства и пороки извлечены на свет божий чутким прикосновением жизни...
Натура - ты моя богиня!
нет ангелов и нет злодеев
Пристрастие к анодированным зажимам для галстука и толстым мундштукам из фальшивого янтаря снискало ему широкую известность.
легкая неприязнь к официальной стороне газетной работы
здоровый цинизм, помогающий избегать громких слов
В нашей конторе из тридцати двух сотрудников по штату двадцать восемь называли себя: ""Золотое перо республики"". Мы трое в порядке оригинальности назывались - серебряными.
будничное явление наших будней
слыл дубовым пером",292,133,"45,54794521",17,"5,821917808","В этой повести отсутствуют идеальные герои и абсолютные негодяи... Здесь нет ни добродетельных персонажей, ни преступников. Таких людей вообще не бывает в реальной жизни. Уже несколько лет я веду наблюдения...
Один редактор сказал мне следующее:
- Все твои персонажи ведут себя аморально. Если персонаж совершает плохое деяние, логика повествования должна привести его либо к нравственному падению, либо к наказанию. Но у тебя такие поступки выглядят совершенно обычными, как природные явления вроде дождя или снега...
- Почему вы считаете всех моих персонажей плохими людьми? - спросил я. - Приведите пример такого поступка.
Редактор смотрел на меня с подозрением, словно общался с человеком, находящимся среди неблагополучных знакомых и оправдывающим их поведение...
Уже долгое время я не делю реальных людей и книжных персонажей на хороших и плохих. Более того, я сомневаюсь, что каждое преступление обязательно вызывает чувство вины, а каждый героический поступок приносит счастье. Человек представляет собой именно таким, каким он воспринимает самого себя. Его качества, сильные стороны и недостатки выявляются жизнью... ""Моя природа - вот кто управляет мной..."" и прочее... Хорошо...
Эта повесть не содержит ни безупречных героев, ни явных злодеев, потому что их и не должно быть. Одним из главных действующих лиц являюсь я сам. Другой персонаж - Миша Шаблинский, известный своими специфическими выражениями типа ""спонтанная апперцепция"", ""имманентный дуализм""... Ещё один узнаваемый герой - Митя Кленский, популярность которому принесли привычка носить металлические зажимы для галстуков и курить толстые трубки из поддельного янтаря.
Что объединяло нас троих? Возможно, наше незначительное недовольство официальностью журналистской деятельности и некоторая склонность к здоровому скептицизму, позволяющему избегать пафосных высказываний...
Из тридцати двух работников нашего учреждения двадцать восемь именовали себя ""лучшими корреспондентами страны"". По принципу оригинальности мы три оставшихся назвали себя ""серебряными перьями"". Дмитрий Шер, однажды употребивший фразу ""искусственная почка стала обычным делом повседневной жизни"", имел репутацию посредственного журналиста."
16,17,Алексей Ремизов,Жертва,,1909,художественный,"Говорилось, что ничего особенного в Благодатном нет, что Бородинский прославленный дом как дом, да, пожалуй, даже с изъяном – одна половина очень заметно заново переделана после пожара, ну и сад как сад, старый, тенистый – правда, но таких садов, если поездить по России, сколько хочешь; поля, лес – что говорить – поля просторны, лес хороший, да тоже не какая-нибудь невидаль; а люди – даже совсем дрянь: беднота, земли мало, то переселялись, то опять вернулись, а во время беспорядков, если дом не сожгли и лошадям глаза не повыкололи, как это сделали у соседа Бессонова, то все-таки поговаривали и о том, чтобы дом сжечь, добро истребить да отобрать Бородинскую землю. Что же касается Петра Николаевича, то, перечисляя все его странности, несли такую крещенскую белиберду, что просто повторять совестно. И в конце концов заказывалось другу и недругу даже в самой крайней нужде бывать в Благодатном: место нечисто.

Кто-то из добрых друзей советовал Александре Павловне жаловаться губернатору, но она и слышать не хотела. Во слухах, на ее взгляд, правды ни капли не было, да и не стоило историю подымать. В самом деле: мало ли что какой-нибудь подозрительный со своего подозрительного ума не сочинит и не выдумает – ему бы только валить с больной головы на здоровую! Да притом же и разговоры как-то само собою прекратились – все-таки люди не так глупы, как кажутся.","ничего особенного в Благодатном нет
прославленный дом как дом
сад как сад
что говорить
не какая-нибудь невидаль
а люди – даже совсем дрянь
добро истребить
крещенскую белиберду
другу и недругу
место нечисто
добрых друзей
и слышать не хотела
правды ни капли не было
историю подымать
мало ли что какой-нибудь подозрительный со своего подозрительного ума не сочинит и не ыдумает
валить с больной головы на здоровую!
разговоры как-то само собою прекратились
люди не так глупы, как кажутся",218,59,"27,06422018",18,"8,256880734","Утверждали, что в Благодатном нет ничего необычного: знаменитый бородинский дом обычный, возможно, даже с недостатком – одна сторона заметно перестроена после пожара, а сад обычный, старый, тенистый – такие сады встречаются часто в России; поля широкие, лес хорош, однако и это обычное явление; жители плохие: живут бедно, земли недостаточно, ранее переселялись, потом возвратились обратно, а во время волнений, хотя дом не подожгли и лошадей не лишили зрения, как произошло у соседа Бессонова, ходили слухи о намерении поджечь дом, уничтожить имущество и захватить бородинские земли. Когда говорили о странностях Петра Николаевича, сообщали такое невероятное, что стыдно повторить. В итоге всех просили избегать посещений Благодатного независимо от обстоятельств: место неблагоприятное.

Один доброжелатель рекомендовал Александре Павловне обратиться с жалобой к губернатору, но она категорически отказывалась выслушивать подобные предложения. По ее мнению, слухи совершенно необоснованны и поднимать этот вопрос бессмысленно. Действительно, кто угодно способен придумать любые обвинения, лишь бы переложить вину на другого человека. К тому же обсуждения постепенно затихли самостоятельно – ведь люди умнее, чем кажется внешне."
17,18,Алексей Ремизов,Пруд,,1908,художественный,"Вообще, все дети отличались крепким здоровьем, несмотря на все свои финогеновские проделки: для озорства и удали ели снег и выбегали в одних, рубашках в холодные сени, глотали больших мух, чтобы мутило и не идти в гимназию, а чтобы грозы не бояться, ели черствые заплесневелые просвирки — бабушкино наущение! — и всегда на пруду — кувыркались в прорубь. И все с рук сходило, вреда особенного не замечалось. Исключением был Женя. Женя, после всех болезней Коли, прохворав скарлатиной и корью, получил еще дифтерит и одно время ослеп. Зрение вернулось, но постоянно на глаза он жаловался. Какая-то была у него сильная невральгия. Не глаза болели, а где-то над бровями в висках: схватит и мучает, — и свету тогда уж не видит, и плачет убито, так плачут только беспомощные дети, не плачет, а гудит. И лунатик он был: по ночам сонный проделывал диковинные вещи, — вылезал на крышу, ходил по карнизу. В самом раннем детстве, когда у него были припадки, клали его на мощи, и у Вареньки у образов в киоте вместе с венчальными свечами хранились бархатные рукавички и шапочки с мощей, — святыню к глазам прикладывали. Водила его Прасковья в Боголюбов монастырь к схимнику о. Глебу на молитву о изгнании беса, будто и полегчало. Глаза у Жени такие были грустные, и забиякой не слыл он, а все же разойдется — маху не даст.","крепким здоровьем
финогеновские проделки
для озорства и удали
чтобы мутило и не идти в гимназию
бабушкино наущение
все с рук сходило
вреда особенного не замечалось
схватит и мучает
плачет убито
так плачут только беспомощные дети
не плачет, а гудит
проделывал диковинные вещи
забиякой не слыл
маху не даст",220,35,"15,90909091",14,"6,363636364","Все дети обладали хорошим здоровьем, несмотря на многочисленные шалости: ради веселья и азарта поедали снег, выходили в одной рубашке в прохладные сенцы зимой, проглатывали крупных мух, чтобы заболеть и избежать посещения гимназии, а также употребляли засушенные покрытые плесенью просфоры, следуя советам бабушек, — якобы это помогает преодолеть страх во время грозы. Постоянно купались в прорубях. Все эти поступки никак негативно не сказывались на здоровье детей. Только Женя выделялся среди остальных. После перенесенных Колей заболеваний — скарлатины и кори — Женя заразился дифтеритом и временно потерял зрение. Со временем способность видеть вернулась, однако он регулярно испытывал сильные головные боли, ощущаемые преимущественно между бровями и в области висков. Когда начиналась боль, Женя сильно страдал, плакал жалобно, почти непрерывно издавая звуки, похожие на стоны. По ночам спящий мальчик совершал странные действия: выходил на крыши зданий, передвигался по карнизам. Во младенчестве, когда случались приступы, ребенка укладывали рядом с мощами святых, и дома у Вареньки в иконостасе находились специальные предметы — бархатные варежки и шапочка, соприкасавшиеся с этими святыми останками, которыми протирали лицо мальчика. Иногда девочку Прасковью отправляли с ним в Боголюбовский монастырь к священнику-отшельнику отцу Глебу молиться об избавлении от страданий, после чего наблюдалось некоторое облегчение состояния. У Жени взгляд часто выглядел печальным, он редко участвовал в драках, но если вспыхивал гнев, действовал решительно."
18,19,Виктор Пелевин,Generation «П»,,2011,художественный,"Вавилен Татарский родился задолго до этой исторической победы красного над красным. Поэтому он автоматически попал в поколение «П», хотя долгое время не имел об этом никакого понятия. Если бы в те далекие годы ему сказали, что он, когда вырастет, станет копирайтером, он бы, наверно, выронил от изумления бутылку «Пепси-колы» прямо на горячую гальку пионерского пляжа. В те далекие дни детям положено было стремиться к сияющему шлему пожарного или белому халату врача. Даже мирное слово «дизайнер» казалось сомнительным неологизмом, прижившимся в великом русском языке по лингвистическому лимиту, до первого серьезного обострения международной обстановки.

Но в те дни в языке и в жизни вообще было очень много сомнительного и странного. Взять хотя бы само имя «Вавилен», которым Татарского наградил отец, соединявший в своей душе веру в коммунизм и идеалы шестидесятничества. Оно было составлено из слов «Василий Аксенов» и «Владимир Ильич Ленин». Отец Татарского, видимо, легко мог представить себе верного ленинца, благодарно постигающего над вольной аксеновской страницей, что марксизм изначально стоял за свободную любовь, или помешанного на джазе эстета, которого особо протяжная рулада саксофона заставит вдруг понять, что коммунизм победит. Но таков был не только отец Татарского, – таким было все советское поколение пятидесятых и шестидесятых, подарившее миру самодеятельную песню и кончившее в черную пустоту космоса первым спутником – четыреххвостым сперматозоидом так и не наставшего будущего.

Татарский очень стеснялся своего имени, представляясь по возможности Вовой. Потом он стал врать друзьям, что отец назвал его так потому, что увлекался восточной мистикой и имел в виду древний город Вавилон, тайную доктрину которого ему, Вавилену, предстоит унаследовать. А сплав Аксенова с Лениным отец создал потому, что был последователем манихейства и натурфилософии и считал себя обязанным уравновесить светлое начало темным. Несмотря на эту блестящую разработку, в возрасте восемнадцати лет Татарский с удовольствием потерял свой первый паспорт, а второй получил уже на Владимира.","исторической победы красного над красным
поколение «П»
Если бы в те далекие годы ему сказали, что он, когда вырастет, станет копирайтером, он бы, наверно, выронил от изумления бутылку «Пепси-колы» прямо на горячую гальку пионерского пляжа.
детям положено было стремиться к сияющему шлему пожарного или белому халату врача
сомнительным неологизмом, прижившимся в великом русском языке по лингвистическому лимиту, до первого серьезного обострения международной обстановки
в языке и в жизни вообще было очень много сомнительного и странного
имя «Вавилен», которым Татарского наградил отец
соединявший в своей душе веру в коммунизм и идеалы шестидесятничества
верного ленинца, благодарно постигающего над вольной аксеновской страницей, что марксизм изначально стоял за свободную любовь, или помешанного на джазе эстета, которого особо протяжная рулада саксофона заставит вдруг понять, что коммунизм победит
подарившее миру
кончившее в черную пустоту космоса первым спутником – четыреххвостым сперматозоидом так и не наставшего будущего
тайную доктрину которого ему, Вавилену, предстоит унаследовать
сплав Аксенова с Лениным
уравновесить светлое начало темным
блестящую разработку
с удовольствием потерял свой первый паспорт",293,147,"50,17064846",16,"5,460750853","Вавилен Татарский появился на свет задолго до исторического события, связанного с победой одного красного цвета над другим. По этой причине он оказался представителем поколения «П», хотя долгое время ничего об этом не знал. Если бы кто-то сообщил ему тогда, что впоследствии он будет заниматься деятельностью копирайтера, вероятно, он сильно удивился бы настолько, что случайно пролил бы напиток «Пепси-кола» на нагретый песок пляжа. В указанный период дети обычно мечтали стать пожарниками или врачами. Даже такое простое понятие, как «дизайнер», воспринималось тогда как малопонятное заимствование, временно закрепившееся в русском языке вплоть до возможного ухудшения ситуации в международных отношениях.

Однако в те времена русский язык и повседневная жизнь были полны необычных явлений и непонятных вещей. Например, свое собственное имя «Вавилен», данное отцом, Татарскому казалась весьма необычным. Это имя было искусственно создано путем объединения фамилий писателя Василия Аксёнова и политического деятеля Владимира Ленина. Вероятно, отец Татарского представлял себе типичного приверженца идей Ленина, осознававшего важность свободной любви благодаря произведениям Аксёнова, либо эстетствующего поклонника джаза, внезапно убеждающегося в неизбежности победы коммунистического строя после прослушивания длинной ноты, исполненной на саксофоне. Однако подобные взгляды разделяли не только родители Татарского: аналогичные воззрения отличали большинство советских людей периода конца пятидесятых и начала шестидесятых годов прошлого века, прославившихся созданием жанра любительской песни и запустивших в космическое пространство первый спутник Земли, символизировавший собой несостоявшееся будущее.

Сам Татарский испытывал чувство смущения от собственного имени и предпочитал обращаться к окружающим как Владимир. Позже он начал придумывать своим приятелям неправдивую историю о происхождении имени, утверждая, будто отец дал ему имя вследствие увлечения восточными учениями и стремился указать на связь сына с городом Вавилоном, знания и мудрость которого он должен будет перенять. Соединение же имен Аксёнов и Ленин якобы произошло из-за увлеченности отца философией, согласно которой считалось необходимым совмещать противоположные идеи. Хотя эта версия звучала убедительно, Татарский охотно избавился от паспорта с именем Вавилен, получив новый документ уже на имя Владимир."
19,20,Виктор Пелевин,Чапаев и Пустота,,1996,художественный,"Тверской бульвар был почти таким же, как и два года назад, когда я последний раз его видел – опять был февраль, сугробы и мгла, странным образом проникавшая даже в дневной свет. На скамейках сидели те же неподвижные старухи; вверху, над черной сеткой ветвей, серело то же небо, похожее на ветхий, до земли провисший под тяжестью спящего Бога матрац.

Была, впрочем, и разница. Этой зимой по аллеям мела какая-то совершенно степная метель, и, попадись мне навстречу пара волков, я совершенно не удивился бы. Бронзовый Пушкин казался чуть печальней, чем обычно – оттого, наверно, что на груди у него висел красный фартук с надписью: «Да здравствует первая годовщина Революции». Но никакого желания иронизировать по поводу того, что здравствовать предлагалось годовщине, а революция была написана через «ять», у меня не было – за последнее время я имел много возможностей разглядеть демонический лик, который прятался за всеми этими короткими нелепицами на красном.

Уже начинало темнеть. Страстной монастырь был еле виден за снежной мглой. На площади перед ним стояли два грузовика с высокими кузовами, обтянутыми ярко-алой материей; вокруг колыхалась толпа, и долетал голос оратора – я почти ничего не разбирал, но смысл был ясен по интонации и пулеметному «р-р» в словах «пролетариат» и «террор». Мимо меня прошли два пьяных солдата, за плечами у которых качались винтовки с примкнутыми штыками. Солдаты торопились на площадь, но один из них, остановив на мне наглый взгляд, замедлил шаг и открыл рот, словно собираясь что-то сказать; к счастью – и его, и моему – второй дернул его за рукав, и они ушли.

","мгла, странным образом проникавшая даже в дневной свет
те же неподвижные старухи
черной сеткой ветвей
серело то же небо, похожее на ветхий, до земли провисший под тяжестью спящего Бога матрац
по аллеям мела какая-то совершенно степная метель, и, попадись мне навстречу пара волков, я совершенно не удивился бы
Бронзовый Пушкин казался чуть печальней, чем обычно – оттого, наверно, что на груди у него висел красный фартук с надписью: «Да здравствует первая годовщина Революции».
Но никакого желания иронизировать по поводу того, что здравствовать предлагалось годовщине, а революция была написана через «ять», у меня не было
демонический лик, который прятался за всеми этими короткими нелепицами на красном
пулеметному «р-р» в словах «пролетариат» и «террор»
колыхалась толпа
смысл был ясен по интонации и пулеметному «р-р» в словах «пролетариат» и «террор»
наглый взгляд",248,116,"46,77419355",12,"4,838709677","Тверской бульвар выглядел практически так же, как и два года назад, когда я видел его последний раз – снова наступил февраль, повсюду лежали сугробы, царила тёмная погода, проникавшая даже сквозь дневной свет. На лавочках сидели такие же пожилые женщины, неподвижно ожидающие; сверху, среди голых чёрных деревьев, тускло проглядывало такое же пасмурное зимнее небо.

Однако были некоторые отличия. В этот зимний период по дорожкам гулял сильный ветер, несущий снег, подобный буре в открытой местности; встретив пару диких животных, я бы воспринял это спокойно. Бронзовая статуя Пушкина выглядела немного грустнее обычного, вероятно потому, что на ней висел красный фартук с надписью: «Да здравствует первая годовщина революции». У меня не возникло стремления язвительно комментировать тот факт, что поздравление адресовалось именно годовщине события, тогда как само слово «революция» написано неправильно, с устаревшей буквой «ять» – недавно я уже убедился во многих проявлениях абсурдности и мрачной сущности, скрывающейся за подобными неуместными лозунгами красного цвета.

Сумерки уже сгущались. Из-за плотной снежной завесы едва различимым оставался Страстной монастырь. Перед зданием монастыря находились две грузовые машины с открытыми кузовами, покрытые яркой красной тканью; рядом собралась группа людей, слышался голос выступающего человека, отдельные слова которого звучали неразборчиво, однако общий смысл речи легко воспринимался благодаря чёткому произношению звуков «р» в словах «пролетариат» и «террор». Рядом со мной прошли двое солдат, находящихся в состоянии алкогольного опьянения, за спиной каждого из них покачивались винтовки со штыком. Один из солдат задержал на мне пристальный взгляд, притормозил шаг и приготовился заговорить; к счастью, его товарищ потянул его за одежду, и они продолжили путь дальше."
20,21,Андрей Платонов,Котлован ,,1968,художественный,"В это время отворился дверной вход, и Вощев увидел ночного косаря с артельным чайником: кипяток уже поспел на плите, которая топилась на дворе барака; время пробуждения миновало, наступила пора питаться для дневного труда...Сельские часы висели на деревянной стене и терпеливо шли силой тяжести мертвого груза; розовый цветок был изображен на облике механизма, чтобы утешать всякого, кто видит время. Мастеровые сели в ряд по длине стола, косарь, ведавший женским делом в бараке, нарезал хлеб и дал каждому человеку ломоть, а в прибавок еще по куску вчерашней холодной говядины. Мастеровые начали серьезно есть, принимая в себя пищу как должное, но не наслаждаясь ею. Хотя они и владели смыслом жизни, что равносильно вечному счастью, однако их лица были угрюмы и худы, а вместо покоя жизни они имели измождение. Вощев со скупостью надежды, со страхом утраты наблюдал этих грустно существующих людей, способных без торжества хранить внутри себя истину; он уже был доволен и тем, что истина заключалась на свете в ближнем к нему теле человека, который сейчас только говорил с ним, значит, достаточно лишь быть около того человека, чтобы стать терпеливым к жизни и трудоспособным.— Иди с нами кушать! — позвали Вощева евшие люди. Вощев встал и, еще не имея полной веры в общую необходимость мира, пошел есть, стесняясь и тоскуя.","кипяток уже поспел на плите
время пробуждения миновало, наступила пора питаться для дневного труда
[часы] терпеливо шли силой тяжести мертвого груза
розовый цветок был изображен на облике механизма, чтобы утешать всякого, кто видит время
ведавший женским делом
начали серьезно есть, принимая в себя пищу как должное, но не наслаждаясь ею
владели смыслом жизни, что равносильно вечному счастью
вместо покоя жизни они имели измождение
со скупостью надежды, со страхом утраты
грустно существующих людей
способных без торжества хранить внутри себя истину
он уже был доволен и тем, что истина заключалась на свете в ближнем к нему теле человека, который сейчас только говорил с ним, значит, достаточно лишь быть около того человека, чтобы стать терпеливым к жизни и трудоспособным
еще не имея полной веры в общую необходимость мира",207,113,"54,58937198",13,"6,280193237","В этот период открылась дверь, и Вощев заметил ночью работавшего косаря с чайником для группы рабочих: вода закипела на плите, которую растопили во дворе общежития; период сна завершился, настала пора принимать пищу перед началом трудового дня… Деревянные сельские часы висели на стене и исправно работали благодаря силе тяжести маятника; механизм часов украшал рисунок цветка, предназначенный успокаивать любого, смотрящего на ход времени. Рабочие расположились вдоль длинного стола, косарь, исполнявший обязанности повара в общежитии, разрезал хлеб и раздал каждому по кусочку хлеба, дополнительно дав каждому небольшой кусок вчерашнего холодного мяса. Рабочие приступили к еде серьёзно, воспринимая поступающую еду как необходимое действие, не испытывая удовольствия от приема пищи. Несмотря на осознание смысла жизни, что является условием абсолютного счастья, их лица выглядели мрачными и истощёнными, вместо удовлетворения жизнью они испытывали утомление. Вощев смотрел на этих печальных существ, способных сдержанно сохранять правду в душе, испытывая робкую надежду и опасаясь потери; он уже чувствовал удовлетворение даже тем фактом, что правда существует в лице ближайшего к нему человека, недавно говорившего с ним, следовательно, достаточно находиться рядом с таким человеком, чтобы обрести выносливость и работоспособность.

— Пойдем вместе поедим! — пригласили Вощева рабочие.

Вощев поднялся и, ещё не уверенный окончательно в целесообразности существования окружающего мира, направился есть, ощущая неловкость и тревогу."
21,22,Андрей Платонов,Чевенгур,,1972,художественный,"Машинист-наставник видел любовную работу Захара Павловича – топки очищались им без всяких повреждений металла и до сияющей чистоты, – но никогда не говорил Захару Павловичу доброго слова. Наставник отлично знал, что машины живут и движутся скорее по своему желанию, чем от ума и умения людей; люди здесь ни при чем. Наоборот, доброта природы, энергии и металла портят людей. Любой холуй может огонь в топке зажечь, но паровоз поедет сам, а холуй – только груз. И если дальше техника так податливо пойдет, то люди от своих сомнительных успехов выродятся в ржавчину, – тогда их останется передавить работоспособными паровозами и дать машине волю на свете. Однако наставник ругал Захара Павловича меньше других – Захар Павлович бил молотком всегда с сожалением, а не с грубой силой, не плевал на что попало, находясь на паровозе, и не царапал беспощадно тела машины инструментами.

– Господин наставник! – обратился раз Захар Павлович, осмелев ради любви к делу. – Позвольте спросить: отчего человек – так себе: ни плох, ни хорош, а машины равномерно знамениты?

Наставник слушал сердито – он ревновал к посторонним паровозы, считая свое чувство к ним личной привилегией.

«Серый черт, – говорил для себя наставник, – тоже понадобились ему механизмы: господи боже мой!»

Против обоих людей стоял паровоз, который разогревали под ночной скорый поезд. Наставник долго смотрел на паровоз и наполнялся обычным радостным сочувствием. Паровоз стоял великодушный, громадный, теплый на гармонических перевалах своего величественного высокого тела. Наставник сосредоточился, чувствуя в себе гудящий безотчетный восторг. Ворота депо были открыты в вечернее пространство лета – в смуглое будущее, в жизнь, которая может повториться на ветру, в стихийных скоростях на рельсах, в самозабвении ночи, риска и нежного гула точной машины.

Машинист-наставник сжал руки в кулаки от прилива какой-то освирепевшей крепости внутренней жизни, похожей на молодость и на предчувствие гремящего будущего. Он забыл про низкую квалификацию Захара Павловича и ответил ему, как равному другу:

– Ты вот поработал и поумнел! Но человек – чушь!.. Он дома валяется и ничего не стоит… Но ты возьми птиц…","до сияющей чистоты
машины живут и движутся скорее по своему желанию, чем от ума и умения людей
доброта природы, энергии и металла портят людей
люди от своих сомнительных успехов выродятся в ржавчину, – тогда их останется передавить работоспособными паровозами и дать машине волю на свете
не царапал беспощадно тела машины инструментами
машины равномерно знамениты
он ревновал к посторонним паровозы, считая свое чувство к ним личной привилегией
Серый черт
тоже понадобились ему механизмы: господи боже мой! 
наполнялся обычным радостным сочувствием
аровоз стоял великодушный, громадный, теплый на гармонических перевалах своего величественного высокого тела.
гудящий безотчетный восторг
вечернее пространство лета
 смуглое будущее, в жизнь, которая может повториться на ветру, в стихийных скоростях на рельсах, в самозабвении ночи, риска и нежного гула точной машины.
от прилива какой-то освирепевшей крепости внутренней жизни, похожей на молодость и на предчувствие гремящего будущего
Но человек – чушь!.. 
Он дома валяется и ничего не стоит… 
возьми птиц",320,135,"42,1875",18,"5,625","Машинист-наставник наблюдал, как Захар Павлович аккуратно очищает топки локомотивов, бережно относясь к металлу и доводя поверхности до идеальной чистоты, однако никогда не хвалил его. Наставник понимал, что работа машин зависит больше от внутренних свойств материалов и законов физики, нежели от знаний и мастерства человека; участие человека минимально. Природные ресурсы, энергия и материалы позволяют людям достигать успеха, несмотря на отсутствие значительных усилий. Даже неумелый работник способен зажечь огонь в топке, после чего двигатель заработает самостоятельно, а рабочий будет лишь пассивным наблюдателем. В случае дальнейшего упрощения эксплуатации техники люди потеряют ценность вследствие ненадёжности достигнутых результатов и станут бесполезны подобно коррозии металлов. Машинам же останется вытеснить ненужных работников и взять инициативу в своё распоряжение. Тем не менее наставник критиковал Захара Павловича реже остальных машинистов, поскольку последний использовал инструменты осторожно, не проявлял грубости и небрежности во время работы на локомотиве.

Однажды набравшись смелости благодаря своей увлечённости делом, Захар Павлович спросил наставника:

– Разрешите узнать ваше мнение: почему люди столь посредственны, а каждая машина обладает выдающимися характеристиками?

На вопрос этот наставник реагировал раздражённо, потому что считал свою привязанность к локомотивам исключительно личным чувством.

Про себя наставник думал: «Вот ещё один чудак появился... зачем ему нужно изучать технику?»

Оба стояли рядом с локомотивом, который нагревался для предстоящего ночного скорого рейса. Несколько минут наставник внимательно рассматривал машину, испытывая привычное удовольствие. Локомотив был крупным, тёплым, внушительным, отличаясь гармоничностью форм. У наставника возникло неясное приятное ощущение восторга. Ворота депо открывались наружу, позволяя видеть летний вечерний пейзаж, ассоциировавшийся с будущим временем, возможностью снова ощутить ветер и скорость на железнодорожных путях, испытать волнение ночью вместе с тихим равномерным шумом исправной машины.

У наставника непроизвольно сжались кулаки, вызванные ощущением подъёма жизненных сил, сходным с юностью и предвосхищением будущих свершений. Он перестал воспринимать Захара Павловича как недостаточно квалифицированного работника и заговорил с ним дружелюбно:

– Работа помогла тебе приобрести опыт и знания. Человек же несостоятелен... Дома лежит и ничего полезного не делает... А взгляни хотя бы на птиц..."
22,23,Татьяна Толстая,Кысь,,2000,художественный,"На семи холмах лежит городок Федор-Кузьмичск, а вокруг городка – поля необозримые, земли неведомые. На севере – дремучие леса, бурелом, ветви переплелись и пройти не пускают, колючие кусты за порты цепляют, сучья шапку с головы рвут. В тех лесах, старые люди сказывают, живет кысь. Сидит она на темных ветвях и кричит так дико и жалобно: кы-ысь! кы-ысь! – а видеть ее никто не может. Пойдет человек так вот в лес, а она ему на шею-то сзади: хоп! и хребтину зубами: хрусь! – а когтем главную-то жилочку нащупает и перервет, и весь разум из человека и выйдет. Вернется такой назад, а он уж не тот, и глаза не те, и идет, не разбирая дороги, как бывает, к примеру, когда люди ходят во сне под луной, вытянувши руки, и пальцами шевелят: сами спят, а сами ходят. Поймают его и ведут в избу, а иной раз для смеху поставят ему миску пустую, ложку в руку вторнут: ешь; он будто и ест, из пустой-то миски, и зачерпывает, и в рот несет, и жует, а после словно хлебом посудину обтирает, а хлеба-то в руке и нет; ну, родня, ясно, со смеху давится. Такой сам ничего делать не может, даже оправиться не умеет: каждый раз ему заново показывай. Ну, если жене или там матери его жалко, она его с собой в поганый чулан водит; а ежели за ним приглядеть некому, то он, считай, не жилец: как пузырь лопнет, так он и помирает.

Вот чего кысь-то делает.

На запад тоже не ходи. Там даже вроде бы и дорога есть – невидная, вроде тропочки. Идешь-идешь, вот уж и городок из глаз скрылся, с полей сладким ветерком повевает, все-то хорошо, все-то ладно, и вдруг, говорят, как встанешь. И стоишь. И думаешь: куда же это я иду-то? Чего мне там надо? Чего я там не видел? Нешто там лучше? И так себя жалко станет! Думаешь: а позади-то моя изба, и хозяюшка, может, плачет, из-под руки вдаль смотрит; по двору куры бегают, тоже, глядишь, истосковались; в избе печка натоплена, мыши шастают, лежанка мягкая… И будто червырь сердце точит, точит… Плюнешь и назад пойдешь. А иной раз и побежишь. И как завидишь издали родные горшки на плетне, так слеза и брызнет. Вот не дать соврать, на аршин брызгает! Право!..","поля необозримые, земли неведомые
ветви переплелись и пройти не пускают, колючие кусты за порты цепляют, сучья шапку с головы рвут
она ему на шею-то сзади: хоп! и хребтину зубами: хрусь!
когтем главную-то жилочку нащупает и перервет, и весь разум из человека и выйдет
он уж не тот, и глаза не те
со смеху давится
он, считай, не жилец
городок из глаз скрылся
сладким ветерком повевает, все-то хорошо, все-то ладно
будто червырь сердце точит, точит…
Плюнешь и назад пойдешь.
Вот не дать соврать, [слеза] на аршин брызгает! Право!..""",365,76,"20,82191781",12,"3,287671233","Городок Федор-Кузьмичск расположен на семи холмах, окруженный обширными полями и неизведанными землями. К северу простираются густые леса, захламленные валежником, переплетенные ветки деревьев мешают проходу, кустарники цепляются за одежду, ветви сбрасывают головные уборы. Согласно рассказам старожилов, в этих лесах обитает существо, называемое кысь. Оно сидит на ветках деревьев и издает странные звуки: кы-ысь! кы-ысь!, однако увидеть его невозможно. Когда человек входит в этот лес, кысь внезапно атакует его сзади, ломая позвоночник и разрывая важнейший кровеносный сосуд, вследствие чего человек теряет рассудок. Возвращаясь обратно, пострадавший уже не является прежним человеком, его взгляд становится бессмысленным, он двигается беспорядочно, как сомнамбул. Родственники приводят такого человека домой, иногда ради забавы ставят перед ним пустую тарелку и вручают ложку, имитируя прием пищи; потерпевший совершает механические движения, якобы принимая пищу, хотя тарелки пусты, родственники смеются над этим зрелищем. Самостоятельно больной человек не способен ни заботиться о себе, ни соблюдать гигиену, нуждаясь в постоянном уходе. Некоторые заботливые супруги или родители отводят его в специальное помещение, а если уход отсутствует, он умирает подобно лопнувшему пузырю.

Таким образом действует кысь.

Не рекомендуется идти также на запад. Хотя кажется, что там имеется едва заметная дорожка, похожая на тропинку, путь ведет прочь от города. Человек движется вперед, город постепенно исчезает из виду, легкие дуновения ветра приносят приятные ощущения, создается впечатление благополучия, но неожиданно возникает чувство растерянности: человек останавливается, задумываясь о цели своего путешествия, задается вопросом, зачем туда нужно идти, ведь он уже знаком с местностью впереди, и вряд ли там будет лучше. Возникает острое ощущение собственной беспомощности, терзание охватывает душу. Размышляя, человек вспоминает свою дом, возможно оплакивающую хозяйку, домашних куриц, тепло натопленной печи, уют домашней обстановки. Тоска усиливается, он чувствует себя потерянным и одиноким. Наконец, плевок заставляет его вернуться назад, иногда он даже бежит, испытывая облегчение при виде родных предметов издалека, и слезы текут непроизвольно. Действительно, настолько сильно, что капли катятся до самого подбородка."
23,24,Татьяна Толстая,Милая Шура,,2004,художественный,"Вы мне нравитесь, Александра Эрнестовна, вы мне очень нравитесь, особенно вон на той фотографии, где у вас такой овал лица, и на этой, где вы откинули голову и смеетесь изумительными зубами, и на этой, где вы притворяетесь капризной, а руку забросили куда-то на затылок, чтобы резные фестончики нарочно сползли с локтя. Мне нравится ваша никому больше не интересная, где-то там отшумевшая жизнь, бегом убежавшая молодость, ваши истлевшие поклонники, мужья, проследовавшие торжественной вереницей, все, все, кто окликнул вас и кого позвали вы, каждый, кто прошел и скрылся за высокой горой. Я буду приходить к вам и приносить и сливки, и очень полезную для глаз морковку, а вы, пожалуйста, раскрывайте давно не проветривавшиеся бархатные коричневые альбомы – пусть подышат хорошенькие гимназистки, пусть разомнутся усатые господа, пусть улыбнется бравый Иван Николаевич. Ничего, ничего, он вас не видит, ну что вы, Александра Эрнестовна!.. Надо было решиться тогда. Надо было. Да она уже решилась. Вот он – рядом, – руку протяни! Вот, возьми его в руки, держи, вот он, плоский, холодный, глянцевый, с золотым обрезом, чуть пожелтевший Иван Николаевич! Эй, вы слышите, она решилась, да, она едет, встречайте, всё, она больше не колеблется, встречайте, где вы, ау!
 Тысячи лет, тысячи дней, тысячи прозрачных непроницаемых занавесей пали с небес, сгустились, сомкнулись плотными стенами, завалили дороги, не пускают Александру Эрнестовну к ее затерянному в веках возлюбленному. Он остался там, по ту сторону лет, один, на пыльной южной станции, он бродит по заплеванному семечками перрону, он смотрит на часы, отбрасывает носком сапога пыльные веретена кукурузных обглодышей, нетерпеливо обрывает сизые кипарисные шишечки, ждет, ждет, ждет паровоза из горячей утренней дали. Она не приехала. Она не приедет. Она обманула. Да нет, нет, она же хотела! Она готова, и саквояжи уложены! Белые полупрозрачные платья поджали колени в тесной темноте сундука, несессер скрипит кожей, посверкивает серебром, бесстыдные купальные костюмы, чуть прикрывающие колени – а руки-то голые до плеч! – ждут своего часа, зажмурились, предвкушая… В шляпной коробке – невозможная, упоительная, невесомая… ах, нет слов – белый зефир, чудо из чудес! На самом дне, запрокинувшись на спину, подняв лапки, спит шкатулка – шпильки, гребенки, шелковые шнурки, алмазный песочек, наклеенный на картонные шпатели – для нежных ногтей; мелкие пустячки. Жасминовый джинн запечатан в хрустальном флаконе – ах, как он сверкнет миллиардом радуг на морском ослепительном свету! Она готова – что ей помешало? Что нам всегда мешает?","смеетесь изумительными зубами
где-то там отшумевшая жизнь
бегом убежавшая молодость
ваши истлевшие поклонники, мужья, проследовавшие торжественной вереницей
каждый, кто прошел и скрылся за высокой горой
раскрывайте давно не проветривавшиеся бархатные коричневые альбомы – пусть подышат хорошенькие гимназистки, пусть разомнутся усатые господа, пусть улыбнется бравый Иван Николаевич.
Вот он – рядом, – руку протяни!
возьми его в руки, держи, вот он, плоский, холодный, глянцевый, с золотым обрезом, чуть пожелтевший Иван Николаевич
Тысячи лет, тысячи дней, тысячи прозрачных непроницаемых занавесей пали с небес, сгустились, сомкнулись плотными стенами, завалили дороги, не пускают Александру Эрнестовну к ее затерянному в веках возлюбленному.
Он остался там, по ту сторону лет
пыльные веретена кукурузных обглодышей
ждет, ждет, ждет паровоза из горячей утренней дали
Белые полупрозрачные платья поджали колени в тесной темноте сундука, несессер скрипит кожей, посверкивает серебром
[бесстыдные купальные костюмы] ждут своего часа, зажмурились, предвкушая…
В шляпной коробке – невозможная, упоительная, невесомая… ах, нет слов – белый зефир, чудо из чудес!
запрокинувшись на спину, подняв лапки, спит шкатулка
Жасминовый джинн запечатан в хрустальном флаконе – ах, как он сверкнет миллиардом радуг на морском ослепительном свету!",369,155,"42,00542005",17,"4,60704607","Вы мне симпатичны, Александра Эрнестовна, особенно на одной вашей фотографии, где ваше лицо имеет определенную округлую форму, и на другой, где вы отклоняете голову назад и улыбаетесь красивой улыбкой, демонстрируя зубы, и еще на одной, где вы изображаете раздраженность, а рука ваша расположена на затылке таким образом, что кружевные украшения умышленно соскользнули с вашего локтя. Меня привлекает ваша обыденная, прошедшая незамеченной жизнь, быстро закончившаяся юность, умершие поклонники и бывшие супруги, последовавшие друг за другом последовательно, все те, кто обращался к вам, и те, кому адресовались обращения именно вами, каждый человек, встретившийся вам и исчезнувший навсегда из поля зрения. Я буду посещать вас регулярно и привозить молоко и морковь, которую полезно употреблять в пищу для улучшения состояния органов зрения, а вы, прошу вас, открывайте старые, долго хранившиеся альбомы из бархата темно-коричневого цвета, содержащие фотоснимки прошлого, чтобы освежить воспоминания о милых девушках-гимназистках, мужчинах средних лет с бородами и усами, улыбающемся мужественном мужчине по имени Иван Николаевич. Нет проблем, он вас не замечает, зачем беспокоиться, Александра Эрнестовна?! Необходимо было принять решение ранее. Нужно было. Но ведь вы приняли решение уже давно. Его изображение находится здесь близко, вытяните руку и дотроньтесь! Возьмите фотографию Ивана Николаевича, подержите в руках, она плоская, прохладная, слегка блестящая, края обложки покрыты тонким слоем золота, бумага немного пожелтела. Послушайте меня внимательно, вы поняли: она приняла решение ехать, теперь она точно собирается отправиться туда, прекратила колебаться окончательно, встречайте ее, где вы находитесь сейчас?
Многочисленные события, дни и годы сменяли друг друга подобно прозрачным тканям, закрывающим видимость, плотно уплотняясь вокруг и создавая препятствия на пути Александры Эрнестовны к ее далекому любимому человеку. Любимый остался в прошлом, живет отдельно от нее во времени, одинокий, пребывая на старой железнодорожной станции южного региона, он неспешно перемещается вдоль грязного железнодорожного полотна, покрытым брошенными семечками, периодически поглядывает на наручные часы, отталкивая ногой сухие стебли початков кукурузы, отрывая иголки сосновых деревьев, ожидая прибытия поезда издалека, нагретого солнечными лучами. Однако поезд не прибыл. Поезд не прибудет сюда. Обещание поездки оказалось ложью. Нет-нет, неверно утверждать, будто она отказалась, ведь желание поехать существовало! Желание возникло, и необходимые вещи упакованы заранее. Легкие белые наряды одежды аккуратно сложены внутри закрытого деревянного контейнера, футляр из кожи потрескивается от долгого хранения, поверхность металлических деталей блестит слабым светом, непристойные предметы гардероба для плавания ожидают возможности надеть себя кем-либо вновь, испытывая чувство ожидания... Внутри коробки, предназначенной специально для головных уборов, хранится удивительно легкий и приятный материал белого оттенка, обладающий воздушностью и легкостью. Еще одна коробка содержит предмет, расположенный вверх ногами, представляющий собой коробочку с различными мелкими предметами внутри: заколки, расчески, тонкие ленты из шелковой ткани, мельчайшие крупицы кристаллических камней, приклеенные к небольшим деревянным инструментам, применяемым для ухода за ногтями рук; также имеются незначительные мелочи. Бутылочка, содержащая ароматизированную жидкость с запахом жасмина, закрыта герметично стеклянной пробкой, при попадании солнечного света способна отражать лучи яркими переливающимися цветами. Готовность путешествия была обеспечена, однако что препятствовало осуществлению замысла? Что обычно становится причиной препятствий наших планов?"
24,25,Аркадий и Борис Стругацкие,Пикник на обочине,,1972,художественный,"Он упал лицом в траву, и она разлетелась в пыль под его щекой, и он заскрипел зубами 
от злости, что так не повезло. Он лежал, стараясь не двигаться, все еще надеясь, что, может 
быть, про несет, хотя и понимал, что они попались. Жар усиливался, наваливался, 
обволакивал все тело, как простыня, смоченная кипятком, глаза залило потом, и Рэдрик 
запоздало крикнул Арчибальду: «Не шевелись! Терпи!». И стал терпеть сам. И он бы 
вытерпел, и все, может быть, обошлось бы более или менее благополучно, без всяких потерь, 
но не выдержал Арчибальд. То ли он не расслышал Рэдрика, то ли перепугался до того, что 
забыл все наказы и заповеди, то ли разом припекло его еще сильнее, чем Рэдрика, во всяком 
случае, управлять собой он перестал и слепо, с каким-то горловым воплем кинулся, 
пригнувшись, куда погнал его бессмысленный инстинкт — назад, как раз туда, куда бежать 
уж никак было нельзя. Рэдрик едва успел приподняться и обеими руками обхватить его за 
ногу, и он всем телом грянулся о землю, подняв тучу пепла, взвизгнул неестественно 
высоким голосом и лягнул Рэдрика свободной ногой в лицо, забился и задергался, но Рэдрик, 
сам уже плохо соображая от боли, наполз на него, прижимаясь обожженным лицом к 
кожаной куртке, стремясь задавить, втереть в землю, обеими руками держа за длинные 
волосы дергающуюся голову и бешено колотя носками ботинок и коленями по ногам, по 
земле, по заду. Он смутно слышал стоны и мычание, доносившиеся из-под него, и свой 
собственный хрип: «Лежи, сволочь, лежи, убью…», а сверху на него все наваливали и 
наваливали груды раскаленного угля, и уже полыхала на нем одежда, и трещала, вздуваясь 
пузырями и лопаясь, кожа на ногах и боках, и он, уткнувшись лицом в серый пепел, 
судорожно уминая грудью голову этого проклятого сопляка, не выдержал и заорал изо всех 
сил… ","[трава] разлетелась в пыль
заскрипел зубами от злости
надеясь, что, может быть, пронесет
они попались
Жар усиливался, наваливался, обволакивал все тело, как простыня, смоченная кипятком
глаза залило потом
перепугался до того, что забыл все наказы и заповеди
разом припекло его еще сильнее
слепо, с каким-то горловым воплем кинулся, 
пригнувшись, куда погнал его бессмысленный инстинкт
грянулся о землю, подняв тучу пепла
стремясь задавить, втереть в землю
бешено колотя
Он смутно слышал
сверху на него все наваливали и 
наваливали груды раскаленного угля
уминая грудью голову этого проклятого сопляка
заорал изо всех сил",289,75,"25,95155709",18,"6,228373702","Он упал лицом в траву, которая превратилась в мелкие частицы пыли под его щекой, и сжался от раздражения, потому что оказался неудачливым. Лежал неподвижно, рассчитывая, что опасность минует сама собой, хотя осознавал неизбежность неудачи. Температура увеличивалась, охватывала всё тело подобно мокрой горячей простыне, пот струился в глазах, и лишь после этого Рэдрик громко предупредил Арчибальда: «Не двигайся! Терпите!» Сам тоже терпеливо ожидал дальнейшего развития событий. Возможно, ситуация разрешилась бы относительно удачно, без существенных последствий, однако первым сдался Арчибальд. Вероятно, он либо не услышал предупреждения Рэдрика, либо настолько испугался, что позабыл наставления и правила поведения, либо внезапно ощутил ещё большую боль, нежели Рэдрик. В результате он потерял способность контролировать себя и необдуманно бросился вперёд, пригнувшись и издав нечленораздельный звук, движимый примитивным инстинктом самосохранения — назад, хотя именно там находиться было крайне опасно. Рэдрику удалось быстро подняться и схватить его за ногу двумя руками, вследствие чего Арчибальд всей массой тела ударился о поверхность земли, поднял облако золы, вскрикнул странным высоким голосом и резко пнул Рэдрика другой ногой прямо в лицо, начал беспорядочно извиваться и брыкаться. Несмотря на мучительную боль, Рэдрик накрыл его своим телом, прижавшись обожжённым лицом к кожаному материалу одежды, пытаясь физически подавить сопротивление противника, удерживая рукой дергающуюся голову и хаотично бил ногами и коленями по земле, телу и конечностям Арчибальда. Нечётко различая звуки дыхания и слабого стенания снизу, Рэдрик бессвязно произнёс сквозь сдавленное дыхание: «Тихо лежать, негодяй, иначе убью...», ощущая сверху давление множества горячих углей, воспламенявших одежду, треск кожи на поверхности конечностей и туловища, пузырящейся и разрывающейся от жара. Упрятав своё лицо в серую золу, судорожно придавливая грудь к голове другого человека, он больше не мог сдерживать эмоции и издал громкий протяжный крик."
25,26,Аркадий и Борис Стругацкие,Пикник на обочине,,1972,художественный,"Да, хотел бы я знать, чем все это кончится. Десять лет назад я совершенно точно знал, 
чем это должно кончиться. Непреодолимые кордоны. Пояс пустоты шириной в пятьдесят 
километров. Ученые и солдаты, больше никого. Страшная язва на теле моей планеты должна 
быть заблокирована намертво. И ведь надо же, вроде бы все так считали, не только я. Какие 
произносились речи, какие предлагались законопроекты… И теперь уже даже не вспомнишь, 
каким образом эта всеобщая стальная решимость расплылась вдруг киселем. С одной 
стороны — нельзя не признать, с другой стороны — нельзя не согласиться. Кажется, все 
началось, когда первые сталкеры вынесли из Зоны первые «этаки». «Батарейки»… Да, 
кажется, с этого и началось. Язва оказалась не такой уж язвой, и даже не язвой вовсе, а 
сокровищницей… А теперь уже никто и не знает, что это. Пользуются помаленьку… Десять 
лет корячатся, миллиарды ухлопали, а организованного грабежа наладить так и не могут. 
Каждый делает свой маленький бизнес, а ученые лбы с важным видом сообщают: с одной 
стороны, нельзя не признать, а с другой стороны, нельзя не согласиться, поскольку объект 
такой-то, будучи облучен рентгеном под углом восемнадцать градусов, испускает 
квазитепловые электроны. Ну их к дьяволу. Все равно до самого конца мне не дожить…
","Да, хотел бы я знать, чем все это кончится. Десять лет назад я совершенно точно знал, чем это должно кончиться.
Пояс пустоты шириной в пятьдесят километров.
Страшная язва на теле моей планеты должна быть заблокирована намертво.
вроде бы все так считали
Какие произносились речи, какие предлагались законопроекты…
всеобщая стальная решимость расплылась вдруг киселем
С одной стороны — нельзя не признать, с другой стороны — нельзя не согласиться.
Язва оказалась не такой уж язвой, и даже не язвой вовсе, а сокровищницей…
Пользуются помаленьку…
Десять лет корячатся
миллиарды ухлопали
организованного грабежа наладить так и не могут.
Каждый делает свой маленький бизнес
ученые лбы с важным видом сообщают
с одной стороны, нельзя не признать, а с другой стороны, нельзя не согласиться
Ну их к дьяволу.
до самого конца мне не дожить",195,112,"57,43589744",17,"8,717948718","Хотел бы я узнать итог всего происходящего. Десять лет назад я был абсолютно уверен в результате. Должна была существовать непроходимая граница. Полоса протяженностью пятьдесят километров, где находились исключительно учёные и военные. Опасная область на поверхности моей планеты должна была быть надёжно блокирована. Казалось, большинство разделяло мою точку зрения. Какие выступления звучали, какие проекты законов выдвигались... Теперь невозможно вспомнить, каким способом прежняя твёрдая уверенность неожиданно исчезла. По сути, одна позиция верна, другая также справедлива. Вероятно, процесс начался, когда сталкеры впервые принесли из опасной зоны необычные предметы, называемые батареями. Выяснилось, что данная территория представляла собой не угрозу, а кладезь ценных ресурсов. Сейчас уже никто точно не осознаёт природу этой области. Люди используют ресурсы постепенно. Уже десять лет продолжаются исследования, потрачено огромное количество денег, однако эффективная система добычи пока не создана. Каждый человек ведёт собственную небольшую коммерческую деятельность, а учёные авторитетно заявляют: учитывая определённые аспекты, следует принять одну позицию, одновременно признавая обоснованность противоположной точки зрения, потому что конкретный объект после воздействия рентгеновского излучения под заданным углом испускает квазитепловые электроны. Но всё равно я не смогу дождаться завершения ситуации."
26,27,Виктория Ледерман,Теория невероятностей,,2018,художественный,"День не заладился с самого утра: отключили интернет. Когда сонный Матвей перетек из кровати в компьютерное кресло и практически на ощупь прогулялся пальцами по клавиатуре, его ждал сюрприз: нет соединения. Он позвонил провайдеру и услышал ответ:

– Авария на магистральной линии. Вероятно, будет ликвидирована в течение суток.

Матвей тупо смотрел на экран монитора, пытаясь осознать размеры катастрофы. Вот это подстава! Целые сутки без интернета? Все, конец. Отрезан от мира. Отключен от цивилизации. Кошмар! Жуть! Самая кошмарная жуть, которая только могла произойти в понедельник в девять утра. До школы еще уйма времени – целых четыре часа. Можно было бы зарубиться в какой-нибудь шутер с френдами по сети или зависнуть на любимом сервере «Майнкрафт». Конечно, есть еще интернет в телефоне, но это совсем не то. Играть нужно с хорошим изображением и качественным звуком, так, чтобы соседи подскакивали в своих креслах.

Матвей в состоянии вселенской скорби притащился на кухню, забрался на стул у барной стойки, подпер голову руками и горестно вздохнул. Утро было испорчено. Мама же, наоборот, бодро цокала домашними босоножками – от холодильника к обеденному столу, от стола к плите, от плиты к кофеварке, от кофеварки снова к столу. У Матвея от этого мельтешения зарябило в глазах.

– Хочу сок и тост! – мрачно потребовал он.

Мама мимоходом поцеловала его в макушку:

– Доброе утро, злючка-колючка!

Матвей недовольно дернул головой. Ну что она вечно лезет со своими нежностями? Знает ведь, что он ненавидит все эти муси-пуси. Он же не девчонка, в самом деле.","День не заладился с самого утра
сонный Матвей перетек из кровати в компьютерное кресло
практически на ощупь прогулялся пальцами по клавиатуре
его ждал сюрприз: нет соединения
тупо смотрел
осознать размеры катастрофы
Вот это подстава!
Все, конец. Отрезан от мира. Отключен от цивилизации. Кошмар! Жуть! Самая кошмарная жуть, которая только могла произойти в понедельник в девять утра.
уйма времени
зарубиться в какой-нибудь шутер с френдами
зависнуть на любимом сервере
это совсем не то
Играть нужно с хорошим изображением и качественным звуком, так, чтобы соседи подскакивали в своих креслах.
Матвей в состоянии вселенской скорби притащился на кухню, забрался на стул у барной стойки, подпер голову руками и горестно вздохнул.
бодро цокала домашними босоножками
от этого мельтешения зарябило в глазах
злючка-колючка
лезет со своими нежностями
муси-пуси
Он же не девчонка, в самом деле.",234,111,"47,43589744",20,"8,547008547","С самого начала дня возникли проблемы: прекратилась работа интернета. Сонный Матвей сел в компьютерное кресло и коснулся клавиш клавиатуры почти случайно, обнаружив неприятную новость: соединение отсутствует. Позвонив своему поставщику услуг, он получил следующий ответ:

– Произошла авария на магистральной линии связи. Вероятно, неполадка будет устранена примерно за двадцать четыре часа.

Матвей внимательно рассматривал изображение на экране своего компьютера, стараясь осознать серьезность ситуации. Это был большой удар! В течение двадцати четырех часов доступ к интернету невозможен. Это ужасно! Впереди оставалось много свободного времени до начала занятий в школе – около четырёх часов. За это время он мог бы поиграть онлайн с друзьями в какую-либо игру или провести время на своем любимом игровом сервере Minecraft. Разумеется, мобильный телефон также имеет выход в сеть, однако качество такого подключения недостаточно хорошее. Для полноценного игрового процесса необходимы высокая четкость графики и качественный звук, вызывающие реакцию соседей.

Огорчённый происходящим, Матвей направился на кухню, устроившись на стуле возле барной стойки, положил руки на лицо и тяжело выдохнул. День уже был испорчен. Его мать, напротив, энергично ходила по кухне в домашних туфлях – перемещаясь между холодильником, столом, плитой, кофеваркой и обратно. Наблюдая за этими движениями, Матвей испытывал раздражение.

– Мне нужен сок и тост, – произнес он хмурым голосом.

По пути мимо стула мама быстро прикоснулась губами к голове сына:

– Доброе утро, мой сердитый мальчик!

Матвей резко повернул голову, демонстрируя недовольство. Почему она постоянно проявляет чрезмерную заботливость? Она прекрасно осведомлена, что он испытывает неприязнь ко всей этой сентиментальности. Ведь он не девочка."
27,28,Виктория Ледерман,Календарь ма(й)я,,2016,художественный,"Открыв дверь в салон, Лена остановилась как громом пораженная. Она увидела в зале студентку Марину, застегивающую на себе рабочий халат. У Лены подкосились ноги. Она опять все перепутала. Она продолжала жить по расписанию пятницы, хотя для всех остальных была среда. Это означало, что в услугах Лены здесь сегодня не нуждаются и что никакой зарплаты не будет. На самом деле уборщицей в салоне работала Марина, а Лена ее подменяла по вторникам и пятницам.

– Лен, ты чего пришла? Не твоя же смена, – удивленно сказала тетя Мила, пожилая парикмахерша, которая и договорилась с хозяйкой, чтобы несовершеннолетнюю школьницу неофициально взяли на работу.

– Моя! Еще как моя! – звенящим голосом завопила Лена, чувствуя, что теряет над собой контроль. Сколько можно выносить весь этот бред! Она словно попала в театр абсурда. Когда же это закончится?

– Лен, твоя смена в пятницу, ты перепутала, – улыбнулась парикмахерша.

– Тетя Мила, ну хоть вы признайтесь, что сегодня пятница! – взмолилась девочка. – Что с вами всеми происходит?!

– Лена, тебе нехорошо?

– Это вам нехорошо! Это вы сошли с ума и думаете, что сегодня среда.

Две клиентки, сидящие в креслах, с интересом наблюдали за происходящим. Тетя Мила подхватила Лену под руку и утащила в подсобное помещение, чтобы не привлекать всеобщего внимания. Там она налила ей воды и усадила на старый продавленный диван.

– Переработалась, – говорила она, гладя Лену по голове, – переутомилась. Виданное ли дело, чтобы двенадцатилетний ребенок работал так, как и некоторые взрослые не работают! Отдохнуть тебе надо, с подружками погулять.

– Я не ребенок, – мотнула головой Лена, сбрасывая ее руку. – И мне уже тринадцать.

– Двенадцать, тринадцать. Какая разница? Тебе в куклы играть надо, а ты всю семью тащишь на себе.

– Мне только кукол не хватает! Время впустую тратить! И так день короткий, ничего не успеваю.

– Горемыка, – вздохнула тетя Мила. – Слушай, Лен, я тут одежонку насобирала для твоих мальчишек. Хорошая еще, внук аккуратно носит.

– Не надо, – сказала Лена, поднимаясь.

– Как же не надо? Мальчишки ведь, все как на огне горит!

","остановилась как громом пораженная
У Лены подкосились ноги.
Она опять все перепутала.
в услугах Лены здесь сегодня не нуждаются
Еще как моя!
звенящим голосом завопила
теряет над собой контроль
Сколько можно выносить весь этот бред! Она словно попала в театр абсурда. Когда же это закончится?
Что с вами всеми происходит?!
тебе нехорошо?
Это вам нехорошо!
Это вы сошли с ума
всеобщего внимания
Тебе в куклы играть надо, а ты всю семью тащишь на себе.
Мне только кукол не хватает!
Горемыка
одежонку насобирала
все как на огне горит",298,70,"23,48993289",18,"6,040268456","Открыв дверь салона, Лена замерла, увидев студентку Марину, надевавшую рабочий халат. Ноги у нее ослабели. Она снова ошиблась: жила по графику пятницы, тогда как остальные считали, что сейчас среда. Из-за этой ошибки Лена лишилась работы на сегодняшний день и заработка. Дело в том, что уборка в салоне осуществлялась Мариной, а Лена выполняла эту работу по вторникам и пятницам.

– Лена, почему ты пришла сюда? Сегодня же не твоя смена, – спросила пожилая сотрудница-парикмахерша, которая договаривалась с владелицей о трудоустройстве несовершеннолетней ученицы вне официального оформления.

– Сегодня моя смена! Именно моя! – громко закричала Лена дрожащим голосом, ощущая потерю контроля над собой. Ее раздражали постоянные путаницы и невозможность разобраться во всей ситуации. Казалось, будто она оказалась в бессмысленном мире, где всё шло наперекосяк. Но когда же это прекратится?

– Лена, твоя смена бывает в пятницу, сегодня ты ошиблась днем недели, – спокойно произнесла парикмахерша.

– Пожалуйста, скажите правду, тетя Мила, разве сегодня не пятница?! – попросила девочка. – Почему никто не признает очевидного?

– С тобой всё нормально, Лена?

– Нет, ненормально именно с вами! Вы потеряны и считаете, что сегодня среда.

Две посетительницы внимательно смотрели на происходящее. Парикмахерша взяла Лену за локоть и отвела в служебное помещение, чтобы избежать любопытства окружающих. Здесь она дала девочке стакан воды и посадила на изношенный диван.

– Устала ты сильно, – рассуждала она, поглаживая Лену по волосам, – утомилась чрезмерной работой. Редко встретишь ребенка, работающего больше многих взрослых людей. Нужно отдохнуть, провести время с друзьями.

– Я не ребенок, – ответила Лена, отстраняясь от прикосновения женщины. – Мне уже исполнилось тринадцать лет.

– Тринадцать, двенадцать... какая разница? Ты должна отдыхать и развлекаться, а ты одна заботишься обо всей семье.

– От игрушек меня только избавьте! Нет смысла терять время зря! День такой короткий, столько всего нужно успеть сделать.

– Бедняжка, – вздохнула женщина. – Я собрала одежду для твоих братьев. Одёжка хорошая, мой внук аккуратен в обращении.

– Ничего не нужно, – отказалась Лена, вставая.

– Но мальчики быстро растут, одежда быстро становится мала!

"
28,29,Дмитрий Глуховский,Метро 2033,,2002,художественный,"Артем нехотя поднялся со  своего места у  костра и, перетягивая автомат со  спины
на грудь, двинулся во тьму. Стоя на самом краю освещенного пространства, он демонстра-
тивно, как можно громче и внушительней, щелкнул затвором и хрипло крикнул:
– Стоять! Пароль!
Из  темноты, откуда минуту назад раздавались странный шорох и  глухое бормотание,
послышались спешные, дробные шаги. Кто-то отступал вглубь туннеля, напуганный сиплым
Артемовым голосом и бряцанием оружия. Артем спешно вернулся к костру и бросил Петру
Андреевичу:
– Да нет, не показалось. Не назвался, удрал.
– Эх ты, раззява! Тебе же было сказано: не отзываются – сразу стрелять! Откуда тебе
знать, кто это был? Может, это черные подбираются!
–  Нет… Я думаю, это  вообще не  люди… Звуки очень странные… Да и  шаги у  него
не человеческие. Что же я, человеческих шагов не узнаю? А потом, если бы это были черные,
разве они хоть раз вот так убегали? Вы же сами знаете, Петр Андреевич, в последнее время
черные вперед сразу бросаются – и на дозор нападали уже с голыми руками, и на пулемет шли
в полный рост. А этот удрал сразу… Какая-то трусливая тварь.
– Ладно, Артем! Больно ты умный! Есть у тебя инструкция – и действуй по инструкции,
а не рассуждай. Может, это лазутчик был. Увидел, что нас здесь мало, и – превосходящими
силами… Может, нас сейчас здесь прихлопнут за милую душу, ножом по горлу, и станцию
всю вырежут вон, как с Полежаевской вышло, а все потому, что ты вовремя не срезал гада…
Смотри у меня! В следующий раз по туннелю за ними бегать заставлю!
Артем поежился, представляя себе туннель за семисотым метром. Страшно было даже
помыслить о том, чтобы показаться там. За семисотый метр на север не отваживался ходить
никто. Патрули доезжали до пятисотого и, осветив пограничный столб прожектором с дрезины,
убедившись, что никакая дрянь не переползла за него, торопливо возвращались. Разведчики,
здоровые мужики, бывшие морские пехотинцы, и те останавливались на шестьсот восьмиде-
сятом, прятали горящие сигареты в ладонях и замирали, прильнув к приборам ночного виде-
ния. А потом медленно, тихо отходили назад, не спуская глаз с туннеля и ни в коем случае
не поворачиваясь к нему спиной.","двинулся во тьму
самом краю освещенного пространства
демонстративно, как можно громче и внушительней, щелкнул затвором
глухое бормотание
спешные, дробные шаги
Эх ты, раззява!
черные подбираются
Что же я, человеческих шагов не узнаю?
с голыми руками
на пулемет шли в полный рост
трусливая тварь
Больно ты умный!
Увидел, что нас здесь мало, и – превосходящими силами…
прихлопнут за милую душу
ножом по горлу, и станцию
всю вырежут вон, как с Полежаевской вышло,
вовремя не срезал гада
Смотри у меня!
Артем поежился, представляя себе туннель
Страшно было даже помыслить
не отваживался ходить никто
никакая дрянь не переползла
здоровые мужики
замирали, прильнув к приборам ночного видения
ни в коем случае
не поворачиваясь к нему спиной",235,61,"25,95744681",26,"11,06382979","Артем медленно встал с места около огня и, перебрасывая оружие спереди на грудь, направился в темноту. Остановившись возле границы освещённой зоны, он громко и заметно щёлкнул затвором автомата и хрипло прокричал:
– Стойте! Назовите пароль!
Из темноты, где несколько минут назад слышались необычные звуки и приглушённые голоса, послышались быстрые и частые шаги. Кто-то поспешно удалялся глубже в туннель, испуганный резким голосом Артема и звуками его оружия. Артем быстро вернулся обратно к костру и сказал Петру Андреевичу:
– Нет, мне действительно показалось. Человек не назвал себя и убежал.
– Ты глупец! Мы же говорили тебе: если человек не называет пароль, нужно немедленно стрелять! Откуда тебе известно, кем был этот человек? Возможно, это были враждебные люди, приближающиеся скрытно!
– Нет... Мне кажется, это вовсе не люди... Шумы были очень необычными... И шаги звучали совсем иначе. Разве я не способен отличить человеческие шаги? К тому же, если бы это были враги, разве они когда-нибудь раньше так бежали прочь? Ведь вы сами прекрасно осведомлены, Пётр Андреевич, что в последнее время враги сразу атакуют открыто — некоторые нападения совершались безоружными людьми, другие дерзко пытались захватить пулемёт, стоя прямо напротив него. Но этот человек сразу сбежал... Похоже, он проявлял признаки страха.
– Хорошо, Артем! Очень уж ты мудрый стал! Твоя задача действовать согласно инструкции, а не рассуждать долго. Это мог быть разведчик противника. Он увидел, что нас немного, и теперь возможно организует нападение большими силами... Вероятно, скоро мы будем убиты противником, подобно случаю на станции Полежаевская, а всё лишь потому, что ты своевременно не уничтожил нарушителя...
Артём ощутил беспокойство, мысленно представляя себе пространство туннеля после отметки семьсот метров. Даже подумать о посещении этого участка вызывало чувство сильного страха. Никто ранее не решался заходить дальше седьмой сотни метров на север. Патруль регулярно проезжал до пятисотой отметки, проверял границу фонариком и убедившись, что никаких угроз не обнаружено, быстро возвращался. Разведывательные группы, состоящие из крепких мужчин, бывших морских пехотинцев, также ограничивались шестьюстами восемьюдесятью метрами. Они скрывали светящиеся сигареты в руках и напряжённо наблюдали сквозь приборы ночного видения. Затем осторожно и бесшумно отходили обратно, внимательно следя за туннелем и ни в коем случае не поворачиваясь к нему спиной."
29,30,Дмитрий Глуховский,Текст,,2017,художественный,"Через Третье кольцо медленно проворачивали миллион автомобилей, фары горели днем, грязь из-под колес была взвешена в воздухе, люди выкипали из подземных переходов, Москва ворочалась и дышала. Живая. Илье хотелось трогать ее, трогать все подряд, гладить. Он семь лет хотел потрогать ее, Москву.

– Мне до Лобни.

Электрички поменялись сильно.

Он их помнил замызганными, зелеными, с исцарапанными стеклами, с изрисованными боками, с деревянными общими скамейками, пол в подсолнечной шелухе, пиво пролитое испаряется медленно, и все этим пивом пропахло. А теперь: белые новые поезда с желтыми стрелами на бортах, сиденья мягкие: каждому – свое. Пассажиры сидели чинно. Белые поезда их облагородили.

– Не хочешь со мной на Навку сходить? Ледовое шоу, – говорила одна ухайдоканная тетка другой. – Я тот раз была, феерия.

– Может, и сходила бы. Навка-то за этого выскочила, с усами, ну? Который путинский секретарь. Ничего мужчина, – отвечала та, более чем пятидесятилетняя, оштукатуренная поверх измождения. – Импозантный.

– Да ну его, – отмахивалась первая. – Навка и получше бы себе могла. Мне вот знаешь кто нравится? Лавров. Лавров хороший. Я бы с Лавровым лично. Он и порешительней твоего усатого будет.

Илья слушал и ничего не понимал. Поезд медлил. Пустые кишки урчали, под ложечкой сосало. На привокзальный чебурек он денег пожалел: цены в ларьке были московскими, а транспортные ему выдавали соликамскими. Зачем тратиться на чебурек, когда скоро мамины щи горячие?

Очень захотелось этих щей. Трехдневных. Со сметанкой. Хлеба туда сухого покрошить, как в детстве, как дед показывал. Баланду навести. Притопить корки в супе, но не до мякиша, а чтобы чуть-чуть еще хрустко было, подышать щами – и, обжигаясь, ложку в рот.

","медленно проворачивали миллион автомобилей
фары горели днем, грязь из-под колес была взвешена в воздухе
люди выкипали из подземных переходов
Москва ворочалась и дышала. Живая. Илье хотелось трогать ее, трогать все подряд, гладить. Он семь лет хотел потрогать ее, Москву.
Электрички поменялись сильно.
Пассажиры сидели чинно. Белые поезда их облагородили.
ухайдоканная тетка
Я тот раз была, феерия.
Навка-то за этого выскочила, с усами, ну?
Ничего мужчина
более чем пятидесятилетняя, оштукатуренная поверх измождения
Да ну его, – отмахивалась первая.
Навка и получше бы себе могла.
Я бы с Лавровым лично.
твоего усатого
Поезд медлил.
Пустые кишки урчали, под ложечкой сосало.
привокзальный чебурек
он денег пожалел
цены в ларьке были московскими, а транспортные ему выдавали соликамскими
Баланду навести.
еще хрустко было",254,97,"38,18897638",22,"8,661417323","На Третьем транспортном кольце медленно двигались миллионы машин, дневной свет освещал включенные фары, пыль от колёс висела в воздухе, люди выходили из подземного перехода, город выглядел живым. Илья испытывал желание прикоснуться ко всему вокруг, провести рукой по предметам, окружающим его. Уже семь лет он мечтал почувствовать соприкосновение с Москвой.

— Мне нужно добраться до Лобни.

Сильно изменился внешний вид электричек.

Раньше он видел грязные зелёные вагоны с испорченными окнами, нарисованные надписи на стенах, деревянные общие лавки, пол был покрыт шелухой семян подсолнуха, пролившееся пиво долго высыхало, везде ощущался запах пива. Теперь же появились чистые белоснежные составы с жёлтыми полосами вдоль бортов, внутри установлены удобные кресла для каждого пассажира отдельно. Люди вели себя сдержанно, аккуратнее стали выглядеть благодаря новым поездам.

— Ты не хочешь пойти со мной посмотреть ледовое представление с участием Навки? — спросила одна женщина другую. — В прошлый раз мне понравилось, зрелище потрясающее.

— Возможно, и пошла бы. Ведь сама Навка вышла замуж за этого человека с усами, помощника президента Путина. Мужчина симпатичный, внушительный, эффектный, — ответила другая женщина, выглядевшая значительно старше первой и накрасившаяся поверх утомлённого лица.

— Нет уж, — возразила первая собеседница. — Она могла найти кого-нибудь лучше. Мне больше нравится Сергей Лавров. Лавров замечательный человек. Я бы предпочла отправиться куда-либо именно с ним. Лавров гораздо решительнее вашего усатого.

Илья прислушивался к разговору, но не мог разобраться в сути беседы. Электричка задерживалась. У него возникло чувство голода, желудок пустовал и неприятно ныл. Покупать чебуреки возле вокзала он отказался, поскольку стоимость продуктов здесь была завышена относительно той суммы, которую ему предоставляли для транспортных расходов. Зачем тратить деньги на перекус, если вскоре он сможет съесть горячие домашние щи матери?

Ему страстно захотелось отведать эти щи трёхдневной давности, добавив немного сметаны сверху, измельчив сухарик хлеба прямо в тарелку, как делал в детстве после примера своего деда. Затем размочить кусочки хлебной корочки в супе, но оставить их слегка твёрдыми, вдохнуть аромат блюда и осторожно положить горячую ложку в рот."
30,31,Владимир Сорокин,Норма,,1983,художественный,"Кот спрыгнул со стула, потрусил за ним.

В комнате Алексей Кириллович поставил чашку на заваленный бумагами стол, сел в кресло, положил перед собой пачку машинописных листов, полистал:

– Мммм это было… ага… это да… ага! Вот. Зададим мультипликативный закон, определяемый таблицей три… так… нейтральный элемент относительно… так… относительно… так… но, милый мой, это же тютелька в тютельку реферат Юрковского. Конечно, ведь если тело упорядочено, то множество реперов может быть разбито на два подмножества, чего он Америку открывает?.. Так. Такая матрица определяет отображение энмерного векторного пространства в другое векторное пространство. Ну и что? Это ведь теорема о невыраженной матрице! Юморист.

Алексей Кириллович выдвинул ящик стола, вынул лежащую на салфетке норму и, не отрываясь от листков, стал отщипывать кусочки, изредка запивая чаем:

– Так… так… ну, а это уж тоже ведь… умножение матрицы на скаляр дистрибутивно относительно сложения скаляров… ну… так… это было… а где он про линейную комбинаторику трепется?.. ага… символ Кронекера, равный нулю, если множество квадратичных матриц образует кольцо относительно суммы и произведения… ну и что? А где же два тензора пространства? Они же эквивалентны.

Крошки нормы падали ему на колени, сыпали на пол. Синус лежал на диване, положив морду между лап.

– А как же класс тензоров определить? Ведь это элементы внешнего ряда, чудак… ну… а зачем билинейную структуру рассматривать? Юморист! Нам важно знать параметры левого тензора, а не кривую полиноминальной функции… а здесь что?.. ага… ну это ясно… ага… тут он… так. Так! Интересно! И что же? Это в пику евклидову пространству! Бог ты мой! Ха-ха, ха-ха! О, держите меня! Полярная форма фундаментальной полиноминальной функции называется скалярным рассеянием! Ха-ха-ха! В огороде бузина, в Киеве дядька!","заваленный бумагами стол
милый мой, это же тютелька в тютельку реферат Юрковского
чего он Америку открывает?..
Юморист.
где он про линейную комбинаторику трепется?..
Ведь это элементы внешнего ряда, чудак…
Юморист!
Это в пику евклидову пространству! Бог ты мой!
О, держите меня!
В огороде бузина, в Киеве дядька!",261,38,"14,55938697",10,"3,831417625","Кот спрыгнул со стула и побежал следом за ним.

В помещении Алексей Кириллович поставил чашку на стол, покрытый множеством документов, расположился в кресле, поместил перед собой стопку печатных страниц и начал пролистывать их:

– Да... вот оно... верно... точно! Определим операцию умножения согласно таблице номер три... нейтральный элемент относительно... относительно... но, дорогой друг, это абсолютно совпадает с работой Юрковского. Безусловно, поскольку поле упорядоченно, множество базисов можно разделить на две части, зачем он вновь раскрывает общеизвестные сведения? Далее. Подобная матрица задаёт преобразование одного n-мерного векторного пространства в другое. Что дальше? Эта информация известна давно, это всего лишь утверждение о разложении матрицы! Шутник.

Алексей Кириллович открыл ящик стола, взял ломтик хлеба, накрытый салфеткой, и, продолжая читать листы, принялся аккуратно отделять небольшие куски, периодически запивая их чаем:

– Продолжим... так... итак... произведение матрицы на число распределительно относительно операции сложения чисел... понятно... дальше... уже знакомо... где именно рассматривается тема линейной комбинации?... так... обозначение Кронекера равно нулю тогда, когда совокупность квадратных матриц формирует алгебраическую систему относительно операций суммирования и умножения... но какое это имеет отношение к делу? Где представлены два тензорных пространства? Ведь они идентичны.

Частицы хлеба падали ему на ноги, крошились на полу. Кот устроился на диване, уложив голову между передних конечностей.

– Как возможно классифицировать тензорные величины? Эти объекты принадлежат внешней структуре, глупец... следовательно... почему стоит анализировать билинейную конструкцию? Шутник! Необходимо выяснить характеристики левого тензорного поля, а не характеристику полиномиального выражения... сейчас посмотрим... так... теперь яснее... интересно! Это противоречит принципам евклидова пространства! Боже мой! Х-х-х! Удивительная вещь: полярная запись базовой полиномиальной функции именуется скалярным рассеиванием! Хо-хо-хо! Совершенно бессмысленно и никак не связано!"
31,32,Владимир Сорокин,День опричника,,2006,художественный,"Выходит от них поединщик: здоровенный скотник, морда тыквой. Скидывает тулуп, натягивает рукавицы, сопли утирает. Но мы к такому повороту готовы – Погода Сиволаю на руки кафтан свой черный сбрасывает, шапку с куньей оторочкой стряхивает, куртку парчовую скидывает, поводит плечом молодецким, шелком алым обтянутым, мне подмигивает, выступает вперед. Супротив Погоды в кулачном деле даже Масло – подросток. Невысок Погода, но широк в плечах, крепок в кости, ухватист да оборотист. Попасть в его харю гладкую трудно. А вот от него вмясо схлопотать – проще простого.

Озорно глядит Погода на соперника, с прищуром, поигрывает пояском шелковым:

– Ну что, сиволапый, готов битым быть?

– Не хвались, опричник, на рать идучи!

Погода и скотник ходят кругами, примериваются. И одеты они по-разному, и в положениях разных, и господам разным служат, а коль приглядеться – из одного русского теста слеплены. Русские люди, решительные.

Встаем кругом, смыкаемся с челядью. На кулачном поприще это в норме. Здесь все равны – и смерд и столбовой, и опричник и приказной. Кулак – сам себе государь.

Посмеивается Погода, подмигивает скотнику, поигрывает плечами молодецкими. И не выдерживает мужик, кидается с замахом кулака пудового. Приседает Погода, а сам скотника – под ложечку коротким тычком. Икнул тот, но выдюжил. Погода снова вокруг танцует, плечами, как девка срамная, покачивает, подмигивает, язык розовый показывает. Скотник танцы не уважает, крякает да опять размахивается. Но Погода упреждает – слева в скулу, справа по ребрам – хлесть! хлесть! Аж ребра треснули. А от кулака пудового снова увернулся. Взревел скотник медведем, замахал кулачищами, рукавицы теряя. Да все без толку: снова под ложечку да и по сопатке – хрясь! Оступается детина, как медведь-шатун. Сцепил руки замком, ревет, рассекает воздух морозный. Да все без толку: хлоп! хлоп! хлоп! Быстрые кулаки у Погоды: вот уж и морда у скотника в крови, и глаз подбит, и нос красную юшку пустил. Летят алые капли, рубинами сверкают на зимнем солнце, падают на снег утоптанный.

","морда тыквой
поводит плечом молодецким, шелком алым обтянутым
Супротив Погоды в кулачном деле даже Масло – подросток.
широк в плечах, крепок в кости, ухватист да оборотист
Попасть в его харю гладкую трудно.
от него вмясо схлопотать – проще простого
Озорно глядит Погода на соперника, с прищуром, поигрывает пояском шелковым:
сиволапый
Не хвались, опричник, на рать идучи!
из одного русского теста слеплены
Встаем кругом, смыкаемся с челядью.
Кулак – сам себе государь.
подмигивает скотнику, поигрывает плечами молодецкими
не выдерживает мужик
Икнул тот, но выдюжил.
Погода снова вокруг танцует, плечами, как девка срамная, покачивает, подмигивает, язык розовый показывает.
танцы не уважает
кулака пудового
Взревел скотник медведем
замахал кулачищами, рукавицы теряя
все без толку
да и по сопатке – хрясь
Оступается детина, как медведь-шатун.
рассекает воздух морозный
все без толку
Быстрые кулаки у Погоды
нос красную юшку пустил
рубинами сверкают на зимнем солнце",300,111,37,28,"9,333333333","Из группы выходит участник боя: крупный работник скотного двора, лицо широкое. Сбрасывает верхнюю одежду, надевает перчатки, вытирает нос. Мы ожидали такой поворот событий, потому Погода Сиволай снимает свою черную одежду, освобождается от головного убора с меховой отделкой, расстегивает парчовое верхнее платье, слегка двигает мускулистой рукой, обернутой красной тканью, подмигивает мне и выходит вперёд. В боях кулачных Погода значительно превосходит противника. Рост небольшой, однако плечи широкие, костяк крепкий, ловок и проворен. Ударить по лицу Покоя непросто. Зато получить удар от него легко.

Пристально смотрит Погода на оппонента, щурится, шевелит шёлковым поясом:

– Готов ли принять поражение?

– Хвастаться не стоит до начала сражения!

Противники перемещаются по кругу, оценивают друг друга. Несмотря на различия во внешнем виде, положении и принадлежности различным хозяевам, оба созданы одинаково из русской плоти и крови. Решительны русские люди.

Собираемся вокруг площадки для боя, объединяемся с людьми своего хозяина. Это обычное дело здесь. Все равны – и крестьянин, и дворянин, и правительственный служащий. Кулачный бой является самостоятельным действием.

Улыбаясь, Погода подмигивает работнику скотного двора, напрягая мышцы рук. Работник не сдержался, бросился первым ударом тяжёлого кулака. Наклоняется Погода, одновременно бьет работника в живот резким движением. Тот вскрикнул, но терпит боль. Погода вновь кружится вокруг, делает плавные движения руками, насмешливо мигает глазами, высовывает красный язык. Работник игнорирует подобные манёвры, тяжело дышит и вновь замахивается кулаком. Однако Погода опережает его – левый удар в скулу, правый по грудной клетке – хруст! хруст! Рёбра ломаются. Тяжёлого удара вновь избежал. Громко кричит работник скотного двора, машет большими кулаками, теряет перчатку. Безрезультатно: снова получает удары в область живота и носа – резко! Мужчина отступает назад, словно дикий зверь зимой. Скрещивает пальцы обеих рук, громко рычит, разрезает холодный воздух движениями тела. Напрасно: бах! бах! бах! Быстро работает рука Погоды: теперь уже и лицо рабочего залито кровью, один глаз заплыл, нос течёт кровяной жидкостью. Брызги ярко-красной жидкости летят, блестят подобно драгоценностям в лучах зимнего солнца, оседают на плотно утрамбованном снегу."
32,33,Людмила Петрушевская,Время ночь,,1991,художественный,"Ау, Алена, моя далекая дочь. Я считаю, что самое главное в жизни — это любовь. Но за что мне все это, я же безумно ее любила! Безумно любила Андрюшу! Бесконечно.

А сейчас все, жизнь моя кончена, хотя мне мой возраст никто не дает, один даже ошибся со спины: девушка, ой, говорит, простите, женщина, как нам найти тут такой-то заулок? Сам грязный, потный, денег, видимо, много, и смотрит ласково, а то, говорит, гостиницы все заняты. Мы вас знаем! Мы вас знаем! Да! Бесплатно хочет переночевать за полкило гранатов. И еще какие-то там мелкие услуги, а чайник ставь, простыни расходуй, крючок на дверь накидывай, чтобы не клянчил, — у меня все просчитано в уме при первом же взгляде. Как у шахматистки. Я поэт. Некоторые любят слово «поэтесса», но смотрите, что нам говорит Марина или та же Анна, с которой мы почти что мистические тезки, несколько букв разницы: она Анна Андреевна, я тоже, но Андриановна. Когда я изредка выступаю, я прошу объявить так: поэт Анна — и фамилия мужа. Они меня слушают, эти дети, и как слушают! Я знаю детские сердца. И он всюду со мной, Тимофей, я на сцену, и он садится за тот же столик, ни в коем случае не в зрительном зале. Сидит и причем кривит рот, горе мое, нервный тик. Я шучу, глажу Тиму по головке: «Мы с Тамарой ходим парой», — и некоторые идиоты организаторы начинают: «Пусть Тамарочка посидит в зале», не знают, что это цитата из известного стихотворения Агнии Барто.

","моя далекая дочь
я же безумно ее любила! Безумно любила Андрюшу! Бесконечно.
мне мой возраст никто не дает
Мы вас знаем! Мы вас знаем! Да! Бесплатно хочет переночевать за полкило гранатов.
у меня все просчитано в уме при первом же взгляде. Как у шахматистки.
смотрите, что нам говорит Марина или та же Анна, с которой мы почти что мистические тезки, несколько букв разницы
Я знаю детские сердца.
ни в коем случае
кривит рот, горе мое, нервный тик
Мы с Тамарой ходим парой",240,73,"30,41666667",10,"4,166666667","Привет, Алёна, моя взрослая дочь. Я полагаю, что важнейшее в жизни — это чувство любви. Однако почему мне выпали такие испытания, ведь я сильно любила свою дочь! Очень сильно любила Андрея!

Сейчас моя жизнь закончилась, несмотря на то, что мой возраст никому не заметен. Однажды незнакомый мужчина принял меня сзади за молодую девушку, когда спросил дорогу: «Девушка, извините, скажите, пожалуйста, как пройти туда-то?» Мужчина был грязным, вспотевшим, вероятно имел деньги и смотрел дружелюбно, говоря, что гостиницы уже заполнены. Нам известна ваша ситуация! Желаете бесплатно остановиться здесь за небольшой подарок — пол-килограмма фруктов и небольшие дополнительные услуги вроде кипячения чая, стирки постельного белья и запирания двери, чтобы вы не беспокоили нас просьбами. У меня все сразу ясно в голове, как будто я шахматистка. Я пишу стихи. Некоторым людям нравится термин «поэтесса». Посмотрим, что говорят другие авторы, похожие на меня по имени: одна носит имя Анна Андреевна, другая также Анна, но отчество отличается — Андриановна. Во время редких выступлений прошу называть себя именно так: поэт Анна — далее фамилию моего супруга. Дети внимательно слушают мои выступления. Мне известно отношение детей ко взрослым. Мой муж Тимофей сопровождает меня повсюду, сидит рядом со сценой, никогда не в зрительском зале. Иногда у него проявляется невольное напряжение мышц лица, вызванное нервной реакцией. Я улыбаюсь и нежно поглаживаю голову Тима, произнося фразу из известного детского произведения: «Мы с Тамарой вместе ходим». Однако некоторые глупые устроители мероприятий воспринимают это серьёзно и предлагают: «Пусть Тамара посмотрит выступление из зала», не понимая, что это строка из стиха Агнии Барто."
33,34,Людмила Петрушевская,Время ночь,,1991,художественный,"Это было давно, когда я их родила, сразу за два года двоих, это было сумасшествие одной археологической экспедиции и моя очередная грандиозная ошибка в людях, когда я, юная особа двадцати девяти лет, стрижка под мальчика, худоба, глаза и ноги, девчонка совсем (мы с одним ребенком еще в начале, никто никого не знал, рассматривали за камнем его находку, ржавый обломок, а он подошел, так смешно, и говорит: «Мальчики, вы что тут делаете?» Я на него подняла глаза, он рассмотрел и поперхнулся, так я была похожа на мальчика. С того все и началось, дни и ночи счастья, когда я — поэтесса после пединститута и выгнанная из газеты со стажем журналистской работы за роман с одним женатым художником, отцом троих детей, которых я всерьез собиралась воспитать, дура! А жена его тут как тут: вам не стыдно? — и к главному редактору. И тут же им дают давно обещанную трехкомнатную квартиру — они жили в одной комнате все плюс мать его якобы жены, а у меня в комнате он мог работать, хотя моя в свою очередь мать очень бурно его попрекала, что он живет на моей шее, не женясь, — какие еще старые, старые песни, однако!), — так вот, когда я, уволившись из газеты, поехала куда глаза глядят в археологическую экспедицию, и вот вам результат, Андрей и Аленушка, два солнышка, все в одной комнате опять-таки, мать в своей упорно и упорно! Пожили, посмотрели на реальность, у моего мужа грандиозный развод в городе Куйбышеве, жена его приезжала смотреть на меня пузатую, то есть как смотреть — он открывает дверь, а там жена с пятнадцатилетним сыном, надо поговорить.","сумасшествие одной археологической экспедиции
грандиозная ошибка в людях
стрижка под мальчика
худоба, глаза и ноги, девчонка совсем
он рассмотрел и поперхнулся, так я была похожа на мальчика
дни и ночи счастья
тут как тут
все плюс мать
бурно его попрекала
он живет на моей шее, не женясь, — какие еще старые, старые песни, однако!
куда глаза глядят
Андрей и Аленушка, два солнышка
все в одной комнате опять-таки, мать в своей упорно и упорно!
грандиозный развод
на меня пузатую",262,64,"24,42748092",15,"5,72519084","Это произошло давно, когда я родила двух детей подряд за два года. Это был мой очередной неудачный выбор человека, когда, будучи молодой женщиной двадцать девять лет, с короткой стрижкой, худая, я оказалась в ситуации, которую можно сравнить с сумасшедшей археологической экспедицией. Вначале мы были незнакомы друг с другом: один человек смотрел на найденный камень с ржавым осколком, а другой спросил нас, что мы здесь делаем. Когда я взглянула на него, он заметил мою мальчишескую внешность и удивился. Так началась наша история, полные дней и ночей радости, когда я работала поэтом после педагогического института и была уволена из газеты, где раньше трудилась журналистом, из-за романа с женатым мужчиной-художником, у которого уже было трое детей, которых я мечтала воспитывать сама, глупая женщина! Жена художника быстро появилась и сказала мне, что мне должно быть стыдно, сообщив об этом главному редактору. После этого ей дали ранее обещанную трёхкомнатную квартиру, потому что до этого они жили вместе с матерью её супруга в одной комнате, тогда как я предоставляла место для работы своему любовнику, несмотря на недовольство матери, резко осуждавшей, что он живёт за мой счёт, не вступая в брак. Затем, потеряв работу в газете, я отправилась добровольцем в археологическую экспедицию, результатом которой стали мои дети Андрей и Алёна, теперь снова живущие в одной комнате вместе с настойчиво настаивающей на своём мнение матерью. Мы пожили некоторое время, осознавая реальную ситуацию, пока мой муж переживал болезненный бракоразводный процесс в городе Куйбышеве. Его жена приехала посмотреть на беременную меня, точнее говоря, она стояла у двери, когда он открыл её, и увидела жену с подростком-пятнадцатилетним сыном, желающими обсудить важный вопрос."
34,35,Николай Гумилев,Записки кавалериста,,1916,художественный,"Третий день наступления начался смутно. Впереди все время слышалась перестрелка, колонны то и дело останавливались, повсюду посылались разъезды. И поэтому особенно радостно нам было увидеть выходящую из леса пехоту, которой мы не встречали уже несколько дней. Оказалось, что мы, идя с севера, соединились с войсками, наступавшими с юга. Бесчисленные серые роты появлялись одна за другой, чтобы через несколько минут расплыться среди перелесков и бугров. И их присутствие доказывало, что погоня кончилась, что враг останавливается и подходит бой.

Наш разъезд должен был разведать путь для одной из наступающих рот и потом охранять ее фланг. По дороге мы встретились с драгунским разъездом, которому была дана почти та же задача, что и нам. Драгунский офицер был в разодранном сапоге — след немецкой пики — он накануне ходил в атаку. Впрочем, это было единственное повреждение, полученное нашими, а немцев порубили человек восемь. Мы быстро установили положение противника, то есть ткнулись туда и сюда и были обстреляны, а потом спокойно поехали на фланг, подумывая о вареной картошке и чае.

Но едва мы выехали из леска, едва наш дозорный поднялся на бугор, из-за противоположного бугра грянул выстрел. Мы вернулись в лес, все было тихо. Дозорный опять показался из-за бугра, опять раздался выстрел, на этот раз пуля оцарапала ухо лошади. Мы спешились, вышли на опушку и стали наблюдать. Понемногу из-за холма начала показываться германская каска, затем фигура всадника — в бинокль я разглядел большие светлые усы. «Вот он, вот он, черт с рогом», — шептали солдаты. Но офицер ждал, чтобы германцев показалось больше, что пользы стрелять по одному. Мы брали его на прицел, разглядывали в бинокль, гадали об его общественном положении.","Третий день наступления начался смутно.
Бесчисленные серые роты
[роты появлялись, чтобы] расплыться среди перелесков и бугров
Мы быстро установили положение противника, то есть ткнулись туда и сюда и были обстреляны, а потом спокойно поехали на фланг, подумывая о вареной картошке и чае.
Вот он, вот он, черт с рогом",262,45,"17,17557252",5,"1,908396947","Наступление продолжалось третий день, и начало его было неопределенным. В течение всего дня впереди постоянно раздавалась стрельба, наши колонны периодически останавливались, направляя во всех направлениях разведывательные группы. Поэтому мы испытывали особую радость, когда увидели пехотинцев, вышедших из леса, которых не видели уже несколько суток. Выяснилось, что двигаясь с северного направления, наша группа объединилась с подразделениями, наступающими с южного направления. Бесконечные подразделения пехоты последовательно подходили друг за другом и вскоре исчезали между небольшими лесочками и возвышенностями. Их появление свидетельствовало о завершении преследования врага, поскольку противник прекратил отступление и готовился вступить в сражение.

Наша разведывательная группа должна была выяснить маршрут продвижения одного из подразделений пехоты и обеспечить защиту его фланга. Во время выполнения задания мы столкнулись с кавалерийским патрулем, получившим аналогичное задание. У офицера-драгуна был разорван сапог — результат попадания вражеской копья днем ранее, однако он получил лишь незначительное ранение, тогда как погибло около восьми немецких солдат. Быстро определив местоположение неприятеля после нескольких пробных маневров и последующего обстрела, мы спокойно двинулись дальше, размышляя о предстоящей еде: картофеле и чае.

Однако, едва мы покинули лесной массив и дозорный взобрался на возвышение, прозвучал выстрел с противоположной стороны возвышенности. Вернувшись обратно в лес, мы заметили полную тишину. Когда дозорный снова появился над гребнем, последовал еще один выстрел, и на этот раз пуля задела ухо лошади. Спешившись, мы расположились на краю леса и начали наблюдение. Постепенно с вершины соседнего холма появилась немецкая военная каска, затем фигура всадника, которого я смог подробно рассмотреть в бинокль благодаря характерному светлому цвету его усов. Солдаты шепотом произносили: «Вот он, вот он». Однако офицер решил дождаться появления большего числа врагов, считая бессмысленным вести огонь по одиночному солдату. Мы держали цель на мушке, внимательно изучая ее в оптическом приборе и рассуждая о социальном статусе наблюдаемого человека."
35,36,Николай Гумилев,Африканский дневник,,1913,художественный,"Странное впечатление производит на северянина Одесса. Словно какой-нибудь заграничный город, русифицированный усердным администратором. Огромные кафе, наполненные подозрительно-изящными коммивояжерами. Вечернее гуляние по Дерибасовской, напоминающей в это время парижский бульвар Сен-Мишель. И говор, специфический одесский говор, с измененными удареньями, с неверным употребленьем падежей, с какими-то новыми и противными словечками. Кажется, что в этом говоре яснее всего сказывается психология Одессы, ее детски-наивная вера во всемогущество хитрости, ее экстатическая жажда успеха. В типографии, где я печатал визитные карточки, мне попался на глаза свежий номер печатающейся там же вечерней одесской газеты. Развернув его, я увидел стихотворение Сергея Городецкого с измененной лишь одной строкой и напечатанное без подписи. Заведующий типографией сказал мне, что это стихотворение принесено одним начинающим поэтом и выдано им за свое.

Несомненно, в Одессе много безукоризненно-порядочных, даже в северном смысле слова, людей. Но не они задают общий тон. На разлагающемся трупе Востока завелись маленькие юркие червячки, за которыми будущее. Их имена — Порт-Саид, Смирна, Одесса.

10-го апреля на пароходе Добровольного флота «Тамбов» мы вышли в море. Какие-нибудь две недели тому назад бушующее и опасное Черное море было спокойно, как какое-нибудь озеро. Волны мягко раздавались под напором парохода, где рылся, пульсируя, как сердце работающего человека, невидимый винт. Не было видно пены, и только убегала бледно-зеленая малахитовая полоса потревоженной воды. Дельфины дружными стаями мчались за пароходом, то обгоняя его, то отставая, и по временам, как бы в безудержном припадке веселья, подскакивали, показывая лоснящиеся мокрые спины, Наступила ночь, первая на море, священная. Горели давно не виденные звезды, вода бурлила слышнее. Неужели есть люди, которые никогда не видели моря?

12-го утром — Константинополь. Опять эта никогда не приедающаяся, хотя откровенно-декоративная красота Босфора, заливы, лодки с белыми латинскими парусами, с которых веселые турки скалят зубы, дома, лепящиеся по прибрежным склонам, окруженные кипарисами и цветущей сиренью, зубцы и башни старинных крепостей, и солнце, особенное солнце Константинополя, светлое и не жгучее.

Мы прошли мимо эскадры европейских держав, введенной в Босфор на случай беспорядков. Неподвижная и серая, она тупо угрожала шумному и красочному городу. Было восемь часов, время играть национальные гимны. Мы слышали, как спокойно-гордо прозвучал английский, набожно — русский, а испанский так празднично и блестяще, как будто вся эта нация состояла из двадцатилетних юношей и девушек, собравшихся потанцевать","заграничный город, русифицированный усердным администратором
подозрительно-изящными коммивояжерами
детски-наивная вера во всемогущество хитрости, ее экстатическая жажда успеха
На разлагающемся трупе Востока завелись маленькие юркие червячки, за которыми будущее
море было спокойно, как какое-нибудь озеро
Волны мягко раздавались под напором парохода, где рылся, пульсируя, как сердце работающего человека, невидимый винт.
Дельфины дружными стаями мчались за пароходом
в безудержном припадке веселья
[ночь] священная
Горели давно не виденные звезды
откровенно-декоративная красота Босфора
веселые турки скалят зубы
дома, лепящиеся по прибрежным склонам
[эксандра] тупо угрожала
спокойно-гордо прозвучал английский [гимн], набожно — русский, а испанский так празднично и блестяще, как будто вся эта нация состояла из двадцатилетних юношей и девушек, собравшихся потанцевать",354,92,"25,98870056",15,"4,237288136","Одесса оставляет странное впечатление у приезжего с севера. Похожа на иностранный город, подвергшийся русскому влиянию благодаря стараниям администратора. Здесь большие кафе, заполненные людьми, похожими на торговых агентов. По вечерам люди прогуливаются по улице Дерибасовская, атмосфера напоминает парижский бульвар Сен-Мишель. Привычный одесский диалект отличается особыми произношениями, неправильной формой падежных окончаний и необычными словами. Такое ощущение, что именно этот способ речи отражает психологию города: детскую веру в могущество ловкости и страстное стремление добиться успеха. Когда я печатал визитные карточки в местной типографии, заметил свежевышедший выпуск одесской вечерней газеты, издаваемой здесь же. Открыв газету, обнаружил стихотворение Сергея Городецкого, которое отличалось изменением единственной строки и было опубликовано анонимно. Управляющий типографией сообщил, что стих был предоставлен начинающим поэтом, выдавшим произведение за собственное творение.

Безусловно, среди жителей Одессы немало безупречно честных и достойных уважения людей, причем не только с точки зрения северных стандартов. Однако эти граждане не определяют общую атмосферу. На Востоке возникли небольшие активные группы людей, которым принадлежит будущее. Эти группы представлены такими местами, как Порт-Саид, Смирна, Одесса.

10 апреля мы отправились в плавание на корабле Добровольного флота «Тамбов». Всего около двух недель назад неспокойное и небезопасное Чёрное море пребывало в полном покое, напоминающем гладкость озера. Под воздействием судна волны плавно расходились, двигаясь равномерно, словно механизированный орган корабля, скрытый от глаз пассажиров. Вода была спокойной, и лишь слабо заметная зеленоватая линия следовала за судном. За ним устремлялись стаи дельфинов, иногда приближаясь вплотную и демонстрируя свои влажные спинки. Затем наступила ночь, первая после выхода в открытое море. Небо освещали редко наблюдаемые звёзды, вода звучала громче обычного. Возможно ли, чтобы кто-либо никогда не видел морской поверхности?

Утро 12 числа — Стамбул. Перед нами снова предстал привычный пейзаж пролива Босфор, заливов, лодок с белоснежными парусами, где находятся улыбающиеся турки, домов, расположенных вдоль склонов побережья, окружённых кипарисовыми деревьями и цветами сирени, укреплений древности, башен и зубчатых стен замков, а также особого солнца Стамбула, яркого, но мягкого.

Мимо нас проплывала флотилия военных кораблей европейских государств, направленная в Босфор на случай волнений. Флот неподвижно стоял серым пятном, символизируя угрозу многолюдному и живописному городу. Около восьми утра началась церемония исполнения национальных гимнов. Сначала раздался английский гимн, исполненный уверенно и горделиво, затем российский — торжественно и благочестиво, а испанская версия оказалась столь праздничной и яркой, словно представляла собой собрание молодых танцующих мужчин и женщин."
36,37,Анна Ахматова,Листки из дневника. Проза. Письма,,1957,художественный,"Я очень верю тем, кто описывает его не таким, каким я его знала, и вот почему. Во-первых, я могла знать только какую-то одну сторону его сущности (сияющую) – ведь я просто была чужая, вероятно, в свою очередь, не очень понятная двадцатилетняя женщина, иностранка; во-вторых, я сама заметила в нем большую перемену, когда мы встретились в 1911 году. Он весь как-то потемнел и осунулся.

В 10-м году я видела его чрезвычайно редко, всего несколько раз. Тем не менее он всю зиму писал мне43. Что он сочинял стихи, он мне не сказал.

Как я теперь понимаю, его больше всего поразило во мне свойство угадывать мысли, видеть чужие сны и прочие мелочи, к которым знающие меня давно привыкли. Он все повторял: «On communique»44. Часто говорил: «Il n’y a que vous pour réaliser cela»45.

Вероятно, мы оба не понимали одну существенную вещь: все, что происходило, было для нас обоих предысторией нашей жизни: его – очень короткой, моей – очень длинной. Дыхание искусства еще не обуглило, не преобразило эти два существования, это должен был быть светлый легкий предрассветный час. Но будущее, которое, как известно, бросает свою тень задолго перед тем, как войти, стучало в окно, пряталось за фонарями, пересекало сны и пугало страшным бодлеровским Парижем, который притаился где-то рядом. И все божественное в Амедее только искрилось сквозь какой-то мрак.

У него была голова Антиноя и глаза с золотыми искрами, – он был совсем не похож ни на кого на свете. Голос его как-то навсегда остался в памяти. Я знала его нищим, и было непонятно, чем он живет. Как художник он не имел и тени признания.","очень верю тем, кто описывает его не таким, каким я его знала
только какую-то одну сторону его сущности (сияющую)
чужая, вероятно, в свою очередь, не очень понятная двадцатилетняя женщина, иностранка
Он весь как-то потемнел и осунулся.
больше всего поразило во мне свойство угадывать мысли, видеть чужие сны и прочие мелочи
Он все повторял: «On communique»44. Часто говорил: «Il n’y a que vous pour réaliser cela»45.
существенную вещь
было для нас обоих предысторией нашей жизни: его – очень короткой, моей – очень длинной
Дыхание искусства еще не обуглило, не преобразило эти два существования, это должен был быть светлый легкий предрассветный час.
Но будущее, которое, как известно, бросает свою тень задолго перед тем, как войти, стучало в окно, пряталось за фонарями, пересекало сны и пугало страшным бодлеровским Парижем, который притаился где-то рядом.
И все божественное в Амедее только искрилось сквозь какой-то мрак.
У него была голова Антиноя и глаза с золотыми искрами, – он был совсем не похож ни на кого на свете.
Голос его как-то навсегда остался в памяти.
и тени признания",256,158,"61,71875",14,"5,46875","Я доверяю тем людям, которые представляют его другим, нежели я привыкла воспринимать, и вот причины такого доверия. Прежде всего, я могла наблюдать лишь один аспект его личности (лучший) – поскольку я была посторонним человеком, вероятно, недостаточно понятной двадцатилетней женщиной иностранного происхождения; кроме того, я лично отметила значительное изменение в нём, когда мы вновь повстречались в 1911 году. Его внешность стала значительно мрачной и истощённой.

В десятом году я встречалась с ним крайне редко, всего несколько раз. Несмотря на это, он всю зиму отправлял письма. То обстоятельство, что он пишет стихи, он мне не сообщал.

Теперь я осознаю, что именно моя способность интуитивно понимать мысли людей, проникать в сновидения окружающих и другие незначительные особенности привлекли его особое внимание, хотя близкие ко мне люди уже давно воспринимают такие способности как нечто обыденное. Он постоянно повторял фразу: «Мы общаемся». Нередко произносил также слова: «Только вы способны осуществить подобное».

Скорее всего, мы оба тогда не сознавали одно важное обстоятельство: события, происходившие между нами, являлись подготовительным этапом наших жизненных путей: его жизнь оказалась весьма короткой, моя же продолжилась намного дольше. Искусство ещё не успело повлиять на наши судьбы, оставляя период свежести и лёгкости до рассвета. Однако будущее, которое неизбежно предшествует своей реальной явью появлением признаков, уже давало о себе знать: оно чувствовалось в тревожащих моментах сна, пугало образом ужасающего Парижа Бодлера, таящегося поблизости. Всё возвышенное в Амедео проявлялось едва заметно среди общего сумрачного фона.

Его лицо походило на изображение Антиноя, глаза мерцали золотистыми бликами, он выглядел совершенно непохожим на всех остальных. Его голос сохранился в моей памяти навсегда. Я наблюдала его бедствующим, оставалось неясным, благодаря чему он существует. В качестве художника он не получил даже минимального общественного одобрения."
37,38,Анна Ахматова,Листки из дневника. Проза. Письма,,1957,художественный,"Страшный призрак, притворяющийся моим городом, так поразил меня, что я описала эту мою с ним встречу в прозе. Тогда же возникли очерки «Три сирени» и «В гостях у смерти» – последнее о чтении стихов на фронте в Териоках. Проза всегда казалась мне и тайной и соблазном. Я с самого начала все знала про стихи – я никогда ничего не знала о прозе. Первый мой опыт все очень хвалили, но я, конечно, не верила. Позвала Зощенку. Он велел кое-что убрать и сказал, что с остальным согласен. Я была рада. Потом, после ареста сына, сожгла вместе со всем архивом.

Меня давно интересовали вопросы художественного перевода. В послевоенные годы я много переводила. Перевожу и сейчас.

В 1962 году я закончила «Поэму без героя», которую писала двадцать два года.

Прошлой весной, накануне дантовского года, я снова услышала звуки итальянской речи – побывала в Риме и на Сицилии. Весной 1965 года я поехала на родину Шекспира, увидела британское небо и Атлантику, повидалась со старыми друзьями и познакомилась с новыми, еще раз посетила Париж.

Я не переставала писать стихи. Для меня в них – связь моя с временем, с новой жизнью моего народа. Когда я писала их, я жила теми ритмами, которые звучали в героической истории моей страны. Я счастлива, что жила в эти годы и видела события, которым не было равных.","Страшный призрак, притворяющийся моим городом
я описала эту мою с ним [городом] встречу в прозе
В гостях у смерти
Проза всегда казалась мне и тайной и соблазном.
Я с самого начала все знала про стихи – я никогда ничего не знала о прозе.
британское небо
связь моя с временем, с новой жизнью моего народа
я жила теми ритмами, которые звучали в героической истории моей страны
",212,58,"27,35849057",9,"4,245283019","Вид города сильно потряс меня, и я написала рассказ об этой встрече. Примерно тогда же появились рассказы «Три сирени» и «Чтение стихов на фронте в Териоках». Написание прозы представлялось мне одновременно загадочным и привлекательным занятием. Поэтическое творчество я понимала изначально хорошо, однако совершенно не имела представления о написании прозы. Мой первый прозаический опыт был высоко оценён окружающими, хотя сама я этому не доверяла. Я пригласила Зощенко посмотреть работу. Он рекомендовал исключить некоторые части и одобрил остальное. Это вызвало моё удовлетворение. После ареста сына я уничтожила этот текст вместе с остальными материалами архива.

Мои интересы давно включали художественное переводоведение. В период после войны я занималась переводом многих произведений. Продолжаю заниматься этим и теперь.

В 1962 году завершилось создание поэмы «Поэма без героя», над которой я работала двадцать два года.

Весной прошлого года, незадолго до юбилея Данте, я вновь слышала итальянскую речь во время поездки в Рим и на Сицилию. Весной 1965 года я отправилась в Великобританию, откуда родом Шекспир: наблюдала английское небо и берег Атлантики, встретилась с давними знакомыми и обзавелась новыми приятелями, ещё раз побывала в Париже.

Я продолжала создавать стихотворения. Через них я ощущала свою причастность ко времени и новым этапам жизни своего народа. Во время работы над стихами я воспринимала ритмы, характерные для выдающихся исторических событий своей родины. Мне повезло жить в такой исторический период и стать свидетелем исключительных событий."
38,39,Павел Бажов,Медной горы хозяйка,,1936,художественный,"Только подумал так-то, она и оглянулась. Весело на парня глядит, зубы скалит и говорит шуткой:— Ты что же, Степан Петрович, на девичью красу даром глаза пялишь? За погляд-от ведь деньги берут. Иди-ка поближе. Поговорим маленько. Парень испужался, конечно, а виду не оказывает. Крепится. Хоть она и тайна сила, а все ж таки девка. Ну, а он парень — ему, значит, и стыдно перед девкой обробеть.— Некогда, — говорит, — мне разговаривать. Без того проспали, а траву смотреть пошли. Она посмеивается, а потом и говорит:— Будет тебе наигрыш вести. Иди, говорю, дело есть. Ну, парень видит — делать нечего. Пошел к ней, а она рукой маячит, обойди-де руду-то с другой стороны. Он обошел и видит — ящерок тут несчисленно. И все, слышь-ко, разные. Одни, например, зеленые, другие голубые, которые в синь впадают, а то как глина либо песок с золотыми крапинками. Одни, как стекло либо слюда, блестят, а другие, как трава поблеклая, а которые опять узорами изукрашены. Девка смеется.— Не расступи, — говорит, — мое войско, Степан Петрович. Ты вон какой большой да тяжелый, а они у меня маленьки. — А сама ладошками схлопала, ящерки и разбежались, дорогу дали. Вот подошел парень поближе, остановился, а она опять в ладошки схлопала, да и говорит, и все смехом:— Теперь тебе ступить некуда. Раздавишь мою слугу — беда будет.","зубы скалит
на девичью красу даром глаза пялишь
За погляд-от ведь деньги берут.
Поговорим маленько.
испужался, конечно, а виду не оказывает. Крепится.
тайна сила, а все ж таки девка
стыдно перед девкой обробеть
Без того проспали
Будет тебе наигрыш вести.
делать нечего
рукой маячит
обойди-де руду-то
ящерок тут несчисленно
все, слышь-ко, разные
голубые, которые в синь впадают
как глина либо песок с золотыми крапинками
как трава поблеклая
которые опять узорами изукрашены
Не расступи, — говорит, — мое войско
вон какой большой да тяжелый
дорогу дали
Раздавишь мою слугу — беда будет.",215,70,"32,55813953",22,"10,23255814","Парень только так подумал, девушка сразу обернулась. Взгляд у нее веселый, улыбается и обращается полушутливо:  
— Что ты, Степан Петрович, смотришь на девушку бесплатно? За такое удовольствие надо платить. Подойди ближе. Давай поговорим немного.   
Парень испугался, конечно, но виду не показывает, держится уверенно. Хотя девушка загадочная и сильная, однако она всего лишь женщина. Но парню тоже неловко проявить робость перед девушкой. Поэтому отвечает:  
— Нет времени общаться. Мы уже заснули позже положенного, теперь идём искать нужную траву.  
Девушка снова рассмеялась и сказала:  
— Перестань играть роль музыканта. Я серьезно говорю — подойди сюда, есть важное дело.  
Парень понял, что другого выхода нет. Подходит к девушке, а та жестом руки просит обойти горную породу с другой стороны. Обогнул камень и увидел огромное количество ящериц разных видов. Некоторые зелёные, некоторые голубые с оттенком синевы, другие напоминают глину или песчинки с золотистыми пятнами. Есть прозрачные, словно стекло или слюдяные пластинки, есть тусклые, похожие на увядшую траву, а ещё такие, у которых красивый рисунок. Девушка продолжает смеяться:  
— Будь осторожнее, чтобы не раздавить моих маленьких помощников, Степан Петрович. Ты такой крупный и тяжёлый, а они совсем маленькие. — Затем хлопнула в ладони, ящерицы мгновенно разбежались, освободив проход. Парень подошёл ближе, остановился, а девушка вновь захлопала руками и произнесла всё еще смеясь:  
— Сейчас тебе негде сделать шаг. Уничтожишь моего помощника — неприятности будут."
39,40,Павел Бажов,Каменный цветок,,1938,художественный,"На заводскую работу либо в гору все ж таки не отдали — шибко жидко место, на неделю не хватит. Поставил его приказчик в подпаски. — И тут Данилко не вовсе гож пришелся. Парнишечко ровно старательный, а все у него оплошка выходит. Все будто думает о чем-то. Уставится глазами на травинку, а коровы-то — вон где! Старый пастух ласковый попался, жалел сироту, и тот временем ругался:— Что только из тебя, Данилко, выйдет? Погубишь ты себя, да и мою старую спину под бой подведешь. Куда это годится? О чем хоть думка-то у тебя?— Я и сам, дедко, не знаю... Так... ни о чем... Засмотрелся маленько. Букашка по листочку ползла. Сама сизенька, а из-под крылышек у ней желтенько выглядывает, а листок широконький... По краям зубчики, вроде оборочки выгнуты. Тут потемнее показывает, а середка зеленая-презеленая, ровно ее сейчас выкрасили... А букашка-то и ползет.— Ну, не дурак ли ты, Данилко? Твое ли дело букашек разбирать? Ползет она — и ползи, а твое дело за коровами глядеть. Смотри у меня, выбрось эту дурь из головы, не то приказчику скажу! Одно Данилушке далось. На рожке он играть научился — куда старику! Чисто на музыке какой. Вечером, как коров пригонят, девки-бабы просят:— Сыграй, Данилушко, песенку. Он и начнет наигрывать. И песни всё незнакомые. Не то лес шумит, не то ручей журчит, пташки на всякие голоса перекликаются, а хорошо выходит. Шибко за те песенки стали женщины привечать Данилушку. Кто пониточек починит, кто холста на онучи отрежет, рубашонку новую сошьет. Про кусок и разговору нет, — каждая норовит дать побольше да послаще. Старику пастуху тоже данилушковы песни по душе пришлись. Только и тут маленько неладно выходило. Начнет Данилушко наигрывать и все забудет, ровно и коров нет. На этой игре и пристигла его беда.","шибко жидко место, на неделю не хватит
Поставил его приказчик в подпаски.
не вовсе гож пришелся
Парнишечко ровно старательный, а все у него оплошка выходит.
Уставится глазами на травинку, а коровы-то — вон где!
Что только из тебя, Данилко, выйдет?
мою старую спину под бой подведешь
Куда это годится?
О чем хоть думка-то у тебя?
Засмотрелся маленько.
зубчики, вроде оборочки выгнуты
середка зеленая-презеленая, ровно ее сейчас выкрасили
Твое ли дело букашек разбирать?
выбрось эту дурь из головы
На рожке он играть научился — куда старику!
Чисто на музыке какой.
девки-бабы
песни всё незнакомые. Не то лес шумит, не то ручей журчит, пташки на всякие голоса перекликаются
пониточек
онучи
рубашонку новую сошьет
Про кусок и разговору нет, — каждая норовит дать побольше да послаще.
данилушковы песни по душе пришлись
маленько неладно выходило
все забудет, ровно и коров нет
На этой игре и пристигла его беда.",283,119,"42,04946996",26,"9,187279152","Не взяли его на заводскую работу — слишком маленькая была вакансия, ненадолго хватило бы места. Приказчик отправил его помощником пастуха. Но и здесь Данилко оказался неподходящим работником. Мальчишка был старательным, однако постоянно допускал ошибки. Часто задумывался над чем-то своим. Увидит какую-нибудь травинку и уставится взглядом, а коровы пасутся далеко. Старый пастух оказался добрым человеком, жалел сироту, но иногда сердился:  
— Что же получится из тебя, Данилко? Сам погубишь свою жизнь и заставишь меня отвечать за твои промахи. Как такое допустимо? О чём думаешь вообще?  
— Сам, дедушка, не понимаю… Просто смотрел немного. Видел маленькую букашку, ползущую по листочку. Она сама синенькая, а снизу желтые пятнышки видны, лист широкий, края острые, похожи на узор. Здесь лист кажется тёмным, а посредине ярко-зелёный, словно недавно покрасили… А букашка медленно движется.  
— Ты совсем глупый, Данилко? Разве тебе нужно изучать насекомых? Пусть ползёт дальше, а твоя обязанность следить за стадом. Предупреждаю, прекрати эти пустяки, иначе расскажу обо всём приказчику!   
Только одно занятие удалось Даниле — научиться играть на рожке лучше старого пастуха. Получалось почти профессионально. Вечером после возвращения стада девушки и женщины просили:  
— Давай сыграешь песню, Данила.  
Данилко начинал играть мелодию. Песни были необычные, звучали приятно, наподобие шума леса, журчания ручья или птичьего щебета. Женщины полюбили эти песни. Одни чинили одежду, другие отрезали ткань на портянки, третьи шили новые рубашки. За едой разговора даже не возникало — каждая старалась угостить повкуснее и побольше. Пастух-старик также любил песни Данилы. Однако и тут случались неприятности. Начинал Данила играть музыку и забывал обо всём вокруг, словно коровы исчезли. Именно во время игры произошла беда."
40,41,Михаил Пришвин,Кладовая солнца,,1945,художественный,"В хату вошла большая рыжая собака с черным ремешком по всей спине. У нее под глазами были черные полоски с загибом вроде очков. И от этого глаза казались очень большими, и ими она спрашивала: «Зачем позвал меня, хозяин?»
Антипыч как-то особенно поглядел на нее, и собака сразу поняла человека: он звал ее по приятельству, по дружбе, ни для чего, а просто так, пошутить, поиграть... Травка замахала хвостом, стала снижаться на ногах все ниже, ниже и, когда подползла так к коленям старика, легла на спину и повернула вверх светлый живот с шестью парами черных сосков. Антипыч только руку протянул было, чтобы погладить ее, она как вдруг вскочит и лапами на плечи — и чмок и чмок его: и в нос, и в щеки, и в самые губы.
— Ну, будет, будет, — сказал он, успокаивая собаку и вытирая лицо рукавом.
Погладил ее по голове и сказал:
— Ну, будет, теперь ступай к себе.
Травка повернулась и вышла на двор.
— То-то, ребята, — сказал Антипыч. — Вот Травка, собака гончая, с одного слова все понимает, а вы, глупенькие, спрашиваете, где правда живет. Ладно же, приезжайте. А упустите меня, Травке я все перешепну.
И вот умер Антипыч. Вскоре началась Великая Отечественная война. Другого сторожа на место Антипыча не назначили, и сторожку его бросили. Очень ветхий был домик, старше много самого Антипыча, и держался уже на подпорках. Как-то раз без хозяина ветер поиграл с домиком, и он сразу весь развалился, как разваливается карточный домик от одного дыхания младенца. В один год высокая трава Иван-чай проросла через бревнышки, и от всей избушки остался на лесной поляне холмик, покрытый красными цветами. А Травка переселилась в картофельную яму и стала жить в лесу, как и всякий зверь.","под глазами были черные полоски с загибом вроде очков.
ими [глазами] она спрашивала: «Зачем позвал меня, хозяин?»
стала снижаться на ногах все ниже, ниже
лапами на плечи — и чмок и чмок его: и в нос, и в щеки, и в самые губы
где правда живет
упустите меня, Травке я все перешепну
ветер поиграл с домиком
сразу весь развалился, как разваливается карточный домик от одного дыхания младенца",274,60,"21,89781022",8,"2,919708029","В хату зашла крупная рыжеватая собака с черной полосой вдоль спины. Под глазами у неё находились чёрные полосы, изгибавшиеся наподобие оправы очков. Из-за этого её глаза выглядели крупными, и таким взглядом она словно задавала вопрос: «Почему ты зовёшь меня, хозяин?».
Антипыч особым образом посмотрел на неё, и собака мгновенно осознала намерения человека: он приглашал её исключительно ради дружеского общения, забавы, игры… Травка начала энергично махать хвостом, постепенно приседая всё ниже и ниже до тех пор, пока, приблизившись вплотную к коленям старика, не улеглась на спину, выставив наружу белый живот с двенадцатью тёмными сосочками. Когда Антипыч лишь слегка вытянул руку, намереваясь её почесать, собака внезапно встрепенулась, запрыгнула на него лапами и принялась лизать его в разные части лица: в нос, щёки, губы.
— Хватит, хватит, — произнёс он, усмиряя животное и стирая слюну рукавом.
Затем он ласково провёл рукой по её голове и добавил:
— Достаточно, возвращайся обратно.
Собака развернулась и ушла во двор.
— Так-то вот, ребята, — проговорил Антипыч. — Это Травка, охотничья собака, ей достаточно единственного указания, чтобы понять суть дела, тогда как вы, неразумные, задаёте вопросы типа: «Где находится истина?» Хорошо, приезжайте сюда. Но если пропустите нужный момент, я расскажу обо всём Травке.
Вскоре после смерти Антипыча началась Великая Отечественная война. Никто другой не занял должность сторожа, и жилище Антипыча оказалось заброшенным. Домик сильно износился, значительно превзойдя возраст своего владельца, и поддерживался специальными подпорками. Однажды ветер разрушил постройку, она тут же рассыпалась подобно карточному строению, которое легко рушится даже от слабого дуновения ребёнка. За один год высокие стебли растения Иван-чая пробились сквозь древесные элементы строения, оставив от дома небольшой земляной бугор, покрытый алыми цветками. Собака Травка переехала в картофельно-хранилище и приспособилась вести жизнь животного в лесных условиях."
41,42,Михаил Пришвин,Кладовая солнца,,1945,художественный,"Кто никогда не видал, как растет клюква, тот может очень долго идти по болоту и не замечать, что он по клюкве идет. Вот взять ягоду чернику, — та растет, и ее видишь: стебелечек тоненький тянется вверх, по стебельку, как крылышки, в разные стороны зеленые маленькие листики, и у листиков сидят мелким горошком черничинки, черные ягодки с синим пушком. Так же и брусника, кровяно-красная ягода, листики темно-зеленые, плотные, не желтеют даже под снегом, и так много бывает ягоды, что место, кажется, кровью полито. Еще растет в болоте голубика кустиком, ягода голубая, более крупная, не пройдешь, не заметив. В глухих местах, где живет огромная птица глухарь, встречается костяника, красно-рубиновая ягода кисточкой, и каждый рубинчик в зеленой оправе. Только у нас одна-единственная ягода клюква, особенно ранней весной, прячется в болотной кочке и почти невидима сверху. Только уж когда очень много ее соберется на одном месте, заметишь сверху и подумаешь: «Вот кто-то клюкву рассыпал». Наклонишься взять одну, попробовать, и тянешь вместе с одной ягодинкой зеленую ниточку со многими клюквинками. Захочешь — и можешь вытянуть себе из кочки целое ожерелье крупных кровяно-красных ягод.
То ли, что клюква — ягода дорогая весной, то ли, что полезная и целебная и что чай с ней хорошо пить, только жадность при сборе ее у женщин развивается страшная. Одна старушка у нас раз набрала такую корзину, что и поднять не могла. И отсыпать ягоду или вовсе бросить корзину тоже не посмела. Да так чуть и не померла возле полной корзины. А то бывает, одна женщина нападет на ягоду и, оглядев кругом — не видит ли кто, — приляжет к земле на мокрое болото и ползает и уж не видит, что к ней ползет другая, не похожая вовсе даже и на человека. Так встретятся одна с другой — и ну, цапаться!","стебелечек тоненький тянется вверх, по стебельку, как крылышки, в разные стороны зеленые маленькие листики, и у листиков сидят мелким горошком черничинки
место, кажется, кровью полито
ягода кисточкой, и каждый рубинчик в зеленой оправе
[ягода] прячется в болотной кочке
тянешь вместе с одной ягодинкой зеленую ниточку со многими клюквинками
можешь вытянуть себе из кочки целое ожерелье крупных кровяно-красных ягод
жадность при сборе ее у женщин развивается страшная
чуть и не померла возле полной корзины
к ней ползет другая, не похожая вовсе даже и на человека
Так встретятся одна с другой — и ну, цапаться!",289,84,"29,06574394",10,"3,460207612","Человек, который ни разу не видел, как растёт клюква, может пройти большое расстояние по болоту и не заметить, что он находится среди зарослей этой ягоды. Например, черника растёт так: тонкий стебелек поднимается вертикально вверх, вдоль него расположены небольшие зелёные листья, похожие на крылья, и на концах листьев находятся мелкие чёрные ягоды, покрытые серым пухом. Брусника отличается ярко-красными плодами и тёмно-зелёными листьями плотной структуры, сохраняющими цвет даже зимой; часто эти ягоды настолько многочисленны, что поверхность земли выглядит окрашенной красным цветом. Ещё один типичный обитатель болот — голубика, обладающая крупными синими ягодами, растущими группами. Иногда в отдалённых районах встречается костяника — красновато-рубиновые плоды, расположенные гроздьями. Однако единственная ягода, которую сложно увидеть сразу, — это весенняя клюква. Она скрывается между комочками почвы и практически незаметна снаружи до тех пор, пока на небольшом участке не скопится значительное количество ягод. Тогда сверху видно нечто вроде случайно разбросанных красных точек. Когда человек наклоняется, чтобы сорвать одну ягоду, он обнаруживает, что она соединена тонкой нитью с целой группой аналогичных плодов. Можно аккуратно извлечь из почвы длинную цепочку крупных ярко-красных ягод.
Возможно, причина такой популярности клюквы заключается в её высокой стоимости весной, полезных свойствах и приятном вкусе напитка, приготовленного с добавлением этой ягоды. Но независимо от причины сборщики клюквы нередко проявляют чрезмерную алчность. Однажды пожилая женщина собрала столько ягод, что не смогла самостоятельно нести тяжёлую корзину домой, однако ей было жалко оставить собранное, и она оказалась в затруднительном положении рядом с полным сосудом. Другая ситуация возникает, когда две женщины одновременно находят богатые места сбора и, опасаясь конкуренции, ложатся на землю и двигаются осторожно, стремясь собрать больше урожая, несмотря на риск оказаться друг напротив друга и вступить в конфликт."
42,43,Семен Сергеев,Царьград. Подмосковье,https://dzen.ru/a/ad4vO4dP7i9xBFtW,2026,новостной,"Эта история началась как обычная прогулка по побережью, а превратилась в настоящий детектив. 48-летняя жительница Новой Зеландии Нейша Ринд и ее десятилетний сын Кея бродили по пляжу Ocean Beach в курортном городке Тайруа. Этот район на восточном побережье полуострова Коромандел давно облюбовали серферы, но в тот день океан приготовил для туристов куда более редкий трофей, чем удачная волна.

Среди груды плавника и морского мусора, который прилив обычно выносит на песок, Кея заметил странный предмет. Сначала семья подумала, что это обычный кирпич, обросший морской растительностью. Однако, очистив находку от толстого слоя ракушек и соленого налета, они поняли, что держат в руках классическую литровую бутылку из-под виски Jack Daniel’s. Внутри белел свернутый листок бумаги, пишет РГ.

Как только Нейша осторожно извлекла пробку, стало ясно: это не шутка современных пранкеров. Послание было датировано 17 февраля 2002 года. На пожелтевшей бумаге, изрядно пострадавшей от влаги, удалось разобрать имя автора - Джек. Парень писал о том, что он занимается рыбалкой в районе островов Олдермен (это популярное место для промысла неподалеку от берегов Коромандела). К сожалению, морская вода превратила большую часть текста в нечитаемые кляксы, но дата и имя сохранились идеально.

Такие находки всегда вызывают трепет и заставляют вспомнить классику мировой литературы, например, знаменитый роман Жюля Верна ""Дети капитана Гранта"". В книге герои искали пропавшего моряка, доверившись письму из океана, которое так же пострадало от морской воды.

В реальности все прозаичнее, но не менее увлекательно. Бутылка дрейфовала в Тихом океане долгих 22 года. За это время она могла совершить кругосветное путешествие или все эти десятилетия кружить в мощных течениях Тасманова моря, прежде чем вернуться почти в ту же точку, где была брошена в воду.

Нейша Ринд опубликовала фотографии артефакта в социальных сетях, надеясь, что современные технологии, в отличие от времен Жюла Верна, помогут найти того самого Джека без кругосветного путешествия. Пока на связь никто не вышел. Пользователи в соцсетях уже шутят, что Джек, скорее всего, за это время успел вырасти, завести семью и забыть о своем подростковом увлечении.

Подобные случаи большая редкость. Исследователи океанов отмечают, что большинство стеклянных сосудов разбивается о скалы в первые же месяцы странствий. То, что бутылка ""Джека"" уцелела и сохранила письмо спустя четверть века, настоящая удача. Теперь маленькому Кее и его маме остается только ждать: возможно, автор письма из прошлого увидит новости и расскажет, какой была та самая рыбалка в далеком 2002-м.","превратилась в настоящий детектив
облюбовали серферы
океан приготовил для туристов куда более редкий трофей, чем удачная волна
среди груды плавника
это не шутка современных пранкеров
превратила большую часть текста в нечитаемые кляксы
Такие находки всегда вызывают трепет и заставляют вспомнить классику мировой литературы
доверившись письму
В реальности все прозаичнее, но не менее увлекательно.
долгих 22 года
[бутылка] могла совершить кругосветное путешествие или все эти десятилетия кружить в мощных течениях Тасманова моря, прежде чем вернуться почти в ту же точку
большинство стеклянных сосудов разбивается о скалы в первые же месяцы странствий
остается только ждать
письма из прошлого",373,83,"22,25201072",14,"3,753351206","История началась с обычной прогулки по берегу, постепенно превратившись в интересное расследование. 48-летняя жительница Новой Зеландии Нейша Ринд вместе с сыном десяти лет Кеей гуляли по пляжу Ocean Beach в городе-курорте Тайруа. Серферы давно регулярно посещают этот участок побережья на восточном берегу полуострова Коромандел, однако в тот день океан принес туристам необычную находку, гораздо более ценную, чем хорошая волна.

Находка находилась среди множества обломков древесины и морских отходов, которые приливы выбрасывают на берег. Кея заметил необычный предмет, сначала принятый семьей за покрытый водорослями камень или кирпич. После очистки предмета от толстых слоев ракушек и соли выяснилось, что это стандартная бутылка объемом один литр из-под виски Jack Daniel's. Внутри бутылки находился аккуратно сложенный бумажный лист.

Извлеченная пробка показала, что послание внутри не является розыгрышем или шуткой. Оно было написано 17 февраля 2002 года. Автор сообщил свое имя — Джек, и упомянул, что занимался рыболовством недалеко от островов Олдермен (популярное место лова поблизости от Коромандела). Из-за воздействия морской воды текст сильно пострадал, и прочитать удалось лишь имя и дату.

Такая находка всегда вызывает волнение и напоминает известные литературные произведения, такие как роман Жюля Верна «Дети капитана Гранта». В романе герои также пытались найти человека, следуя подсказкам из письма, попавшего в море.

На самом деле ситуация оказалась совершенно обыденной, хотя не менее захватывающей. Бутылка плавала в водах Тихого океана около двадцати двух лет. За это время она могла обогнуть земной шар или долгое время вращаться в мощнейших течениях Тасманова моря, пока снова не приблизилась к месту своего запуска.

Нейша Ринд разместила фото своей находки в интернете, надеясь, что современные технологии позволят отыскать отправителя быстрее, чем это делали герои книг XIX века. Пока что отклика не последовало. Социальные сети уже полны шуточек о том, что сейчас взрослому Джеку могло исполниться больше лет, он мог создать семью и давно позабыть о написанном письме.

Случаи подобного сохранения писем крайне редки. Специалисты говорят, что большинство стеклянных бутылок разрушаются о камни уже в течение первых месяцев плавания. Утверждается, что сохранение этой бутылки и письма после четверти века пребывания в воде представляет собой исключительное везение. Теперь Кея и его мама остаются в ожидании возможного отклика от автора послания, чтобы узнать подробности рыбалки 20-летней давности."
43,44,,KP.RU:Комсомольская правда,https://dzen.ru/news/story/b60b96af-354b-59ed-9f3e-de646aae6875?lang=ru&persistent_id=3332215823&rubric=index&story=0c0bfbaa-a7b0-5ae2-b93b-c8d710b1eb67&t=7452959871613276160,2026,новостной,"После назначения Игоря Краснова на должность председателя Верховного Суда РФ десятки российских судей лишились мантий из-за связей с коррупцией и неправосудных решений. Об этом, проанализировав последние отставки, сообщает РИА Новости.

Отмечается, что первое и наиболее громкое дело произошло в считанные дни после того, как Краснов возглавил Верховный суд. Речь идет о Викторе Мамотове, лишенного полномочий судьи ВС РФ, с которого позже взыскали в доход государства 97 объектов имущества на 9 миллиардов рублей.

В общей сложности, заключают журналисты, всего за полгода мантий лишились десятки судей в разных субъектах Российской Федерации.

Напомним, президент России Владимир Путин представил Совету Федерации кандидатуру генпрокурора Игоря Краснова для утверждения на должность председателя Верховного суда. Место Игоря Краснова на посту главы Генпрокуратуры занял Александр Гуцан - полномочный представитель президента России в Северо-Западном федеральном округе.

Позже, уже в новой должности, Игорь Краснов заявил, что судебные решения не должны быть катализатором мошеннических схем. Реакция на любые коррупционные действия судей независимо от их уровня будет бескомпромиссной.","десятки российских судей лишились мантий
громкое дело
считанные дни
мантий лишились десятки судей
катализатором мошеннических схем",152,12,"7,894736842",5,"3,289473684","После того как Игорь Краснов был назначен председателем Верховного Суда Российской Федерации, многие российские судьи прекратили свою деятельность из-за обвинений в коррупции и вынесении неправомерных судебных актов. О последних увольнениях сообщают аналитики агентства РИА Новости.

Сообщается, что первый случай увольнения произошел вскоре после вступления Игоря Краснова в должность председателя Верховного суда. Это дело связано с судьей Виктором Мамотовым, полномочия которого были прекращены решением суда. В дальнейшем с него была взыскана собственность в пользу государства: 97 объектов стоимостью около 9 миллиардов рублей.

Журналисты подчеркивают, что всего за шесть месяцев с должностей судей были уволены несколько десятков человек в различных регионах страны.

Напоминаем, что ранее президент России Владимир Путин предложил Совету Федерации кандидатуру генерального прокурора Игоря Краснова для избрания на пост председателя Верховного суда. Должность руководителя Генеральной прокуратуры занял Александр Гуцан, являющийся полномочным представителем президента Российской Федерации в Северо-Западном федеральном округе.

Став председателем Верховного суда, Игорь Краснов отметил, что судебное решение не должно способствовать совершению мошенничества. По словам Краснова, реакция на любые проявления коррупции среди судей будет жесткой и решительной, вне зависимости от занимаемого ими должностного положения."
44,45,,Царьград. Санкт-Петербург,https://dzen.ru/a/aemjdjiGoGguCoCT?utm_source=yxnews&utm_medium=mobile,2026,новостной,"Учёные создали биоплёнку, которая не пропускает ни кислород, ни водяной пар. Спустя месяц после использования такая упаковка просто исчезает.

Пластик стал окружать людей почти повсюду. Такая упаковка отправляется на свалку или даже попадает в океан, где разлагаться будет в течение столетий. Это большая проблема. Учёные стараются создать биопластик из возобновляемых природой материалов. Но обычно экологичные плёнки плохо защищают от влаги и кислорода. А без защиты товар сохранить не получится.

Инженеры из Технологического института Джорджии нашли выход. Они создали биоплёнку из того, что растёт в огороде или лесу, а также остаётся на кухнях хозяек после готовки. Например, понадобилась целлюлоза (главный строительный материал растений), хотозан (добывают из панцирей крабов и из грибной кожуры), лимонная кислота (из цитрусовых). Ингредиенты обрабатываются, превращаясь в тонкую плёнку. Такая упаковка не пропускает ни кислород, ни водяной пар.

Такая плёнка сама разложится и не будет отравлять землю веками. По словам профессора Карсона Мередит, плёнка иногда даже лучше обычного пластика сохраняет продукты свежими, как сообщает innovanews.ru. Однако для правильного разложения нужны специальные условия, например, температура, влажность и микробы. А на обычной свалке она пролежит так же долго, как обычный пластик. Пока испытать новинку не получится, это лабораторный прототип. И в реальной упаковке такой плёнке не хватит эластичности при изгибах. Вероятно, придётся добавлять пластификатор.","упаковка просто исчезает
[инженеры] нашли выход.
из того, что растёт в огороде или лесу, а также остаётся на кухнях хозяек после готовки
не будет отравлять землю веками
",201,24,"11,94029851",5,"2,487562189","Ученые разработали биопленку, которая не позволяет проходить воздуху и водяному пару. Через месяц после использования данная упаковка перестает существовать.

Сегодня пластиковые изделия распространены повсеместно. Подобные упаковки попадают на мусорные полигоны или даже оказываются в океанах, где разложение занимает сотни лет. Это представляет собой серьёзную проблему. Ученые стремятся создавать биопластики из материалов, восстанавливаемых природой. Обычно экологически чистые пленки недостаточно эффективно защищают от воздействия влаги и воздуха, однако без такой защиты невозможно обеспечить сохранность продуктов.

Специалисты Технологического института штата Джорджия предложили решение проблемы. Они создали биопленку из компонентов, выращиваемых в садах и лесах, а также остающихся на кухонных столах домашних хозяек после приготовления пищи. В частности, использовались целлюлоза (основной структурный компонент растительных тканей), хитозан (получаемый из раковин ракообразных и оболочки грибов), а также лимонная кислота (выделяемая из цитрусовых фруктов). Эти компоненты подвергаются обработке, преобразуясь в тонкий слой пленки. Полученная пленка не допускает проникновения воздуха и водяного пара.

Данная пленка самостоятельно подвергается разложению и не оказывает длительного негативного влияния на почву. Процитировав профессора Карсона Мередита, ресурс innovanews.ru отметил, что эта пленка порой эффективнее обычных пластиковых упаковочных материалов защищает продукты питания от порчи. Тем не менее, для полного разложения требуются особые условия: определённая температура, уровень влажности и наличие микроорганизмов. На обычных свалках биопленка остается неизменной столько же времени, сколько и обычная пластиковая упаковка. На данный момент разработка существует лишь в виде лабораторного образца, пригодного пока исключительно для опытов. Реальная упаковка из такого материала не обладает достаточной гибкостью при сгибании, вероятно, потребуется добавление пластификатора."
45,46,Адам Магомедов,MOSREGTODAY,https://dzen.ru/a/aeh0BTiGoGguCPK9?utm_source=yxnews&utm_medium=mobile,2026,новостной,"Специалисты подтверждают, что у кошек действительно феноменально развита сенсорная система. Их обоняние превосходит человеческое примерно в сорок раз, слух способен улавливать ультразвуковые частоты, а зрение идеально настроено на фиксацию малейших изменений в пространстве. Благодаря этому они становятся чрезвычайно внимательными наблюдателями и мгновенно замечают, когда с хозяином что-то не так: меняется его поведение, голос, запах и даже мимика. Результаты научных исследований доказывают, что кошки действительно способны распознавать человеческие эмоции по выражению лица, характеру движений и интонации.

Однако, по словам экспертов, кошка не диагностирует саму болезнь, а лишь реагирует на изменения в привычном облике и поведении человека. Что касается привычки ложиться именно на больное место, то и этому есть рациональное объяснение. Воспаленные участки тела, как правило, имеют повышенную температуру, а кошки, чья нормальная температура составляет 38–39 градусов, инстинктивно тянутся к теплу. Таким образом, питомец создает эффект «живой грелки», что действительно может временно облегчить дискомфорт, но ни о каком лечебном воздействии, которое было бы зафиксировано экспериментально, речь не идет.

Ученые также развеивают миф о том, что кошки способны выявлять у людей онкологические заболевания. В отличие от собак, которых специально дрессируют для диагностики рака по запаху мочи, кошек для этих целей не используют, в том числе из-за сложностей с их обучением. Единственный научно подтвержденный терапевтический эффект от присутствия этих пушистых питомцев — это доказанное снижение уровня стресса и тревожности у их владельцев.","феноменально развита сенсорная система
питомец создает эффект «живой грелки»
этих пушистых питомцев",216,10,"4,62962963",3,"1,388888889","Эксперты утверждают, что у кошек сильно развиты органы чувств. Они обладают острым обонянием, превосходящим человеческое приблизительно в сорок раз, слышат ультразвуковые волны и имеют отличное зрение, способное фиксировать мельчайшие изменения в окружающей среде. Это делает кошек очень внимательными наблюдателями, которые быстро реагируют на любые изменения в поведении хозяина, такие как изменение голоса, запаха, поведения или выражения лица. Научные исследования показали, что кошки способны различать человеческие эмоции благодаря восприятию выражения лица, характера движений и интонаций речи.

Однако кошки не устанавливают диагноз заболеваний, а просто реагируют на перемены во внешности и поведении владельца. По поводу распространенного мнения, что кошки часто ложатся на больные места, существует научное объяснение: воспаленные области человеческого тела обычно выделяют больше тепла, а кошки, имеющие собственную температуру около 38-39°C, инстинктивно стремятся к теплым зонам. Поэтому животные лежат рядом с теплом, создавая ощущение дополнительного источника тепла, хотя никакого медицинского эффекта при этом не происходит.

Исследователи подчеркивают, что утверждение о способности кошек обнаруживать рак у людей необоснованно. В отличие от собак, специально обучаемых диагностировать онкологию по запаху мочи, кошек подобным образом не тренируют ввиду сложности их тренировки. Единственным научно зафиксированным полезным эффектом взаимодействия с кошками является уменьшение уровня стресса и тревоги у их хозяев."
46,47,,"Вокруг света
",https://dzen.ru/news/story/9b464037-203d-5f41-b9f5-49aa1e605474?lang=ru&fan=1&t=1776924069&persistent_id=3330576527&cl4url=f2d88339270db54bc91d41307edea50f&story=10b9c6a9-5a99-5121-82f5-29b783f69cf2,2026,новостной,"Эволюционные линии большинства современных штаммов этой бактерии разошлись около пяти тысяч лет назад, в эпоху неолита, когда люди становились все более оседлыми и жили в более тесном контакте друг с другом. Это могло способствовать распространению и диверсификации патогена, который передается, в основном, воздушно-капельным и контактным путем. Так, Streptococcus pyogenes был обнаружен в останках людей, живших в Европе и Африке четыре тысячи лет назад.

Штамм, обнаруженный в боливийской мумии, мог отделиться от остальных еще раньше, примерно 10 тысяч лет назад, считают ученые. Изначально он мог попасть в Южную Америку из Сибири вместе с людьми, которые примерно 22 тысячи лет назад пересекли Берингов пролив и постепенно начали расселяться вдоль североамериканского, а затем и южноамериканского континента.

До появления современных антибиотиков скарлатина была одной из основных причин детской смертности и инвалидности, иногда вызывая потерю зрения и слуха. Пока ученые не выяснили, что инфекция вызывается бактерией, ее симптомы часто путали с оспой, корью и дифтерией. Все эти инфекции исторически считались болезнями «пограничья» — они сопровождали европейских колонизаторов, хлынувших в Америку, вызывая разрушительный эффект среди местного населения, чья иммунная система была не готова к встрече с этими патогенами.

Однако сейчас ученые считают эту версию очень упрощенной, и возможно, неверной. Вполне возможно, что не только пиогенный стрептококк, но и многие другие возбудители инфекционных заболеваний циркулировали в Новом Свете на протяжении тысячелетий, задолго до появления там европейцев. В поддержку этой гипотезы говорят результаты недавних исследований, касающихся возбудителей сифилиса и проказы.","Все эти инфекции исторически считались болезнями «пограничья»
возбудители инфекционных заболеваний циркулировали в Новом Свете",229,13,"5,676855895",2,"0,8733624454","Эволюционные линии большей части современных штаммов данной бактерии разделились приблизительно пять тысяч лет назад, в период неолита, когда население становилось всё более оседлым и начало жить в условиях увеличенного взаимодействия между собой. Такое положение дел могло привести к расширению ареала распространения и увеличению разнообразия патогенных микроорганизмов, передаваемых преимущественно путём капельной инфекции и контакта. Стрептококк стрептококкус пирогенес был найден в останках людей, проживавших в Европе и Африке около четырёх тысяч лет назад.

Один штамм, выявленный в останках древней мумии Боливии, мог обособиться ещё ранее, примерно десять тысяч лет назад, предполагают исследователи. Первоначально микроорганизм мог проникнуть в Южную Америку вместе с мигрантами из Сибири, которые порядка двадцати двух тысяч лет назад преодолели Берингов пролив и начали постепенное заселение сначала территории Северной Америки, а позже Южной.

До изобретения современных антибактериальных препаратов скарлатина являлась одной из ведущих причин смерти детей и инвалидизации, нередко приводя к потере зрения и слуховых функций. До выяснения учёными бактериальной природы заболевания, его симптоматику часто ошибочно принимали за проявления натуральной оспы, коревой краснухи или дифтерии. Эти инфекционные болезни традиционно рассматривались как патологии, сопровождающие колонизацию новых территорий: они появлялись среди переселенцев из Европы, прибывающих в Америку, и оказывали губительное воздействие на местное население, иммунитет которого оказался неподготовленным к противостоянию указанным патогенам.

Тем не менее современные учёные полагают, что данная точка зрения является чрезмерно упрощённой и возможно даже ошибочной. Есть вероятность, что не только пиогенные стрептококки, но также и многие другие микроорганизмы, вызывающие инфекционные заболевания, уже длительное время существовали в Америке, намного раньше прибытия туда первых европейцев. В пользу данного предположения свидетельствуют данные последних научных исследований, посвящённых возбудителям такого заболевания, как сифилис, и возбудителю лепры."
47,48,Евгений Акопян,REGIONS.RU,https://dzen.ru/a/aemz5jiGoGguCpFn?utm_source=yxnews&utm_medium=mobile,2026,новостной,"Инженерам Ирбитского мотоциклетного завода поставили задачу: разработать машину, способную разгоняться до 150 км/ч без коляски и до 120 км/ч с ней. Для большинства советских мотоциклов тех лет это были космические цифры.

Работа над новинкой велась в режиме строгой секретности и при хронической нехватке ресурсов. Первые опытные образцы собрали в 1963 году. Внешне мотоцикл оставался узнаваемым «Уралом», но двигатель серьезно прокачали: объем вырос до 1040 кубических сантиметров, а мощность достигла 50 лошадиных сил. Чтобы улучшить аэродинамику, поставили специальный обтекатель. Правда, паспортных 150 км/ч добиться не удалось — первые экземпляры разгонялись до 130–132 км/ч. Но и этого хватило, чтобы поразить современников.

В 1967-м завод выпустил крошечную партию — всего около 25 мотоциклов с колясками. Их распределили по подразделениям ГАИ по всему Советскому Союзу. Каждый экземпляр собирали практически вручную: не хватало мощностей, уникальные комплектующие поставлялись с перебоями, да и сама разработка обошлась слишком дорого. На деле эксплуатация этих байков превратилась в головную боль. Запчасти для литрового мотора были в жутком дефиците, а если двигатель серьезно ломался, его чаще всего просто не удавалось починить. В итоге проект так и остался штучным — слишком сложным и дорогим для советской промышленности.

И все же «Урал М-100» сумел оставить след в истории отечественного мотостроения. Эти машины прослужили в ГАИ около десяти лет. Сегодня о них помнят лишь единицы — даже заядлые коллекционеры и фанаты ретро-техники знают об этой модели не много. Большинство экземпляров безвозвратно утеряны, а уцелевшие стали настоящим раритетом.

Тем временем Ирбитский мотоциклетный завод вновь пытается удивить публику. С января 2026 года встал на конвейер «Урал Нео 500» — более доступная и современная версия легендарного бренда. Новинка получила рядный двухцилиндровый двигатель объемом 446 см³ с жидкостным охлаждением и отдачей 35 л. с., а также пятиступенчатую коробку передач с задней передачей. Сухая масса — 334 кг. Внешне байк выдержан в духе современных туристических мотоциклов, а в оснащение добавили светодиодную оптику, электронную приборную панель и встроенную переднюю камеру. Модель разработали в партнерстве с крупной компанией, и ориентирована она в первую очередь на экспорт.

Проект «Урал М-100» наглядно показывает, как смелые инженерные идеи могут обгонять свое время, но разбиваться о суровую реальность производства. Сегодня завод делает ставку на новые технологии и международную кооперацию, чтобы вернуть себе место на мировом рынке мотоциклов.","космические цифры
двигатель серьезно прокачали
объем вырос
паспортных 150 км/ч добиться не удалось
эксплуатация этих байков превратилась в головную боль
оставить след в истории
завод вновь пытается удивить публику
выдержан в духе
как смелые инженерные идеи могут обгонять свое время, но разбиваться о суровую реальность производства.",357,38,"10,6442577",9,"2,521008403","Инженеров Ирбитского мотоциклетного завода попросили создать мотоцикл, способный достигать скорости 150 км/ч без коляски и 120 км/ч вместе с коляской. Такие показатели для большинства советских мотоциклов середины XX века считались очень высокими.

Разработка новинки проводилась тайно и с ограниченными ресурсами. Первые тестовые экземпляры изготовили в 1963 году. Внешний вид остался прежним, характерным для «Урала», однако характеристики двигателя значительно улучшились: рабочий объём увеличили до 1040 куб.см, а мощность выросла до 50 лошадиных сил. Для улучшения аэродинамических свойств установили специальный защитный кожух. Однако достичь заявленной максимальной скорости в 150 км/ч не получилось — фактически максимальная скорость составила 130–132 км/ч. Несмотря на это, достигнутый результат произвел сильное впечатление на окружающих.

В 1967 году выпустили ограниченный тираж новых мотоциклов — примерно 25 единиц, оборудованных колясками. Все экземпляры направляли в подразделения Госавтоинспекции СССР. Каждый мотоцикл собирался почти индивидуально из-за дефицита производственных мощностей и нерегулярной поставки уникальных деталей. За счет высокой стоимости разработки серийное производство оказалось невозможным, и использование этих машин вызвало значительные трудности. Нехватка запчастей и сложности ремонта двигателей сделали эксплуатацию сложностью и неудобством. Проект остался экспериментальным и эксклюзивным из-за своей сложности и высоких затрат.

Однако мотоцикл «Урал М-100» вошел в историю советского мотопрома. Эти мотоциклы эксплуатировались в ГАИ примерно десять лет. Сейчас память о них сохранилась только среди немногих энтузиастов и коллекционеров, большинство оригинальных экземпляров утрачено, оставшиеся стали редкостью.

Ирбитский завод снова стремится привлечь внимание покупателей. В январе 2026 года начался выпуск модели «Урал Нео 500» — современного варианта классического мотоцикла. Новые мотоциклы оснащены рядным двухцилиндровым двигателем объёмом 446 куб.см с жидкостным охлаждением и мощностью 35 л.с., пятискоростной коробкой передач с задним ходом. Масса сухой версии составляет 334 кг. Внешний дизайн напоминает современные туристические мотоциклы, а оборудование включает светодиодную оптику, электронное табло приборов и встроенную камеру переднего вида. Разработчики создали новую модель совместно с крупным партнером, ориентировавшись главным образом на международный рынок.

История проекта «Урал М-100» демонстрирует, насколько амбициозные технические решения требуют учета реальных возможностей промышленного производства. Сегодня завод ставит акцент на новейших технологиях и международном сотрудничестве для возвращения позиций на мировой арене мотоциклетной индустрии."
48,49,,Транссибинфо Хабаровск,https://dzen.ru/a/aefsa0xpDmEbvz-J?utm_source=yxnews&utm_medium=mobile,2026,новостной,"Технические особенности и материалы.

Техническая «начинка» Truckster полностью ориентирована на плотный, тяжелый звук и максимальную стабильность в строю.

Основой инструмента служит классическое сочетание: корпус из красного дерева с кленовым верхом и вклеенный гриф из махагони, что обеспечивает мощный резонанс и долго тянущийся звук, который так ценят рок-музыканты.

Конструкция с вклеенным грифом и активные звукосниматели EMG делают инструмент устойчивым к экстремальным сценическим условиям и дают мощный звук без лишних шумов. Модели на которых стоит подпись Хэтфилда ценятся за высокое качество сборки и надежность компонентов.

В комплекте с гитарой продавец отдает профессиональный кожаный ремень Levy's и иллюстрированное издание, посвященное истории группы Metallica. Наличие такого лота в регионе — большая редкость, так как обычно инструменты японской серии ESP приобретаются коллекционерами через международные аукционы.

Интересные факты о модели ESP Truckster:

Пятая совместная работа: Truckster — это уже пятая «подписная» гитара, которую ESP сделала для Хэтфилда. В основу лег корпус ESP Eclipse, визуально напоминающий Gibson Les Paul.

Грузовик, а не гитара: Хэтфилд обожает кастомные автомобили и хот-роды. Когда ESP спросили, как должна выглядеть его новая модель, он, выбрал этот дизайн: серый, ободранный, будто его только загрунтовали и забыли покрасить. Так и появился этот «недокрашенный», поцарапанный стиль — честный, без лака и блеска.

Секрет переключателя: Тот самый фальшивый тумблер на верхней части корпуса добавлен исключительно для сходства с винтажными гитарами. Рабочим является только нижний переключатель.

Многослойный финиш: Чтобы добиться эффекта старения, на фабрике ESP гитару красят в несколько слоев (серый, черный, белый), а затем вручную протирают покрытие, чтобы сквозь верхний слой проглядывали нижние. В результате даже две гитары из одной партии будут выглядеть по-разному — у каждой свой «характер».","Техническая «начинка»
плотный, тяжелый звук
«подписная» гитара
Грузовик, а не гитара
«недокрашенный», поцарапанный стиль — честный, без лака и блеска
даже две гитары из одной партии будут выглядеть по-разному — у каждой свой «характер»",254,29,"11,41732283",6,"2,362204724","Технические характеристики и материалы.

Комплектующие и внутренние элементы конструкции модели Truckster обеспечивают насыщенность звука и высокий уровень стабильности строя.

Основной материал инструмента — красное дерево для корпуса, кленовый топ и вклеенный гриф из махагони, обеспечивающие высокую мощность резонанса и продолжительное звучание, которое высоко ценится музыкантами жанра рок.

Конструктивное решение с вклеенным грифом и установленными активными звукоснимателями EMG делает инструмент надежным в условиях эксплуатации на сцене и позволяет получать чистый, мощный звук без посторонних шумов. Инструменты, подписанные Хэтфилдом, известны высоким качеством изготовления и надежностью комплектующих.

Вместе с инструментом покупатель получает фирменный кожаный ремень Levy's профессионального качества и иллюстрированную книгу, посвященную истории группы Metallica. Такие комплекты редко встречаются в регионах, поскольку большинство инструментов серии ESP японского производства приобретают коллекционеры через специализированные международные торги.

Фактические сведения о модели ESP Truckster:

Пятый инструмент для Хэтфилда: Модель Truckster стала пятой подписной моделью, выпущенной ESP специально для Хэтфилда. Базой послужил корпус модели ESP Eclipse, внешне схожий с известной гитарой Gibson Les Paul.

Дизайн автомобиля: Увлекающийся кастомными машинами и хот-родами Хэтфилд попросил разработчиков сделать новый инструмент в виде автомобиля с серым матовым покрытием, будто его не успели полностью покрасить. Именно такой слегка поврежденный внешний вид стал отличительной чертой этой модели — без лакового покрытия и блестящей отделки.

Фальшивый переключатель: Тумблер сверху корпуса предназначен лишь для визуального соответствия винтажному стилю рабочего функционала у него нет. Реальная регулировка осуществляется с помощью нижнего переключателя.

Многоуровневое покрытие: Для достижения эффекта состаренного внешнего вида на производстве ESP наносят несколько слоев краски (серого, черного и белого цветов), после чего покрытие частично стирается вручную. Это придает каждому инструменту индивидуальность, и даже два экземпляра из одной производственной партии выглядят по-разному."
49,50,,Life,https://dzen.ru/a/ZjK1x0-iMWDwSoau,2024,новостной,"Как вычислить неочевидные недостатки дома
Во-первых, не покупайте дома на вторичном рынке зимой или поздней осенью — именно в это время легче всего замаскировать недостатки в фундаменте. А именно они могут быть фатальными. Серьёзные изъяны, трещины, нарушения технологии строительного процесса установки фундамента могут привести к тому, что дом придётся сносить и строить заново. Собственно, это и может оказаться по факту причиной продажи дома на вторичном рынке. Об этом предупредил владелец строительной компании ""Дом Лазовского"" Максим Лазовский.

Следующий момент — изъяны скрытых работ. А именно — ошибки при утеплении, гидро- и пароизоляции. Обязательно посетите подвальное помещение, если оно есть. Посмотрите на динамику температуры и влажности, нет ли подтёков на стенах и иных следов.

Проблем со вторичным объектом ИЖС может быть масса — грунт не подходит для выбранного типа строения, с сечением свай или вообще типом фундамента ошиблись. Забыли обработать от короедов, и жуки уже скушали половину лаг… Лучше приходить на просмотр понравившегося объекта с профессионалом (технический или строительный надзор) и смотреть все мелочи.

— Кроме того, обязательно изучите разрешение на строительство и ВРИ земельного участка. А вдруг это вообще ""самострой"" и возводить жилые сооружения на этой земле запрещено. Также изучите косвенные дефекты — это возможные ухудшения локации. Например, открытие рядом завода по переработке сырья, свалки или новой оживлённой дороги. Для этого надо посмотреть план градостроительной застройки вашего муниципального образования — он есть в открытом доступе в сети, — добавил Максим Лазовский.","[Проблем] может быть масса
жуки уже скушали",226,6,"2,654867257",2,"0,8849557522","Как выявить малозаметные недостатки дома

Прежде всего, воздержитесь от покупки домов на вторичном рынке недвижимости в зимний период или поздней осенью: именно в этот сезон проще всего скрыть проблемы с фундаментом. Такие проблемы могут стать критическими. Трещины, серьёзные повреждения и нарушения технологии монтажа фундамента способны привести к ситуации, когда здание придется снести и построить заново. Именно такие причины часто становятся факторами продажи жилья на вторичном рынке, как отметил руководитель строительной фирмы ""Дом Лазовского"" Максим Лазовский.

Далее обратите внимание на качество выполненных скрытых работ. Ошибки в процессе утепления, гидроизоляции и пароизоляции являются распространёнными проблемами. Осмотрите подвальные помещения, если они имеются, оцените показатели температуры и влажности, проверьте наличие пятен влаги и других следов протечек.

На объектах индивидуального жилищного строительства (ИЖС) проблем может возникать множество: неподходящий тип грунта для конкретного здания, неправильный выбор сечения свай или вида фундамента, отсутствие обработки древесины против вредителей, в результате чего насекомые повредили значительную часть деревянных элементов. Лучше проводить осмотр потенциальной покупки вместе с квалифицированным специалистом (представителем технического надзора), чтобы внимательно изучить детали.

Кроме того, важно ознакомиться с разрешением на возведение дома и видом разрешённого использования земельного участка. Возможно, объект является самовольной постройкой, и строительство жилых зданий на данной территории запрещено. Необходимо также учитывать возможные негативные изменения окружающей среды, например, появление поблизости предприятий промышленности, свалок или новых транспортных магистралей. Для получения такой информации ознакомьтесь с генеральным планом развития вашего населенного пункта, доступным в открытых источниках, подчеркнул Максим Лазовский."
50,51,,KP.RU:Комсомольская правда,https://dzen.ru/a/WbPkRFWHa0WGyUD3,2017,новостной,"Незаслуженно обиженный диетологами продукт - свекла обыкновенная. Или мангольд. До последнего времени ее использовали больше «для цвета», кроша в винегрет или борщ. Сейчас же в Европе стали очень популярны мангольд-диеты, которые включают разные блюда из свеклы и ее листьев, которые, кстати, тоже очень полезны, богаты железом, аскорбинкой и йодом (и в отличие от других видов ботвы - совсем не горькие, а даже приятные на вкус).

В свекле есть одно уникальное и очень ценное для всех худеющих вещество - бетаин, рассказывает врач диетолог-гастроэнтеролог Светлана Бережная. Он не дает всасываться лишним жирам и при этом улучшает усвоение полноценных белков.

К тому же в свекольном соке содержатся ферменты, которые улучшают водно-солевой обмен в организме и обладают мягким мочегонным действием, что весьма полезно тем, кто мало двигается и склонен к образованию отеков (кстати, если просто нормализовать водно-солевой обмен, то есть не давать накапливаться лишней жидкости в тканях, уйдет сразу 2-3 кило). Свекла богата клетчаткой и горечами, которые стимулируют работу кишечника и желчного пузыря. Правда, этот овощ обладает и слабительным действием.

Свекла отлично подходит для разгрузочных дней. Но это не означает, что надо уныло жевать пресную, вареную свеклу, натертую на терке. Из этого овоща за копейки можно приготовить массу вкуснейших и красивых блюд.

В ста граммах свеклы всего 40 ккал. Хорошо сочетается с сельдью, зеленью, плохо - с острыми и копчеными продуктами.","обиженный диетологами продукт
ее использовали больше «для цвета»
уныло жевать пресную, вареную свеклу
за копейки можно приготовить массу вкуснейших и красивых блюд",213,19,"8,920187793",4,"1,877934272","Продукт, несправедливо подвергшийся критике со стороны диетологов, — свёкла обыкновенная или мангольд. Долго время эти продукты использовались преимущественно лишь для придания цвета блюдам, такими как винегрет или борщ. В настоящее время в Европе стали популярными диеты, включающие различные блюда из свёклы и её листьев, обладающие полезными свойствами: высоким содержанием железа, витамина C и йода, приятным вкусом и отсутствием горечи.

Свёкла содержит важное и полезное для снижения веса вещество — бетаин, согласно врачу-диетологу Светлане Бережной. Бетаин препятствует накоплению излишних жиров и способствует лучшему усвоению полноценного белка.

Кроме того, в соке свёклы присутствуют ферменты, улучшающие водно-солевой баланс организма и имеющие лёгкое мочегонное действие, полезные людям малоподвижным и склонным к отекам. Для избавления от двух-трех килограммов достаточно нормализовать водно-солевой обмен, предотвращая скопление избыточной жидкости в тканях. Свёкла также богата клетчаткой и веществами, активизирующими деятельность кишечника и желчного пузыря. Однако она оказывает и слабительное воздействие.

Свёкла является подходящим продуктом для проведения разгрузочного дня. Однако употребление одной отваренной и измельчённой свёклы не обязательно должно вызывать неприятные ощущения. Из неё легко приготовить большое количество недорогих, вкусных и аппетитных блюд.

На сто граммов свёклы приходится всего сорок калорий. Она хорошо сочетается с селёдкой и зеленью, хуже — с острыми и копчёными продуктами."
51,52,Павел Никифоров,Деловой Петербург,https://www.dp.ru/a/2026/04/21/sdelki-vo-vseh-formah-rinok?from=dzen-news,2026,новостной,"Петербургский Росреестр подвёл итоги I квартала 2026 года. Начало года для рынка жилья оказалось неоднородным: число ипотек и договоров долевого участия выросло, тогда как на вторичном рынке заметного движения не произошло.

Самую сильную динамику показал ипотечный сегмент.

За январь-март в Петербурге зарегистрировано 28 346 ипотек — на 14% больше, чем годом ранее. В I квартале 2025 года этот показатель составлял 24 943. Для рынка это важный сигнал: несмотря на дорогие кредиты и сдержанный потребительский спрос, покупатели продолжают выходить на сделки с привлечением заёмных средств.

Рост зафиксирован и на первичном рынке. По данным управления Росреестра по Санкт-Петербургу, в I квартале 2026 года зарегистрировано 10 299 договоров участия в долевом строительстве. Это на 10% больше результата за аналогичный период прошлого года, когда было оформлено 9366 ДДУ. Иными словами, сегмент новостроек начал год увереннее, чем вторичный рынок.

При этом сделки купли-продажи жилья показали фактически нулевую динамику. Количество зарегистрированных прав собственности на объекты жилищного фонда на основании договоров купли-продажи и мены составило 21 890 против 21 633 годом ранее. Формально показатель вырос, но по сути остался на уровне прошлого года.

Напомним, количество договоров долевого участия в Петербурге за январь возросло в 1,5 раза. ДДУ за первый месяц 2026 года прибавили в количестве 57%. В количественном выражении за начало 2026 года в Петербурге было зарегистрировано 8601 ипотека (в январе прошлого года — 6 664). Число ДДУ этот период составило 4262 (в январе прошлого года — 2707).","на вторичном рынке заметного движения не произошло
покупатели продолжают выходить на сделки
сегмент новостроек начал год увереннее
",226,15,"6,637168142",4,"1,769911504","Росреестр Санкт-Петербурга представил отчет за первый квартал 2026 года. Начальный этап года оказался разным для рынка недвижимости: увеличилось количество ипотечных кредитов и договоров долевого участия, однако сделок на вторичном рынке практически не проводилось.

Наиболее активно развивался сектор ипотеки.

В период января-марта 2026 года в Санкт-Петербурге зарегистрировано 28 346 ипотечных договоров, что на 14% превышает показатели аналогичного периода предыдущего года (24 943 договора). Увеличение числа ипотечных займов свидетельствует о том, что покупатели продолжают приобретать жилье, несмотря на высокие процентные ставки и ограниченный спрос.

На первичном рынке также отмечен рост. Согласно предоставленным Росрегистром Санкт-Петербурга сведениям, в первом квартале 2026 года заключено 10 299 договоров долевого строительства, что составляет увеличение на 10% относительно первого квартала 2025 года (9366 договоров).

Однако общий объем сделок купли-продажи жилых объектов увеличился незначительно. Разница между количеством зарегистрированных прав собственности на основе договоров купли-продажи и обмена составила всего 257 единиц: в первом квартале 2026 года зарегистрированы права на 21 890 объектов, годом ранее — на 21 633.

Напоминаем, что в январе текущего года количество заключенных договоров долевого участия в строительстве увеличилось почти в полтора раза. Количество договоров долевого участия за январь 2026 года достигло показателя 4262, увеличившись на 57 договоров по сравнению с аналогичным периодом прошлого года (2707 договоров). За январь-февраль 2026 года в Санкт-Петербурге зарегистрировано 8601 ипотечный договор, в то время как за январь прошлого года — 6664."
52,53,,РБК,https://t.rbc.ru/tyumen/freenews/69e65b339a794734d7f9bd3b?utm_source=yxnews&utm_medium=mobile&utm_referrer=https%3A%2F%2Fdzen.ru%2Fnews%2Fstory%2F0fc310cc-1b31-5e64-834e-0839b0f1e9c8,2026,новостной,"В это же время государство отменило льготную ипотеку, которая позволяла сектору быстро расти. Многие компании, развивавшиеся за счет одновременного строительства нескольких объектов, столкнулись кассовыми разрывами и начали уходить с рынка.

По наблюдениям генерального директора «Загородной недвижимости Урала» Александра Свитенькова, из более чем тысячи компаний, которые работали в сегменте ИЖС в Екатеринбурге, «выжили», смогли пройти аккредитацию и получить проектное финансирование порядка сорока. Банковских кредитов (а это порядка 50-100 млн руб.) сегодня не хватает, чтобы обеспечивать прежние объемы стройки.

«Еще несколько лет назад мы строили сотню домов в год. В прошлом году мы возвели только 28 объектов. В этом году заключили контрактов на 12-15 домов. Из-за падения объемов строительства нам пришлось сократить штат. Из 37 человек в офисе осталось 10 человек. Из 400 рабочих осталось всего лишь 50-80 человек», — приводит пример Александр Свитеньков.

Многие участники рынка работают с отрицательной рентабельностью из-за высокой инфляции, что приводит к волне банкротств, а иногда и к уголовным делам, говорит Александр Свитеньков.

По данным Эдуарда Богданова, в 2025 году цены на загородную недвижимость в стране в среднем выросли примерно на 15,2%. Но сегодня рост стоимости остановился.

«Можно найти предложения с возможностью торговаться, в том числе есть неплохой выбор как по земельным участкам так и по домам. Возобновление роста цен ожидаю в 2027-2028 годах, когда ипотечные ставки вернут на рынок большое количество покупателей», — говорит Эдуард Богданов.

Эксперты прогнозируют, что весь 2026 год рынок ИЖС будет перестраиваться. Недокапитализированные игроки со слабым продуктом — уйдут, а компании с хорошим менеджментом и финансовой подушкой — усилят позиции.

«Рынок переходит из хаотичной фазы в более зрелую. Будущее не просто за комплексной застройкой как таковой, а за понятным упакованным продуктом для покупателя: участок с коммуникациями, дорогой, инфраструктурой и прозрачной юридической моделью. Либо комплексное решение «участок + дом». Именно такие форматы будут забирать основной спрос», — подчеркивает Александр Игнатов.

Реализация комплексных проектов требует не только собственных средств девелопера, но и поддержки со стороны государства для подведения дорог и коммуникаций, чего пока в полной мере не происходит.","позволяла сектору быстро расти
уходить с рынка
из более чем тысячи компаний [«выжили»]
падения объемов строительства
волне банкротств
Возобновление роста цен
рынок ИЖС будет перестраиваться
Недокапитализированные игроки со слабым продуктом
Рынок переходит из хаотичной фазы в более зрелую.
понятным упакованным продуктом для покупателя: участок с коммуникациями, дорогой, инфраструктурой и прозрачной юридической моделью
забирать основной спрос",316,45,"14,24050633",11,"3,481012658","Одновременно с отменой государством льготной ипотеки, ускорявшей развитие сектора индивидуального жилищного строительства, многие компании, одновременно строившие несколько объектов, столкнулись с финансовыми трудностями и прекратили свою деятельность.

Генеральный директор компании «Загородная недвижимость Урала» Александр Свитеньков сообщил, что из более чем тысячи предприятий, работавших ранее в сегменте ИЖС Екатеринбурга, продолжают функционировать и получили доступ к проектному финансированию около 40. Сегодня средства банковских кредитов (примерно от 50 до 100 миллионов рублей) недостаточно для обеспечения предыдущих объёмов строительства.

Александр Свитеньков привел следующий пример: «Несколько лет назад наша компания возводила сто домов ежегодно. В прошлом году построено только 28 домов, а в текущем заключено договоров на строительство 12–15 домов. Из-за снижения объемов строительства пришлось уменьшить численность персонала. Сократилось число сотрудников офиса с 37 до 10 человек, на строительной площадке осталось от 50 до 80 работников из 400».

По словам Свитенькова, многие участники рынка сейчас имеют убытки из-за высоких темпов инфляции, что приводит к многочисленным случаям банкротства, а иногда и уголовным разбирательствам.

Эдуард Богданов отметил, что в 2025 году стоимость загородной недвижимости выросла примерно на 15,2%, однако дальнейший рост прекратился.

Богданов также добавил: «Сейчас возможно найти предложения с торговым снижением цен, широкий ассортимент предложений имеется как среди земельных участков, так и жилых домов. Ожидаю возобновления роста цен в период 2027–2028 годов после возврата привлекательных ипотечных ставок, способствующих увеличению числа покупателей».

Эксперты считают, что в течение 2026 года сегмент индивидуального жилья будет адаптироваться и меняться. Компании с недостаточным капиталом и низкокачественным предложением покинут рынок, тогда как организации с эффективным управлением и достаточными ресурсами укрепят свои позиции.

Александр Игнатов подчеркнул, что рынок выходит из этапа хаотичного развития в более стабильную фазу. Будущий успех обеспечат не просто комплексы застройки, а предложения комплексного продукта для конечного потребителя: земельный участок с подведёнными коммуникациями, подъездными путями, необходимой инфраструктурой и прозрачными юридическими условиями, либо комбинированное предложение вида «земельный участок плюс жилой дом». Такие проекты смогут привлечь большую часть спроса.

Для реализации крупных комплексных проектов необходима финансовая поддержка не только самих застройщиков, но и государственных структур в части инфраструктуры дорог и инженерных сетей, чего пока не наблюдается в полном объёме."
53,54,,РБК,https://www.rbc.ru/crypto/news/69e0f7ff9a794782bf7c7350,2026,новостной,"Квантовая угроза расколола биткоин-сообщество на два лагеря — сторонников добровольного перехода на защищенные механизмы и принудительной заморозки уязвимых монет

Биткоин-сообщество столкнулось с самым идеологически сложным вызовом за последние годы. Вопрос защиты сети от квантовых компьютеров расколол разработчиков на два лагеря. С одной стороны, CEO Blockstream Адам Бэк призвал сообщество к добровольной модернизации и защищенным механизмам, с другой — разработчик и основатель Casa Джеймсон Лопп предложил заморозить миллионы «спящих» монет, включая кошельки анонимного создателя биткоина Сатоши Накамото.

Дискуссия, еще недавно считавшаяся сугубо теоретической, обрела жесткие сроки после публикации исследования Google в марте. Компания обнародовала результаты своей работы более чем на 50 страницах, представив алгоритм и логику, радикально сокращающие затраты на взлом криптографии, на которой базируется безопасность биткоина, Ethereum и большинства других криптовалют. По их оценке, компьютеры нужной мощности могут появиться не в середине 2030-х годов, как считалось ранее, а уже к концу этого десятилетия.

Речь идет о том, что под угрозой могут оказаться миллионы биткоинов «старого формата», и это не только предполагаемые средства Сатоши Накамото, но и других участников. По оценкам Google, их общее число составило 2,3 млн BTC, или более $170 млрд по курсу на 16 апреля.

Квантовая атака на блокчейн сводится к восстановлению приватного ключа по публичному. Сейчас это считается вычислительно неосуществимой задачей, но квантовые алгоритмы позволяют решать ее существенно эффективнее.

В первом сценарии атакующий находит адреса, где публичный ключ уже раскрыт, и получает доступ к средствам, вычислив приватный ключ. Во втором сценарии он перехватывает транзакцию до ее включения в блок, извлекает публичный ключ, вычисляет приватный и подменяет транзакцию. Во втором случае под угрозой оказываются уже не только старые или неактивные кошельки, но и обычные переводы.","Квантовая угроза расколола биткоин-сообщество на два лагеря
заморозки уязвимых монет
заморозить миллионы «спящих» монет
жесткие сроки
",262,13,"4,961832061",5,"1,908396947","Угроза квантовых технологий разделила сообщество пользователей биткоина на две группы: тех, кто поддерживает добровольный переход на механизмы защиты, и тех, кто предлагает принудительное ограничение обращения наиболее уязвимых активов.

Сообщество пользователей биткоина сталкивается с серьёзным идейным вызовом последних лет. Вопрос обеспечения безопасности сети от возможных угроз квантовых компьютеров привёл к разногласиям среди разработчиков. Один из руководителей компании Blockstream Адам Бэк обратился к сообществу с предложением добровольно перейти на новые защищённые механизмы безопасности. Другой представитель сообщества, разработчик и основатель проекта Casa Джеймсон Лопп выступил с инициативой ограничить обращение миллионов биткоинов, находящихся в долгосрочном хранении, включая активы анонимного основателя криптовалюты Сатоши Накамото.

Спор, ещё недавно рассматривавшийся исключительно как теоретический, приобрёл повышенную срочность после публикации результатов исследований специалистов компании Google в марте текущего года. В отчёте объёмом свыше 50 страниц были представлены методики и подходы, значительно снижающие затраты на вскрытие криптографических схем, лежащих в основе безопасного функционирования сетей биткоина, эфириума и большинства иных цифровых валют. Согласно данным учёных, высокопроизводительные компьютеры, способные реализовать подобные атаки, появятся раньше прогнозируемых сроков — не к середине 2030-х годов, а уже ближе к концу текущего десятилетия.

Речь идёт о возможной опасности для миллионов единиц цифровой валюты старого образца, принадлежащих различным участникам рынка, включая и предполагаемые накопления основателя биткоина Сатоши Накамото. По расчётам исследователей Google, общая сумма таких активов составляет около 2,3 миллиона биткоинов, что эквивалентно примерно 170 миллиардам долларов США по состоянию на апрель 2023 года.

Атака с использованием квантового компьютера против блокчейна подразумевает возможность восстановления закрытого ключа пользователя по открытому. Ключевая задача подобного взлома сейчас представляется крайне сложной и практически невыполнимой с точки зрения современных вычислительных мощностей, однако квантовые алгоритмы позволяют решить её гораздо быстрее и проще.

Первый сценарий предполагает, что злоумышленник выявляет адреса, чьи открытые ключи уже раскрыты, и получает доступ к активам путём расчёта соответствующего закрытого ключа. Второй вариант развития событий предусматривает ситуацию, когда злоумышленник перехватывает транзакцию до момента её добавления в блок цепи, добывая открытый ключ и вычисляя закрытый ключ, затем замещая оригинальную транзакцию собственной. Более опасным является именно второй способ атаки, поскольку он угрожает не только старому и малоподвижному капиталу, но и любым обычным переводам внутри системы."
54,55,,РИА Новости,https://dzen.ru/a/XKydgiYaZgCuFvb6,2019,новостной,"""Семь сестер"", семь знаменитых сталинских высоток интересуют и самих москвичей, и туристов со всей России, и иностранцев. На экскурсиях по ""городу на семи холмах"" можно узнать о строителях и архитекторах, службе госбезопасности, секретах клумб и фонтанов и зачем подходить к главному зданию МГУ со счетчиком Гейгера. ""Такие экскурсии часто заказывают российские туристы и иногда иностранные, — рассказывает руководитель туркомпании ""Незабываемая Москва"". — Правда, внутрь высоток туристов не водят: в некоторых из них — режимные объекты, пропускная система"".

Попасть в высотки можно — и не только в те, где находятся отели, но и в обычный жилой дом.

Особенно интересно это будет ценителям балета: музей-квартира Галины Улановой находится в высотке на Котельнической набережной. Посещение — по предварительной записи.

Гости в отзывах хвалят и экскурсоводов, и интерьеры, и уникальные экспонаты. Благодарят за возможность почувствовать эпоху, а в ней — жизнь балерины. Ну и, конечно, отмечают виды из окна и помпезность самой высотки.","""Семь сестер"", семь знаменитых сталинских высоток
""городу на семи холмах""
возможность почувствовать эпоху, а в ней — жизнь балерины",146,17,"11,64383562",3,"2,054794521","Семь известных сталинских высоток привлекают внимание жителей Москвы, российских и иностранных туристов. Во время экскурсий по Москве, известной своими семью холмами, рассказывается о строителях и архитекторах, сотрудниках органов государственной безопасности, особенностях оформления садов и фонтанов, а также о причине, почему рекомендуется подойти к главному зданию МГУ с дозиметром. Согласно словам руководителя туристической компании ""Незабываемая Москва"", такие экскурсии чаще заказываются россиянами, реже иностранцами. В самих высотках проводятся лишь отдельные организованные посещения, поскольку некоторые здания имеют особый режим посещений и пропускную систему.

Посетить высотные здания возможно не только гостиницы, но и обычные жилые дома.

Для любителей балета особенно привлекательным является посещение квартиры-музея балерины Галины Улановой, расположенной в высотке на Котельнической набережной. Запись на экскурсию проводится заранее.

Отзывы гостей содержат положительные оценки работы гидов, впечатляющих интерьеров и уникальных экспонатов. Автор отзывов благодарит организаторов за предоставленную возможность ознакомиться с историческим периодом жизни знаменитой балерины. Помимо прочего, гости выделяют великолепные виды из окон зданий и величественность архитектуры самих высоток."
55,56,Павел Осипов,Центральная профсоюзная газета «Солидарность»,https://solidarnost.org/articles/robotizatsiya-kotoruyu-my-obsudili.html,2024,новостной,"- Есть знакомые лица, есть незнакомые. И радует и то, и другое, - открывая круглый стол на тему “Кадры для роботизации: как подготовить инженеров будущего”, председатель партии “Новые люди” Алексей Нечаев перешел с места в карьер. Начал он с утилитарных задач вроде создания системы распознавания лиц. И радовался, что, вопреки классику, не “знакомые всё”, и есть еще чему учиться. Но успокоил: - Мы с вами люди, которые что-то про роботизацию понимаем. (И про роботизацию русского языка особенно. - П.О.) В целом выступление Алексея Нечаева было из разряда тех, которые комментировать - только портить: - Во многом, когда говорим о роботизации, обсуждения “есть ли этому альтернативы, нет ли этому альтернативы” практически не ведутся. Потому что долгое время дешевый труд - “ну зачем нам робот, у нас есть люди по 20 тысяч рублей в месяц”. У нас этих людей больше нету, и что бы ни было дальше, этих людей уже не будет. И это хорошо, потому что люди, значит, будут больше зарабатывать. То есть “людям по 20 тысяч рублей в месяц” стоит признать тот факт, что их не существует. Не можем с этим не согласиться - люди в деньгах не измеряются в принципе. Тут достоинство не стоит путать с номиналом. Но что значит “будут больше зарабатывать”? Где, кем? Тут интересен опыт компании “Фаберлик”, который привел в пример сам ее основатель Нечаев: - Мы за 10 лет увеличили производительность труда почти в 20 раз, просто год за годом занимаясь автоматизацией, роботизацией. И самое главное, что зарплаты людей, которые работали, выросли примерно раза в три. Тут важно понимать, что речь идет именно о людях, “которые работали”. О людях, которые перестали работать вследствие автоматизации производства, не упоминалось. Примечательно, кстати, что производительность труда выросла в целых 20 раз, а зарплаты - всего втрое… Хотя чему тут удивляться.","перешел с места в карьер
вопреки классику, не “знакомые всё”, и есть еще чему учиться
которые что-то про роботизацию понимаем. (И про роботизацию русского языка особенно. - П.О.)
комментировать - только портить
люди по 20 тысяч рублей в месяц
“людям по 20 тысяч рублей в месяц” стоит признать тот факт, что их не существует
люди в деньгах не измеряются в принципе. Тут достоинство не стоит путать с номиналом
зарплаты людей, которые работали, выросли примерно раза в три. Тут важно понимать, что речь идет именно о людях, “которые работали”. О людях, которые перестали работать вследствие автоматизации производства, не упоминалось.
Примечательно, кстати, что производительность труда выросла в целых 20 раз, а зарплаты - всего втрое… Хотя чему тут удивляться.
",291,109,"37,45704467",10,"3,436426117","На круглом столе на тему «Кадры для роботизации: как подготовить инженеров будущего» председатель партии «Новые люди» Алексей Нечаев сразу приступил к обсуждению конкретных вопросов и начал с вопроса разработки системы распознавания лиц. Он отметил, что несмотря на известную поговорку, существуют вещи, которым ещё предстоит научиться. Затем он сообщил, что участники мероприятия обладают знаниями о роботизации, включая особенности влияния роботизации на русский язык. По мнению докладчика, комментарии к его выступлению были излишними, поскольку тема была ясной и понятной. Когда говорят о роботизации, обсуждение наличия или отсутствия альтернатив зачастую отсутствует. Это связано с тем, что раньше использовался дешёвый человеческий труд, стоивший около 20 тысяч рублей в месяц. Сейчас такого уровня оплаты труда больше не существует, следовательно, работники смогут получать большую заработную плату. Следовательно, нужно принять, что оплата труда работников в размере 20 тысяч рублей сейчас отсутствует, поскольку человеческое достоинство нельзя оценивать деньгами. После чего Нечаев привёл пример своей компании «Фаберлик»: за последние десять лет благодаря постепенной автоматизации и роботизации производственный процесс стал эффективнее почти в двадцать раз. Зарплата сотрудников, занятых в процессе работы, увеличилась примерно в три раза. Однако докладчик подчеркнул, что речь шла только о работниках, продолжавших свою деятельность после внедрения автоматизации. Обсудив эти данные, он заметил, что значительный рост производительности труда сопровождался лишь трёхкратным увеличением заработной платы."
56,57,,football life,https://dzen.ru/a/aYJHr6-vah4oZ2-b,2026,новостной,"АДРИАН ЛАХДО - при стоимости в 1 млн. евро был продан в ""Комо"" за 12 млн. евро.

Шведскому центральному полузащитнику всего 18 лет, он был лидером юношеской сборной, а теперь так же ключевая фигура и в молодёжной, но... При этом в играх за ""Хаммарбю"" у него менее двадцати матчей на профессиональном уровне. В 2025 году Лахдо чередовал игры за основу, с матчами за второй состав (из третьей по силе лиге Швеции) и казалось наврят ли способен заинтересовать клуб из более сильного чемпионата, но, как видим - он уехал в топ-лигу.

Что именно привлекло скаутов ""Комо"" в данном игроке - не совсем понятно, но в итальянской команде стараются делать ставку на молодых талантов, собранных по всей Европе, и зачастую в своём выборе не промахиваются. А значит, что-то и в скандинаве разглядели. Ну не зря ж вместо 1 миллиона заплатили - 12.

КАДЕР МЕЙТЕ - при стоимости в 10 млн. евро был куплен ""Аль-Хилялем"" за 30 млн. евро

Этот трансфер не удивляет - в первую очередь, конечно из-за того, кто раскошелился на футболиста. Саудовские клубы приучили к тому, что готовы платить большие деньги и име не так уж важно за кого - в данном случае вышло так, что они заплатили за молодого (18 лет) и весьма перспективного игрока.

Мейте с 15 лет занимался в академии ""Ренна"", прошёл все возраста и оказался в главной команде, где пусть и не стал сходу незаменимым для стартового состава, но было видно, что из него может выйти толк. Нападающий был хоро в верховой борьбе, мог играть как в центре атаки, так и на флангах, хорошо укрывал мяч корпусом, не терялся под прессингом, с каждым месяцем совершенствовал игру в пас... В общем, перспективы в игроке были и не зря он начал играть за сборную Франции U-21. И вот на таком фоне переезд в Саудовскую Аравию выглядит не в лучшем свете - кажется, что игрок выбрал деньги, а не профессиональное развитие.","АДРИАН ЛАХДО - при стоимости в 1 млн. евро был продан в ""Комо""
наврят ли способен заинтересовать клуб из более сильного чемпионата
он уехал в топ-лигу
в своём выборе не промахиваются
КАДЕР МЕЙТЕ - при стоимости в 10 млн. евро был куплен ""Аль-Хилялем""
раскошелился на футболиста
может выйти толк
хорошо укрывал мяч корпусом
не терялся под прессингом
переезд в Саудовскую Аравию выглядит не в лучшем свете",307,57,"18,56677524",10,"3,25732899","АДРИАН ЛАХДО — футболист, которого оценили в 1 миллион евро, перешёл в футбольный клуб «Комо» за сумму в размере 12 миллионов евро.

Адриану Лахдо 18 лет, он является игроком центрального оборонительного амплуа шведского происхождения. С раннего возраста выступает за сборные команды своей страны различного возраста: он был лидером юношеской сборной и сейчас играет важную роль в составе молодежной национальной команды. Несмотря на возраст, опыт выступлений за профессиональный клуб «Хаммарбю» пока небольшой — меньше двадцати матчей. За сезон 2025 года он провёл некоторое количество игр как за основной состав клуба, так и за вторую команду, выступающую во втором дивизионе. По мнению специалистов, таких показателей недостаточно, чтобы привлечь внимание клубов, играющих в чемпионатах высокого уровня, однако Лахдо всё-таки перешёл в один из ведущих европейских чемпионатов.

Сложно сказать точно, какие качества данного игрока обратили на себя внимание скаутов итальянского футбольного клуба «Комо». Однако известно, что команда традиционно делает акцент на приобретении молодых футболистов европейского уровня, и часто их выбор оказывается успешным. Значит, специалисты «Комо» заметили в молодом шведском защитнике определённые достоинства, иначе не заплатили бы такую значительную сумму денег — вместо одного миллиона евро они вложили двенадцать.

КАДЕР МЕЙТЕ — игрок, стоимость которого оценивалась в десять миллионов евро, был приобретён клубом «Аль-Хиляль» за тридцать миллионов евро.

Покупка Кадера Мейте не вызывает удивления прежде всего потому, что за футболиста заплатил именно саудовский клуб. Команды Саудовской Аравии известны традицией тратить значительные финансовые средства на приобретение игроков, и это происходит независимо от конкретных характеристик спортсменов. В данном случае они приобрели футболиста, которому восемнадцать лет и который демонстрирует хорошие перспективы.

Кадер Мейте тренировался в футбольной академии французского клуба «Ренн» с пятнадцатилетнего возраста, постепенно прогрессируя от младших команд до первой команды клуба. Хотя он не сразу закрепился в основном составе, тренерский штаб видел в нём потенциал. Его отличали умение бороться за верховые мячи, способность действовать эффективно в роли нападающего как в центральной зоне атаки, так и на фланге, надёжность при ударах соперника, хорошая техника контроля мяча корпусом и устойчивость к давлению соперников. Кроме того, ежемесячно улучшалась его техника передач мяча. Благодаря таким качествам уже начинал выступления за молодёжную сборную Франции до 21 года. Перспективы развития игрока казались очевидными, и вряд ли случайно на фоне такого прогресса рассматривается переход Кадера Мейте в клуб Саудовской Аравии, где условия профессионального роста выглядят менее благоприятными. Похоже, что игрок сделал выбор в пользу финансового вознаграждения, а не возможностей дальнейшего спортивного роста."
57,58,Андрей Ставицкий,LENTA.RU,https://lenta.ru/news/2025/04/09/switch/,2025,новостной,"Nintendo Switch 2 имеет все шансы стать самой популярной игровой консолью на рынке. Об этом сообщает издание VentureBeat со ссылкой на исследование компании DFC Intelligence.

Специалисты организации отметили, что новая консоль Nintendo имеет шансы изменить рынок видеоигр. В DFC Intelligence полагают, что она станет самой продаваемой приставкой в следующие два года — из-за повышенного интереса пользователей персональных компьютеров (ПК) и новых эксклюзивных видеоигр.

Аналитики называют перспективы Nintendo Switch 2 на рынке успешными по тому, что потребители заинтересованы в подобном компактном игровом устройстве. Они отметили, что у главных конкурентов — Sony и Microsoft — нет собственных компактных моделей.

Также в DFC Intelligence обратили внимание на высокое качество выпущенных для консоли игр. Специалисты подчеркнули, что 80 процентов игр для Switch выпускает сама Nintendo или подконтрольные ей студии. Для сравнения, около 85 процентов игр для PlayStation готовят сторонние разработчики.

В заключении авторы отчета отметили высокую «перекрестную привлекательность» Nintendo Switch. Согласно внутренним данным, 44 процентов ПК-геймеров имеют консоль от Nintendo.

Приставку Nintendo Switch 2 представили в начале апреля. Консоль получила 7,9-дюймовый LCD-дисплей с частотой 120 герц, новые джойстики на магнитном креплении, возможность масштабировать разрешение игр до 4К.","отметили высокую «перекрестную привлекательность» Nintendo Switch. Согласно внутренним данным, 44 процентов ПК-геймеров имеют консоль от Nintendo.",178,16,"8,988764045",1,"0,5617977528","Компания DFC Intelligence провела исследование рынка игровых консолей, результаты которого были опубликованы изданием VentureBeat.

Согласно отчету специалистов, новая игровая консоль Nintendo Switch 2 может занять лидирующие позиции на рынке аналитики предполагают, что в течение следующих двух лет именно эта консоль будет наиболее востребованной среди потребителей. Данной точки зрения способствовали два фактора: повышенный интерес пользователей персональных компьютеров и выпуск эксклюзивных видеоигр.

Эксперты считают, что устройство имеет хорошие рыночные перспективы благодаря высокому потребительскому спросу на компактные игровые устройства. При этом отмечается отсутствие аналогичных компактных моделей у основных конкурентов — компаний Sony и Microsoft.

Кроме того, специалисты обратили внимание на высокое качество программного обеспечения, разработанного специально для Nintendo Switch. Более 80% игр для данной платформы выпускаются непосредственно Nintendo либо студиями, находящимися под контролем компании. По сравнению с этим, примерно 85% игр для PlayStation создаются независимыми разработчиками.

Авторы исследования также указали на высокий уровень привлекательности Nintendo Switch среди владельцев персональных компьютеров. Согласно представленным данным, 44% пользователей ПК владеют консолью Nintendo.

Презентация модели Nintendo Switch 2 состоялась в апреле. Конструктивные особенности включают дисплей диагональю 7,9 дюйма с частотой обновления экрана 120 Гц, новые контроллеры с магнитным креплением и функцию увеличения разрешения графики до формата 4K."
58,59,,Restate,https://dzen.ru/a/aW-cAxD7VhuwTbVm,2026,новостной,"Исторические локации и новые проекты
Компания «Балтийская коммерция» приобрела участок на Новгородской улице, 14 весной 2024 года. Ранее здесь располагался бизнес-центр класса С, а рядом уже построен жилой комплекс «Форсайт» того же девелопера. Общая площадь участка - около 5,5 тысячи квадратных метров.

Девелопер работает в исторических районах Петербурга с конца 90-х годов. Среди последних проектов - реконструкция бывшего советского лицея на проспекте Римского-Корсакова и премиальный квартал у метро «Чкаловская». Пески традиционно считаются одной из самых престижных локаций города, хотя после 2010 года здесь стали появляться не только элитные, но и бизнес-класса новостройки.

Район отличается спокойствием и отсутствием туристического шума, что ценят будущие жильцы. Однако, как отмечают эксперты, здесь еще много промышленных территорий, оставшихся в наследство от «серого пояса» города.

Рынок элитного жилья и перспективы развития
С начала 2024 года, по данным NF Group, в центральной части Петербурга появилось два новых жилых комплекса на 448 квартир: элитный «Моисеенко 10» и бизнес-класс N8. В стадии реализации находятся еще несколько проектов, включая жилой комплекс ПСК и реконструкцию Мытного двора. Свободных участков для строительства в центре практически не осталось, а спрос на премиальное жилье стабильно высок.

По информации брокеров, отдельные земельные участки еще можно найти в районе площади Восстания и на улице Черняховского. Однако основной резерв для развития центрального района - это территории между Синопской набережной и Новгородской улицей. Здесь компания «ТГК-1» готовит масштабный проект редевелопмента бывшей Центральной ТЭЦ. Планируется создать общественно-деловое пространство, которое соединит городскую застройку с набережной. Первый этап, включающий рекреационную зону и объекты общепита, уже получил одобрение экспертизы.

Петербург продолжает меняться: исторические кварталы обретают новую жизнь, а элитные жилые комплексы становятся частью городской ткани, где прошлое и будущее встречаются на одной улице.","от «серого пояса» города
исторические кварталы обретают новую жизнь
элитные жилые комплексы становятся частью городской ткани, где прошлое и будущее встречаются на одной улице",264,22,"8,333333333",3,"1,136363636","Исторические локации и новые проекты  
Компания «Балтийская коммерция» купила участок площадью примерно 5,5 тыс. м² на Новгородской ул., 14 весной 2024 г. До этого здесь находился бизнес-центр класса С, а рядом был возведён жилой комплекс «Форсайт», принадлежащий той же компании.  

«Балтийская коммерция» занимается строительством в историческом центре Санкт-Петербурга с конца 90-х гг. Последние реализованные проекты включают реконструкцию советского лицея на пр. Представителя Римского-Корсакова и строительство премиального жилого квартала возле станции метро «Чкаловская». Район Песков считается одним из наиболее престижных районов города, однако после 2010 г. здесь начали появляться новостройки не только премиум-, но и бизнес-класса.  

Жители района ценят его спокойствие и отсутствие шумной туристической активности. Эксперты отмечают, что район ещё содержит промышленные зоны, доставшиеся городу от ранее расположенной промзоны.  

Рынок элитного жилья и перспективы развития  
С начала 2024 г. в центральной части Санкт-Петербурга появились два новых жилых комплекса общей вместимостью 448 квартир: премиальный «Моисеенко 10» и объект бизнес-класса N8. Кроме того, реализуется ряд других проектов, среди которых ЖК ПСК и реконструкция Мытного двора. Свободных земельных участков для нового строительства в центре почти не осталось, тогда как спрос на элитное жильё остаётся высоким.  

Брокеры указывают, что единичные свободные участки ещё остаются в районе пл. Возрождения и улицы Черняховского. Основной потенциал для расширения центра находится между Синопской наб. и Новгородской ул.: там компания «ТГК-1» планирует реализовать крупный проект редевелопмента Центрального теплового энергетического комплекса. Проект предусматривает создание общественного пространства, связанного с городской застройкой и набережной. Уже одобрен первый этап, включающий зону отдыха и заведения общественного питания.  

Санкт-Петербург продолжает развиваться: старые исторические районы обновляются, и новые элитные жилые комплексы интегрируются в существующую городскую среду, создавая сочетание элементов прошлого и будущего."
59,60,Илья Соболев,Российская газета,https://dzen.ru/a/agYGPVU4_3gzPphB,2026,новостной,"В тройке главных претендентов на золото эксперты видят хозяев турнира - швейцарцев. Сборная Швейцарии уже не первый год метит в чемпионы: на двух предыдущих турнирах ""часовщики"" играли в финале. Возможно, фактор домашнего льда и станет той самой недостающей деталью, чтобы пазл сложился. Тем более, что на турнире в родных стенах сыграют почти все доступные швейцарские звезды во главе с Романом Йоси.

Неплохая команда у фаворитов любого чемпионата мира - шведов. Это сплав энхаэловцев и игроков, выступающих в Европе. Пожалуй, главная звезда - один из лидеров ""Детройта"" Лукас Рэймонд, набравший 76 очков в минувшей ""регулярке"" НХЛ.

Ровный, но не выдающийся состав у чехов. Впрочем, им даже без громких имен удавалось добиваться результата.

Немцы могли похвастать на Олимпиаде звездами первой величины вроде Леона Драйзайтля и Тима Штюцле, но в Швейцарии им придется обходиться более скромными силами. Хотя клубы обоих - ""Эдмонтон"" и ""Оттава"" - уже завершили сезон.

Словаки на Играх-2026 едва не дотянулись до бронзы, но на чемпионате мира прогреметь им будет посложнее. Главная звезда сборной форвард Юрай Слафковски, к примеру, бок о бок с нашим Иваном Демидовым бьется в ""Монреале"" за Кубок Стэнли. Зато словаки снова не обошлись без представителя Континентальной хоккейной лиги. В состав включен Адам Лишка, выступающий за череповецкую ""Северсталь"".","хозяев турнира
""часовщики""
фактор домашнего льда и станет той самой недостающей деталью, чтобы пазл сложился
сплав энхаэловцев и игроков, выступающих в Европе
в минувшей ""регулярке"" НХЛ
Ровный, но не выдающийся состав у чехов
обходиться более скромными силами
едва не дотянулись до бронзы
на чемпионате мира прогреметь им будет посложнее
бок о бок
бьется в ""Монреале"" за Кубок Стэнли
",197,48,"24,36548223",12,"6,091370558","Среди трех основных команд, претендующих на золотые медали, специалисты выделяют сборную Швейцарии. Эта сборная стремится стать чемпионом уже несколько лет подряд: ранее она доходила до финала двух последних турниров. Возможно, преимущество своего льда позволит ей достичь цели. На турнире выступят практически все известные хоккеисты Швейцарии, включая Романа Йоси.

Сборная Швеции также обладает хорошей командой. Этот коллектив состоит из игроков НХЛ и представителей европейских лиг. Ведущим игроком является лидер команды ""Детройт"" Лукас Рэймонд, набравший в предыдущем регулярном сезоне НХЛ 76 очков.

Состав сборной Чехии сбалансирован, однако особых выдающихся игроков среди них нет. Несмотря на это, команде удается показывать хорошие результаты.

Сборная Германии на Олимпийских играх демонстрировала высокий уровень игры благодаря таким игрокам, как Леон Драйзайтль и Тим Штюцле. Однако на предстоящем чемпионате мира этой команде придется выступать с менее сильными игроками, поскольку обе указанные звезды (""Эдмонтон"" и ""Оттава"") уже завершили сезоны в своих клубах.

Сборная Словакии на Играх 2026 года была близка к завоеванию бронзовых медалей, но теперь на чемпионате мира ей предстоит справиться с большими трудностями. Важнейшим игроком команды является нападающий Юрай Слафковски, играющий вместе с российским спортсменом Иваном Демидовым в клубе ""Монреаль"" и участвующий в борьбе за Кубок Стэнли. Несмотря на это, словацкая команда вновь включает игрока Континентальной хоккейной лиги: в составе заявлен Адам Лишка, представляющий череповецкую команду ""Северсталь""."
60,61,,51 Меридиан,https://dzen.ru/a/Yemhv7BnxV0hwNuR,2022,новостной,"Самой яростной и агрессивной считается Бычья акула. Про страх и ужас белой, думаю каждый из вас уже знает. Но никто из этих агрессоров ни в коем случае не поплывет в Черное море, хотя возможность такая у них несомненно есть.

Длиннокрылые и серые акулы не менее опасные и крупные, но и они как вы поняли, в Черное море не заплывают.

На это есть следующие причины:
  1.   Воды Черного моря слишком холодные (особенно зимой), а большинство акул это пугает.
  2.   В Черном море очень мало рыбы, ее просто недостаточно, чтобы прокормить огромных хищников. Акулы это чувствуют и понимают, поэтом не плавают там, где нет еды.
  3.   Слабая соленость воды в Черном море отпугивает акул. Так устроено природой, что чем вода более соленая, тем лучше для этих хищников.
  4.   Почти 90% воды в Черном море, перенасыщена сероводородом. Конечно акулы это чувствуют и не лезут в пороховую бочку, их инстинкты такие вещи улавливают очень быстро. Глубже чем на 100 метрах в Черном море, нет никакой жизни, а акулы любят плавать глубоко.
  5.   Экосистема Черного моря находится в плачевном состоянии, экологическая обстановка ухудшается.

Ну и пожалуй последнее, даже самая свирепая акула не рискнет в здравом уме переплывать Босфор с огромным количеством судов, которые там двигаются круглосуточно.

Зато в Черном море водятся можно сказать декоративные акулы, речь идет о Катране и Кошачьей акуле. Эти мелкие рыбки напоминают реальных акул лишь отчасти и никакой опасности для человека не несут.

За всю историю наблюдений, официально в Черном море не была замечена ни одна из опасных для человека видов акул, но в теории это более чем возможно.","Про страх и ужас белой [акулы]
никто из этих агрессоров
ни в коем случае
большинство акул это пугает
Акулы это чувствуют и понимают
Так устроено природой
Конечно акулы это чувствуют и не лезут в пороховую бочку
их инстинкты такие вещи улавливают очень быстро
акулы любят плавать
находится в плачевном состоянии
самая свирепая акула не рискнет в здравом уме переплывать Босфор
декоративные акулы
более чем возможно",253,53,"20,9486166",13,"5,138339921","Бычья акула известна своей агрессивностью. О белом виде вы наверняка уже слышали достаточно информации. Однако ни один из этих агрессивных видов ни при каких обстоятельствах не будет плавать в Черном море, несмотря на наличие такой возможности.

Длиннокрылые и серые акулы также являются опасными и крупными видами, однако, как вы уже поняли, они тоже не заплывают в Черное море.

Причина этому следующая:

1. Воды Черного моря имеют низкую температуру, особенно зимой, и многие виды акул предпочитают избегать холодной среды.
2. В Черном море малочисленна рыба, которой недостаточно для пропитания крупных хищников. Акулам известно, что там отсутствует достаточное количество пищи, поэтому они туда не плывут.
3. Низкая солёность воды Черного моря неблагоприятна для акул. По законам природы, для этих животных наиболее комфортна среда с высокой концентрацией соли.
4. Около 90% черноморской воды насыщено сероводородом. Акулам знакомо негативное воздействие такого химического состава воды, поэтому инстинктивно они избегают мест с высоким содержанием газа. В Черном море глубже 100 метров жизнь отсутствует, тогда как акулы предпочитают глубоководные места.
5. Экологическая система Черного моря деградирует, условия окружающей среды ухудшились.

Последняя причина: даже самые агрессивные акулы вряд ли решатся пересекать пролив Босфор, где постоянно движется большое число кораблей.

Однако в Черном море обитают небольшие виды акул, условно называемые декоративными. Это катран и кошачья акула. Они похожи на настоящих акул лишь частично и не представляют угрозы человеку.

Официально до настоящего момента не зафиксировано появления опасных для людей акул в Черном море, однако теоретически это вероятно."
61,62,Алексей Жирухин,Путешествия со смыслом,https://dzen.ru/a/aebyq7YhIUDRFFdB,2026,новостной,"""В ноябре 1916 года Великий Северный путь включили в государственный план железнодорожного строительства.

Но вскоре грянули потрясения, изменившие ход истории.

Пять попыток за сто лет.

Попытка первая: начало 1920-х.
Новое руководство страны вернулось к проекту.
Из-за нехватки средств рассматривали даже привлечение иностранных инвесторов - понимали, что без северной логистики страна задыхается.
Однако эксперты попросили паузу на стратегическую оценку.
В условиях тяжелого восстановления страны проект пришлось заморозить.

Попытка вторая: 1930-е годы.
Решили строить только своими силами, опираясь на внутренние резервы. Началось освоение восточного фрагмента будущей магистрали - знаменитого БАМа.

Работы шли в невероятно тяжелых условиях непроходимой тайги.
За несколько лет ценой колоссальных усилий проложили сотни километров пути.

Но в 1941 году рельсы, уже уложенные в лесах, пришлось срочно демонтировать и погрузить в эшелоны.
Из них проложили легендарную Волжскую рокаду под Сталинградом для снабжения фронта.
Сибирская дорога отдала свою сталь ради спасения страны.

Попытка третья: 50-е годы.
Была предпринята героическая попытка проложить Трансполярную магистраль от Салехарда до Игарки.
Но суровая природа, вечная мерзлота и болота оказались сильнее тогдашних технологий.
Проект остановили.

Попытка четвертая: 1970-е.
БАМ объявили «стройкой века».

Восточный участок магистрали действительно был блестяще завершен, став подвигом советских инженеров и строителей.
Но до западной части Великого Северного пути так и не дошли.

Попытка пятая: наши дни.
В конце 2025 года эксперты подготовили новый доклад о перспективах магистрали.

Итог экспертизы поражает воображение: цена вопроса - 50 триллионов рублей. В текущих экономических реалиях проект пока признан преждевременным.""","грянули потрясения, изменившие ход истории
страна задыхается
попросили паузу
проект пришлось заморозить
Сибирская дорога отдала свою сталь ради спасения страны
суровая природа, вечная мерзлота и болота оказались сильнее тогдашних технологий
был блестяще завершен
до западной части Великого Северного пути так и не дошли
Итог экспертизы поражает воображение",208,39,"18,75",9,"4,326923077","В ноябре 1916 года строительство Великого Северного пути включили в программу государственного железнодорожного строительства.

Вскоре произошли значительные события, оказавшие влияние на дальнейшие исторические процессы.

Всего предпринимались пять попыток реализации проекта на протяжении ста лет.

Первая попытка: начало 1920-х годов.
Новое правительство снова обратило внимание на проект.
Ввиду недостатка финансовых ресурсов рассматривалась возможность привлечения иностранного капитала, поскольку была осознана важность северного транспортного коридора.
Эксперты предложили приостановить работы для проведения аналитической оценки ситуации.
Принимая во внимание тяжелое экономическое положение страны, реализацию проекта отложили.

Вторая попытка: 1930-е годы.
Принято решение осуществлять строительство собственными силами. Изучение восточных участков будущей магистрали началось именно тогда, речь идет о строительстве Байкало-Амурской железнодорожной магистрали.
Рабочие сталкивались с чрезвычайно сложными условиями ведения работ в труднопроходимых лесных массивах.
На протяжении нескольких лет были построены сотни километров путей благодаря большим усилиям людей.
Однако в 1941 году рельсы, уже установленные в лесах, пришлось демонтировать и отправить в составе железнодорожных поездов.
Получившиеся железнодорожные линии использовались в ходе оборонительных действий на Волге под Сталинградом для обеспечения поставок вооруженным силам.
Железнодорожные пути Сибири послужили источником материалов для нужд обороны государства.

Третья попытка: 1950-е годы.
Предпринималась серьезная попытка построить Трансполярную железную дорогу от Салехарда до Игарки.
Строительство оказалось невозможным вследствие неблагоприятных природных условий: особенностей климата, вечной мерзлоты и болотистых территорий, уровень развития техники оказался недостаточным.
Проект закрыли.

Четвертая попытка: 1970-е годы.
Байкало-Амурскую магистраль официально назвали важнейшей стройкой десятилетия.
Восточная часть трассы действительно была успешно построена, демонстрируя инженерный талант и трудолюбие советских специалистов.
Западная же часть Великого Северного пути осталась нереализованной.

Пятая попытка: настоящее время.
К концу 2025 года специалисты представили отчет о дальнейших перспективах строительства магистрали.
Ситуация оказалась сложной: стоимость проекта составляет около 50 триллионов рублей. В современных экономических условиях реализация проекта признана несвоевременной."
62,63,,Общественная Служба Новостей,https://dzen.ru/a/XL3HBiK1zQCyJ4r4,2019,новостной,"В столице появился очередной вид мошенничества - деньги выводятся при взаимодействии с банкоматами, об этом «Общественной службе новостей» сообщила пострадавшая Мария Беликова.

- Пришла в отделение Сбербанка, вставила бесконтактную карту VISA Gold в банкомат. Традиционно запросили пинкод. Ввела. Моментально списалось 5000 рублей на чужой телефон «Билайна». Этот номер я не вводила, не подтверждала оплату, узнала о ней по моментально пришедшей смс. Позвонила в банк, сказала, что не подтверждаю платеж. Девушка уточнила, что платёж был из Сбербанк онлайн через банкомат. Сразу заблокировали мне все счета, отрубили онлайн и карту на перевыпуск, - рассказала Беликова.

Девушка тут же позвонила на горячую линию «Билайн». Выяснилось, что средства с телефона увели моментально и вернуть их сотовый оператор не обещает.

- Виноват, на мой взгляд, Сбербанк и его новомодный банкомат с бесконтактным способом введения данных. Видимо, мошенник до меня начал сессию, ввёл все данные, номер телефона и сумму. Потом каким то образом оставил висеть эту сессию в скрытом режиме. Как только я ввела пин-код, мои средства автоматически списались. Сбербанк допустил взлом своей системы банкоматов, – предполагает пострадавшая.

Девушка написала заявление в Сбербанк, не очень надеясь на успех. Но сотрудники банка не только вернули деньги, но и были предельно внимательны.

- Лично мне менеджеры посочувствовали, сказали, что таких случаев много по всей Москве. Люди обращались в полицию, но там им якобы сказали, что состава преступления нет: клиент сам вводит код. Никто, конечно, не признается, что косяк системы Сбербанка. – Комментирует Мария.

Как отмечает пострадавшая, в банке ей посоветовали в следующий раз перед началом работы с банкоматом нажимать кнопку «Отмена». Это, по мнению, сотрудников Сбербанка, сведет опасность несанкционированного списания денег на нет.

В Сбербанке нам сообщили, что в случае несанкционированного списания средств, необходимо сразу связаться со службой безопасности банка. И сразу заблокировать карту и счета. А потом уже написать заявление в ближайшем офисе банка и обратиться в полицию.","моментально пришедшей смс
отрубили онлайн и карту на перевыпуск
средства с телефона увели моментально
новомодный банкомат
оставил висеть эту сессию
Сбербанк допустил взлом своей системы
косяк системы Сбербанка
сведет опасность несанкционированного списания денег на нет",294,28,"9,523809524",8,"2,721088435","В Москве зафиксирован новый способ хищения денежных средств через банкоматы, сообщила потерпевшая Мария Беликова агентству «Общественная служба новостей».

Мария посетила офис Сбербанка, использовала свою бесконтактную карту Visa Gold в банкомате. Согласно стандартной процедуре, устройство запросило PIN-код, после ввода которого произошло автоматическое списание суммы в размере 5000 рублей на мобильный счет оператора «Билайн», принадлежащий неизвестному лицу. Ввод номера мобильного телефона и подтверждение операции потерпевшая не осуществляла, о факте транзакции она узнала благодаря поступившей СМС-сообщению. Сообщив банку о произошедшем, Мария получила информацию, что списание средств произведено посредством функционала Сбербанк Онлайн через банкомат. Все банковские карты женщины были немедленно заблокированы, выпущена новая карта взамен старой.

Женщина незамедлительно связалась с горячей линией компании «Билайн». После проверки выяснилось, что деньги с указанного счета исчезли мгновенно, возврата средств оператор связи не гарантирует.

По словам Марии, вина лежит на Сбербанке и используемом банкомате с функцией бесконтактной оплаты. Согласно предположениям пострадавшей, мошенник заранее инициировал операцию, заполнил необходимые поля, указав сумму и номер телефона жертвы, однако завершил процедуру неполностью. Затем банковское оборудование продолжило находиться в активном состоянии, после чего жертва внесла свою карту и ввела PIN-код, завершив начатый злоумышленником процесс и позволив списать собственные денежные средства. Женщина уверена, что имела место попытка проникновения в систему банкомата Сбербанка, которое стало возможным из-за ошибки оборудования.

Несмотря на скептическое отношение, Мария подала жалобу в Сбербанк. К удивлению заявительницы, сотрудники оперативно возвратили похищенные средства и проявили сочувствие и повышенное внимание.

При беседе Мария отметила, что коллеги из полиции отказались возбуждать уголовное дело, сославшись на отсутствие признаков преступного деяния, поскольку владелец карты самостоятельно вводит PIN-код. Сотрудникам банка Мария заявила, что случай произошел вследствие технической уязвимости устройства, однако представители банка официально это отрицали.

Сотрудники Сбербанка рекомендовали потерпевшей в будущем перед началом операций с банкоматом сначала нажимать клавишу отмены, чтобы предотвратить подобные инциденты.

Пресс-служба Сбербанка разъяснила, что при выявлении факта несанкционированного списания денежных средств клиенту необходимо срочно уведомить службу безопасности банка, заблокировать карту и счета, после чего подать письменное обращение в ближайший офис банка и сообщить о случившемся в правоохранительные органы."
63,64,,Общественная Служба Новостей,https://dzen.ru/a/XlFvhaiebAGLyXWT,2020,новостной,"Вызовы
По этой версии у нас сейчас вызов времени какой? Информационное общество. Дескать, много информации обрушивается на людей и прочие бла-бла-бла. Всё это повторяется настолько регулярно, что даже обычный запрос в поисковике завалит подобными выступлениями.

Понятно, что про это легко говорить. Во-первых, на этот «вызов времени легко отвечать. Ответы тоже уже заготовлены: цифровизация и прочее. Во-вторых, можно словеса развесить. Красивые, раздутые и пафосные. И при этом ничего, по факту, не сказать.

А главное – можно деньги на этом «осваивать».

А то, что реальные вызовы времени совсем в другом - это прошедшие «перековку» даже видеть не хотят.

Какой же этот вызов? Да, культура у нас вся развалилась! У нас нет никакой культуры. Абсолютно.

Что я имею в виду. Никакого уважения к старшим. Никакого уважения к профессионалам. Деньги поставлены во главу угла. И это так или иначе транслируется и детям.

И вот это РЕАЛЬНЫЙ вызов: в этих условиях общество не может детей учить. Старая школа не может учить детей. Даже не то, что «старая школа», а уже развалины старой школы. И никто не хочет это признавать.

Расщепление
В результате что получается? Голова каждого нормального ответственного директора школы должна уметь работать в двух противоречащих друг другу режимах.

С одной стороны, они находятся в школе, погружены в её РЕАЛЬНЫЕ проблемы, отлично их чувствуют. Нередко знают, как эти проблемы решались прежде.

А, с другой стороны, они подчинены департаменты образования. И там им в голову «имплантируют» определённую логику. Если эту логику включить при работе в школе, то будет только хуже.

И что получается? У многих директоров буквально «шиза» начинается, раздвоение личности. Это не только мое мнение. Об этом на полном серьёзе многие люди говорят, с которыми я встречаюсь.

Потому что два этих «режима» («школьный» и «департаментный») невозможно совместить. Об этом и психологи говорят, и философы. Невозможно жить, когда с утра ты должен вести себя одним образом, а вечером – строго по-иному.

И от этого у людей реально «крыша едет». Они на тебя смотрят и говорят: «Вот это чёрное». Хотя смотришь сам, это - «белое». И ты им это несоответствие не докажешь. Буквально.","вызов времени
Дескать, много информации обрушивается на людей и прочие бла-бла-бла.
обычный запрос в поисковике завалит подобными выступлениями
вызов времени
можно словеса развесить
ничего, по факту, не сказать
деньги на этом «осваивать»
вызовы времени
прошедшие «перековку»
культура у нас вся развалилась
Деньги поставлены во главу угла.
общество не может детей учить
Старая школа не может учить детей.
Даже не то, что «старая школа», а уже развалины старой школы.
Голова каждого нормального ответственного директора школы должна уметь работать в двух противоречащих друг другу режимах.
отлично их [проблемы] чувствуют
им в голову «имплантируют» определённую логику
логику включить
буквально «шиза» начинается, раздвоение личности
«крыша едет»",322,83,"25,77639752",20,"6,211180124","Информационные потоки и структура управления школами

В настоящее время существует проблема, связанная с информационными потоками. Общество получает большое количество разнообразной информации, однако обсуждение этой темы часто сводится к поверхностному обсуждению понятий вроде «цифровизации», сопровождаемым громкими заявлениями, лишенными конкретного содержания. Такая дискуссия позволяет использовать финансовые ресурсы, выделяемые на решение проблемы.

Между тем, истинные сложности заключаются в другом. Культура взаимодействия между людьми ослаблена. Отсутствие должного уважения к старшим и специалистам привело к доминированию финансовых ценностей, что отражается и на воспитании молодого поколения. В этих условиях система школьного образования теряет эффективность, поскольку старые образовательные учреждения не способны справляться с задачей передачи знаний и воспитания молодежи.

Руководители образовательных учреждений сталкиваются с серьезными трудностями. Их деятельность проходит в условиях, когда им приходится учитывать две противоположные системы требований: с одной стороны, реальная ситуация в школах и необходимость решения существующих проблем, с другой стороны — требования и предписания вышестоящих органов власти, которые нередко противоречат школьным нуждам. Такое положение дел вызывает серьезные конфликты внутри сознания руководителей школ, приводящие к стрессу и дезориентации. Эти трудности становятся очевидны многим экспертам и исследователям, отмечающим невозможность одновременного выполнения взаимоисключающих функций."
64,65,Виктория Николаенко,Новороссийский рабочий,https://novorab.ru/2023/12/09/soberem-plastik-i-bumagu-nakormim-novorossijskih-bezdomyshej/,2023,новостной,"«Спешу поделиться добрыми новостями с любимой газетой. Много лет я помогаю четвероногим бездомышам. И сегодня могу с гордостью сказать, что число моих единомышленников значительно возросло во многом благодаря «Новороссийскому рабочему».

Рассказывая о своей волонтерской работе на страницах «НР», я познакомилась с неравнодушными людьми, многие из которых оказали мне помощь.

Так, например, идея акции «Сдай макулатуру – накорми бездомышей» стала сегодня девизом для учащихся многих городских школ. Сдавая бумагу, ученики не только помогают сборам на пропитание бездомышам, но и многое узнают о переработке сырья. Например, понимают, почему картон весит больше, а ценится меньше.

Участие в «Марафоне инициатив», организованном депутатом ЗСК Александром Николаевичем Карпенко, помогло нам выйти на новый уровень работы со школьниками. Теперь в школах будут устанавливаться баки для сбора пластика. А пластик также сдаваться в переработку. На вырученные средства будем закупать корм и лекарства для наших подопечных.

Сбор пластика – свежая страница в истории нашей организации. Я и сама, признаться, узнала немало о том, что, оказывается не весь пластик полезен в переработке. Что говорить о школьниках, которые почерпнут новые знания? Дети в этом смысле очень любознательны, быстро схватывают нужную информацию. Кто знает, может, они в будущем станут экологами? Но в любом случае они будут добрыми людьми, любящими животных.

Я убедилась в этом, когда увидела первоклассника, строго «наставлявшего» своего старшего товарища не выбрасывать в мусорный бак бумагу. Малыш повел приятеля к контейнеру, чтобы «было чем потом кормить голодных котиков».

Меня часто спрашивают, сколько нужно собрать макулатуры, чтобы, сдав ее, купить хотя бы килограмм корма. Так вот, 1 тонна макулатуры «потянет» на 4,5 – 5,5 тысяч рублей. Килограмм сухого корма стоит сегодня примерно 550 рублей. Пятнадцать килограммов — это один раз покушать всем нашим подопечным. Поэтому на еду животным еще собирать и собирать. Тем не менее даже запас на один день – огромное подспорье для нас.","четвероногим бездомышам
накорми бездомышей
пропитание бездомышам
выйти на новый уровень работы со школьниками
свежая страница в истории нашей организации
быстро схватывают нужную информацию
1 тонна макулатуры «потянет» на 4,5 – 5,5 тысяч рублей
на еду животным еще собирать и собирать",288,33,"11,45833333",8,"2,777777778","Передаю хорошие новости любимой газете. Многие годы я оказываю помощь беспризорным животным. Сегодня с уверенностью сообщаю, что количество людей, поддерживающих меня, существенно увеличилось благодаря публикации материалов в «Новороссийском рабочем».

На страницах газеты я рассказала о своем волонтёрстве и познакомилась с неравнодушными людьми, многие из которых помогли мне.

Например, акция «Сдать макулатуру — обеспечить питание беспризорных животных» получила поддержку учеников множества городских школ. Учащиеся, сдавая макулатуру, вносят вклад в сбор средств на корм животным и одновременно получают полезную информацию о переработке вторсырья. Они начинают понимать различия между материалами: почему, например, картон тяжелее, но имеет меньшую стоимость.

Участвуя в «Марафоне инициатив», организованном депутатом ЗСК А.Н. Карапенко, мы вышли на новый этап взаимодействия со школьниками. В школьных учреждениях установят специальные ёмкости для сбора пластиковых отходов, которые тоже отправятся на переработку. Полученные деньги пойдут на покупку еды и медикаментов для животных, находящихся под нашей опекой.

Сбор пластика стал новым этапом деятельности нашего объединения. Я сама выяснила много нового, узнав, что не вся пластмасса подходит для переработки. Школьники же получают новые знания, проявляя большой интерес и легко усваивая материал. Возможно, кто-то из них станет экологом в будущем, но главное — дети вырастут хорошими людьми, заботливыми и внимательными к животным.

Это стало очевидным, когда я заметила первого класса, серьезно объясняющего старшему товарищу, что нельзя бросать бумажный мусор в общий контейнер. Ребенок отвёл друга к правильному контейнеру, чтобы «собранная бумага помогла прокормить голодающих кошек».

Часто задают вопрос, сколько макулатуры потребуется сдать, чтобы приобрести корм. Один кубометр бумаги принесёт доход около 4,5–5,5 тыс. рублей. Килограмм корма сейчас стоит примерно 550 рублей. Для полноценного питания всех животных на один приём пищи требуется около 15 кг корма. Следовательно, ещё предстоит большая работа по сбору средств на обеспечение животных питанием. Несмотря на это, даже однодневный запас является значительной помощью."
65,66,,RuNews24.ru,https://dzen.ru/a/agXd2VrEqxFxyFNv,2026,новостной,"Сам мем, захвативший внимание подростков по всему миру, не имеет фиксированного значения. Фраза происходит из песни рэпера Skrilla «Doot Doot (6 7)», где цифры используются не для передачи смысла, а ради ритма и звучания. Согласно другой версии, отсылка идет к росту баскетболиста Ламело Болла — 6 футов 7 дюймов (около 201 сантиметра). Популяризировал мем и характерный жест, когда обе ладони попеременно двигаются вверх-вниз. Dictionary.com даже признал «six-seven» словом 2025 года, хотя сами составители затруднились дать ему четкое определение. По сути, «67» — это классический «брейнрот-мем», то есть бессмысленный контент, от которого «плавятся мозги», но именно эта абсурдность и вызывает у подростков такой восторг.

Филологи объясняют феномен тем, что у этой фразы практически нет значения, зато есть важная функция — быть маркером принадлежности к своей субкультуре. Крикнув «six-seven», подросток показывает: «я свой, я в теме, я не взрослый». Именно это и сводит с ума педагогов по обе стороны океана. Учителя из США жалуются, что любая комбинация чисел, где есть шесть или семь, делает класс неуправляемым, а школьники хором повторяют завирусившуюся фразу и имитируют характерный жест.

В России ситуация осложнилась еще и тем, что мем начал перетекать из виртуального пространства в реальную жизнь с неожиданными последствиями. В Саратове, например, подростки атаковали владельцев квартир с номером 67 — звонили в домофоны и кричали «шесть-семь», после чего убегали, снимая реакцию разгневанных жильцов на видео. Глава Лиги безопасного интернета Екатерина Мизулина уже обратила внимание на ситуацию с запретами в школах, а департамент образования Перми взял историю с шуточным объявлением на контроль, проведя с учащимися профилактические беседы.","захвативший внимание
«плавятся мозги»
я в теме
сводит с ума
по обе стороны океана
делает класс неуправляемым
повторяют завирусившуюся фразу
мем начал перетекать из виртуального пространства в реальную жизнь",249,22,"8,835341365",8,"3,212851406","Мем, привлекший интерес подростков во всём мире, не обладает чётким смысловым содержанием. Фраза появилась в песне исполнителя Skrilla «Doot Doot (6 7)», где цифры использованы исключительно для соблюдения ритма и благозвучности. Согласно иной точке зрения, фраза связана с ростом баскетболиста Ламело Болла — примерно 201 см. Мем стал популярным благодаря связанному с ним характерному движению рук, когда кисти обеих рук поднимаются и опускаются попеременно. В 2025 году издание Dictionary.com признало слово «six-seven» одним из наиболее распространённых, однако авторы энциклопедии не смогли предложить ясной трактовки термина. Термин «67» представляет собой типичный пример бессмысленного мема, приводящего человека в замешательство и вызывающего трудности восприятия, но именно такая бессмыслица и привлекает молодых людей.

Специалисты-филологи считают причиной популярности фразы отсутствие у неё какого-либо содержательного значения и одновременно наличие важной функции — служить знаком причастности к определённой молодёжной культуре. Проговорив слова «six-seven», подросток заявляет: «Я принадлежу к нашей группе, понимаю её специфику, я не взрослый». Именно этот фактор вызывает сильное недовольство учителей в разных странах. Преподаватели из Соединённых Штатов сообщают, что любая числовая последовательность, содержащая числа шесть или семь, провоцирует хаотичное поведение школьников, учащиеся начинают синхронно произносить ставшую популярной фразу и повторять характерные телодвижения.

Ситуация усугубилась в России, поскольку мем перешёл из интернет-пространства в повседневную реальность с нежелательными результатами. Например, в Саратове подростки начали беспокоить жителей домов под номером 67, звоня в домофоны и выкрикивая «шесть-семь», после чего быстро скрывались, записывая реакции раздражённых жильцов на видео. Члены Лиги безопасного интернета, в частности Екатерина Мизулина, уже высказывались относительно возникшей проблемы, в департаменте образования Перми провели разъяснительные беседы с учениками по поводу подобных шуток."
66,67,Александр Петров,Neva.Today,https://neva.today/news/mintrans-nameren-zapretit-v-metro-perevozku-detey-v-kolyaskah-151160/,2018,новостной,"Министерство транспорта создало типовой проект правил пользования метрополитеном, в котором ведомство предлагает запретить перевозить в подземке детей в колясках. Документ был размещен на сайте проектов нормативно-правовых актов 19 апреля.

В документе указывается, что пассажирам метрополитена запрещается перевозить детей в детских колясках, бежать по эскалатору, делать фото и видео с помощью профессионального и стационарного оборудования. Кроме того, новыми правилами запрещается размещать ручную кладь на сиденьях в вагонах и на скамейках станций.

Также министерство предлагает запретить «вмешиваться в работу устройств беспроводной передачи данных» и «пользоваться летательными аппаратами» в метро.

В проекте правил пользования метрополитеном также прописано, что за пассажиром теперь закрепят обязанность уступать инвалидам, пожилым, пассажирам с детьми и беременным. Ранее это правило носило рекомендательный характер.

Минтранс отметил, что приказ вступит в силу после федерального закона 442-ФЗ «О внеуличном транспорте и о внесении изменений в отдельные законодательные акты Российской Федерации», то есть, 30 декабря 2018 года.",перевозить в подземке,140,3,"2,142857143",1,"0,7142857143","Министерство транспорта разработало стандартный образец правил для пассажиров метрополитена, согласно которому предлагается внести запрет на транспортировку детей в детских колясках в метрополитене. Документация была опубликована на веб-сайте нормативных правовых актов 19 апреля.

Документ предусматривает запрет пассажирам метрополитена использовать детские коляски, быстро передвигаться по движущимся лестницам-эскалаторам, осуществлять фотосъемку и видеозапись профессиональным оборудованием и стационарными устройствами. Также проектом вводятся ограничения на размещение ручной клади на местах для сидения внутри вагонов и на лавочках станций.

Кроме того, проектом предусматриваются запреты на вмешательство в функционирование оборудования беспроводной связи и использование беспилотных летательных аппаратов в подземных транспортных сооружениях.

Проектом также установлено обязательство пассажира предоставлять приоритет в проходе инвалидам, лицам преклонного возраста, родителям с детьми и беременным женщинам. Ранее данное положение носило необязательный характер.

Министерство транспорта уточняет, что указанный нормативный акт начнет действовать после вступления в силу Федерального закона № 442-ФЗ «О внеуличном транспорте и внесении изменений в отдельные законодательные акты Российской Федерации», то есть с 30 декабря 2018 года."
67,68,,Ридус,https://dzen.ru/a/YW3TY2WrrjVC6Ca6,2021,новостной,"Нежелание работать отмечают и работодатели. Владелица торговой точки по продаже корейской косметики Татьяна Вакарчук говорит, что те же студенты, еще не начав трудовой путь, пытаются выставлять свои условия: график, зарплата, какие-то бонусы вроде скидок на продукцию. Но несмотря на все это, лояльность к компании проявлять не спешат: могут опоздать, не предупредив, а то и уволиться одним днем без объяснения причин.

— Им важно, чтобы было удобно и прикольно. А вставать рано утром «не удобно» и «не прикольно», равно как и стоять смену в торговом центре, общаться с людьми, что-то им объяснять, продавать. При этом у меня в фирме продавцы помимо окладной части получают еще и процент от реализации. Чем не мотивация? Но современным молодым людям не особенно это и нужно — заработали сегодня на какую-то нехитрую еду, а что будет завтра их не особенно волнует. Уж не думала, что нынешние юноши и девушки будут жить по принципу «лучше кашки не доложат, но на работу не потревожат», — говорит Татьяна Вакарчук.

Отсутствие амбиций отмечают и рестораторы. Они утверждают, что буквально несколько лет назад официантами, барменами, хостес были в основном студенты и трудились они прилежно, а сейчас на их место пришли люди среднего возраста и работают они куда усерднее, чем их более молодые коллеги.

— Современная молодежь не отличается надежностью и какой-то профессиональной порядочностью. За последний год в моих заведениях каждые два месяца студенты-официанты не выходят на смену без объяснения причин. Они просто не отвечают на звонки и не появляются на рабочем месте. Но еще лет пять назад картина была другая — молодые люди трудились со всей ответственностью, не боялись работы и зарабатывали, кстати, хорошо, ведь все знают, что официанта ноги кормят, — рассказал управляющий сети закусочных Вадим Терехов.

Отдельно он отметил, что нынешним парням и девушкам достаточно малого во многом именно потому, что для того, чтобы получить больше, нужно и работать больше. Терехов привел пример: официант среднего возраста сознательно берется обслуживать больше столов в смену, он знает, что от этого зависит заработок, поэтому за день он может получить около 5 тысяч рублей. Его 18-летний коллега заработает раза в три меньше, поскольку и смену он себе выбивает короче, и столов обслуживает меньше. Ему не важно, что денег мало, ему важна «свобода» и нетяжелая работа.

По мнению Терехова, привести молодежь в чувства может помочь нужда. Речь о том, что когда «сильно прижмет» придется променять свое «хочу» на «нужно» работодателя. Иными словами, если человеку станет нечего есть, то он, скорее всего, перестанет пытаться прогнуть мир и взрослых людей под себя и каким-то образом примирится с действительностью и необходимостью выжить.","трудовой путь
вставать рано утром «не удобно» и «не прикольно»
лучше кашки не доложат, но на работу не потревожат
еще лет пять назад картина была другая
официанта ноги кормят
привести молодежь в чувства
сильно прижмет
променять свое «хочу» на «нужно» работодателя
прогнуть мир и взрослых людей под себя",410,40,"9,756097561",9,"2,195121951","Работодатели отмечают нежелание молодых людей работать. Владельница магазина корейской косметики Татьяна Вакарчук утверждает, что студенты сразу выдвигают требования к условиям труда: желаемый график, зарплату и дополнительные бонусы в виде скидок на товары. Однако такие стимулы не удерживают студентов на работе: они могут регулярно опаздывать без предупреждения или внезапно прекратить сотрудничество без разъяснения причины.

Студенты предпочитают комфортные условия и интересную деятельность. Ранний подъем, длительная смена в торговом центре, общение с клиентами и продажа товаров вызывают у них неприятие. Несмотря на возможность получать процент от продаж в дополнение к фиксированной зарплате, современные молодые люди редко беспокоятся о будущем — чаще всего им хватает заработанных средств лишь на простое питание. Концепция жизни современных девушек и юношей заключается в принципе, согласно которому лучше вовсе не ходить на работу, чем заниматься деятельностью, вызывающей дискомфорт.

Управляющий сетью кафе Вадим Терехов также отмечает отсутствие профессиональных амбиций среди современной молодежи. По его словам, несколько лет назад основную массу сотрудников ресторанов составляли студенты, работавшие добросовестно и ответственно. Сейчас же эта роль перешла к сотрудникам старшего возраста, которые трудятся значительно усерднее.

Молодежь, по мнению Терехова, демонстрирует недостаточную надежность и профессионализм. За прошедший год почти ежемесячно студенты-официанты прекращали выходить на смены без уведомления и игнорировали телефонные звонки. Ранее, примерно пять лет назад, ситуация выглядела иначе: сотрудники-студенты работали стабильно и ответственно, имели хороший доход, поскольку заработок официантов зависел от интенсивности их труда.

Терехов подчеркивает, что большинство современной молодежи довольствуются малым, предпочитая избегать больших усилий ради большего заработка. Например, опытный официант среднего возраста готов обслуживать большее количество столов за одну смену, понимая прямую зависимость дохода от объема выполненной работы. 18-летнему сотруднику гораздо важнее свобода и легкая занятость, нежели высокий заработок.

По мнению управляющего, изменить отношение молодежи возможно только путем возникновения критической ситуации, когда нехватка средств заставит отказаться от личных желаний и принять необходимость следовать требованиям работодателя. Когда человек оказывается в сложном положении, он отказывается от попыток навязывать окружающим свою волю и адаптируется к реальности и объективным жизненным обстоятельствам."
68,69,,Ридус,https://dzen.ru/a/Zgygk7vFkgwX6st-,2024,новостной,"В декабре 2022 года президент РФ Владимир Путин призвал правительство начать выделять средства Фонда национального благосостояния (ФНБ) на льготный лизинг воздушного и водного транспорта.

В рамках программы поддержки лизинга гражданских воздушных судов до 2030 года с софинансированием на рынок планируется поставить более 450 самолетов и 460 вертолетов, сообщали в ""Ростехе"". Приобретать технику для последующей передачи авиаперевозчикам по льготным ставкам будут лизинговые компании, основной пакет заказов придется на ГТЛК.

В 2023 году из ФНБ было уже выделено почти 300 миллиардов рублей на выкуп 162 самолетов ""Аэрофлота"", S7, ""Уральских авиалиний"" и ""Авроры"". Из этого транша ""Аэрофлоту"" была выделена львиная доля - около 250 миллиардов! И самое интересное, что эти средства пошли на выкуп иностранной авиационной техники!

Кроме того, средства из ФНБ выделялись НЛК под 1,5% на 15 лет. ""Аэрофлот"" получил самолеты от НЛК в операционный лизинг, а частные авиакомпании - в финансовый (после истечения контракта воздушные суда перейдут в их собственность). ""Аэрофлот"" будет выплачивать лизинговые платежи из своей прибыли. А если учесть, что валовая прибыль компании в 2023 году по РСБУ составила 7,274 миллиарда рублей по сравнению с убытком на 49,943 миллиарда годом ранее, то выплачивать лизинговые платежи будет не из чего.

И совсем уже не смешно. Коммерческие и управленческие расходы ""Аэрофлота"" почти сравнялись с прибылью компании и составили 6,438 миллиарда и 10,592 миллиарда рублей по РСБУ соответственно.

Правда, в компании говорят, что основной вклад в снижение коммерческих расходов 2023 году на 46,9%, или на 5,964 миллиарда рублей, по сравнению с 2022 годом внес переход на отечественную систему бронирования ""Леонардо"". Но компания тем не менее ""продолжает программу контроля за расходами""!

И еще совсем непонятно, почему государственные средства выделяются частным авиакомпаниям. Ведь и дураку ясно, что, выделяя миллионы рублей на выкуп иностранных самолетов, Россия активно поддерживает экономику не совсем дружественных нам государств. А наши авиакомпании, получив халявные средства, в следующем году, когда их не будет, начнут поднимать цены на билеты.","львиная доля
И самое интересное, что эти средства пошли на выкуп иностранной авиационной техники!
совсем уже не смешно
и дураку ясно
халявные средства",301,19,"6,312292359",5,"1,661129568","В декабре 2022 года президент Российской Федерации Владимир Путин предложил правительству использовать средства Фонда национального благосостояния (ФНБ) для финансирования льготного лизинга воздушного и водного транспорта.

Программа поддержки лизинга гражданских воздушных судов рассчитана до 2030 года и предусматривает совместное финансирование поставок на рынок более 450 самолётов и 460 вертолётов, сообщили представители ""Ростеха"". Техника приобретается лизинговыми компаниями для дальнейшей передачи авиаперевозчикам по сниженным ставкам, наибольший объём заказов предполагается передать Государственной транспортной лизинговой компании (ГТЛК).

В 2023 году из ФНБ было выделено около 300 млрд рублей на приобретение 162 самолётов для авиакомпаний ""Аэрофлот"", S7, ""Уральские авиалинии"" и ""Аврора"". Наибольшая сумма — примерно 250 млрд рублей — пошла на покупку самолётов для ""Аэрофлота"". Эти деньги были использованы на закупку иностранного авиационного оборудования.

Кроме того, средства ФНБ также предоставлялись некоммерческому лизинговому центру (НЛК) под 1,5% годовых сроком на 15 лет. ""Аэрофлот"" получил самолёты от НЛК в оперативный лизинг, тогда как частные перевозчики получили их в финансовую аренду (по истечении срока договора воздушная техника перейдёт в их полное владение). Платежи ""Аэрофлота"" по лизинговым обязательствам будут покрываться за счёт доходов компании. Однако стоит учитывать, что в 2023 году чистая прибыль ""Аэрофлота"" составила всего 7,274 млрд рублей, тогда как год назад она была отрицательной (-49,943 млрд рублей). Таким образом, собственные доходы вряд ли позволят покрыть лизинговые обязательства.

Положение выглядит ещё хуже: коммерческие и административные затраты ""Аэрофлота"" практически равны доходам компании и составляют соответственно 6,438 млрд и 10,592 млрд рублей.

Компания отмечает, что основное сокращение коммерческих затрат на 46,9% (на сумму 5,964 млрд рублей) произошло благодаря внедрению отечественной системы бронирования ""Леонардо"". Несмотря на это, ""Аэрофлот"" продолжает контролировать расходы.

Остаются неясными причины выделения государственных средств частным авиаперевозчикам. Использование миллионов рублей на закупку зарубежных самолётов способствует поддержке экономики стран, отношения с которыми нельзя назвать дружественными. Получив государственные субсидии, российские авиакомпании впоследствии, лишившись финансовой поддержки, вероятно, поднимут стоимость билетов."
69,70,,RuNews24.ru,https://dzen.ru/a/agZrmVU4_3gzPwel,2026,новостной,"В погоне за финансовой независимостью многие готовы положить все сбережения в банк, чтобы жить на проценты. Однако экономисты предупреждают: из-за инфляции и налогов такая стратегия медленно, но верно уничтожает капитал.

Казалось бы, что может быть надежнее, чем уйти на покой с солидной суммой на депозите? На примере ставок Сбербанка и Т-Банка эксперты разложили математику мечты по полочкам. Выяснилось, что даже для пассивного дохода на уровне средней зарплаты по стране потребуется сумма от 13 до 18,9 миллиона рублей в зависимости от условий.

При этом психологический фактор здесь играет злую шутку: устав от кризисов и выгорания, люди часто переоценивают стабильность банковского вклада, путая его с защитой от инфляции. Но реальность, как подчеркивают аналитики, оказалась суровее: если не реинвестировать проценты, богаче вы не станете.

Самый большой парадокс «рантье по-русски» кроется не в ставках, а в их разнице с инфляцией, пишет «Прайм».

«Если весь процентный доход тратится, — предупреждает глава правления банка, — его реальная покупательная способность со временем снижается». Представьте: банк начисляет 10%, инфляция съедает 5%.

Реально ваш портфель растет только на половину. Но если вы тратите все 10%, то ежегодно теряете 5% капитала. Через десяток лет на те же деньги вы сможете купить в два раза меньше. Так мечта о беззаботной жизни превращается в дорогу к постепенному обнищанию.

Кроме инфляции, на пути к вечному отдыху лежат два стражника: налог и риск отзыва лицензии. С 2026 года не облагается налогом лишь доход со вкладов до 160 тысяч рублей — все, что выше, будет отдано государству по ставке 13-15%. А систему страхования, которая гарантирует возврат лишь 1,4 миллиона рублей, эксперты сравнивают с «ловушкой для крупных вкладчиков».

Чтобы обезопасить несколько миллионов, их нужно разбивать по десяткам банков, что превращает управление деньгами в настоящую работу. Именно поэтому аналитики советуют не зацикливаться на вкладах, а диверсифицировать риски, добавляя в портфель облигации, недвижимость или даже акции, если ситуация на рынке позволяет.","уйти на покой
эксперты разложили математику мечты по полочкам
психологический фактор здесь играет злую шутку
парадокс «рантье по-русски» кроется не в ставках
инфляция съедает
ваш портфель растет
на пути к вечному отдыху лежат два стражника: налог и риск отзыва лицензии
ловушкой для крупных вкладчиков
",296,37,"12,5",9,"3,040540541","Многие стремятся обеспечить финансовую независимость, вкладывая накопления в банк ради получения процентов от вложений. Эксперты предостерегают: накопленный капитал постепенно уменьшается из-за налоговых отчислений и инфляции.

Кажется разумным оставить трудовую деятельность и перевести значительную сумму на депозит. Однако расчеты специалистов Сбербанка и Т-Банка показывают, что для обеспечения среднего уровня доходов страны необходим вклад размером от 13 до 18,9 млн рублей в зависимости от конкретных условий размещения средств.

Вместе с тем, человек склонен воспринимать банковские вклады как надежную защиту от экономических рисков, однако это мнение ошибочно. В реальности такое вложение способно привести к потере реальной стоимости накопленного капитала: без регулярного инвестирования прибыли ее размер фактически остается прежним.

Главная проблема российских рантье заключается не столько в размере процентной ставки, сколько в ее соотношении с уровнем инфляции. По словам экспертов, если тратить всю полученную прибыль, покупательская способность средств постепенно снижается. Например, при ставке 10% годовых и инфляции 5% реальная доходность составит всего 5%, а расходование всей прибыли приведет к ежегодной утрате 5% накоплений. Через десять лет такой стратегии купленная продукция обойдется вдвое дороже, и идея комфортного существования превратится в путь к снижению жизненного уровня.

Помимо инфляции, существуют дополнительные препятствия для сохранения капитала: необходимость уплаты налога и риск потери лицензии банком. С 2026 года налогом не облагаются доходы по вкладам, не превышающим 160 тыс. рублей, остальное подлежит налогообложению по ставке 13–15%. Условия системы страхования банковских вкладов ограничиваются возмещением максимум 1,4 млн рублей, что делает размещение значительных сумм менее безопасным.

Для защиты больших капиталов требуется распределение средств между множеством финансовых учреждений, что усложняет процесс управления финансами. Поэтому специалисты рекомендуют рассматривать различные инвестиционные инструменты помимо банковских вкладов: облигации, недвижимое имущество, ценные бумаги, учитывая текущие рыночные условия."
70,71,Светлана Добрицкая,Новороссийский рабочий,https://novorab.ru/2026/05/16/gornichnye-oficzianty-povara-kogo-zhdut-letom-v-novorossijske-na-sezonnuyu-rabotu/,2026,новостной,"Журналист «Новороссийского рабочего» проанализировала объявления на одном из популярных сайтов.

Требуются официанты в кафе, рестораны и в банный комплекс. Предлагается работать за 3-4 тыс. рублей за смену (месячный заработок от 50 до 65 тыс. рублей).

Повару-мангальщику в одном из известных ресторанов готовы платить 5200 рублей за смену.  В ресторан быстрого питания требуется сотрудник, который будет готовить блюда по стандартам компании, принимать и выдавать заказы, работать на кассе. Обещана зарплата от 80 тыс. рублей. Повару-универсалу готовы платить от 75 тыс. рублей в месяц. При этом бонусом будет бесплатное проживание.

На базе отдыха в Широкой балке ждут горничную, которая будет убирать не только номера для гостей, но также беседки, территорию бассейна. Горничной предлагают бесплатное проживание и бесплатное трехразовое питание. За каждую смену она будет получать 3500 рублей на руки. Горничная, которая готова работать вахтовым методом в Абрау-Дюрсо – 90 суток,  будет зарабатывать до 4 тыс. рублей за сутки. Питание и проживание бесплатно.

Ждут администратора в мини-отеле на работу с мая по сентябрь с зарплатой от 80 тыс. рублей в месяц. В этом же  отеле требуется горничная с зарплатой от 60 тыс. в месяц.

Вакансии горничных, поваров, официантов, мойщиков посуды уборщиков есть в заведениях общепита, базах отдыха и гостиницах в Широкой балке, Мысхако, Абрау-Дюрсо. Ближе к лету их будет еще больше.",бонусом будет бесплатное проживание,203,4,"1,97044335",1,"0,4926108374","Журналист издания «Новороссийский рабочий» изучила предложения работы, размещённые на одном из распространённых веб-сайтов.

Предлагаются вакансии официантов для кафе, ресторанов и банного комплекса. Работодатели обещают оплату труда в размере 3–4 тысяч рублей за одну рабочую смену, предполагаемый месячный доход составит от 50 до 65 тысяч рублей.

Повар-мангальщик в известном ресторане получит вознаграждение размером 5200 рублей за смену. Для ресторана быстрого обслуживания необходим работник, который займётся приготовлением блюд согласно внутренним стандартам предприятия, приёмом заказов и выдачей готовой продукции, работой на кассовом аппарате. Оплата труда будет составлять минимум 80 тысяч рублей ежемесячно. Повар-универсал сможет рассчитывать на ежемесячную зарплату от 75 тысяч рублей. Дополнительно предоставлено бесплатное жильё.

На отдыховом комплексе в Широкой Балке требуется горничная, обязанности которой включают уборку номеров для постояльцев, беседок и территории вокруг бассейна. Работа предполагает бесплатное предоставление жилья и трёхразового питания. Зарплата составляет 3500 рублей за один рабочий день. Горничная, согласившаяся трудиться вахтовым способом в Абрау-Дюрсо сроком на 90 дней, будет получать до четырёх тысяч рублей ежедневно. Питание и проживание предоставляются бесплатно.

Мини-отель ищет администратора на период с мая по сентябрь с ежемесячной оплатой труда от 80 тысяч рублей. В этом же мини-отеле нужна горничная с заработком от 60 тысяч рублей ежемесячно.

В ресторанах общественного питания, санаториях и гостиницах в Широкой Балке, Мысхако, Абрау-Дюрсо открыты вакансии горничных, поваров, официантов, посудомоек и уборщиц. К началу летнего сезона ожидается увеличение числа предложений."
71,72,,Инфоштаб - Astrakhanpost,https://dzen.ru/a/ZLFhjyXiK3gJp56L,2023,новостной,"Текущая неделя отличилась прорывом множества проблем, с которыми столкнулись астраханцы. Однако глава регионального правительства Олег Князев, обязанный их решать, предпочел сменить жаркую Астрахань на более приятную атмосферу. На это и обратил внимание известный астраханский журналист Александр Алымов.

«Болевых точек» в нашем регионе скопилось немало. Но теперь, похоже, «нарыв» вскрылся сразу в нескольких местах. И этот проблемный поток «нокаутировал» многих астраханцев. В своем телеграм-канале журналист отмечает, что есть трудности у фермеров, но подчиненный Князева — министр сельского хозяйства Пашаев не хочет их слышать. Жители Астрахани шокированы экспериментом с введением выделенных полос для автобусов, придуманным главой кабмина. Люди недовольны нововведением, приведшим к транспортному коллапсу, но чиновники не реагируют. А сельчане Володарского района испытывают трудности с водоснабжением. В наше-то жаркое астраханское лето! И это далеко не полный список.

Решение всех этих вопросов лежит в сфере деятельности председателя регионального правительства, которому, в свою очередь, подчиняются профильные министры. Но где же глава кабмина? — задается вопросом Александр Алымов. Как он реагирует на происходящее? Да, собственно, никак. Похоже, на время он отправил астраханские проблемы в стоп-лист и преспокойно уехал в отпуск.

«Казалось бы, что нужно сделать? Нужно мобилизоваться, нужно, возможно, предоставить людям ответы. Где у нас председатель правительства Князев сегодня? А он в отпуске. Он ушел с понедельника в отпуск. Такая реакция в тот момент, когда нужно приложить все усилия для активизации работы, очень показательна», — считает Александр Алымов.","прорывом множества проблем
сменить жаркую Астрахань на более приятную атмосферу
«Болевых точек» в нашем регионе скопилось немало.
«нарыв» вскрылся сразу в нескольких местах
проблемный поток «нокаутировал» многих астраханцев
В наше-то жаркое астраханское лето!
он отправил астраханские проблемы в стоп-лист",220,33,15,7,"3,181818182","На текущей неделе возникло множество проблем, с которыми столкнулись жители города Астрахани. Глава регионального правительства Олег Князев, ответственный за решение данных проблем, решил временно покинуть город и отправиться в другое место, условия которого показались ему более комфортными. Это обстоятельство привлекло внимание журналиста Александра Алымова, проживающего в Астрахани.

Александр Алымов указал, что в Астраханской области накопилось большое количество нерешённых вопросов. Сейчас эти проблемы обострились одновременно и значительно повлияли на жителей региона. В своем Telegram-канале журналист отметил наличие трудностей среди фермеров, однако министр сельского хозяйства Пашаев отказывается принимать во внимание мнения местных жителей. Жители Астрахани возмущены проведенным экспериментом с выделенными полосами для общественного транспорта, предложенным руководителем кабинета министров, и высказывают недовольство изменениями, вызвавшими транспортные затруднения. Чиновники не проявляют реакции на протесты населения. Жителям села Володарского района не хватает воды, особенно в период летнего зноя. Эти сложности являются лишь частью существующих проблем.

Разрешение указанных вопросов входит в компетенцию главы регионального правительства, которому подчиняются соответствующие отраслевые министры. Однако сам руководитель кабинета министров отсутствует: куда именно он отправился, неизвестно. Александр Алымов подчеркивает, что руководство фактически игнорирует назревшие вопросы и создалось впечатление, будто руководитель сознательно отложил рассмотрение актуальных проблем и спокойно отправился отдыхать.

«Кажется очевидным, что сейчас необходимо проявить активность и найти способы решения ситуации, предложить населению конструктивные меры. Что делает наш председатель правительства Князев? Сегодня он находится в отпуске. Ушел в отпуск с начала недели. Такое поведение в условиях, когда требуется срочная мобилизация усилий для улучшения обстановки, является весьма показательным», — подчеркнул Александр Алымов."
72,73,,Инфоштаб - Astrakhanpost,https://dzen.ru/a/ZRvuvcvI_1lTMMh_,2023,новостной,"Ценник на яйца в Астрахани продолжает совершать «кульбиты» вверх. За неделю их стоимость подросла на 2%. Об этом сообщают в Астраханьстате.

Так средняя цена за десяток «даров» курочек поднялась до 79,55 рублей. А в некоторых магазинах и того дороже. Объяснение происходящему найти сложно, ведь в Астраханской области работает несколько птицефабрик.

Кстати, подобная ситуация весьма похожа на ситуацию в ноябре 2013 года, когда, по данным регионального минэкономразвития, оптовые цены на яйца резко выросли на 116%, а розничные – на 125%. Астраханский губернатор, а это тогда был Александр Жилкин, предъявил птицефабрикам и торговцам данной продукции ультиматум, потребовав снизить стоимость. При этом пригрозил, что в случае отказа цены будут обрушены искусственно. Надо сказать, что такой «волшебный подзатыльник» от главы региона тогда сработал. Подробности портал Astrakhanpost.ru рассказывал ранее.

Впрочем, возвращаемся ко дню сегодняшнему. В Астраханьстате также рассказали и о росте ценника за последнюю семидневку и на ряд других продуктов. К примеру, на помидоры (на 3,5%) и бананы (на 3,2%). Зато лук, капусту, морковь, яблоки и картошку можно приобрести немного дешевле, чем неделей ранее.","Ценник на яйца в Астрахани продолжает совершать «кульбиты» вверх.
стоимость подросла
десяток «даров» курочек
цены будут обрушены
«волшебный подзатыльник» от главы региона
возвращаемся ко дню сегодняшнему
",166,21,"12,65060241",7,"4,21686747","Стоимость яиц в Астрахани продолжает увеличиваться. На прошлой неделе она выросла на 2%, сообщили в Астраханьстате.

Средняя цена десятка яиц достигла 79,55 рублей, в отдельных торговых точках еще выше. Причина роста неясна, несмотря на наличие в регионе нескольких птицефабрик.

Подобная ситуация напоминает ноябрь 2013 года, когда, согласно данным министерства экономического развития региона, оптовая цена на яйца увеличилась на 116%, а розничная — на 125. Тогда губернатор Астраханской области Александр Жилкин потребовал от производителей и продавцов уменьшить цену, угрожая применить административные меры. Для достижения результата была использована такая мера воздействия. В подробностях этой ситуации ранее информировал портал Astrakhanpost.ru.

Тем временем, вернемся к текущей ситуации. Согласно информации от Астраханьстата, за прошедшую неделю подорожали также некоторые другие продукты питания: помидоры (на 3,5%), бананы (на 3,2%). По сравнению с предыдущей неделей стали чуть доступнее по цене лук, капуста, морковь, яблоки и картофель."
73,74,,ВЕСТИ,https://dzen.ru/a/W3wWMcQccgCpG4c-,2018,новостной,"Диагностика редких заболеваний может занимать большое количество времени. По оценкам специалистов из Стэнфордского университета (Stanford University), на поиск соответствующего симптомам и генотипу пациента заболевания может уходить до 20-40 часов времени высококвалифицированного специалиста. Эксперт рассматривает около 100 наиболее подозрительных мутаций в генах, предполагает, какая из них могла стать причиной болезни, проверяет свои предположения в литературе, затем переходит к следующей в случае неудачи.

Профессор Джилл Бежерано (Gill Bejerano) предложил компьютерный алгоритм под названием Франк (Phrank, phenotype + rank, соединение «фенотипа» и «ранга»), который может автоматизировать эти поиски. Программа сокращает время поиска на 90%, при этом экономя деньги за счет высвобождения рабочих часов врача.

Франк сравнивает симптомы и генетические данные пациента с базой, в которой содержатся сведения из медицинской литературы. Результатом сравнения является ранжированный список редких наследственных заболеваний, которые могли вызвать указанные симптомы. Таким образом у клинициста появляется «стартовая точка», от которой он может двигаться в направлении определения диагноза.

При создании алгоритма, в отличие от предыдущих подобных программ, ученые использовали медицинские данные реальных пациентов, поэтому Франк более эффективен. В частности, когда дело дошло до постановки диагноза самим алгоритмом, болезнь, которая действительно была у пациента, стояла четвертой в листе Франка и 33-й в списке, выданном более старым алгоритмом.

Кроме того, новая программа может помочь врачам в выявлении еще неизвестных наследственных заболеваний – если Франк не найдет упоминаний о симптомах у людей, он будет искать информацию о них в публикациях об экспериментах на животных. Джилл Бежерано пояснил, что, возможно, у людей то или иное заболевание могли до сих пор не диагностировать ни разу, а у мышей, например, оно уже проявлялось. Никто не заменит врача, подчеркнул профессор, но новые технологии могут сделать его работу более эффективной.","у клинициста появляется «стартовая точка», от которой он может двигаться в направлении определения диагноза
",266,14,"5,263157895",2,"0,7518796992","Диагностика редких болезней требует значительных временных затрат. Согласно данным специалистов Стэнфордского университета, установление точного диагноза пациенту по совокупности симптомов и генетического профиля занимает примерно 20–40 часов работы квалифицированного медицинского работника. Врач проводит анализ приблизительно ста подозрительных генетических изменений, определяет возможные причины патологии, изучает научные публикации и переходит к следующему варианту, если предыдущий оказался неверным.

Джилл Бежерано разработал специализированную программу — Frank (от слов «фенотип» и «ранг»), предназначенную для автоматизации диагностики. Это приложение позволяет сократить затраты времени на 90% и уменьшить расходы путем уменьшения рабочего времени врачей.

Frank сопоставляет клинические признаки и генетические показатели пациента с обширной базой медицинских публикаций. Результат представляет собой упорядоченный перечень редких наследственных патологий, предположительно вызвавших симптоматику пациента. Благодаря этому врачу предоставляется конкретная информация, с которой удобно начинать дальнейшую диагностику.

Основное отличие Frank от аналогичных разработок состоит в применении реальных клинических данных пациентов, что обеспечивает большую эффективность программы. Например, при тестировании алгоритма предполагаемая патология оказалась четвертой в предложенном Frank'ом перечне и тридцать третьей в аналогичном списке старого метода.

Помимо прочего, новый инструмент способен выявить ранее неизвестные наследственные заболевания: если система не находит совпадений симптомов среди людей, она обращается к научным публикациям экспериментов на животных. Доктор Бежерано уточнил, что отдельные заболевания могли не диагностироваться раньше у человека, однако были зафиксированы у лабораторных животных. Тем не менее, ученый подчеркнул, что никакая технология не сможет заменить опыт и профессионализм врача, однако инновационные решения существенно повышают продуктивность его труда."
74,75,,Газета.Ru,https://dzen.ru/a/XCHEeT-4RACqo5yc,2018,новостной,"Необычная форма астероида, быстрое вращение и состав представляют большой интерес с точки зрения уникальной возможности впервые изучить образец вещества, залетевшего в Солнечную систему из межзвездного пространства. Пожалуй, из всех известных науке астероидов Оумуамуа представляет наибольший интерес для астрономов. Его изучение позволило бы ученым узнать о том, где и как образовался необычный засланец, а также о свойствах межзвездного вещества, в котором он летел по направлению к Солнечной системе миллионы лет. А поскольку у человечества уже есть опыт отправки к кометам и астероидам автоматических станций, встает вопрос — можно ли отправить зонд для изучения Оумуамуа?

Ответ на него попыталась дать в своей статье группа ученых и инженеров, предложивших описание проекта «Лира».

Не так давно завершилась эпохальная и весьма сложная с точки зрения реализации миссия к комете Чурюмова-Герасименко. Однако эта комета вращается вокруг Солнца, и ученым нужно было лишь рассчитать траекторию и начало полета корабля, чтобы достичь ее в удобной точке. Поэтому главная сложность в отправке зонда к залетному астероиду — догнать его, ведь он уже находится на отлетной траектории и движется с огромной скорости, причем не в плоскости эклиптики.

Расчеты показывают, что гиперболическая скорость астероида составляет 26 км/c — что значительно больше скоростей, когда-либо достигнутых любыми рукотворными космическими аппаратами.

Известно, что аппарат Rosetta потратил 10 лет, чтобы догнать комету Чурюмова-Герасименко, а Juno — пять, чтобы долететь до Юпитера.

А самый быстрый космический аппарат, созданный человеком, «Вояджер-1» имеет скорость лишь 16,6 км/с.","
где и как образовался необычный засланец
встает вопрос
залетному астероиду",224,8,"3,571428571",4,"1,785714286","Форма необычного астероида, его высокая скорость вращения и химический состав вызывают значительный научный интерес возможностью впервые исследовать вещество, попавшее в Солнечную систему из космического пространства. Среди всех известных науке астероидов именно Оумуамуа вызывает наибольший интерес среди астрономов. Изучение данного объекта дало бы возможность учёным получить сведения о месте и условиях формирования этого небесного тела, а также свойств космической среды, сквозь которую оно двигалось к Солнечной системе на протяжении миллионов лет. Поскольку человечество обладает опытом запуска автоматических аппаратов к кометам и астероидам, возникает необходимость рассмотреть возможность отправления исследовательского зонда к Оумуамуа.

Именно этой задачей занималась группа учёных и инженеров, предложившая проект «Лира».

Недавно была успешно завершена сложнейшая научно-исследовательская миссия к комете Чурюмова-Герасименко. Несмотря на свою орбиту вокруг Солнца, учёные смогли рассчитать траекторию полёта аппарата и точку встречи. Сложности в отправке зонда к астероиду заключаются в необходимости его догнать: объект уже движется по удалённой траектории с высокой скоростью, отличной от орбитальной плоскости планет.

Согласно расчётам, скорость астероида превышает вторую космическую скорость Земли и достигает примерно 26 километров в секунду, что намного превосходит скорости, ранее достигнутые искусственными космическими аппаратами.

Известно, что аппарат Rosetta потратил около десяти лет, чтобы приблизиться к комете Чурюмова-Герасименко, а зонду Juno потребовалось пять лет, чтобы достигнуть Юпитера. 

Самый быстрый аппарат, созданный людьми, «Вояджер-1», способен двигаться со скоростью всего лишь около 16,6 километра в секунду."
75,76,,Вечерняя Москва,https://dzen.ru/a/ad0eKzljwSj4CBJP,2026,новостной,"Россия в начале апреля 2026 года продемонстрировала существенный рост экспорта зерновых, несмотря на сужение географии продаж. Согласно данным Российского зернового союза, если в аналогичный период прошлого года пшеница поставлялась в 14 стран, то сейчас число направлений сократилось до 11.

Несмотря на это, количественные показатели значительно улучшились: с 1 по 10 апреля объем отгрузок пшеницы превысил 1,1 миллиона тонн, что в 1,4 раза больше показателей предыдущего года. Общий экспорт основных видов зерновых культур вырос в 1,6 раза, достигнув 1,2 миллиона тонн.

Аналитики отметили резкое увеличение поставок ключевым партнерам. Так, экспорт в Египет вырос более чем в четыре раза (до 172 тысячи тонн), а в Турцию — в 1,6 раза (до 146,5 тысячи тонн). Также зафиксирован четырехкратный рост отгрузок в Кению, передает «Интерфакс».

Между тем сообщалось, что Индия продолжит покупать нефть у России, вне зависимости от того, станут ли США продлевать приостановку санкционных ограничений. Уже 11 апреля истекает 30-дневный срок исключения из американских санкций российской нефти.",сужение географии продаж,151,3,"1,986754967",1,"0,6622516556","В первой декаде апреля 2026 года Россия показала значительный рост объемов вывоза зерна, хотя количество стран-покупателей уменьшилось. По информации Российского зернового союза, ранее в этот же период зерно поставлялось в четырнадцать государств, теперь же — всего в одиннадцать.

Однако объем поставок увеличился: с первого по десятое апреля текущего года было отправлено свыше 1,1 млн тонн пшеницы, что на сорок процентов превышает показатель аналогичного периода прошлого года. Общие объемы экспорта всех главных категорий зерновых культур увеличились в 1,6 раза и составили около 1,2 млн тонн.

Эксперты также обратили внимание на заметное повышение количества поставок в ключевые страны-партнеры. Например, поставки пшеницы в Египет выросли более чем в четыре раза (до 172 тысяч тонн), в Турцию — почти в полтора раза (до 146,5 тыс. тонн). В Кению также отмечен четырехкратный рост объема отгрузки зерна, сообщает информагентство «Интерфакс».

Кроме того, появилась информация, что Индия планирует продолжать закупки российской нефти независимо от решения Соединенных Штатов относительно продления приостановки санкционных мер. Отмечается, что 11 апреля завершится тридцатидневный период временного освобождения российской нефти от действия американских ограничительных мер."
76,77,Николай Яременко,Росбалт,https://dzen.ru/a/aYgcEbQyR0fE8Ati,2026,новостной,"Об этом стало известно за два дня до отлета в Милан. Большая часть диванных экспертов, разумеется, стала искать всеобщий заговор против россиянина (мол, катался же он раньше под эту мелодию — и ничего), однако для объективного понимания произошедшего необходимо дистанцироваться от эмоциональных оценок и рассмотреть инцидент в плоскости спортивного права и менеджмента. Суть конфликта заключается в претензиях правообладателей на использование музыкального произведения, что в условиях современной медиасреды и жесткого контроля за интеллектуальной собственностью является не заговором и не давлением, а стандартной правовой процедурой.

В профессиональном спорте высших достижений музыкальное сопровождение не является просто фоном; это объект авторского права, использование которого в коммерческих трансляциях и на международных/государственных стартах требует предварительного согласования. Процедура «очистки» авторских прав — это стандартный бюрократический этап подготовки любой программы. В современных реалиях игнорирование этого аспекта или надежда на то, что использование трека останется незамеченным, является недопустимым анахронизмом.

Любое публичное исполнение произведения, тем более связанное с трансляцией на широкую аудиторию, накладывает на организаторов и команду спортсмена обязательства по соблюдению лицензионных соглашений. Если правообладатель (в данном случае — зарубежный) заявляет о запрете использования своего актива, спортивные федерации и структуры обязаны подчиниться, чтобы избежать многомиллионных исков и давления со стороны международных организаций.

При анализе сложившейся ситуации становится очевидным, что корень проблемы лежит не во внешних факторах или «кознях» оппонентов, а в плоскости управленческой безответственности. Подготовка спортсмена уровня сборной (хоть здесь формально сборной и нет — все выступают в нейтральном статусе — но ясно, что готовит фигуриста огромное число людей) — это работа огромного штаба, в задачи которого входит не только тренировочный процесс, но и полное юридическое сопровождение всех элементов программы.

Глупо искать виноватых во внешней среде, когда речь идет о базовом профессиональном упущении. Подобные юридические вопросы должны решаться руководством и штабом спортсмена заблаговременно, на этапе постановки программы, а не за несколько дней до старта. Команда фигуриста была обязана осознавать риски, связанные с использованием зарубежного контента в текущей геополитической и правовой обстановке. Надеяться на удачу или «традиционное невмешательство» правообладателей в последний момент — значит проявлять непрофессионализм, который в итоге бьет по самому спортсмену, вынужденному в стрессовом режиме менять наработанную программу.","диванных экспертов
мол, катался же он раньше под эту мелодию — и ничего
рассмотреть инцидент в плоскости спортивного права и менеджмента
Процедура «очистки» авторских прав
корень проблемы
в плоскости управленческой безответственности
«традиционное невмешательство» правообладателей в последний момент
непрофессионализм, который в итоге бьет по самому спортсмену",335,38,"11,34328358",8,"2,388059701","Информация о конфликте появилась за два дня до вылета в Милан. Большинство комментаторов стали утверждать, что ситуация представляет собой заговор против российского гражданина («ведь ранее он выступал под ту же музыку, и никаких проблем не возникло»). Однако для объективной оценки инцидента необходимо воздерживаться от эмоциональных реакций и рассматривать ситуацию исключительно с точки зрения действующего законодательства в области спорта и управления спортивной деятельностью.

Конфликт возник из-за претензий владельцев авторских прав на использование музыкального произведения. При современном уровне развития медиаиндустрии и строгих правилах защиты интеллектуальной собственности подобные требования являются обычной юридической практикой, а не проявлением враждебности или внешнего давления.

Музыкальные сопровождения выступлений спортсменов высокого класса имеют юридический статус объектов авторского права. Использование музыкальных произведений в коммерчески транслируемых соревнованиях международного масштаба обязательно должно предварительно согласовываться. Очистка авторского права является обязательным этапом подготовки любой программы. Игнорирование данного вопроса или надежда на отсутствие санкций недопустимо и противоречит современным правилам проведения спортивных мероприятий.

Публичное исполнение музыкальных произведений, особенно сопровождаемое телевизионной трансляцией, обязывает организаторов соблюдать условия лицензирования музыкальных композиций. Если владелец прав запрещает использовать произведение, спортивная федерация должна следовать его требованиям, чтобы избежать финансовых рисков и неприятностей со стороны международных организаций.

Анализ ситуации показывает, что проблема возникла не вследствие действий извне или какого-либо внешнего влияния, а из-за недостатков организации внутри команды. Спортсмен такого уровня тренируется целым коллективом специалистов, среди которых имеются юристы, обеспечивающие соблюдение правовых норм и контролирующие выполнение всех требований закона.

Поиск виновных вне команды неэффективен, поскольку причины конфликта связаны с недостаточной профессиональной подготовкой внутри самой команды. Решение вопросов, касающихся авторского права, должно осуществляться заранее, еще на стадии разработки программы. У команды фигуриста были все возможности предвидеть риск использования зарубежных музыкальных произведений в текущих политических и юридических условиях. Надежды на удачное стечение обстоятельств или пассивность владельца прав недопустимы: такой подход демонстрирует низкий уровень профессионализма и негативно отражается на самом спортсмене, которому приходится срочно менять отработанные элементы программы в стрессовых условиях."
77,78,,Planet Today,https://dzen.ru/a/Z8d-BqJGCVUEVfa2,2025,новостной,"Огромная мохнатая мышь против мыши дикого типа. Первая очень рыжая и пушистая с длинной волнистой шерстью, вторая имеет более гладкую коричневую шерсть

«Мы не просто впихнули гены мамонта в мышь, это было бы бессмысленно», — сказал Шапиро. «Мы обнаружили, что у мамонтов есть интересное изменение, а также интересное изменение в мышиной версии этих генов, которое привело к предсказуемому фенотипу. Это было идеальное место, и чтобы проверить нашу способность редактировать несколько вещей одновременно, мы выбрали 10 из этих генов и отредактировали их все одновременно».

Никаких непредвиденных последствий, кроме восхищения, не было.

«В некоторых из наших мышей мы использовали разные их комбинации, поэтому у самой отредактированной мыши изменения в семи разных локусах. На самом деле, есть восемь правок, но одна из них отредактирована в двух разных местах, и у нас есть наши ультрашерстяные мыши», - говорят исследователи.

Шерстяные мыши-колоссы отращивают волосы в три раза длиннее, чем мыши дикого типа. Это связано с изменениями в цикле роста волос, которые были изменены с помощью редактирования, вызывающего потерю функции гена фактора роста фибробластов 5, или FGF5. Шерстяная текстура волос возникает из-за потери функции FAM83G, FZD6 или TGM3, а изменения в развитии и структуре волосяных фолликулов привели к появлению курчавых усов.

То, о чем мы думаем, — это функциональное воскрешение. Никогда не будет возможным вернуть что-то, что на 100 процентов идентично по своей генетике, физиологии и поведению вымершему виду, но это и не наша цель.

Правки были тщательно проверены и протестированы, чтобы гарантировать, что благополучие животных будет сохранено, а генеральный директор и соучредитель Colossal Бен Ламм сказал: «Не было никаких непреднамеренных последствий, кроме умилительности. Мы не думали, что они будут такими милыми, как есть».","впихнули гены мамонта в мышь
Никаких непредвиденных последствий, кроме восхищения, не было.
ультрашерстяные мыши
Не было никаких непреднамеренных последствий, кроме умилительности.",262,18,"6,870229008",4,"1,526717557","Мышь с длинными густыми волосами сравнивается с обычной лабораторной мышью. Первый тип отличается ярко-рыжим цветом шерсти и густой, волнистой структурой, второй обладает гладкой буроватой шкуркой.

«Мы не ограничились простым переносом генов мамонта в мышь, поскольку такой подход был бы бесполезен», — заявил Шапиро. «Мы выяснили, что у мамонтов имеются определённые изменения, соответствующие аналогичным изменениям в аналогичных генах мыши, что позволило получить ожидаемый внешний вид животного. Это была идеальная возможность испытать наш метод одновременного редактирования множества элементов сразу, поэтому мы выбрали десять соответствующих генов и отредактировали их все единовременно.»

Отрицательных эффектов после проведённых манипуляций не наблюдалось, наоборот, результат вызвал восторг исследователей.

«У некоторых особей мы применили различные комбинации изменений, поэтому наиболее сильно отредактированная мышь получила модификации в семи различных участках генома. В действительности модификаций восемь, однако одна была внесена дважды в два разных участка, и таким образом получились мыши с особенно густой шерстью», — сообщили учёные.

Густо покрытые шерстью мыши обладают волосами втрое длиннее, чем обычные лабораторные особи. Достижению такого результата способствовало изменение цикла роста волос путём подавления активности гена фактора роста фибробластов 5 (FGF5). Гибель функций генов FAM83G, FZD6 или TGM3 привела к образованию плотной структуры шерсти, а изменения в формировании и строении волосяных луковиц вызвали появление завитков на усиках.

Цель эксперимента заключается не в полном воспроизведении исчезнувшего вида, а в создании организмов с признаками, характерными для предков. Это означает восстановление отдельных функциональных особенностей, однако воссоздать существо, полностью идентичное по генетическому коду, биологии и поведению давно вымершим видам, невозможно, и такая задача изначально не ставилась.

Проведённые модификации тщательно контролировались и тестировались, чтобы обеспечить сохранение здоровья экспериментальных животных. Генеральный директор компании Colossal и один из основателей проекта Бен Ламм отметил: «Не возникло никаких негативных последствий, напротив, животные оказались удивительно привлекательными внешне. Мы даже не предполагали, насколько симпатичными окажутся результаты»."
78,79,,Planet Today,https://dzen.ru/a/ZHPdrU8H7hPk-nfE,2023,новостной,"Ученые использовали звуковые волны для оценки состава верхней мантии Земли и обнаружили доказательства того, что около квадриллиона тонн алмазов могут быть похоронены где-то на глубине более 160 километров под нашими ногами.

Сейсмографы регистрируют волны от всех движений внутри Земли, таких как землетрясения. Это механические волны, движущиеся с определенной скоростью в зависимости от материала, через который они проходят.

Опираясь на полученные данные, исследователи попытались реконструировать, как устроены недра Земли — и вот тут-то они и наткнулись на кое-что интересное.

Они обнаружили определенные области, в которых сейсмические волны имеют тенденцию ускоряться без объяснения причин. Эти регионы называются «корнями кратона» и представляют собой древнейшие, наиболее неподвижные участки континентальных тектонических плит. Иногда их видят как перевернутые горы, простирающиеся на глубину до 320 километров.

Чтобы объяснить сейсмические данные, команда начала экспериментировать с возможным составом этих корней. Они пришли к выводу, что если эти структуры содержат от 1 до 2 процентов алмазов, то скорость сейсмических волн имеет смысл.

Это может показаться немного с точки зрения общего количества материала в коре и мантии, но это в 1000 раз больше алмазов, чем ожидалось.","около квадриллиона тонн алмазов могут быть похоронены где-то на глубине более 160 километров под нашими ногами
недра Земли
наткнулись на кое-что интересное
«корнями кратона»
экспериментировать с возможным составом этих корней
скорость сейсмических волн имеет смысл
",170,30,"17,64705882",7,"4,117647059","Учёные применили звуковой метод исследования верхних слоёв мантии Земли и получили результаты, указывающие на наличие примерно квадриллиона тонн алмазов на глубинах свыше 160 километров под земной поверхностью.

Приборами сейсмометрии фиксируются колебания различных движений внутри планеты, таких как подземные толчки. Эти механические колебания распространяются с разной скоростью в зависимости от свойств среды прохождения.

Используя собранные сведения, учёные пытались установить структуру внутренних частей Земли, и тогда ими были замечены определённые необычные особенности.

Были выявлены зоны, в которых скорость распространения сейсмических колебаний заметно увеличивалась без явной причины. Такие участки именуются «корнями древних платформ». Они являются наиболее старыми и стабильными участками континентальной коры, уходящими вглубь на расстояние до 320 километров.

Для объяснения полученных данных о распространении сейсмических волн исследовательская группа выдвинула предположение о составе указанных участков. По мнению учёных, если содержание алмазов в этих структурах составляет от одного до двух процентов, такой показатель скорости сейсмоволн становится понятным.

Хотя указанное количество алмазов кажется незначительным относительно всей массы земной коры и мантии, оно превышает общепринятые оценки примерно в тысячу раз."
79,80,,Москва 24,https://dzen.ru/a/XvS05Uci5TA86qcy,2020,новостной,"Все великое кино стало возможным благодаря небольшому ящику с функцией записи и воспроизведения движущихся предметов и людей. Братья Люмьер изобрели машину под названием ""Кинематограф"" (или ""Синематограф""), но кавычки здесь смело можно убирать, ведь именно они и положили начало кинематографу как индустрии. И практически подготовили мир к открытию кинотеатров, сделав кино одновременно и искусством, и досугом, и способом заработать деньги.

Но надо сказать, Братья Люмьер были не единственные и не первые, кто грезил кино. Просто у них это получилось лучше других, именно их изобретение стало популярным, а первые показы вызвали резонанс.

Платный киносеанс для зрителей братья Люмьер провели 28 декабря 1895 года в Париже. Именно это день вошел в историю как день рождения кинематографии. Однако это была далеко не первая демонстрация ""Кинескопа"". До этого сеансы проходили в Клинтоне, Нью-Йорке, Бостоне, Чикаго (где были представлены киноаппараты Вудвилла Латама), Берлине (Макс Складановский демонстрировал свой ""Биоскоп"").

Но именно парижский сеанс вызвал шквал восторгов, потому что людям показывали не рекламу аппарата, а сцены из обычной жизни. В репертуаре - ""Выход рабочих с фабрики Люмьер"", ""Вольтижировка, ""Ловля золотых рыбок"", ""Кузнецы"", ""Прыжок через одеяло"", ""Морское купание"" и другие. Первые фильмы трудно назвать фильмами в современном понимании: это были по сути ожившие фотографии братьев Луи и Огюста Люмьер. Знаменитое ""Прибытие поезда"" показали чуть позже, в начале 1896 года.","кто грезил кино
день рождения кинематографии
шквал восторгов
ожившие фотографии
",207,7,"3,381642512",5,"2,415458937","Великое кино стало доступным благодаря устройству, способному записывать и воспроизводить изображение движущихся объектов. Братья Люмьер создали аппарат, назвав его «кинематограф». Их изобретение дало старт развитию кинопроизводства и создало условия для появления первых публичных заведений для просмотра фильмов, обеспечив кино статусом искусства, досуга и бизнеса.

Однако стоит отметить, что Люмьеры не были первыми людьми, занимающимися созданием кинематографического оборудования. Другие тоже работали над подобными проектами, однако именно изобретение Люмьеров получило широкую известность и вызвало общественный интерес после первых демонстраций.

Первый платный просмотр состоялся 28 декабря 1895 года в Париже, став знаменательной датой в истории развития киноиндустрии. Тем не менее, демонстрации аппаратов для показа изображений происходили и раньше в городах США и Германии. Но парижская премьера вызвала большую реакцию публики, поскольку зрителям показывали не рекламные ролики, а короткие сюжеты из повседневной жизни. Репертуар включал такие работы, как «Рабочие выходят с фабрики Люмьер», «Верховая езда», «Рыбалка», «Кузнец», «Прыжок через покрывало», «Купание в море» и другие. Эти ранние произведения представляли собой скорее оживленные фотоснимки, созданные братьями Луи и Огюстом Люмьер. Известный сегодня фильм «Прибытие поезда» был показан несколько позднее, весной 1896 года."
80,81,,Известия,https://dzen.ru/a/agrmuFU4_3gzQ_oy,2026,новостной,"В начале второй половины мая доллар будет снижаться и находиться в диапазоне 70–74 рубля, евро закрепится в коридоре 83–86 рублей, а торги юанем на валютной секции Мосбиржи пройдут в пределах 10,50–11,00 рубля. Об этом 18 мая «Известиям» заявил член РАСО и экспертного совета Ассоциации форекс-дилеров по вопросам развития внебиржевого финансового рынка Андрей Лобода.

Центробанк России установил на 16 мая курс американской валюты на уровне 73,1 рубля, европейской — 85,1 рубля, китайской — 10,7 рубля. При этом, по данным Московской биржи, 18 мая юань торгуется на уровне 10,6 рубля.

«Главным фактором поддержки рубля остается нефтяная выручка. По данным ЦБ, в апреле экспортеры увеличили продажи на $14,9 млрд м/м — объем, способный удерживать курс в крепкой зоне еще несколько недель с учетом стандартного временного лага. Жесткая денежно-кредитная политика дополнительно работает в пользу рубля, удерживая капитал внутри страны и сохраняя привлекательность рублевых инструментов», — сообщил эксперт.

При этом Лобода обращает внимание и на факторы давления на рубль. Среди них — рост валютных покупок со стороны корпоративного сектора, усиление импорта в летний период, а также спекулятивный спрос на валюту на уровнях ниже 73 рублей за доллар.

С технической точки зрения ближайшей значимой целью укрепления рубля остается уровень 70 рублей за доллар, однако его достижение потребует сохранения текущего нефтяного импульса и стабильной геополитической ситуации.

Эксперт предупредил, что укрепление рубля может носить ограниченный характер. На фоне ускорения мировой инфляции и роста спроса на защитные активы к началу второго полугодия текущий период силы рубля может постепенно исчерпать себя.

Как отмечалось 13 мая, курс доллара на межбанковском рынке опустился ниже 73 рублей, составив 72,975 рубля (–1,11%). Это произошло впервые с 19 февраля 2023 года. В свою очередь курс евро уменьшился на 1,34% — до 85,45 рубля.","евро закрепится в коридоре 83–86 рублей
удерживать курс в крепкой зоне
работает в пользу рубля
привлекательность рублевых инструментов
факторы давления на рубль
рост валютных покупок
усиление импорта
укрепления рубля
текущего нефтяного импульса",272,24,"8,823529412",9,"3,308823529","В первой половине мая стоимость американского доллара снизится и составит примерно 70–74 российских рубля, европейская валюта установится в рамках 83–86 рублей, а китайская валюта будет торговаться в пределах 10,50–11,00 рубля. Этот прогноз предоставил эксперт Андрей Лобода изданию «Известия».

Центральный банк РФ установил официальный курс на 16 мая: американский доллар равен 73,1 рубля, евро — 85,1 рубля, китайский юань — 10,7 рубля. Данные Московской биржи свидетельствуют, что 18 мая курс китайского юаня составляет около 10,6 рубля.

Основным фактором стабильности российского рубля является доход от экспорта нефти. Согласно информации Центробанка, в апреле российские компании-экспортеры продали иностранной валюты на сумму $14,9 миллиарда больше обычного уровня, что позволяет поддерживать курс национальной валюты относительно стабильным ещё некоторое время. Благодаря жёстким денежно-кредитным мерам дополнительный приток капитала остаётся внутри страны, поддерживая интерес инвесторов к российским финансовым инструментам.

Вместе с тем, существуют причины, негативно влияющие на курс рубля. К ним относятся увеличение объёмов валютных закупок предприятиями, повышение объёма импортных поставок летом и повышенный спрос на иностранную валюту, когда курс доллара снижается ниже отметки в 73 рубля.

Краткосрочной перспективой укрепления рубля является снижение курса доллара США до 70 рублей за единицу, однако реализация данного сценария возможна лишь при сохранении текущих высоких цен на нефть и стабильности внешнеэкономической обстановки.

По мнению эксперта, потенциал укрепления рубля ограничен. Ускорение темпов глобальной инфляции и увеличивающийся спрос на надёжные финансовые инструменты указывают на возможное ослабление позиций рубля во втором полугодии.

Ранее сообщалось, что на межбанковском рынке курс доллара США упал ниже уровня 73 рублей, достигнув значения 72,975 рубля (-1,11%), что стало минимальным показателем с 19 февраля 2023 года. Коррекция стоимости евро составила минус 1,34%, цена снизилась до 85,45 рубля."
81,82,,Известия,https://dzen.ru/a/Ww0KF0jIXm4r6P_K,2018,новостной,"Судя по всему, к отдыху на турецких пляжах россияне стали готовится заранее. Еще в феврале 2018-го эксперты одного из популярных туристических сайтов рассказали, что Турция опередила внутренние направления по количеству ранних бронирований и стала лидером в этом сегменте. В мае в Российском союзе туриндустрии предсказали, что этим летом на турецкие пляжи отправится около 30% россиян, выезжающих на отдых за границу.

Свою роль, по мнению экспертов, тут сыграло и большое количество чартерных рейсов. Еще один плюс — короткий перелет и близость большинства отелей к основным курортным аэропортам страны.

При этом ожидается, что цены на отдых на местных пляжах, несмотря на весь ажиотаж, сильно не поднимутся — вероятнее всего, они останутся примерно на уровне прошлого года. А вот уровень сервиса, скорее всего, повысится. 

В мае в Роспотребнадзоре рассказали об итогах проведенной в отелях южного побережья Турции проверки. Повод был, прямо скажем, не радостный — в прошлом году сообщалось о нескольких случаях заражения инфекционными заболеваниями на местных курортах. Однако по итогам поездки специалисты ведомства сочли отели Сиде, Белека и Антальи полностью готовыми принять туристов: там не только приняли дополнительные меры, чтобы предотвратить риск распространения инфекций, но и заметно повысили уровень подготовки персонала.

«Большое внимание уделено подготовке отельной базы: усилены меры по обеспечению безопасного водоснабжения и питания, работы бассейнов, подготовке персонала, проведены мероприятия по улучшению выявления и лабораторной диагностики инфекций, организации противоэпидемических мероприятий», — отметили в отечественном надзорном ведомстве.

При всех преимуществах Турции с ее развитой инфраструктурой и вполне доступными ценами у этого направления, по мнению некоторых соотечественников, есть один недостаток — большое скопление людей порой может оттолкнуть ценителей уединенного отдыха.

В этом году избежать столпотворения на самых известных пляжах так называемой Турецкой ривьеры (там дела с отелями, ресторанами и транспортной инфраструктурой обстоят лучше всего, в этом же районе сосредоточено и большинство исторических достопримечательностей) точно не удастся.","Судя по всему
Свою роль сыграло
Повод был, прямо скажем, не радостный
может оттолкнуть ценителей уединенного отдыха
так называемой Турецкой ривьеры",288,17,"5,902777778",5,"1,736111111","Россияне начали готовиться к отдыху на пляжах Турции заранее. Уже в феврале 2018 года представители туристического сайта сообщили, что число ранних бронирований в Турцию превысило показатели внутренних направлений. В мае того же года Российский союз туриндустрии заявил, что летом около 30% российских туристов выберут турецкие курорты.

Эксперты считают, что важную роль здесь сыграли многочисленные регулярные рейсы. Дополнительным преимуществом является короткий авиаперелет и расположение большинства гостиниц рядом с основными курортными аэропортами страны.

По прогнозам специалистов, стоимость отдыха на местных пляжах останется приблизительно такой же, как была в предыдущем году, хотя спрос высокий. Уровень обслуживания туристов, вероятно, улучшится.

В мае Роспотребнадзор сообщил результаты проверки отелей на юге Турции. Итоги были неблагоприятными: в прошлом году фиксировались случаи инфекционных заболеваний среди отдыхающих. Однако после проверки специалисты пришли к выводу, что гостиницы в Сиде, Белеке и Анталье готовы принимать гостей: предприняты дополнительные меры безопасности, существенно повышена квалификация сотрудников.

«Серьезно увеличена подготовка инфраструктуры отелей: введены строгие правила обеспечения безопасной питьевой воды и питания, эксплуатации бассейнов, значительно улучшена диагностика инфекционных заболеваний и проведена дополнительная эпидемиологическая работа», — отметили представители Роспотребнадзора.

Несмотря на наличие хорошо развитой инфраструктуры и умеренные цены, некоторые туристы указывают на существенный минус — высокая концентрация отдыхающих иногда мешает тем, кто предпочитает отдыхать вдали от большого скопления людей.

Избежать большого количества отдыхающих на лучших пляжах побережья Турции (где расположена лучшая инфраструктура гостиниц, ресторанов и транспорта, находится большинство исторических памятников) в наступившем сезоне будет невозможно."
82,83,,Life,https://dzen.ru/a/ZlespAVepXYH4eMq,2024,новостной,"Когда начнут штрафовать за резину
С 1 июня сотрудники ГИБДД начнут штрафовать водителей за использование летом зимней резины. Перечень неисправностей, при которых запрещена эксплуатация легковых и грузовых автомобилей массой до 3,5 тонны, вступил в силу ещё 1 сентября 2023 года. Но фактически запрет на использование зимних шин вступает в силу с 1 июня 2024 года и действует три месяца — до 1 сентября.

Согласно первой части статьи 12.5 КоАП РФ водителям грозит штраф в 500 рублей. Сумму наказания можно снизить, если оплатить штраф через ""Госуслуги"" в течение 20 дней после наложения взыскания. Изменения коснутся только тех автомобилистов, кто не удосужился сменить зимнюю шипованную резину. Владельцев зимних ""липучек"" эта мера не затронет. Но им следует помнить, что зимняя резина более мягкая и быстрее изнашивается, чем летняя.

Какие новшества по замене прав
Но это ещё не все изменения, которые действуют с 1 июня 2024 года. Уже вступил в силу закон, по которому иностранные права для въехавших в Россию иностранцев и граждан РФ будут действовать только год. В течение этого времени нужно постараться получить российское удостоверение, потому что штраф за просроченные права внушительный — 15 тысяч рублей.

А вот граждане РФ, у которых срок действия водительского удостоверения истекает до 31 декабря 2024 года или до 31 декабря 2025 года, могут спокойно ездить ещё три года: им срок действия ВУ продлён автоматически. Впрочем, особо тревожные водители могут заменить удостоверение по собственному желанию — препятствовать этому никто не будет.

Как будут получать права

Получить права новичкам стало проще. На экзамене по вождению теперь допустимо набрать семь штрафных баллов вместо пяти, как это было раньше. При этом принимающему экзамен инспектору снова придётся пересесть на заднее сиденье. А вот ""лишенцам"", которые оказались без прав за вождение в нетрезвом виде, теперь запрещено сдавать экзамены на получение водительского удостоверения в течение года.","штрафовать за резину
тех автомобилистов, кто не удосужился сменить зимнюю шипованную резину
зимних ""липучек""
особо тревожные водители
""лишенцам"", которые оказались без прав за вождение в нетрезвом виде",286,23,"8,041958042",5,"1,748251748","Штраф за использование зимней резины летом вступит в силу с 1 июня 2024 года. Согласно перечню неисправностей, установленному с 1 сентября 2023 года, запрещено эксплуатировать легковые и грузовые автомобили массой до 3,5 тонн с зимними шинами период с 1 июня по 1 сентября включительно. Нарушение предусматривает административную ответственность по статье 12.5 КоАП РФ в размере штрафа 500 рублей. Размер штрафа уменьшается вдвое при оплате через портал госуслуг в течение 20 дней. Под действие запрета попадают только водители, использующие зимние шины с шипами. Нешипованные зимние шины («липучки») разрешены, однако они имеют более короткий срок службы и быстрее изнашиваются по сравнению с летней резиной.

Кроме того, с 1 июня 2024 года иностранцы и российские граждане, имеющие иностранные водительские удостоверения, обязаны заменить их на российские права в течение одного года с момента въезда в страну. В противном случае предусмотрен штраф в размере 15 000 рублей. Граждане РФ, чьи действующие водительские удостоверения истекут до конца 2024 или 2025 годов, смогут продолжать пользоваться удостоверением еще три года. Для водителей, ранее лишенных прав за управление автомобилем в состоянии алкогольного опьянения, вводится запрет на сдачу экзамена для восстановления водительских прав сроком на один год.

Правила сдачи экзамена упростились: число допустимых ошибок увеличено с пяти до семи. Штурман-инспектор во время экзамена должен находиться на заднем сидении автомобиля."
83,84,,"Вокруг света
",https://dzen.ru/a/W9bMc-vorwCq1iBi,2018,новостной,"Дело в том, что безопасная доза кофе зависит не от количества выпитых чашек, а от количества содержащегося в напитке кофеина. Например, в одной порции эспрессо — от 80 до 100 мг кофеина, а в капучино — только 70 мг. Если вы предпочитаете крепкий кофе, то используйте подходящую посуду — объем чашки не должен превышать 50-70 мл.

Также концентрация кофеина зависит от веществ, содержащихся в напитке: сахар, молоко, сливки снижают воздействие кофеина, так как он будет усваиваться медленнее и не в полном объеме.

Кофе обладает стимулирующим воздействием на организм, активизирует выработку адреналина, серотонина и дофамина — они поднимают настроение и помогают лучше справляться со стрессами. Но не все так гладко: чрезмерное употребление кофе ослабляет работу ЖКТ, нагружает сердце и нервную систему.",не все так гладко,118,4,"3,389830508",1,"0,8474576271","Фактом является следующее: количество безопасного употребления кофе обусловлено содержанием в нём кофеина, а не числом выпитых порций. В одной порции эспрессо содержится примерно 80–100 миллиграммов кофеина, тогда как в капучино — около 70 миллиграммов. Для тех, кто предпочитает напитки высокой крепости, рекомендуется использовать ёмкости объёмом не более 50–70 миллилитров.

Содержание кофеина также меняется в зависимости от ингредиентов напитка: Сахар, молоко и сливки замедляют усвоение кофеина организмом, снижая его влияние.

Употребление кофе оказывает стимулирующее действие на организм человека, способствует выработке гормонов адреналина, серотонина и дофамина, которые улучшают самочувствие и повышают способность переносить стрессы. Однако избыточное потребление кофе отрицательно влияет на функционирование желудочно-кишечного тракта, создаёт дополнительную нагрузку на сердечно-сосудистую и нервную системы."
