Unnamed: 0,index,text,ratio
0,0,"'Темные облака неясными очертаниями скользили над пустынными улицами Петербурга, словно хоровод из теней; их рябь быстро заменялась новыми формами. Откуда-то сияло какое-то тусклое пятно — мог ли это быть звезда? — и оно перемещалось по небу неясным, бесцветным потоком; приглаживая его было слабое светило. Вдоль берегов реки Мойки вспыхивали мраморные и металлопанельные крыши, словно бликующие волны; зелёная Мойка скользила между белыми колоннами старинного дома с пятью архитектурными элементами. Блестящий Её Величества солдат шёл по набережной, голову его укрывали меховое кокошье пальто; застежка воротника играла светом и отражениями, как бы приглашая внутрь своего тепла. Дрожь пробежала через его тело; солнце мелькнуло на небесах — черная повозка прошла рядом с окнами дома, везя ярко-красные фонари, которые отражались на воде Мойки, словно проплывали сквозь туман. Некоторые детали из головного убора слуги и форма верхней одежды коснулись его сознания — ощущение неизвестности и дрожания стало его знакомым чувством... Может ли это чувство быть любовью? В памяти всплывало воспоминание: один раз, ночью, покрытый туманом, он выскочил из указанного подъезда и бежал к чугунной переправе на Мойке... Оно снова охватило его — дрожь и призрачное видение движения.'",5.0
1,1,"'На указанном месте располагалась роскошная башня-дворец; своим верхним конусом он напоминал странную форму замка: кирпично-розовый, массивный каменный строение. Это происходило давно, и сейчас монарха, жившего здесь тогда, больше нет. Кирпично-розовый дворец возвышался среди голых ветвей деревьев; их тянулись вверх подобно спокойным порывам ветра, колебались, словно пытающиеся ухватить облака, проплывающие мимо них. Каркая, резко взметнулась вверх ворона; поднявшись высоко, она некоторое время парила над облаками, после чего снова стремительно спустилась вниз. Экипаж проезжал через этот район. Кирпично-розовый квадратный монумент отчетливо выделялся на фоне площади; гости города редко обращались на него внимания, хотя эта фигура была величественной. Сам монарх воздвиг памятник своему знаменитому предку; он проживал во дворце красного кирпича; прожил недолго. Возможно, неоднократно показывалась круглая белая голова с завитушками волос возле узкого проёма окна дома; человек внимательно смотрел сквозь стекло: либо его взгляд терялся в мягких оттенках заката, либо фиксировался на серебристом мерцании отражённого света месяца среди густой листвы деревьев. У входа дежурил солдат в треугольной шляпе с полями и отдавал честь, когда золотая грудь генерала проходила мимо, направляясь к украшенной картинами повозке; рядом находился высокий возница, сидящий на высоком сиденье экипажа; сзади стояли черные слуги. Павел Петрович вновь взирал вокруг себя и возобновлял беседу со своей изнеженной фрейлиной, одетой в прозрачную ткань; дама улыбалась; на щеках стали заметны небольшие впадинки, родинка. В ту ночь пространство заливал свет луны, освещавший предметы интерьера императорских покоев, блестевшего даже на маленьком изображении купидона; на подушке уже ясно виднелась форма головы человека, лежавшего ранее. Откуда-то раздавались удары часов; вскоре послышались чьи-то приближающиеся шаги… Прошло лишь несколько секунд — постель оказалась помятой: простыни ещё сохраняли тепло тела; покойника уже не было видно. Группа молодых офицеров с обнажёнными саблями склонилась над пустым изголовьем кровати; кто-то пытался открыть дверь, слышался плач женского голоса: бледный офицер поднял край шторы; за прозрачной тканью окна проявилось смутное очертание дрожащей тени. Откуда-то доносились звуки боя часов; неподалёку звучали удаляющиеся шаги.'",85
2,2,"'Вечер. Легкая дымка скрывает небо, как будто в тумане мысли и чувства. В древности полагали, что над облаками жил главный бог, равнодушный наблюдатель всего происходящего. Сейчас известно, что выше облаков лишь прозрачная синева и пустота космоса. А теперь я в запутанной тайне — не понимаю, что скрывает за пределами моего поля зрения, после получения многочисленных новых знаний. Полностью убежденное знание эквивалентно верованию. Раньше я был уверен в своей правоте во всём касающемся меня самого. Однако теперь впервые осознаю свою собственную призраковость, как будто смотрю на зеркало — отражение своего лица кажется чужим. Зрелище потрясает: черные ровные брови и вертикальная морщина между ними, серые глаза с твердым взглядом, под которым темные круги отсутствуют из-за недавней нехватки сна. По моему взгляду не видно настоящих чувств и переживаний, которые ранее я не понимал: раньше это было как бы невидимой тенью в зеркале. Там же, внутри своего собственного сознания, возникает убеждение — этот отражённый мужчина чужд мне самому, видящему его впервые. Настоящий я — другое. Не имеет смысла продолжать размышления: всё перечисленное кажется бессмысленным и является результатом недавних неприятных переживаний после употребления отравляющего вещества. Или, как говорится, «такого» в вечерней темноте. Записываю это исключительно ради демонстрации того, насколько необычным образом способен ошибаться логичный человеческий разум. Разум, который, будучи призван объяснить непонятную древним бескрайнюю даль, преобразовал её в понятную и доступную форму, благодаря использованию числовых обозначений. R-13. К слову, я доволен его приходом: мне бы не хотелось сейчас оставаться одному.'",5.0
3,3,"'Она была одета в костюм древнего стиля: тесное чёрное платье подчёркивало белизну обнажённых плеч и груди, а также выделяло светлые зубы — казавшиеся чрезмерно яркими, словно лунный свет в сиянии дня. Женщина села и начала играть, её исполнение отличалось хаотичностью и нервозностью, отражавшей характер той эпохи, когда она жила — будто хоровод оживших страданий. Она играла беспорядочно, без какой-либо структурированности, словно дикие звери в оковах. Остальные вокруг были согласны друг с другом и весело смеялись, а некоторые испытывали сомнения — как и я, задумываясь над причиной своего смеха. Эпилепсия — это психическое заболевание, вызывающее страдания — постепенно возникало, усиливаясь и становясь всё более интенсивными, словно жгучий пламя в узком пространстве, оставлявшем лишь пепел. Женщина сидела рядом со мной и осмелилась усмехнуться — заставив это сделать маленький пузырь слюны на её губах, появившийся и тут же исчезнувший. Это наблюдение вернуло мне ясность сознания — как возвращающееся свет после долгой полуденной затмения. Подобно остальным, я воспринимал лишь бессмысленный шум струн музыкального инструмента — улыбался и улыбался от облегчения и спокойствия, как будто ожидая прихода нового дня. Лекционный материал дал реалистичное представление о событиях того периода, вызвав смех слушателей — словно ритмы древних танцев на фоне современных симфоний, несущих в себе мощь порядка и гармонии. После прослушала я современную музыку, демонстриющуюся специально для сопоставления с предыдущей — как старый резиновый мяч на фоне новых шаров, каждый с особой легкостью. Все покинули зал парами по четыре человека, двигаясь организованно через большие выходы; мимо прошёл знакомый человек, имевший необычную фигуру — как высохшая ракушка на фоне живописных водорослей. Я уважительно приветствовал его кивком головы — словно признавая в нем древний археолог, исследующий незнакомые тайны.'",95.0
4,4,"'Рутилов произносил всё это, как обычно, весёлым бодрым голосом, искренне улыбаясь, однако он был худым человеком — слабым и болезненным, несмотря на новый и модной шляпу с редкими светлыми коротко стриженными волосами. \n\n– Ну, разве же втрое! – слабо возразил Передонов, стирая золотые очки.\n\n– Но это же правда! – вскричал Рутилов с лукавой улыбкой. – Ты смотри внимательно и пользуйся моментом, пока я жив, чтобы найти невесту подходящую именно тебе. Каждая из моих дочерей охотно согласится выйти за тебя.\n\n– Здесь действительно многие испытывают ко мне симпатию, – угрюмо похвалился Передонов.\n\n– Вот видишь, значит используй ситуацию, – советовал Рутилов.\n\n– Самое важное для меня, чтобы девушка была полной, не худощавой, – с грустью в голосе сказал Передонов.\n\n– Тебе совершенно не стоит волноваться по этому поводу, – энергично уверял Рутилов. – Сейчас мои дочери уже достаточно полноваты, а если кто-то недостаточно полная, это временно. После замужества они станут ещё пышнее, как увидишь хотя бы на моей старшой дочери Ларисе.\n\n– Я бы хотел вступить в брак, – сказал Передонов, — но боюсь, что моя жена Варя устроит крупный конфликт.\n\n– Поскольку боишься конфликта, поступи так, – предложил Рутилов с лукавой улыбкой: — сегодня же заключай брачный союз, лучше сделать это немедленно. Вернешься домой с молодой супругой, проблема разрешится сама собой. Действительно, хочешь, я всё организую прямо завтра вечером? И выберешь любую девушку.\n\nПередонов внезапно начал громко и резко смеяться.\n\n– Значит, соглашаешься? Заключаем сделку? – поинтересовался Рутилов.\n\nПередонов также внезапно прекратил смех и тихо прошептал: — Она расскажет обо всём, эта негодяйка.\n\n– Ей нечего рассказывать о чем-то важном, ничего, о котором стоит сообщить, не произойдёт, – успокаивал Рутилов.\n\n– Или отравит, — испуганно бормотал Передонов.\n\n– Просто доверься мне во всех вопросах, — убедительно настаивал Рутилов, — я обеспечу всё аккуратно и продуманно.\n\n– Без приданого я вступать в брак не намерен, — раздражённо выкрикнул Передонов.\n\nНевыразимое изменение темы разговора не смутило Рутилова. Он ответил столь же вдохновенно: — Странный человек, разве мои дочери лишены приданого? Так что, согласен ты или нет? Я пойду заниматься подготовкой. Запомни, нельзя говорить кому-либо об этом деле, понял?\n\nРутилов пожал Передонову руку и поспешил прочь. Передонов молча наблюдал за ним. Девушки Рутилова вспомнились ему весёлыми и насмешливыми, вызывая неясное чувство тревоги.\n\nРутилов удалился, оставляя Передонова с тоской и неприинатеющей ухмылкой на губах. Внезапная мысль о невесте привела к неясному чувству тревоги.'",4.0
5,5,"'Вспоминаю простую ситуацию из жизни, и превращаю её в привлекательную историю. Я — поэт. Случайности определяют развитие событий: их начало может быть скромным или внезапным, но важно начать с достойных восхищения моментов — таких, как здоровье, юность и жизнерадостные качества человека. Красивыми качествами природы могут служить прозрачная вода, солнечный свет и теплое летнее время года. Великолепным примером этого стало ясное и жаркое утро, когда яркие лучи солнца освещали реку Скородень. Прозрачные воды и ослепительный свет создавали незаурядную атмосферу радости благодаря теплу солнечных лучей. Ветер издалека, птицы поют, а два молодых девушки — Елена и Елисавета, родные сестры, купаются в Скородене. Удивительная картина вызывает радость от хорошей погоды, а также присутствия прекрасных девушек в таком наряду. Они необычно выглядят, обнажённые и весело развлекаясь — улыбка, взаимные шепотки и беседа придают естественности их отношения. У них есть мужчина на уме, который становится предметом фантазий. Эти девушки принадлежат обширному саду своего поместья и уделяют особое внимание своей быстрой воде и песчаному берегу, чувствуя себя хозяйками. Человек не знает, где заканчивается его власть — но те, кто уверены в себе и своих правах, уже сейчас наслаждаются им.'",3
6,6,"'Дома расположены на краю города в районе с именем Расчески. Здесь стоят длинные многоквартирные здания, построенные параллельными рядами с интервалами между ними – бетонными двориками, где у местных жителей есть место для игр. Здания белые и украшены множеством окон; выглядят они одинаково. Между зданиями находятся пустующие участки земли, окружённые забором. Остатки разрушенных строений привлекают внимание детей больше, чем эти дворики.'",7.0
7,7,"'Оказалось, что каждый человек, стремящийся обратить на себя внимание — это эгоистичный, негативно окрашенный существ, способный совершать любые поступки и переоценивать собственные достоинства. Вместе с тем, фактически этот человек совершенно незначителен. Самоуверенный и тщеславный — вот как можно охарактеризовать его. Поведение Сипа напомнило истории про птицу, стремившуюся казаться лучше самой себя, или же животное, утонувшее из-за своей собственной глупости. В результате он решил написать ещё одну песню на подобную тему, однако её никто не слушал — и он был обласкан, посылая ему салфетку и прикрывая книжкой. Лицо Сипа побагровело от гнева; он заплакал и тихонько умолк. Гуль произносил речь почти неслышно — словно читал написанное прямо на столе, даже несмотря на то, что там был только испорченный пластмассовый покрытий. Его белые волосы спускались на лицо, мешая видеть, и он поправлял их рукой, впитывая слезы. Прическа держалась лишь до тех пор, пока пальцы не прикоснулись ко лбу — после чего немедленно отскакивала назад, снова закрывая его. Наблюдение за Гулем было делом нелегким: требовалось особое выдерживание. В ответ я старался не смотреть на него; мои нервы уже находились в плохом состоянии, и дополнительная нагрузка могла бы их усугубить.'",6.0
8,8,"'Недавно он был энергичным человеком, способным легко подниматься на руках, как парус на ветру, перемещаясь плавно и бесшумно. Он мог зубами поднять стул и порвать крепкими мышцами рук канат. Тело его бурлило энергией, желанием совершить чудо — прыгнуть через ограду или швырнуть столб вверх. Сейчас что-то изменилось: он начал сутулиться и признаться другу Подтягину о бессоннице. Ночью перед понедельником ему не удалось нормально выспаться, проводя двадцать минут в компании неприятного человека в лифте. Утро следующего дня началось тяжело: он долго стоял голым между прохладных рук, держа их между коленями и осознавая, что снова придется надеть рубашку с пропитанной потом бельем, а также носки и брюки. Это вызывало воспоминания о цыганском пуделе в человеческой одежде — ужасающем зрелище для человека. Усталость из-за отсутствия работы частично объяснялась скопившейся зимой: он сумел накопить около двухсот марок, но последние месяцы были затратными. В прошлом году в Берлине он быстро нашел работу и продолжал трудиться до января, испытывая тяжесть утренних поездок на завод или беготню с подносом среди столиков ресторана «Пир Горой». Занимался также посредничеством, предлагая любые товары: от козлов до средств для укладки волос. Он не отказывался ни от чего — продавал собственную тень, как это делали многие из нас. После съемок за городом, где огромные прожекторы создавали дискомфортное и стыдливое освещение лица людей, он расходовал полученную сумму. '",8
9,9,"'Целый день лежащий неподвижно на кровати, кажется будто движется вверх к ясному солнечному небу и когда приподнимаешься, можно видеть кроны деревьев, ярко освещённые жёлтым светом солнца, тонкие провода, служащие местом отдыха птиц, и деревянный навес над дорожкой красного цвета рядом с парадным входом. Издали слышатся приятные звуки природы: пение птиц, отдалённый собачий лай, скрип воды насоса. Лежишь неподвижно, погружён в размышления о предстоящем подъёме, наблюдаешь солнечные блики на поверхности стола, смотришь как клубок нитей соскальзывает с коленей сидящей рядом матери и плавно перекатывается по гладкому деревянному полу. Именно здесь, в данной комнате, когда Ганин находился на выздоровлении в возрасте шестнадцати лет, сформировался мысленный образ счастья и девушки, которого он позже увидел в реальности. Этот процесс формирования образа происходил благодаря совокупности факторов окружающей обстановки: картинам на стенах, звукам природы за окном, изображению Хрина в киоте, журчащей воде в раковине. Частью развивающегося образа стала атмосфера солнечного света в помещении и очевидно, что без воздействия этой среды такой образ не мог бы появиться. По сути, это были лишь обычные ощущения юности, мечтательные переживания, однако сейчас Ганину представлялось, что такое совпадение мыслей и действительности ранее не происходило столь идеально. Целый день он переходил из одного сада в другой, посещал различные кафе и воспоминания постоянно увлекали его вперёд, подобно движущимся облакам в небе весны в Берлине. Посетители кафе думали что мужчина, внимательный смотрящий вдаль переживает какую-то глубокую печаль и на улицах он случайно сталкивался с прохожими, один раз водитель автомобиля резко остановился выразив недовольство, чуть не столкнувшись с ним. Ганин чувствовал себя творцом восстанавливающим утраченный мир. Постепенно он возвращал детали исчезнувшего мира ради женщины которой ещё не решился придать место в нем пока восстановление не завершится целиком. Однако мысль о ней, ощущение её присутствия, почти забытое воспоминание прошлых впечатлений вынуждали его завершить создание образа окончательно, хотя он сознательно откладывал появление этого образа поскольку хотел приблизиться к нему поэтапно следуя определённой последовательности шагов. Стараясь избежать путаницы среди ярких образов прошлого, он аккуратно реконструировал события своей жизни иногда останавливаясь на незначительных деталях избегая преждевременного перехода к последующим этапам. Бродя по Берлину тёплым майским днём, он действительно выздоравливал физически испытывал первые признаки восстановления после болезни слабость в ногах рассматривал своё отражение в зеркалах. Одежда выглядела особенно чистой свободной и непривычной. Медленно продвигаясь по широкому парку, окруженному деревьями, он замечал небольшие земляные бугорки черного цвета образовавшиеся в результате деятельности животных. Он надел белую нижнюю одежду и светло-фиолетовые носки. У него была мечта встретить кого-либо в парке, но конкретного представления о том кто именно должен встретиться у него не было.'",4.0
10,10,"'Я родился пятьдесят лет назад в центральной России, в деревенском имении моего дедушки. Мы не осознавали момент нашего рождения и ухода из жизни. Нас сообщили точную дату появления на свет, иначе сейчас я бы совсем не представлял своего возраста — ведь ни один возрастной изменений, меня не посещала мысль о смерти через десять-двадцать лет. Жить на необитаемом острове — это было бы большей честью: или огромным不幸，也许人类从一开始就感受死亡？假设相反，如果我不知生死，我依然热爱现世如同现在这般炽热吗？庆贺弥撒时的三一教会会特别进行一次祭礼以缅怀所有已故之人，并吟诵以下深切的祷词：\n\n‘主啊，安慰逝者在天之灵，在你的永恒安息地，并赐予远古至近世先祖和亲近亲眷一个安宁之所。他们曾于亚当时代的岁月里献身你，至今仍如此忠心侍奉你。’\n\n关于我们家族——Arshenyev家——其源远流长的历史几乎无迹可寻。令人费解的信息依旧如故。唯一可信的便是我们的姓氏在历史久远之前就已经失落了，这一现象。我们的族谱虽然仍在延续，但影响力却大不如前，而我则将这份属于祖先和亲人的血缘视为一种荣耀与满足感——因为我并非没有血脉和家业的人。\n\n庆贺弥撒时的三一教会会特别进行一次祭礼以缅怀所有已故之人，并吟诵以下深切的祷词：\n‘主啊，安慰逝者在天之灵，在你的永恒安息地，并赐予远古至近世先祖和亲近亲眷一个安宁之所。他们曾于亚当时代的岁月里献身你，至今仍如此忠心侍奉你。’'",1.5
11,11,"'Совсем весь день прошел словно в тумане, непрерывно поддерживая меня в состоянии сильного напряжения — снова состоялись поминальные службы, снова собралось большое количество людей, среди которых были прибывшие и отъезжавшие соседи. Их дети играли беззаботно, еще ничего не понимая, в закрытой со всех сторон светлой комнате под наблюдением периодически тихонько плачущей няни... Вновь начало темнеть, и люди начали приходить в зал для собрания и ожидания следующей поминальной службы. Негромко разговаривая друг с другом, они все еще ждали священников. Потом появились те самые священники, после чего наступило молчание. Свечи были зажжены в полной тишине, началось облачение в стальной гробовой тиши и затем последовало первое размахивание кадилом и первое произнесенное слово — все эти события для умершего человека настолько важны, что я больше не смог смотреть вперед. На роскошный бархатный гроб установлен на соединенных столах и лежит тело, покрытое золоченым покровом, украшенное золотой иконкой на груди и жесткой белой подушкой, погруженное в мрачную тьму вечного покоя. Лицо его имело черные впадины вокруг глаз и отражалось металлический отблеск сквозь тепло и аромат дыма, мерцавшего жарким блеском.'",7.0
12,12,"'Приказания прокуратора были выполнены быстро и точно, как бы солнце, ярко светившее над Ершалаимом последние дни, ещё не достигло полуденного положения, когда на верхней площадке садовой террасы возле статуй двух белых мраморных львов состоялась встреча между прокуратором и исполняющим обязанности председателя Синедренона иудейского первосвященником Иосифом Каифой. Сад был тихий, участок же, покинув укрытие колонн и оказавшись на верхнем участке сада, освещённом солнечными лучами, пальмы, расположенные здесь необычной формой, открывали прокуратору вид на весь город Ершалаим вместе с висячими мостами и укреплениями, а также величественным храмом, крытым золочёной плиткой. Своим тонким слухом прокуратор услышал издалека слабый шум толпы снизу, иногда сопровождаемый тонкими возгласами. Поняв это, он сделал вывод: внизу, около городских стен, уже собралось большое количество обеспокоенных недавними волнениями ершалаимских жителей, ожидающих решения суда, среди которых слышались голоса взволнованных торговцев водой.'",6.0
13,13,"'В сумерках внешность прокуратора заметно изменилась: он выглядел старше, задрал плечи и почувствовал тревогу. В этот момент он обернулся и неожиданно вздрогнул, увидя пустующее кресло с покрытым плащом спинкой. Праздничная ночь и полумрак подарили ему острое чувство присутствия в балконной комнате — возможно, его воспринимали как призыв к кому-то, который пропал из виду. Поддавшись слабости, он погладил руками плащ, затем отпустил и начал беспокойно топтать балкон, наклоняясь к столику, хватаясь за чашу, а затем устремляясь на пол, украшенный мозаикой, будто надеясь найти там что-то важное.'",5.0
14,14,"'Конференция прошла в политехническом институте. Я посетил данное мероприятие и провел беседу с присутствующими. Через пять минут необходимая информация была подготовлена. Я передал её в секретариат. Быстро пришёл редактор Туронок, обладающий чрезмерно сладким и манипулирующим характером: обычно он был скромным и тихим. Однако сейчас он проявлял сильное возбуждение: — Вы допустили грубую идеологическую ошибку. — Какая именно? — Вы указали перечень стран... — Это запрещено? — Нет, можно указывать и даже необходимо. Но важно учитывать порядок перечисления. Здесь указаны Венгрия, ГДР, Дания... — По моему мнению, последовательность определена согласно алфавитному порядке. — Подобный подход недопустим, - выразил недовольство Туронок, - имеется установленный строгий порядок: сначала демократические государства, потом нейтральные страны, и лишь затем государств-участники военного союза. — Хорошо, согласен. Я исправил информацию и снова передал в секретариат. На следующий день пришёл Туронок: — Создается впечатление, что вы насмехаетесь надо мной! Вы делаете это специально? — Почему вы так считаете? — В списке народных демократий нарушена правильная последовательность. Сначала указана ГДР, затем Венгрия. Опять применён алфавит? Необходимо забыть подобное понятие! Ведь вы сотрудник партийной газеты. Поместите Венгрию на третью позицию! Ранее там произошел государственный переворот. — Но ведь между нашей страной и Германией ранее велись военные действия. — Не стоит возражать! Почему вызваны ваши возражения? Эта страна уже совершенно другая! Непонятно, кому вообще поручено проверять вашу работу! Вы показываете политическую ограниченность! Недоразвитость нравственных качеств! Вопросы будут поставлены соответствующим образом... За предоставленную информацию мне выплатили вознаграждение в размере двух рублей. Предполагал получить сумму побольше — три рубля.'",3.0
15,15,"'В этой повести нет идеальных героев и абсолютных злодеев... Здесь не бывает ни добродетельных персонажей, ни преступников. Таких людей вообще не бывает в реальной жизни. Уже несколько лет я наблюдаю за людьми...'",6.0
16,16,"'Утверждали, что Благодатный – это обыденность без изъянов: знаменитый бородинский дом выглядит как ничто особенное – скорее всего, лишь с неким недостатком. Одна сторона здания уже несколько лет подвержена ремонту после пожара, а сад утопает в своем вековом возрасте: старый, тенистый и часто встречающийся в России; поля вытянуты как ленты по прямой, лес стоит непрерывно, словно древние мифические деревья – все это лишь ежедневная норма. Жители местности не отличаются своей благородностью: проживают в бедности, земельные угодья ограничены, ранее переселившись и только что вернувшись с места временного жительства, они не могут помочь себе в трудную минуту, хотя их дом так и не был поджжен, а лошади тоже не лишились зрелища. Однако и эти обстоятельства уже давно стали обычным делом: соседний Бессонов даже разделял мысль о том, чтобы построить плодородную землю своим собственным учителем; слухи о намерении поджечь дом и вывезти земли дошли до каждого ушей, зато в конце концов люди начали просто игнорировать обсуждение этого дела – ведь умный человек всегда знает, насколько правдивы слухи, а кто еще способен придумать невероятное, лишь бы переложить ответственность за все эти проблемы?'",1.5
17,17,"'Все дети были здоровы, несмотря на их беззаботные шалости: ради веселья и азарта они поедали снег, выходили в одной рубашке на прохладные сенцы зимой, проглатывали крупных мух для болезни или избегания гимназии, и даже ели засушенные просфоры, которые их бабушки советовали – уверяя, что это помогает в случае грозы. Они постоянно купались в прорубях. Однако только Женя выделялся среди остальных: после перенесенных Колей заболеваний — скарлатины и кори — он заразился дифтеритом, временно лишился зрения. Его зрение вернулось со временем, но он испытывал сильные головные боли – наиболее ощутимые между бровями и в области висков. Когда начиналась боль, Женя сильно страдал, плакал жалобно, издавая звуки похожие на стоны. По ночам он совершивал странные действия: выходил на крыши зданий, перемещался по карнизам. В детстве, когда случались приступы, его укладывали рядом с мощами святых, и дома у Вареньки в иконостасе находились специальные предметы – бархатные варежки и шапочка, соприкасавшиеся с этими святыми останками, которыми протирали лицо мальчика. Иногда девочку Прасковью отправляли с ним в Боголюбовский монастырь к священнику-отшельнику отцу Глебу молиться об избавлении от страданий, после чего наблюдалось некоторое облегчение состояния. У Жени взгляд часто выглядел печальным: он редко участвовал в драках, но если его разозлить, действовал решительно.'",98
18,18,"'Вавилен Татарский родился задолго до исторической победы красных над белыми, поэтому он был частью поколения «П», хотя о том не знал долго. Если бы кто-то тогда сообщил ему о будущей роли копирайтера, с большой вероятностью он сильно удивился и случайно испортить бы бутылку напитка «Пепси» на пляже. В то время дети мечтали стать врачами или пожарниками. Словом '",5.0
19,19,"'Тверской бульвар выглядел почти так же, как два года назад, когда я последний раз видел его – снова наступило февраль, повсюду лежали сугробы, царил темный шлейф тьмы, даже через дневной свет проникающейся мгла проглядывала. На лавочках сидели такие же пожилые женщины, неподвижно ждущие; среди голых черных деревьев сверху просвечивало такое же проливное зимнее небо. Однако были изменения: в этот морозный период по дорожкам неслись сильные бури, и я остался бы спокоен, если бы на лавочках встретил пару диких животных. Бронзовая статуя Пушкина выглядела немного печальнее обычного — вероятно потому, что на ней висел красный фартук с надписью: «Да здравствует первая годовщина революции». Я бы не стал язвительно комментировать тот факт, что поздравление было адресовано именно событию, а само слово «революция» написано неправильно — с устаревшей буквой «ять», недавно я уже убедился во многих опасностях связанных с неуместными лозунгами красного цвета. Сумерки наступали; сквозь плотную снежную завесу едва различимым оставался Страстной монастырь. Перед зданием монастыря стояли две грузовые машины с открытыми кузовами, покрытыми яркой красной тканью; рядом собрались люди, чья речь была слышна и разборчиво, однако смысл её легко воспринимался благодаря четкому произношению звуков «р» в словах «пролетариат» и «террор». Рядом со мной прошли двое солдат, находящихся в состоянии алкогольного опьянения; за их спинами покачивались винтовки со штыком. Один из них задержал на мне пристальный взгляд, притормозил шаг и хотел заговорить, но его товарищ тянул его за одежду, и они продолжили путь дальше.'",10
20,20,"'В этот период дверь открылась, и Вощев заметил ночью работающего косаря с чайником для группы рабочих: вода закипала на плите, которую растопили во дворе общежития; время отдыха закончилось, настало время завтракать перед началом трудового дня. Деревянные сельские часы висели на стене и исправно работали благодаря силе тяжести маятника; механизм часов украшал рисунок цветка, предназначенный успокаивать любого человека, пристально глядящего на них. Рабочие расположились вдоль длинного стола, косарь исполнявший обязанности повара в общежитии разрезал хлеб и раздал каждому по кусочку, дополнительно дав каждому небольшой кусок вчерашнего холодного мяса. Рабочие приступили к еде серьезно, воспринимая поступающую пищу как необходимое действие — не испытывая удовольствия от приема пищи; хотя осознавали суть жизни, что является условием абсолютного счастья, их лица выглядели мрачными и истощёнными. Вместо удовлетворения жизнью они испытывали утомление. Вощев смотрел на этих печальных людей, способных сдержанно помнить об истине: он испытывал слабую надежду и страх потери; уже чувствовал удовлетворение даже тем фактом, что правда существует в сознании ближайшего к нему человека — недавно говорившего с ним. Это означает, что достаточно находиться рядом с таким человеком, чтобы обрести выносливость и работоспособность.'",12.0
21,21,"'Машинист-наставник внимательно наблюдал, как Захар Павлович аккуратно чистил топки локомотивов — удостаивая металл отцовской заботы и доводя поверхности до идеальной чистоты. Однако наставник никогда не выносил ему хвалу за эти усилия: он понимал, что работа машин определяется больше собственными свойствами материалов и законами физики, нежели знаниями и мастерством человека. Практически любое действие человека в этом процессе минимально значимо. Природные ресурсы, энергия и материалы позволяют людям достигать успеха — даже без значительных усилий. Как неумелый рабочий может зажечь огонь в топке и заставить двигатель самостоятельно работать, так и наставник считал Захара Павловича бесполезным лишь потому, что последний использовал инструменты осторожно, не проявлял грубости или небрежности. В случае дальнейшего упрощения эксплуатации техники люди потеряют ценность — подобно коррозии металлов — и станут бесполезными. Машинам же предстоит заменить людей, и тогда они смогут получить свободу в работе. Тем не менее наставник критиковал Захара Павловича реже остальных машинистов, поскольку последний использовал инструменты осторожно, не проявлял грубости и небрежности во время работы на локомотиве.'",5.0
22,22,"'Городок Федор-Кузьмичск — это кусочек земли, захваченный семью холмами и обширными полями, окружённый тайной природой. Северные дали позабавны густыми лесами, где валежник как бы мешает проходу, а ветки деревьев — играют с одеждой путника, цепляясь за головные уборы. Некоторые старожилы рассказывают о существе по имени кысь: он сидит на вершинах деревьев, издавая странные звуки — кы-ысь! — но невозможно его встретить. Когда человек вступает в эти леса, кысь внезапно нападёт оттуда же, разбив позвоночник и разрывая кровеносный сосуд, подобно язве, оставляющей человека без рассудка. Возвращаясь домой, раненый уже не может быть прежним — его взгляд устремляется в бесмысленные мгновения, движения — беспорядочные кванты. Родственники подшучивают над этим зрелищем: иногда они ставят перед больным пустую тарелку и держат ложку — игра слов, лишь для забавы. Человека не могут заставить ни есть, ни ухаживать за собой, его приходится подкармливать в специальном помещении или же его просто умирает от запора мочевого пузыря.'",10
23,23,"'Вы мне симпатичны, Александра Эрнестовна, особенно на одной из ваших фотографий, где выглядите так привлекательно: контур лица — образец совершенства. На другой — вы отклоняете голову назад и улыбаетесь со сладкими зубами на виду. А еще одна — вы погружены в состояние раздраженности, рука ваших на затылке так рассеивает кружевные украшения с вашего локтя. Меня привлекает ваша обыденная жизнь, прошедшая незамеченной: те годы юности, поклонники и бывшие супруги, кто-то один за другим последовательно приходили к вам, а затем исчезали из вашей жизни. Я буду посещать вас регулярно и привозить молоко и морковь — полезное угощение для улучшения зрения. Не сомневайтесь: я буду открыть старые, долго хранившиеся альбомы из темно-коричневого бархата, чтобы снова вспомнить о милых девушках-гимназистках и мужчинах средних лет со своими улыбками. А вы же, Александра Эрнестовна, — находитесь здесь и не беспокойтесь, я вас найду! Нет проблем: человек с фотографии не может вас видеть, зачем тревожиться? Александра Эрнестовна?! Так что уже давно принятое решение. Необходимо было его принять раньше. Но ведь вы приняли решение давно — оно здесь и можно увидеть. Возьмите фотографию Ивана Николаевича: плоская, прохладная, слегка блестящая, с золотистым光泽ом на обложке, покрытой тонким слоем пожелтившей бумаги. Слушайте меня внимательно: она приняла решение ехать, теперь точно собирается отправиться туда, прекратив колебаться окончательно. Поднимите фотографию и дотроньтесь: здесь он — прямо перед вами, но не виден! Однако его изображение всегда будет рядом.'",5
24,24,"'Он упал лицом в превращённую в пыль траву под щекой, вздохнув от раздражения, что оказался неудачливым. Глухо лежал на земле, надеясь, что опасность сама собой исчезнет, хотя осознавал необходимость неудачи. Температура росла, стало жарко и влажно — пот струился в глазах, и лишь после этого Рэдрик с громовым криком прокричал Арчибальду: «Не двигайся! Терпи!» Сам же он терпеливо ожидал дальнейшего развития событий. Возможно, ситуация разрешилась бы относительно удачно без существенных последствий, однако первым сдался Арчибальд. Вероятно, либо не услышал предупреждения Рэдрика, либо настолько испугался, что забыл правила поведения и инструкции, либо внезапно ощутил такую боль, нежели Рэдрик. В результате он потерял способность контролировать себя и необдуманно бросился вперёд, пригнувшись и издавая нечленораздельный звук, движимый примитивным инстинктом самосохранения — назад, хотя именно там находиться было крайне опасно. Рэдрику удалось быстро подняться и схватить его за ногу двумя руками, вследствие чего Арчибальд всей массой тела ударился о поверхность земли, подняв облако золы, вскрикнул странным высоким голосом и резко ткнулся Рэдрика другой ногой прямо в лицо, начал беспорядочное извивание и брыканье. Несмотря на мучительную боль, Рэдрик накрыл его своим телом, прижавшись обожжённым лицом к кожаному материалу одежды, пытаясь физически подавить сопротивление противника. Он хаотично бил руками и коленями по земле, телу и конечностям Арчибальда. Нечётко различая звуки дыхания и слабого стенания снизу, Рэдрик бессвязно произнёс сквозь сдавленное дыхание: «Тихо лежать, негодяй, иначе убью...», ощущая сверху давление множества горячих углей, воспламенавших одежду, треск кожи на поверхности конечностей и туловища, пузырящейся и разрывающейся от жара. Уложив своё лицо в серую золу, судорожно придавливая грудь к голове другого человека, он больше не мог сдерживать эмоции и издал громкий протяжный крик.'",95
25,25,"'Хотел бы я узнать касательно всего происходящего. Десять лет назад я был на сто процентов уверен в результате. Должна была существовать непроходимая граница – пятидесятикилометровая полоса, где находились исключительно учёные и военные. Опасная область на поверхности моей планеты должна была быть надежно заблокирована. Казалось, большинство разделяло мою точку зрения. Звучали выступления и выдвигались законопроекты, чтобы защитить людей от этой опасной зоны. Теперь уже невозможно вспомнить, каким способом прежняя твёрдая уверенность неожиданно исчезла. По сути, одна позиция верна, но и другая также справедлива. Вероятно, процесс начался, когда сталкеры впервые принесли из опасной зоны необычные предметы – батареи. Выяснилось, что данная территория представляла собой не угрозу, а кладезь ценных ресурсов. Сейчас уже никто точно не осознаёт природы этой области. Люди используют ресурсы постепенно. Уже десять лет продолжаются исследования, потрачено огромное количество денег, однако эффективная система добычи пока не создана. Каждый человек ведёт собственную небольшую коммерческую деятельность, а учёные авторитетно заявляют: учитывая определённые аспекты, следует принять одну позицию, одновременно признавая обоснованность противоположной точки зрения. Это всего лишь выдумка – после воздействия рентгеновского излучения под заданным углом объект испускает квазитепловые электроны. Всё равно я не смогу дожить до завершения этой ситуации.'",3.0
26,26,"'С самого начала дня возникли проблемы: интернет прекратил свою работу. Сонный Матвей сел в компьютерное кресло и ткнул клавиши клавиатуры почти случайно, обнаружив неприятную новость — соединение отсутствует. Позвонив своему поставщику услугам, он получил следующий ответ: \n\n— Произошла авария на магистральной линии связи. Вероятно, неполадка будет устранена примерно за двадцать четыре часа. \n\nМатвей внимательно рассматривал изображение на экране своего компьютера, стараясь осознать серьезность ситуации. Это был большой удар! В течение двадцати четырех часов доступ к интернету невозможен. Это ужасно! Впереди оставалось много свободного времени до начала занятий в школе — около четырёх часов. За это время он мог бы поиграть онлайн с друзьями в какую-либо игру или провести время на своем любимом игровом сервере Minecraft. Разумеется, мобильный телефон также имеет выход в сеть, однако качество такого подключения недостаточно хорошее. Для полноценного игрового процесса необходимы высокая четкость графики и качественный звук, вызывающие реакцию соседей.'",5.0
27,27,"'Открыв дверь кабинета, Лена замерла, наблюдая студентку Марину в рабочем халате. Ноги ее обмякли. Она снова ошиблась: она считала себя пятницей, хотя все полагали, что сегодня среда. Из-за этой опечатки Лена лишила себя работы на текущий день и заработка. В салоне уборкой занималась Марина, а Лена выполняла эту задачу только во вторник и пятницу. – Леночка, почему ты пришла сюда? Сегодня же не твоя смена, — пожилая парикмахерша, договорившаяся о трудоустройстве подростка вне официального оформления, спросила на ходу. \n\n– Я сегодня устраиваюсь! Именно я! — закричала Лена дрожащим голосом, ощущая потеря контроля над собой. Ее раздражал постоянный хаос и невозможность разобраться в ситуации. На нее накатывало чувство, что она погружается в бессмысленный мир, где всё по-иному проходит. Но когда же это прекратится? \n\n– Леночка, твоя смена идет только пятницей, сегодня ты совершила ошибку в деньгах недели, — спокойно подтвердила парикмахерша.\n\n– Пожалуйста, скажите правду, пансионка Мила! Сегодня же не пятница?! Почему никто не признает очевидное? – попросила девочка. – Вы потерялись и считаете сегодня средой.\n\nДве посетительницы смотрели на происходящее внимательно. Парикмахерша взяла Лену за локоть и отвела в служебное помещение для избегания любопытства окружающих. Внутри она дала девочке стакан воды и посадила на старый диван.\n\n– Устала ты сильно, — задумчиво вещала женщина, поглаживая Лену по волосам и говоря о её изнурительной работе. — Редко встретишь ребенка, которая работает больше многих взрослых людей. Тебе нужно отдохнуть, провести время с друзьями.\n\n– Я не ребенок, — возразила Лена, отстраняясь от прикосновения женщины и ее слов. – Мне уже тринадцать лет.\n\n– Тринадцать, двенадцать... какая разница? Тебе нужно отдыхать и развлекаться, а ты одна заботишься обо всех братьях.\n\n– Мне не нужны игрушки! Без дела проводить время — это глупость. День такой короткий, столько всего нужно успеть сделать.\n\n– Бедняжка, — вздохнула женщина. – Я собрала одежду для твоих братьев. Удивительно хорошая одежда, мой внук аккуратно её носит.\n\n– Не нужно, — отказалась Лена, вставая.\n\n– Но мальчики быстро растут, одежда быстро становится мала!",8.0
28,28,"'Артём медленно встал с места около костра, перекручивая оружие со спины на грудь и направился в темноту. Остановившись возле границы освещённой зоны, он прокричал через автомат: ""Стойте! Назовите пароль!"" Из темноты слышались быстрые и частые шаги нескольких минут назад — необычные звуки и приглушённые голоса. Кто-то убегал глубже в туннель, испуганный резким голосом Артёма и звуками его оружия. Артём вернулся к костру и сказал Петру Андреевичу: ""Нет, мне действительно не показалось. Человек не назвал себя и убежал."" ""Ты глупец! Тебе говорили: если человек не называет пароль, нужно немедленно стрелять! Откуда тебе известно, кем был этот человек? Возможно, это были враждебные люди, приближающиеся скрытно!"" ""Нет... Мне кажется, это вовсе не люди... Шумы были очень необычными и шаги звучали совсем иначе. Разве я не способен отличить человеческие шаги? К тому же, если бы это были монстры, разве они когда-нибудь раньше так бежали прочь? Ведь вы сами прекрасно осведомлены, Пётр Андреевич, что в последнее время монстры сразу атакуют открыто — некоторые нападения совершались безоружными, другие шли прямо к пулемёту, не скрываясь. Но этот неизвестный сразу сбежал... Похоже, он боялся."", ""Хватит говорить, Артём! Очень уж ты мудрый стал! Твоя задача действовать согласно инструкции, а не рассуждать. Это мог быть разведчик противника. Он увидел, что нас немного, и теперь возможно организует нападение большими силами... Вероятно, скоро мы будем убиты противником, подобно случаю на станции Полежаевская, а всё лишь потому, что ты своевременно не уничтожил нарушителя..."" Артём ощутил беспокойство, мысленно представляя себе пространство туннеля после отметки семи сот метров. Даже подумать о посещении этого участка было страшно. Никто ранее не решался заходить дальше седьмой сотни метров на север. Патруль регулярно проезжал до пятисотической отметки, проверял границу фонариком и убедившись, что никаких угроз не обнаружено, быстро возвращался. Разведывательные группы состояли из крепких мужчин, бывших морских пехотинцев, также ограничивались шестьюстами восемьюдесятью метрами. Они скрывали светящиеся сигареты в руках и напряжённо наблюдали сквозь приборы ночного видения. Затем осторожно и бесшумно отходили обратно, внимательно следя за туннелём и никогда не поворачиваясь к нему спиной.'",1.5
29,29,"'Медленно медленно двигались миллионы машин на Третьем транспортном кольце, дневной свет освещал включенные фары, пыль от колёс поднималась в воздухе. Люди выходили из подземного перехода, и город выглядел полным жизнью. Илья испытывал желание прикоснуться ко всему: провести рукой по дверям, стеклам, обоям. Семь лет он мечтал о соприкосновении с Москвой и чувствовал себя частью этого живого города. — Мне нужно добраться до Лобни. — Сильно изменился внешний вид электричек: раньше были грязные зелёные вагоны, нарисованные стены и шелуха подсолнуха, теперь белоснежные с жёлтыми полосами, удобные кресла для каждого пассажира. Люди вели себя аккуратнее: нет запаха потраченного пива, а вместо него — приятный аромат новых поездов. Зрелище ледового представления Навки потрясало: танцы, мощные выступления, яркие световые спецэффекты. — Тебе понравилось бы сходить со мной на это представление? — спросила женщина. — Возможно, и пошла бы. Она сама вышла замуж за помощника президента Путина, но он красивый, внушительный. А я предпочитаю Сергея Лаврова: он гораздо решительнее мужчины с усами. Илья прислушивался к разговорам и не мог разобраться в нём. Электричка задерживалась, его будоражила жажда еды. — Покупать чебуреки возле вокзала я отказался: стоимость продуктов была завышена относительно предоставленной суммы для транспортных расходов. Но он всё равно ужалил в детстве хлебную корочку, добавил сметаны сверху и попробовал вкусные домашние щи матери.'",10
30,30,"'Кот прыгнул со стула и побежал следом за ним. Алексей Кириллович расположился в кресле с листами бумаги, приподняв перед собой стопку печатных страниц. Он начал пролистывать их: — Да... вот оно... верно... точно! Определим операцию умножения согласно таблице номер три... нейтральный элемент относительно... относительно... но, дорогой друг, это абсолютно совпадает с работой Юрковского. Безусловно, поскольку поле упорядоченно, множество базисов можно разделить на две части, зачем он вновь раскрывает общеизвестные сведения? Далее. Подобная матрица задаёт преобразование одного n-мерного векторного пространства в другое. Что дальше? Эта информация известна давно, это всего лишь утверждение о разложении матрицы! Шутник. Алексей Кириллович открыл ящик стола и взял ломтик хлеба с салфеткой, аккуратно отделяя небольшие кусочки, запивая их чаем: — Продолжим... так... итак... произведение матрицы на число распределительно относительно операции сложения чисел... понятно... дальше... уже знакомо... где именно рассматривается тема линейной комбинации?... так... обозначение Кронекера равно нулю тогда, когда совокупность квадратных матриц формирует алгебраическую систему относительно операций суммирования и умножения... но какое это имеет отношение к делу? Где представлены два тензорных пространства? Ведь они идентичны. Частички хлеба падали ему на ноги, крошились на полу. Кот устроился на диване, уложив голову между передних лап. — Как возможно классифицировать тензорные величины? Эти объекты принадлежат внешней структуре, глупец... следовательно... почему стоит анализировать билинейную конструкцию? Шутник! Необходимо выяснить характеристики левого тензорного поля, а не характеристику полиномиального выражения... сейчас посмотрим... так... теперь яснее... интересно! Это противоречит принципам евклидова пространства! Очень смешно! Удивительная вещь: полярная запись базовой полиномиальной функции именуется скалярным рассеиванием! Ха-ха-ха! Совершенно бессмысленно и никак не связано. '",1.23
31,31,"'Из группы выходит участник боя — крупный работник скотного двора с широким лицом. Он сбрасывает верхнюю одежду, надевает перчатки и вытирает нос. Мы ждали такого поворота событий, так что Погода Сиволай снимает свой черный кафтан, освобождается от шапки с меховой отделкой, расстегивает парчовое верхнее платье и слегка двигает мускулистой рукой, обернутой красной тканью. Он подмигивает мне и выходит вперёд. В кулачных боях Погода значительно превосходит противника по росту — небольшого, но со ширины плеч и крепким костяком. Даже получить удар от него легко. Зато ударить по лицу Покоя не простительно. Мы ожидаем таких поворотов событий в ближайшие минуты: черт знает, что там у Погоды надумалось, будь здоров! Идём по кругу вокруг площадки для боя. Общим делом все здесь равны — и крестьянин, и дворянин, и правительственный служащий. Кулачный бой становится самостоятельным действием в этом мире. Погода улыбается и подмигивает работнику скотного двора, напрягая мышцы рук: “Готов ли принять поражение?”, — спрашивает он, а тот не сдерживается и бросает первый удар тяжёлым кулаком. Погода одновременно подмигивает и делает резкий движением рук, нанося удар в живот рабочему. Тот вскрикнул, но терпит боль. Но у него ещё есть шанс: теперь Погода уже бьёт рабочего по лицу — хруст! хруст! Рёбра ломаются. Вновь избежало ударение от крупного сильного мужчины. Он тяжело дышит и замахивается кулаком, но Погода опережает его: левый удар в скулу, правый по грудной клетке — хруст! хруст! Напрасно: бах! бах! бах! Быстро работают руки Погоды. В этот раз лицо рабочего скотного двора уже и его глаза залиты кровью, один из них заплыл, нос течёт кровяной жидкостью. Жидкость летит, блестит в лучах зимнего солнца и падает на утрамбованный снег.'",5.0
32,32,"'Привет, Алёна, моя взрослая дочь. Я полагаю, что в жизни — это чувство любви, но почему же мне выпали такие испытания? Ведь я сильно ее любила! Теперь моя жизнь заканчивается, несмотря на то, что на первый взгляд выглядываю как женщина средних лет. Однажды незнакомый мужчина приняв меня за молодую девушку и спросил дорогу: «Девушка, извините, скажите пожалуйста, как пройти туда-то?» Мужчина был грязным, потными, вероятно имел золото и смотрел дружелюбно. Он говорил, что гостиницы уже заполнены. Мы с вами знакомы! Хотим бесплатно остановиться здесь за небольшим подарком — пол-килограммы гранатов. И еще попросят небольшие дополнительные услуги, например кипячение чая, стирку постельного белья и запирание двери, чтобы их не беспокоили просьбами. У меня все сразу ясно как у шахматистки: я поэтесса. Некоторым людям нравится термин «поэтесса», но поэтами зовут себя и другие авторы, похожие на меня по имени — одна Анна Андреевна, другая Анна, но отчество отличается — Андриановна. Во время редких выступлений прошу называть себя именно так: поэтесса Анны Андреевны. Дети внимательно слушают мои выступления. Мне известно отношение детей ко взрослым. Мой сын Тимофей сопровождает меня повсюду, сидит рядом со сценой и никогда не в зрительском зале. Иногда у него проявляется нервный тик. Я улыбаюсь и нежно поглаживаю голову Тима, произнося фразу из известного детского произведения: «Мы с Тамарой ходим парой». Однако некоторые глупые организаторы воспринимают это серьезно и предлагают: «Пусть Тамара посмотрит выступление из зала», не понимая, что это строка из стихов Агнии Барто.'",4.0
33,33,"'Это произошло давно, когда я родила двух детей подряд за два года: мой очередной неудачный выбор человека, молодой женщине двадцати девяти лет с короткой стрижкой и худыми формами. Я находилась в археологической экспедиции, где мы совершали множество безумных поступков. Началась наша история: вначале мы были незнакомы друг с другом — мальчики рассматривали ржавый осколок за камнем, а я, девушка-мальчик, удивилась их вопросу. Когда я взглянула на них, поняла, что это девочка и облегчённо вспыхнула. Так мы начали своё приковое существование, когда я работала поэтом после педагогического института и была уволена из газеты за роман с женатым мужчиной-художником, у которого было трое детей, которых мечталось воспитывать сама. Жена художника быстро пришла ко мне и сообщила главному редактору об этом, получив ранее обещанную трехкомнатную квартиру: они жили вместе с матерью её супруга, пока я предоставила место для работы своему любовнику, несмотря на недовольство матери. Затем я отправилась добровольцем в археологическую экспедицию и родила детей Андрей и Алёну: они теперь живут вместе с матерью в одной комнате, несмотря на её постоянные замечания о наших отношениях. Потом мой муж пережил болезненный бракоразводный процесс в городе Куйбышеве, где его жена приехала посмотреть меня — беременную девочку с подростком-сыном. Мы пожили некоторое время, осознавая реальность ситуации, пока он переживал этот процесс.'",4.0
34,34,"'Наступление продолжалось третий день, и его начало было неопределенным — каждый шаг казался искушенным судьбой. В течение всего дня впереди тянулась стрельба, наши колонны периодически останавливались, направляя разведывательные группы во все стороны. Мы испытывали особую радость, когда увидели пехотинцев, вышедших из леса, которых не видели уже несколько суток. Оказалось, что наши подразделения северного направления встретились с подразделениями южного направления, объединяясь в одно целое и двигаясь по отрогам и среди зарослей леса. Бесконечные колонны пехоты последовательно подходили друг за другом и вскоре исчезали в тени маленьких лесочков и холмистых склонов. Они свидетельствовали о завершении преследования врага, поскольку противник прекратил отступление и готовился к сражению. \n\nНаша разведывательная группа должна была выяснить маршрут одного из подразделений пехоты и обеспечить защиту его фланга. Во время выполнения задания мы столкнулись с кавалерийским патрулем, получившим аналогичное задание. У офицера-драгуна был разорван сапог — результат попадания вражеской копья днем ранее, однако он получил лишь незначительное ранение, тогда как погибло около восьми немецких солдат. Быстро определив местоположение противника после нескольких пробных маневров и последующего обстрела, мы спокойно двинулись дальше, размышляя о предстоящей еде: картофеле и чае.\n\nОднако, едва мы покинули лесной массив и дозорный взобрался на возвышение, прозвучал выстрел с противоположной стороны. Вернувшись обратно в лес, мы заметили полную тишину. Когда дозорный снова появился над гребнем, последовал еще один выстрел, и на этот раз пуля задела ухо лошади. Спешившись, мы расположились на краю леса и начали наблюдение. Постепенно с вершины соседнего холма появилась немецкая военная каска, затем фигура всадника, которую я смог подробно рассмотреть в бинокль благодаря характерному светлому цвету ее усов. Солдаты шепотом произносили: «Вот он, вот он». Однако офицер решил дождаться появления большего числа врагов, считая бессмысленным вести огонь по одиночному солдату. Мы держали цель на мушке, внимательно изучая ее в оптическом приборе и рассуждая о социальном статусе наблюдаемого человека.'",9
35,35,"'Одесса производит странное впечатление у приезжего с севера. Постепенно превратившись из иностранных здешних достопримечательностей, она теперь подверглась русскому влиянию благодаря чутким администраторам. Здесь большие кафе, где толпятся воспитанные коммивояжеры — словно старые парижские бульвары. По вечерам люди прогуливаются по улице Дерибасовская, атмосфера которой напоминает парижский Сен-Мишель. Привычный одесский диалект отличается особыми произношениями, неправильными формами падежных окончаний и необычными словами — как будто город сам выделяет в нем эту особую форму речи: детская вера в могущество ловкости и стремление добиться успеха любыми способами. Когда я печатал визитные карточки в местной типографии, заметил свежевышедший выпуск одесской вечерней газеты издаваемой именно здесь. Открыв газету, обнаружил стихотворение Сергея Городецкого, которое отличалось изменением единственной строки и было опубликовано анонимно. Управляющий типографией сообщил, что стих был предоставлен начинающим поэтом, выдавшим произведение за собственное творение.'",5
36,36,"'Я доверяю тем людям, которые представляют его другим, нежели я привыкла воспринимать, и вот причины такого доверия: прежде всего, я могла лишь видеть одну сторону его личности (лучшую), поскольку была посторонним человеком, скорее двадцатилетней женщиной иностранного происхождения; кроме того, обратившись к нему в 1911 году, я лично отметила значительное изменение в нём. Его внешность стала более мрачной и истощённой, сопровождавшаяся возрастными знаками старости. В десятом году он появлялся крайне редко – всего несколько раз; кроме того, не приходилось видеть его зимой, так как у него была постоянная тяга к письменным записям. В то же время его стихи я лично не слышала и не прочитывала, поскольку он их не обсуждал с мной. Постепенно я осознавала, что именно моя способность интуитивно понимать мысли людей, проникаться в сновидения окружающих и различение незначительных особенностей привлекли его внимание: близкие ко мне люди уже давно воспринимали такие способности как нечто обыденное. Он часто повторял фразу «Мы общаемся», а также использовал выражение «Только вы способны осуществить подобное». Скорее всего, мы оба тогда не сознавали одно важное обстоятельство: события, происходившие между нами, являлись подготовительным этапом наших жизненных путей. Его жизнь оказалась весьма короткой, в то время как моя продолжилась намного дольше. Искусство ещё не повлияло на наши судьбы до настоящего времени, оставляя период свежести и лёгкости до рассвета; однако будущее уже давало свои признаки: оно чувствовалось в тревожащих моментах сна, пугало образом ужасающего Парижа Бодлера, таящегося поблизости. Всё возвышенное в Амедео проявлялось едва заметно среди общего сумрачного фона его лица, похожего на изображение Антиноя: глаза ярко мерцали, он выглядел совершенно непохожим на всех остальных. Его голос оставался в моей памяти навсегда, а его нищество оставалось неясным, что, вероятнее всего, было связано с теми способностями, которые он умел проявлять как художник: он получил лишь минимальное общественное одобрение в качестве мастера. Верни только валидный JSON-объект с текстом на русском и процентом идиоматичности.'",7.0
37,37,"'Вид города сильно потряс меня, и я написала рассказ об этой встрече. Примерно тогда же появились «Три сирени» и «В гостях у смерти». Я ощущала в написании прозы одновременно загадочность и привлекательность. Поэтическое творчество я понимала изначально хорошо, однако совершенно не имела представления о написании прозы. Мой первый прозаический опыт был высоко оценён окружающими, хотя сама я этому не доверяла. Я пригласила Зощенко посмотреть работу. Он рекомендовал исключить некоторые части и одобрил остальное. Это вызвало моё удовлетворение. После ареста сына я уничтожила этот текст вместе с остальными материалами архива.'",8.0
38,38,"'Парень лишь так подумал, девушка моментально обернулась. Взгляд ее полый, глаза светятся радостью и улыбка распахнуты как двери: — Степан Петрович, смотришь на меня таким неуклюжим взглядом? За такой неземной честью требуются платные услуги. Подойди ближе. Давай поговорим немного. Парень испугался, но это было лишь на поверхности. Он держится уверенно, хотя девушка загадочна и сильна — но это всего лишь женщина. А парню неуютно выглядеть глупым перед девушкой. Поэтому отвечает: — Нет времени общаться. Мы уже проснулись слишком рано, теперь идём искать нужную траву. Девушка снова рассмеялась и сказала: — Перестань притворяться. Я серьезно говорю — подойди сюда, есть важное дело. Парень понял, что другого выхода нет. Подходит к девушке, а та жестом руки просит обойти руду с другой стороны. Обогнул камень и увидел множество ящериц — не меньше сотни! Некоторые зеленые, другие голубые с оттенком синевы, некоторые напоминают глину или песчинки с золотистыми пятнами. Есть прозрачные, словно стекло или слюдяные пластинки, есть тусклые, похожие на увядшую траву, а ещё такие, у которых красивый рисунок. Девушка продолжает смеяться: — Будь осторожнее, чтобы не раздавить моих маленьких помощников, Степан Петрович. Ты такой крупный и тяжелый, а они совсем маленькие. Затем хлопнула в ладони — ящерицы мгновенно разбежались, освободив проход. Парень подошёл ближе, остановился, а девушка вновь захлопала руками и произнесла всё еще смеясь: — Сейчас тебе негде сделать шаг. Уничтожишь моего помощника — неприятности будут.'",5
39,39,"'Не взяли его на заводскую работу — слишком он был слабым, сил его не хватило даже на неделю работы. Приказчик отправил его помощником пастуха. Но и здесь Данилко оказался неподходящим работником. Мальчишка был старательным, однако постоянно допускал ошибки. Часто задумывался над чем-то своим. Увидит какую-нибудь травинку и уставится взглядом, а коровы пасутся далеко. Старый пастух оказался добрым человеком, жалел сироту, но иногда сердился: — Что же получится из тебя, Данилко? Сам погубишь свою жизнь и заставишь меня отвечать за твои промахи. Как такое допустимо? О чём думаешь вообще? — Сам, дедушка, не понимаю… Просто смотрел немного. Видел маленькую букашку ползущую по листочку. Она сама синенькая, а снизу желтые пятнышки видны. Лист широкий, края острые, похожи на узор. Здесь лист кажется тёмным, а посредине ярко-зелёный, словно недавно покрасили… А букашка медленно движется. — Ты совсем глупый, Данилко? Разве тебе нужно изучать насекомых? Пусть ползёт дальше, а твоя обязанность следить за стадом. Предупреждаю, прекрати эти пустяки, иначе расскажу обо всём приказчику! Только одно занятие удалось Даниле — научиться играть на рожке лучше старого пастуха. Получалось почти профессионально. Вечером после возвращения стада девушка просила: — Давай сыграешь песню, Данила. Данилко начинал играть мелодию. Песни были необычные, звучали приятно, наподобие шума леса, журчания ручья или птичьего щебета. Женщины полюбили эти песни и стали помогать Даниле. Одни чинили одежду, другие отрезали ткань на портянки, третьи шили новые рубашки. За едой разговоры не возникало — каждая старалась угостить повкуснее и побольше. Пастух-старик также любил песни Данилы. Однако и тут случались неприятности: начнет он играть музыку, забыв обо всём вокруг, словно коровы исчезли. Именно во время игры произошла беда.'",10
40,40,"'В хату зашла крупная рыжеватая собака, с черной полосой вдоль спины, изгибавшейся наподобие оправы очков. Под глазами у неё находились чёрные полосы. Так её глаза выглядели крупными, словно задавала вопрос: «Почему ты зовёшь меня, хозяин?» Антипыч особым образом посмотрел на неё, и собака мгновенно уловила его намерения — она приглашалась исключительно ради дружеского общения, забавы и игры. Травка начала энергично махать хвостом, постепенно приседая до тех пор, пока не улеглась на спину перед стариком, выставив наружу белый живот с двенадцатью тёмными сосками. Когда Антипыч лишь слегка вытянул руку, чтобы почесать её, она внезапно встрепенулась, запрыгнула и принялась лизать его в разные части лица: в нос, щёки, губы. — Хватит, хватит, — произнёс он, усмиряя животное и стирая слюну рукавом. Затем он провёл ласковой рукой по её голове и добавил: — Достаточно, возвращайся обратно. Собака развернулась и ушла во двор. — Так-то вот, ребята, — проговорил Антипыч. — Это Травка, охотничья собака, ей достаточно единственного указания, чтобы понять суть дела, тогда как вы, неразумные, задаёте вопросы типа: «Где находится истина?» Хорошо, приезжайте сюда. Но если пропустите нужный момент, я расскажу обо всём Травке. Вскоре после смерти Антипыча началась Великая Отечественная война. Никто другой не занял должность сторожа, и жилище Антипыча оказалось заброшенным. Домик сильно износился, значительно превзойдя возраст своего владельца, и поддерживался специальными подпорками. Однажды ветер разрушил постройку, она тут же рассыпалась подобно карточному строению, которое легко рушится даже от слабого дуновения ребёнка. За один год высокие стебли растения Иван-чая пробились сквозь древесные элементы строения, оставив от дома небольшой земляной бугор, покрытый алыми цветками. Собака Травка переехала в картофельно-хранилище и приспособилась вести жизнь животного в лесных условиях.'",98
41,41,"'Человек, который ни разу не видел, как растёт клюква, может пройти огромное расстояние по болоту и не заметить, что он находится среди зарослей этой ягоды. Например, черника выглядит так: тонкий стебель поднимается вертикально вверх, на нем расположены небольшие зелёные листочки, напоминающие крылья, и с их концов вздутые чёрные ягоды покрыты серым пухом. Брусника отличается ярко-красными плодами и тёмно-зелеными листьями плотной структуры, сохраняющими цвет даже зимой; часто эти ягоды настолько многочисленны, что поверхность земли выглядит окрашенной красным цветом. Ещё один типичный обитатель болот — голубика с крупными синеватыми ягодами, растущими группами. Иногда в отдалённых районах встречается костяника — красновато-рубиновые плоды, расположенные гроздьями. Однако единственная ягода, которую сложно увидеть сразу, — это весенняя клюква. Она скрывается между комочками почвы и практически незаметна снаружи до тех пор, пока на небольшом участке не скопится значительное количество ягод. Тогда сверху видно нечто вроде случайно разбросанных красных точек. Когда человек наклоняется, чтобы сорвать одну ягоду, он обнаруживает, что она соединена тонкой нитью с целой группой аналогичных плодов. Можно аккуратно извлечь из почвы длинную цепочку крупных ярко-красных ягод.'",5.0
42,42,"""История была обыденной прогулкой по берегу Океан-Бей в Тайруа, но постепенно превратилась в интересное расследование. Жительницы Новой Зеландии Нейша Ринд с сыном десятилетнего Кеей гуляли на пляже как обычно. Однако при подходящий день океан предложил туристам необычную находку — ценную и более интересную, чем хорошая волна, среди множества обломков древесины и морских отходов, что были выброшены приливы на берег. Кея заметил странное твёрдое вещество, приметив его за покрытый водорослями камень или кирпич. Но после удачной очистки он оказался обычной бутылкой Jack Daniel's объемом один литр, наполненной аккуратно сложенным бумажным листом.""",40
43,43,"'После назначения Игоря Краснова председателем Верховного Суда Российской Федерации многие российские судьи прекратили свою деятельность из-за обвинений в коррупции и вынесенных неправомерных решений. Первый повод для увольнения стал делом с судьей Виктором Мамотовым, чья полномочия были отменены судом. Он был лишен 97 объектов стоимостью около девяти миллиардов рублей. Журналисты сообщают, что за шесть месяцев из-за подозрений в коррупции было уволено несколько десятков судей по всей стране. Даже ранее президент России Владимир Путин предложил Совету Федерации кандидатуру генерального прокурора Игоря Краснова на должность председателя Верховного суда. Александр Гуцан, являющийся полномочным представителем президента Российской Федерации в Северо-Западном федеральном округе, занял пост генпрокурора. После назначения Краснов отметил: «Прибывший на высшем судебном посту не должен способствовать совершению мошенничества — реакция на любые проявления коррупции будет жесткой и решительной, независимо от занимаемого им должностного положения». '",10
44,44,"'Ученые создали биопленку, похожую на легендарную мантию Артура Квирцблутца, но вместо застывшего металла в ней выращивают растительные ткани. Через месяц после использования она исчезает без следа. Многие пластиковые упаковки сегодня превращаются в свалочные монстры на полках мусорных полигонах или гибнут в океане, где их разложение затягивает сотни лет. Это серьезная проблема, которую пытаются решить создатели биопластика из природных материалов. Например, целлюлозы (основного компонента растительных тканей), хитозана (из раковин рыб) и лимонной кислоты (из цитрусовых). Эти ингредиенты впитываются в непрочных пластиковые слои, создавая защиту от воздуха и воды. Процесс не вызывает длительного ущерба для окружающей среды, а при правильных условиях может полностью разлагаться под воздействием микроорганизмов. Разработка находится на стадии лабораторной тестовой продукции — пока в неё добавляют пластификаторы, чтобы сделать её гибче и удобнее для упаковки.'",8.0
45,45,"'Эксперты заявляют, что кошки обладают удивительными чувствами. Они обретают восхитительное острое восприятие запахов, превосходящее человеческие нюансы в сорок раз, слышат ультразвуковые сигналы и имеют настолько редкое зрение, что они могут фиксировать мельчайшие изменения в окружающей обстановке. Это делает кошек неотразимыми наблюдателями, способными немедленно реагировать на любые отклонения в поведении хозяина — от тревожного голоса до слабого запаха или изменяющегося выражения лица. Найденные научные исследования подтвердили, что кошки способны различать человеческие эмоции благодаря их восприятию выражений лица, характера движений и интонаций речи.'",7.0
46,46,"'Эволюционные линии большей части современных штаммов данной бактерии разделились примерно пять тысяч лет назад, в период неолита, когда население становилось всё более оседлым и начало жить в условиях увеличенного взаимодействия между собой. Такое положение дел могло привести к расширению ареала распространения и увеличению разнообразия патогенных микроорганизмов, передаваемых преимущественно путём капельной инфекции и контакта. Стрептококк стрептококкус пирогенес был найден в останках людей, проживавших в Европе и Африке около четырёх тысяч лет назад. Один штамм, выявленный в останках древней мумии Боливии, мог обособиться ещё ранее, примерно десять тысяч лет назад — предполагают исследователи. Первоначально микроорганизм мог проникнуть в Южную Америку вместе с мигрантами из Сибири, которые порядка двадцати двух тысяч лет назад преодолели Берингов пролив и начали постепенное заселение сначала территории Северной Америки, а позже Южной. До изобретения современных антибактериальных препаратов скарлатина являлась одной из ведущих причин смерти детей и инвалидизации, нередко приводя к потере зрения и слуховых функций. До выяснения учёными бактериальной природы заболевания, его симптоматику часто ошибочно принимали за проявления натуральной оспы, коревой краснухи или дифтерии. Эти инфекционные болезни традиционно рассматривались как патологии, сопровождающие колонизацию новых территорий: они появлялись среди переселенцев из Европы, прибывающих в Америку, и оказывали губительное воздействие на местное население, иммунитет которого оказался неподготовленным к противостоянию указанным патогенам. Тем не менее современные учёные полагают, что данная точка зрения является чрезмерно упрощённой и возможно даже ошибочной. Есть вероятность, что не только пиогенные стрептококки, но также и многие другие микроорганизмы, вызывающие инфекционные заболевания, уже длительное время существовали в Америке, намного раньше прибытия туда первых европейцев. В пользу данного предположения свидетельствуют данные последних научных исследований посвящённых возбудителям такого заболевания, как сифилис, и возбудителю лепры.'",5.0
47,47,"'Инженеры из Ирбитского мотоциклетного завода получили задание создать мотоцикл, способный развивать скорость до 150 км/ч без коляски и при её наличии — до 120 км/ч. Несмотря на то что такие показатели для большинства советских мотоциклов середины XX века были очень высокими, работа над новинкой шла тайно и с крайне ограниченными ресурсами. Первые тестовые экземпляры появилась лишь к 1963 году. Внешний облик машины остался стилистически свой для «Урала», однако характеристики двигателя существенно выросли: объём увеличился до 1040 куб.см, а мощность поднялась до 50 лошадиных сил. Для улучшения аэродинамических качеств установили специальный защитный кожух. Однако достичь заявленной максимальной скорости в 150 км/ч не удалось — фактически максимум составил 130–132 км/ч. Тем не менее, достигнутый результат оказал сильное впечатление на окружающих и стал частью истории советского мотопрома. Ключевую роль сыграли только ограниченные тиражи — около 25 экземпляров, оснащённых колясками для Госавтоинспекции СССР. Однако выпуск эти машин стал проблематичным из-за дефицита производственных мощностей и нерегулярной поставки уникальных деталей. За счёт высокой стоимости разработки серийное производство было невозможно, поэтому использование этих мотоциклов вызывало значительные трудности: отсутствие запчастей и сложности в ремонте двигателей сделали эксплуатацию невозможной или крайне неудобной. Проект оказался экспериментальным и эксклюзивным, что было обусловлено его сложностью и высокими затратами.'",15
48,48,"'Технические характеристики и материалы модели Truckster обеспечивали его насыщенность звуком и высокий уровень стабильности строя. Корпус инструмента был изготовлен из красного дерева, кленового топа и вклеенного грифа из махагони, что способствовало мощному резонансу и продолжительному звучанию, высоко ценящимся музыкантами жанра рок. Конструктивное решение с вклеенным грифом и установленными активными звукоснимателями EMG делало инструмент надежным на сцене и позволяло получать чистый, мощный звук без посторонних шумов. Инструменты, подписанные Хэтфилдом, известны высоким качеством изготовления и надежностью комплектующих.'",8.0
49,49,"'Как выявить малозаметные недостатки дома? Помните: лучший момент для покупки вторичного жилья — это ранняя весна и начало лета, когда продавцы обычно скрывают проблемы с фундаментом. Эти незаметные дефекты могут превратить дом в гибельную трансформацию, требующую его полного сноса и замены. Именно такие факторы часто делают жилье на вторичном рынке невостребованным, как подчеркнул Максим Лазовский из фирмы «Дом Лазовского».\n\nНе забывайте о качестве скрытых работ: ошибки в утеплении, гидроизоляции и пароизоляции могут быть весьма распространенными. Особое внимание нужно уделять подвальным помещениям — там особенно легко обнаружить протечки, пятна воды или проблемы с влажностью. Проблемы на объектах индивидуального жилищного строительства (ИЖС) могут касаться разных аспектов: неподходящий грунт для фундамента, некорректные размеры свай или типов фундамента, проблемы с молью и т.д. Лучше проконсультироваться со специалистом: вместе вы сможете внимательно проверить детали.\n\nНе забывайте также ознакомиться с разрешением на строительство и видом использования земельного участка: возможны самовольные постройки или запреты на жилищное использование. Не забудьте учесть потенциальные изменения в окружающей среде, например, рядом предприятия промышленности, свалок или транспортных магистралей.\n\nПодробнее о всех этих аспектах вы можете узнать из генерального плана вашего населенного пункта. Для этого обратитесь к открытым источникам информации.'",1.0
50,50,"'Продуктом, несправедливо подвергшимся критике со стороны диетологов, является свёкла обыкновенная или мангольд — до сих пор она использовалась преимущественно для придания блюдам цвета. В настоящее время в Европе стали популярными диетические меню, которые включают различные блюда из свёклы и её листьев с полезными свойствами: высоким содержанием железа, витамина C и йода, приятным вкусом и отсутствием горечи. Всё это благодаря доктору-диетологу Светлане Бережной, которая указала на то, что свёкла содержит важное для снижения веса вещество — бетаин. Бетаин препятствует накоплению излишних жиров и способствует лучшему усвоению полноценного белка. Кроме того, в соке свёклы присутствуют ферменты, улучшающие водно-солевой баланс организма и имеющие лёгкое мочегонное действие — что особенно полезно людям малоподвижным и склонным к отекам. Для избавления от двух-трех килограммов достаточно нормализовать водно-солевой обмен, предотвращая скопление избыточной жидкости в тканях. Свёкла также богата клетчаткой и веществами, активизирующими деятельность кишечника и желчного пузыря — она даже оказывает слабительное воздействие. Однако употребление одной отваренной и измельчённой свёклы не обязательно должно вызывать тоску: из неё легко приготовить большое количество недорогих, вкусных и аппетитных блюд. На сто граммов свёклы приходится всего сорок калорий — это отличный вариант для проведения разгрузочного дня. Её можно сочетать со селёдкой и зеленью, но хуже всего её сочетать с острыми и копчёными продуктами.'",6.0
51,51,"'Росреестр Санкт-Петербурга представил отчет за первый квартал 2026 года. Начальный этап года стал особенно динамичным для рынка недвижимости: количество ипотечных кредитов и договоров долевого участия выросло, однако на вторичном рынке практически не происходило сделок. В этом секторе активно развивался ипотека — в период января-марта 2026 года зарегистрировано 28 346 ипотечных соглашений, что на 14% больше, чем в аналогичный период предыдущего года (24 943 договора). Это свидетельствовало о том, что покупатели продолжали приобретать жилье, несмотря на высокие процентные ставки и ограниченный спрос. На первичном рынке также наблюдался рост: в январе-марте 2026 года заключено 10 299 договоров долевого строительства — это почти 10% от аналогичного периода прошлого года (9366 сделок). Стоит отметить, что общее количество купли-продаж в жилых объектах не изменилось заметно: лишь на 257 единиц выросло число зарегистрированных прав собственности — с 21 890 за первый квартал 2026 года до 21 633 годом ранее. Важно отметить, что в январе текущего года количество договоров долевого участия увеличилось почти на полтора раза: в этом месяце было заключено 4262 соглашение (рост на 57 от аналогичного периода прошлого года), а за первые два месяца 2026 года — уже 8601 ипотечный договор, что на 1939 больше по сравнению с аналогичным периодом прошлого года (6664 сделки).'",75
52,52,"'Таким образом, одновременно с урезанием государством льготной ипотеки, способствовавшей быстрому развитию индивидуального жилищного строительства, многие компании, которые ранее работали на нескольких объектах, столкнулись с финансовыми трудностями и прекратили свои операции. Генеральный директор компании «Загородная недвижимость Урала» Александр Свитеньков сообщил, что из более чем тысячи предприятий, действовавших ранее в сфере ИЖС Екатеринбурга, только 40 сохранили свою деятельность и получили доступ к проектному финансированию. В настоящее время средства банковских кредитов (около 50—100 миллионов рублей) недостаточны для удовлетворения прежних объемов строительства.'",92
53,53,"'Угроза квантовых технологий разделила сообщество пользователей биткоина на две отряды: сторонники добровольного перехода на защищённые механизмы и те, кто предложил принудительное ограничение обращения наиболее уязвимых активов. Социум биткоинцев сталкивался с серьёзным идеологическим вызовом последних лет — вопрос безопасности сети от потенциальных угроз квантовых компьютеров привёл к разногласиям среди разработчиков. Один из руководителей Blockstream, Адам Бэк, обратился с предложением перейти на новые защищённые механизмы безопасности, а другой представитель сообщества, Джеймсон Лопп, основатель проекта Casa, выступил с инициативой ограничить обращение миллионов биткоинов, включая активы Сатоши Накамото. Внутренний спор, ранее рассматривающийся как теоретический вопрос, теперь приобрёл критическую важность после публикации результатов исследований специалистами компании Google в марте текущего года — отчёты объёмом свыше 50 страниц предлагали новые методики и подходы для снижения затрат на вскрытие криптографических схем. По данным учёных, высокопроизводительные компьютеры, способные реализовать подобные атаки, появятся раньше прогнозируемых сроков — не к середине 2030-х годов, а уже ближе к концу текущего десятилетия. В отчётах говорилось о потенциальной опасности для миллиона единиц цифровой валюты старого образца, принадлежащих различным участникам рынка, включая предполагаемые накопления основателя биткоина Сатоши Накамото. По расчётам исследователей Google, общая сумма таких активов составляет около 2,3 миллиона биткоинов — эквивалентна примерно 170 миллиардам долларов США по состоянию на апрель 2023 года. Атака с использованием квантового компьютера против блокчейна подразумевает возможность восстановления закрытого ключа пользователя по открытому. Ключевая задача подобного взлома теперь представляется крайне сложной и практически невыполнимой с точки зрения современных вычислительных мощностей, однако квантовые алгоритмы позволяют её решить гораздо быстрее и проще.'",95
54,54,"'Семь известных сталинских вершик в Москве привлекают взгляды жителей столицы, туристов с красной кнопки и иностранцев со всего света. Во время экскурсий по русской столице, воссозданной на семи холмах, рассказывают о строителях и архитекторах, о сотрудниках органов госбезопасности, особенностях оформления садов и фонтанов, а также об одной из причин, почему рекомендуется подойти к главному зданию МГУ со счетчиком Гейгера. Согласно словам руководителя туристической компании «Незабываемая Москва», такие экскурсии чаще заказываются россиянами, реже иностранцами. В самих высотках проводятся лишь отдельные организованные посещения, поскольку некоторые здания имеют особый режим посещений и пропускную систему.'",7.0
55,55,"'На круглом столе на тему «Кадры для роботизации: как подготовить инженеров будущего» председатель партии «Новые люди» Алексей Нечаев сразу приступил к обсуждению конкретных вопросов и начал с вопроса разработки системы распознавания лиц. Он отметил, что несмотря на известную поговорку «Будь осторожен, как говорят, лучше подкован в многом», существуют вещи, которым ещё предстоит научиться. Затем он сообщил, что участники мероприятия обладают знаниями о роботизации, включая особенности влияния роботизации на язык современной России. По мнению докладчика, комментарии к его выступлению были излишними, поскольку тема была ясной и понятной. Когда говорят о роботизации, обсуждение наличия или отсутствия альтернатив зачастую отсутствует. Это связано с тем, что раньше использовался дешёвый человеческий труд, стоивший около 20 тысяч рублей в месяц. Сейчас такого уровня оплаты труда больше не существует, следовательно, работники смогут получать большую заработную плату. Следовательно, нужно принять решение о том, что оплата труда работников в размере 20 тысяч рублей сейчас отсутствует, поскольку человеческое достоинство нельзя оценивать деньгами. После чего Нечаев привёл пример своей компании «Фаберлик»: за последние десять лет благодаря постепенной автоматизации и роботизации производственный процесс стал эффективнее почти в двадцать раз. Зарплата сотрудников, занятых в процессе работы, увеличилась примерно в три раза. Однако докладчик подчеркнул, что речь шла только о работниках, продолжавших свою деятельность после внедрения автоматизации. Обсудив эти данные, он заметил, что значительный рост производительности труда сопровождался лишь трёхкратным увеличением заработной платы.'",5.0
56,56,"'Адриан Лахдо — футбольный мальчишка-самоубежденный тягач с шведскими корнями, носивший обязанности центрального защитника. Уже в юном возрасте он стабильно выступал за команды Свазии по разным возрастам: он был лидером сборной молодёжи и сейчас играет ключевую роль в составе сборной национальных игроков. Всего-то 18 лет, но опыт его выступлений за профессиональный клуб Хаммарбю уже ненамного. За прошлый сезон он провёл несколько матчей как для основного состава командла, так и для второй команд, играющей в втором дивизионе. По мнению специалистов, показатели такого рода не дают приценивать внимание на уровне чемпионата высокого уровня. Однако Лахдо всё же перешёл в один из ведущих европейских клубов — с «Комо» за 12 миллионов евро! Это было как минимум почувствовать удивление, несмотря на то что для скаута итальянского клуба это была как минимум вторая большая сумма за молодого игрока. Такие условия — как в устойчивой паре «один миллион евро» — означают только одно: специалисты из «Комо» видели определённые достоинства в этом мальчишке иначе, не заплатили бы такого гигантского суммирования. Они заметили в нём хорошие возможности для будущего профессионального роста — это было как минимум убедить их в том, что игрок обладает определёнными талантами и способностями, которых не так много на чужой территории. И всё равно он по-прежнему выигрывает, и несмотря на то что клуб «Хаммарбю» пока не предоставил полного рода игры, в котором можно было бы проявить свои таланты. Видимо, Лахдо решил ухватиться за сию возможность и постепенно развивать свой потенциал — ведь именно так часто делают молодые игроки-спортсмены, чьи родные клубы выступают на нижних эшелонах чемпионатов.'",10
57,57,"'В компании DFC Intelligence была проведена исследовательская работа по рынку игровых консолей, результаты которой были опубликованы в издании VentureBeat. По данным специалистов, новая Nintendo Switch 2 может установить новые рекорды на рынке аналитиков предполагают, что в течение следующих двух лет именно эта консоль станет самой желанным гаджетом среди потребителей. Позитивные прогнозы были подкреплены двумя ключевыми факторами: растущий интерес пользователей к персональным компьютерам и выход эксклюзивных игровых шедевров, которые будут удовлетворять их запросам.'",8.0
58,58,"'Компания «Балтийская коммерция» купила участок площадью приблизительно 5,5 тыс. м² на Новгородской ул., 14 в весеннюю пору 2024 года. До этого здесь находился бизнес-центр класса С и рядом был построенный жилой комплекс «Форсайт», также владеемый данной компанией. Весьма вероятно, что на этой территории предстояло сменить фокус внимания: от предельно функционального пространства до более элитной розыгрышной сферы. Компания уже проявляла к нежданному перепланированию и реконструкции, включая разумеемые проекты, такие как благовременность заботу над старым лицеем на пр. Представителя Римского-Корсакова и тщательная работа по созданию высокотехнологического жилого квартала у станции метро «Чкаловская». Наделённая особой важностью зону Песков неоднократно подвергались попыткам преобразования в статус престижности, однако после 2010 года здесь начали появляться не только премиум-класса, но и бизнес-категории. Уроженцы района с уважением оценивали спокойствие пригородной зоны и отсутствию шума туристической активности. Экономисты отметили, что зона ещё содержит промышленные зоны, полученные городу от предыдущей промзоны. Активный жилищный рынок Санкт-Петербурга продолжает развиваться с начала 2024 года: здесь стали доступными два новых жилых комплекса общей вместимостью 448 квартир — элитный «Моисеенко 10» и объект бизнес-класса N8. Кроме того, реализуются ряд других проектов вроде ЖК ПСК и реконструкции Мытного двора. Свободных земельных участков для нового строительства в центре практически не осталось, тогда как спрос на элитное жильё остаётся высоким. Аналитики сопоставляют активный котинг на рынке свободных участков в районе Пл. Возрождения и Черняховского. Основной потенциал для расширения центра находится между Синопской набережной и Новгородской улицей: здесь компания «ТГК-1» планирует реализовать крупный проект редевелопмента Центрального теплового энергетического комплекса. Проект предполагает создание общественного пространства, связанного с городской застройкой и набережной. Уже одобрено первое звено по строительству — включает зону отдыха и заведения общественного питания.'",3.0
59,59,"'Среди трех главных команд, претендующих на золотые награды, специалисты выделяют сборную Швейцарии. Это командное явление несет в себе длительный потенциал: ранее она уже достигла финального рубежа двух последних турниров. Возможно, преимущества игры на домашнем льду позволят ей достичь цели. На турнире выступят практически все известные хоккеисты Швейцарии, включая Романа Йоси — одного из главных форвардов сборной.'",10
60,60,"'Бычья акула — известный своего зверского аппетита враг, однако даже при наличии подходящих условий она не плывёт по Черному морю. Помимо неё, и длиннокрылые, и серые акулы также опасны, но впрочем, они предпочитают теплее воды и более питательные ткани. Вода Черного моря обладает низкой температурой особенно зимой и не привлекает хищников. Даже те из них, которые обычно охотятся на мелких жертв, к сожалению, не могут существовать в таком море, где рыбы слишком мало. Кроме того, морские воды крайне низкой солёностью: даже для акул это невыгодно, поскольку они предпочитают воду с высокой концентрацией соли. А вот сероводород — химический компонент в 90% глубин Черного моря не привлекает к себе этих существ из-за его отрицательного воздействия на них. Кроме того, местность Чёрного моря деградирует и ухудшается экологическая система: высокие темпы загрязнения делают условия жизни для акул невыгодными. Однако несмотря на это, даже самые разумные из хищниц — бычья и длиннокрыла — предпочитают пролив Босфора, где движется большое количество кораблей и меньше подвергаются угрозе.'",7.0
61,61,"'В ноябре 1916 года строительство Великого Северного пути включили в программу государственного железнодорожного строительства. Буквально через год произошли значительные события, оказавшие влияние на дальнейшие исторические процессы. За сто лет предпринимались пять попыток реализации проекта — всего их было столько же, сколько человек в тесной улье. Попытки эти были как бы накручены судьбою, словно сложенные зернышки: первая попытка начала 1920-х годов была нацелена на привлечение иностранного капитала из-за недостатка финансовых ресурсов. Эксперты предложили приостановить работы для проведения аналитической оценки ситуации, поскольку экономическое положение страны было крайне тяжёлым. Принималось решение: переложить на плечи собственных сил и приступить к изучению восточных участков будущей магистрали — именно тогда началась строительство Байкало-Амурской железнодорожной магистрали. Рабочие столкнулись с чрезвычайно сложными условиями ведения работ в труднопроходимых лесных массивах — они были вынуждены демонтировать уже построенные пути и использовать их для обороны на Волге под Сталинградом. После 1941 года остались только запасы: Трансполярная железная дорога от Салехарда до Игарки, построенная в 1950-е годы, оказалась невозможной вследствие неблагоприятных природных условий и недостаточного технического развития. В результате проект был закрыт. Правда, в 1970-е годы Байкало-Амурская магистраль была официально названа важнейшей стройкой десятилетия: восточная часть трассы действительно была успешно построена, демонстриющее инженерный талант и трудолюбие советских специалистов, тогда как западная же часть Великого Северного пути осталась нереализованной. А вот сегодня, к концу 2025 года, специалисты представили отчет о дальнейших перспективах строительства магистрали: стоимость проекта составляет около 50 триллионов рублей. В современных экономических условиях реализация проекта признана несвоевременной.'",2.0
62,62,"'В Москве представлена новая модель кражи сбережений через банкомат — рассказала об этом Мария Беликова, потерпевшая, агентству «Общественная служба новостей». Женщина посетила офис Сбербанка и использовала бесконтактную карту Visa Gold для пополнения своего мобильного счета. В соответствии с стандартной процедурой, банкомат запросил PIN-код, после введения которого произошло автоматическое списание 5000 рублей на счет неизвестного абонента «Билайн». Ввод номера телефона и подтверждение операции были пропущены. Об этом Мария узнала через СМС-сообщение. После сообщения о произошедшем в банке она получила информацию, что снятие средств было осуществлено посредством функционала Сбербанк Онлайн через банкомат. Все карты женщины были немедленно заблокированы, выпущена новая карта взамен старой. Жительница незамедлительно обратилась в горячую линию компании «Билайн», где выяснилось, что деньги с указанного счета исчезли мгновенно, и возврат средств отменять не гарантируется. Мария заявила, что вина лежит на Сбербанке и использованном банкомате с функцией бесконтактной оплаты. По её мнению, злоумышленник заранее заполнил необходимые поля для операции — сумму и номер телефона жертвы, однако завершил процедуру неполностью. Затем банковское оборудование продолжило находиться в активном состоянии, после чего женщина приложила свою карту и ввела PIN-код, допустив списание собственных денег. Женщина убеждена, что был попыткой проникновения в систему банкомата Сбербанка — из-за ошибки оборудования. Несмотря на скептические взгляды, Мария подала жалобу в Сбербанк, и сотрудники оперативно вернули похищенные средства. Однако полиция не возбудила уголовное дело, сославшись на отсутствие признаков преступного деяния — владелец карты самостоятельно вводит PIN-код. Сотрудники банка заявили, что случай произошел вследствие технической уязвимости устройства, однако это отрицают официально. В ответе на вопрос Марии о предпринятых мерах для предотвращения подобных инцидентов сотрудники рекомендовали нажать кнопку «Отмена» перед началом операций с банкоматом. При этом пресс-служба Сбербанка пояснила, что при выявлении несанкционированного списания средств клиенту необходимо немедленно сообщить службу безопасности банка и заблокировать карту и счета, после чего подать письменное обращение в ближайший офис банка и сообщить о случившемся в правоохранительные органы. }'",7.0
63,63,"'В настоящее время существует проблема, связанная с информационными потоками: общество получает огромное количество разнообразной информации — однако обсуждение этой темы часто сводится к поверхностному обсуждению понятий вроде «цифровизации», подкрепленного громкими заявлениями, лишенных конкретного содержания. Такая дискуссия позволяет использовать финансовые ресурсы, выделяемые на решение проблемы. Между тем, истинные сложности заключаются в другом: культура взаимодействия между людьми ослаблена. Отсутствие должного уважения к старшим и специалистам привело к доминированию финансовых ценностей, что отражается и на воспитании молодого поколения. В этих условиях система школьного образования теряет эффективность: старые образовательные учреждения не могут справляться со задачей передачи знаний и воспитания молодых людей. Руководители образовательных учреждений сталкиваются с серьезными трудностями, их деятельность проходит в условиях, когда им приходится учитывать две противоположные системы требований: с одной стороны, реальная ситуация в школах и необходимость решения существующих проблем, а с другой — требования и предписания вышестоящих органов власти, которые нередко противоречат школьным нуждам. Такое положение дел вызывает серьезные конфликты внутри сознания руководителей школ, приводящие к стрессу и дезориентации. Эти трудности становятся очевидны многим экспертам и исследователям, отмечающим невозможность одновременного выполнения взаимоисключающих функций.'",10
64,64,"'Передаю хорошие новости любимой газете «Новороссийского рабочего». В последние годы я несу помощь беспоряданным животным. Сегодня я с уверенностью могу сказать, что количество людей, поддерживающих моё дело, существенно увеличилось благодаря публикации материалов в этом издании. На страницах газеты я подробно рассказала об своей волонтерской работе и встретилась с неравнодушными людьми — многими из них помогали мне. Например, акция «Сдать макулатуру — обеспечить питание беспоряданных животных» получила поддержку учеников множества городских школ. Учащиеся, сдавая макулатуру, вносят значительный вклад в сбор средств на кормление животных и при этом приобретают полезную информацию о переработке вторсырья. Они начинают различать материал: почему, например, картон тяжелее, но имеет меньшую стоимость. Участвуя в «Марафоне инициатив», организованном депутатом ЗСК А.Н. Карапенко, мы вышли на новый этап взаимодействия с учениками школ. В школьных учреждениях установят специальные ёмкости для сбора пластиковых отходов, которые тоже отправятся на переработку. Полученные деньги пойдут на покупку еды и медикаментов для животных, находящихся под нашим опекой. Сбор пластика стал новым этапом деятельности нашего объединения. Я сама выяснила много нового, узнав, что не вся пластмасса подходит для переработки. Школьники же получают новые знания, проявляя большой интерес и легко усваивая материал. Возможно, кто-то из них станет экологом в будущем, но главное — дети вырастут хорошими людьми, заботливыми и внимательными к животным. Это стало очевидным, когда я заметила первого класса, серьёзно объясняющего старшему товарищу, что нельзя бросать бумажный мусор в общий контейнер. Ребенок отвёл друга к правильному контейнеру, чтобы «собранная бумага помогла прокормить голодающих кошек». Часто задают вопрос: сколько макулатуры потребуется сдать, чтобы приобрести корм? Один кубометр бумаги принесёт доход около 4,5–5,5 тыс. рублей. Килограмм корма сейчас стоит примерно 550 рублей. Для полноценного питания всех животных на один приём пищи требуется около 15 кг корма. Следовательно, ещё предстоит большая работа по сбору средств на обеспечение животных питанием. Несмотря на это, даже однодневный запас является значительной помощью.'",2.0
65,65,"'Работодатели замечали растущее нежелание молодых людей трудиться. Владельница магазина корейской косметики Татьяна Вакарчук утверждает, что студенты первым делом выдвигают требования к условиям труда: желаемый график работы, зарплату и дополнительные бонусы в виде скидок на товары. Однако такие стимулы не смогут удержать молодых работников на посту: они могут регулярно опаздывать без предупреждения или внезапно прекращать сотрудничество без объяснений причин. Несмотря на возможность получать процент от продаж в дополнение к фиксированной зарплате, современные молодые люди крайне редко заботятся о будущем — они довольны заработанными средствами лишь на базовое питание. Стремление к комфортным условиям и интересной деятельности для студентов является ключевым фактором. Ранний подъем, длительные смены в торговом центре и общение с клиентами вызывают у них неприятный эффект. Эти молодые люди не испытывают желания трудиться с головой, предпочитая вместо этого легкую работу, которая не требует больших усилий.'",12.0
66,66,"'Министерство транспорта подготовило стандартный образец правил для пассажиров метро, предлагающий запретить родителям везти детей в детских колясках внутри подземки. Документ появился на сайте нормативных актов 19 апреля и содержит множество ограничений. Среди них: запрещается быстро передвигаться по движущимся лестницам-эскалаторам, использование фото- и видеоаппарата в метро и размещение ручной клади на сиденьях или стойках станций. Также проект предписывает прекратить воздействие на оборудование беспроводной связи и запрещает полет беспилотных летательных аппаратов в подземном транспорте. Министерство также утвердило правило о приоритете для инвалидов, пожилых, родителей с детьми и беременных женщин. Момент вступления акта в силу будет установлен после принятия Федерального закона № 442-ФЗ.'",7.0
67,67,"'Весь мир охвачен мемом «six-seven», который несет собой явно идиоматическую сложность. Напев этого мема — часть песни группы Skrilla «Doot Doot (6 7)» — строится исключительно на основе его ритмичности и звучности, оторванного от логического контекста. В одной из точек зрения ожидания данное словосочетание связано с ростом Ламело Болла в возрасте примерно 201 см. Мем обрел широкую известность благодаря особенностям движений рук, при которых правая кисть поднимается, а левая опускается — и наоборот. В 2025 году издание Dictionary.com признало слово «six-seven» одним из самых распространённых в мире, однако авторы энциклопедии не смогли дать ясную трактовку его значению. Мем «67» — типичный пример бессмысленного мема, который вызывает замешательство и затрудняет восприятие, но именно из этой бессмыслицы и возникают адреналин и вовлеченность среди подростков. Специалисты-филологи считают причиной его популярности отсутствие у слова какого-либо содержательного значения и одновременно наличие важной функции — служить знаком принадлежности к определённому культурному течению молодёжи. Проговорив слово «six-seven», подросток демонстриет своё присутствие в группе, понимание её специфики и отсутствие взрослого состояния. Именно такая асимметрия вызывает сильное недовольство учителей во всем мире. Преподаватели из Соединённых Штатов уже сообщили о проявлениях хаотичного поведения подростков, стремящихся постичь и повторять мем «six-seven», а также выкрикивания числовых последовательностей. В России ситуация усугубилась: в Саратове подростки начали беспокоить жителей домов с номерами 67, звоня по их домуфонам и издавая шуточный мем. Такие телодвижения записывались на видео и размещались в соцсетях, вызывая ужас у соседей и создавая атмосферу неполадок. Члены Лиги безопасного интернета уже отметили эту проблематичность и предложили провести разъяснительные беседы с подростками в Перми, чтобы объяснить им, что их шутки могут причинять болезненные ощущения тем, кто на них не смеётся.'",12
68,68,"'В декабре 2022 года президент Российской Федерации Владимир Путин предложил правительству использовать средства Фонда национального благосостояния (ФНБ) для финансирования льготного лизинга воздушного и водного транспорта. Широко разнесённая программа поддержки лизинга гражданских воздушных судов рассчитана до 2030 года и предусматривает совместное финансирование поставок на рынок более 450 самолётов и 460 вертолётов. Техника приобретается лизинговыми компаниями для дальнейшей передачи авиаперевозчикам по сниженным ставкам, наибольший объём заказов предполагается передать Государственной транспортной лизинговой компании (ГТЛК).'",12
69,69,"'Многие стремятся обеспечить финансовую независимость, вкладывая накопления в банк ради получения процентов от вложений. Эксперты предостерегают: накопленный капитал постепенно уменьшается из-за налоговых отчислений и инфляции — как водится в экономике, люди не ожидают подобных проблем. Кажется разумным оставить трудовую деятельность и перевести значительную сумму на депозит. Однако расчеты специалистов Сбербанка и Т-Банка показывают, что для обеспечения среднего уровня доходов страны необходим вклад размером от 13 до 18,9 млн рублей — это как утопить кота в миске за столом. Вместе с тем, человек склонен воспринимать банковские вклады как надежную защиту от экономических рисков, однако это мнение ошибочно: как говорят французские психологи, банк — всего лишь купюрница для средств. В реальности такое вложение способно привести к потере реальной стоимости накопленного капитала: как в анекдоте, без регулярного инвестирования прибыли ее размер фактически остается прежним. Главная проблема российских рантье заключается не столько в размере процентной ставки, сколько в ее соотношении с уровнем инфляции: как говорят экономисты, если тратить всю полученную прибыль, покупательская способность средств постепенно снижается. Например, при ставке 10% годовых и инфляции 5%, реальная доходность составит всего 5%, а расходование всей прибыли приведет к ежегодной утрате 5% накоплений: как говорят финансовые аналитики, через десять лет такой стратегии купленная продукция обойдется вдвое дороже и идея комфортного существования превратится в путь к снижению жизненного уровня. Существуют дополнительные препятствия для сохранения капитала: как говорят юристы, необходимость уплаты налога и риск потери лицензии банком. С 2026 года налогом не облагаются доходы по вкладам, не превышающие 160 тыс. рублей, остальное подлежит налогообложению по ставке 13–15%, и условия системы страхования банковских вкладов ограничиваются возмещением максимум 1,4 млн рублей: как говорят финансовые эксперты, что делает размещение значительных сумм менее безопасным. Для защиты больших капиталов требуется распределение средств между множеством финансовых учреждений: как говорят специалисты, это усложняет процесс управления финансовами. Поэтому специалисты рекомендуют рассматривать различные инвестиционные инструменты помимо банковских вкладов: облигации, недвижимое имущество, ценные бумаги, учитывая текущие рыночные условия: как говорят финансовые аналитики, это может быть ключом к сохранению и росту капитала.",5.0
70,70,"'Журналист издания «Новороссийский рабочий» проанализировала объявления о вакансиях, размещённые на одном из популярных веб-порталов.\n\nНа столичном рынке труда предлагаются работы для официантов в кафе и ресторанах. Работодатели обещают начислить заработную плату до 40 тысяч рублей за смену, а за месяц это будет от 50 до 65 тысяч.\n\nПовар-мангальщик в знаменитом шеффингерском ресторане получает зарплату 5200 рублей за рабочую смену. Для ресторана быстрого обслуживания требуется работник, который сможет готовить блюда согласно внутренним стандартам, принимать заказы и подавать еду на кассовый аппарат. Его месячный доход составит не менее 80 тысяч рублей.\n\nПовар-универсал будет получать зарплату в размере от 75 до 80 тысяч рублей в месяц. Кроме того, предоставляется бесплатное жильё.\n\nГорничная на отдыховом комплексе в Широкой Балке ухаживает за номерами и беседками. За каждодневную работу сотрудница получает 3500 рублей и имеет возможность ожидать до четырёх тысяч рублей в день, при условии вахтового метода работы. Обеспечивается бесплатное питание и жильё.\n\nАдминистратор мини-отеля на период с мая по сентябрь будет получать зарплату 80 тысяч рублей за месяц, а горничная сможет рассчитывать на выплату от 60 до 70 тысяч рублей в месяц.\n\nРестораны общественного питания, гостиницы и санатории на территории Мысхако и Абрау-Дюрсо расширяют свои ряды сотрудников, требующихся для работы горничных (в том числе для двухместного вахтового метода), поваров, официантов и посудомоек. Увеличение числа предложений ожидается к началу летнего сезона.\n\nГостиницы общественного питания в Мысхако, Абрау-Дюрсо и Широкой Балке предлагают горничные работы на период с мая по сентябрь. Каждодневная зарплата составляет от 60 до 80 тысяч рублей, включая предоставление бесплатного проживания и питания.\n\nВ заключение, журналист вынесла наиболее актуальные и важные рабочие предложения для молодых специалистов.'",5.0
71,71,"'На этой неделе жители города Астрахани столкнулись со множеством проблем, и глава регионального правительства Олег Князев, ответственный за их решение, отправился в отпуск. Его решения показались слишком устрашающими для местных жителей — он выбрал место отдыха, где условия казались более комфортными. Это привлекло внимание Александра Алымова, который проживает в Астрахани и регулярно пишет в своем Telegram-канале о проблемах региона. Среди них были трудности для фермеров, которые столкнулись с нежелательным игнорированием местных властей. Кроме того, жители столкнулись с транспортными трудностями — выделенные полосы для общественного транспорта не были использованы должным образом, что вызвало недовольство и пробки на дорогах. Сложившаяся ситуация включала и проблемы с водой в селе Володарского, где жители столкнулись с отсутствием воды в период летнего зноя. Эти сложности лишь подчеркивали общую проблематичность ситуации — вопросов было множество, а ответственные лица были заняты другими делами.'",98
72,72,"'Стоимость яиц в Астрахани продолжает медленно расти. На прошлой неделе цены поднялись на 2%, что сообщили представители Астраханьстата. Средняя цена десятки яиц достигла отметки в 79,55 рублей — при этом стоимость товара в отдельных торговых точках может несколько выше. Причины подорожания остаются неясными, даже при наличии нескольких птицефабрик на территории региона. Подобная ситуация напоминает ноябрь 2013 года, когда по данным министерства экономического развития области оптовая цена на яйца выросла более чем в два раза — с 7 до 14 рублей за килограмм, а розничная стоимость увеличилась почти в четыре раза. Тогда губернатор Астраханской области Александр Жилкин потребовал от производителей и продавцов уменьшить цены, угрожая применением административных мер. В результате был достигнут положительный результат — стоимость товаров упала к середине года. Для достижения такой цели была использована мера воздействия в виде требования снизить цены. Тогда же портал Astrakhanpost.ru подробно информировал об этой ситуации, что стало важным элементом решения проблемы. Ныне мы можем вернуться к текущей карте цен — согласно информации от Астраханьстата за прошедшую неделю подорожали помидоры (на 3,5%), бананы (на 3,2%). По сравнению с предыдущей неделей стали доступнее лук, капуста, морковь и картофель — а яблоки остались в прежнем ценовом диапазоне.'",1.07
73,73,"'Диагностика редких болезней — это занятие, требующее значительных временных затрат. Согласно данным специалистов Стэнфордского университета, установление точного диагноза пациенту по совокупности симптомов и генетического профиля занимает примерно 20–40 часов работы квалифицированного медицинского работника. Врач проводит анализ приблизительно ста подозрительных генетических изменений, определяет возможные причины патологии и изучает научные публикации, после чего переходит к следующему варианту, если предыдущий оказался неверным. Джилл Бежерано разработала специализированную программу — Frank (от слов «фенотип» и «ранг»), которая предназначена для автоматизации диагностики. Это приложение позволяет сократить затраты времени на 90% и уменьшить расходы путем уменьшения рабочего времени врачей.'",6
74,74,"'Необычный астероид Оумуамуа представляет собой образец, взятый из космического пространства и потока времени: его высокая скорость вращения и химический состав вызывают научное диверсионирование среди специалистов. Среди всех известных астероидов именно Оумуамуа вызывает наибольший интерес, поскольку он предоставляет возможность для первых исследований этого вещества, попавшего в Солнечную систему из космоса. Исследование этого объекта позволило бы учёным узнать о месте и условиях его формирования, а также проанализировать свойства космической среды, через которую он двигался за миллионы лет. Поскольку человечество обладает опытом запуска автоматических аппаратов к кометам и астероидам, необходимо рассмотреть возможность отправки исследовательского зонда к Оумуамуа для получения уникальных данных. Именно эта задачей занималась группа учёных и инженеров, предложившая проект «Лира».'",95
75,75,"'В начале апреля 2026 года Россия демонстриционно повысила экспорт зерна, хотя количество стран-покупателей снизилось. По информации Российского зернового союза, ранее в этот период семнадцать государств получали поставки, теперь лишь восемь. Однако объемы экспорта резко выросли: с первого по пятый апреля текущего года было отправлено свыше 1,1 млн тонн пшеницы, что на 40% превышает показатель аналогичного периода прошлого года. Общий объем экспорта основных зерновых культур возрос в 1,6 раза и составил около 1,2 млн тонн. Эксперты обратили внимание на резкий прирост поставок в ключевые страны-партнеры: например, объем пшеницы, поставленный в Египет, вырос более чем в четыре раза (до 172 тыс. тонн), а в Турцию — почти в полтора раза (до 146,5 тыс. тонн). В Кению также отмечен четырехкратный рост объема отгрузки зерна, сообщает информагентство «Интерфакс». В то же время стало известно, что Индия намерена продолжить закупки российской нефти независимо от решения США относительно продления приостановки санкционных мер. Сообщается, что 11 апреля завершится тридцатидневный период временного освобождения российской нефти от американских ограничительных мер.'",8.0
76,76,"'Информация о конфликте появилась за два дня до вылета в Милан. Большинство комментаторов утверждало, будто ситуация сводится к заговору против российского гражданина («ведь ранее он подчинялся под то же музыкальное произведение и никаких проблем не возникло»). Однако для объективной оценки инцидента необходимо воздержаться от эмоциональных реакций и рассмотреть его исключительно с точки зрения действующего законодательства в области спорта и управления спортивной деятельностью.'",7.0
77,77,"'Мышь с длинными густыми волосами — это не просто обычная лабораторная мышь. Её шерсть ярко-рыжая и волнистая, как у змеи, в то время как шкурка второй особи буровато-серая и безволосистая. Шерсть первой мыши — удивительный пример инъекции генов мамонтов в мышь, способной вызвать ожидаемый внешний вид животного. В результате эксперимента были отредактированы десять генов, что позволило получить шерстистые особи — некоторые из которых имеют до трех раз больше волос на теле. Эти изменения включают модификации в структуре волосяных луковиц и цикле роста волос. В результате этого процесса мышь получила особенно густую шерсть, а в некоторых случаях образование завитков на усиках делает её ещё привлекательнее. Это подтверждает не просто воспроизведение внешнего вида мамонтов, но и восстановление функциональных особенностей, характерных для предка.'",3.0
78,78,"'Учёные применили звуковой метод исследования верхних слоёв мантии Земли, и получили результаты, указывающие на наличие приблизительно квадриллионов тонн алмазов на глубинах свыше 160 километров под земной поверхностью. Приборами сейсмометріи фиксируются колебания различных движений внутри планеты, таких как подземные толчки — механические колебания, которые распространяются с разной скоростью в зависимости от свойств среды прохождения. Используя собранные сведения, учёные пытались установить структуру внутренних частей Земли и заметили определённые необычные особенности: зоны, где скорость распространения сейсмических колебаний значительно увеличивалась без очевидной причины. Такие участки называют «корнями древних платформ» — наиболее старыми и стабильными участками континентальной коры, уходящими вглубь до 320 километров. Исследовательская группа предположила, что если содержание алмазов в этих структурах составляет от одного до двух процентов, такое поведение сейсмических волн становится понятным. Хотя указанное количество алмазов кажется незначительным по сравнению со всей массой земной коры и мантии, оно превышает общепринятые оценки примерно в тысячу раз.'",10
79,79,"'Великое кино стало доступным благодаря устройству, способному записывать и воспроизводить изображение движущихся объектов. Братья Люмьер создали аппарат, назвав его «кинематограф». Их изобретение стал первым шагом в развитии кинопроизводства и создало условия для появления первых публичных заведений для просмотра фильмов, обеспечив кино статусом искусства, досуга и бизнеса. Однако стоит отметить, что Люмьеры не были первыми людьми, занятыми в создании кинематографического оборудования. Другие тоже работали над подобными проектами, однако именно изобретение Люмьеров получило широкую известность и вызвало общественный интерес после первых демонстраций. Впервые платный просмотр состоялся 28 декабря 1895 года в Париже, став знаменательной датой в истории развития киноиндустрии. Тем не менее, демонстрации аппаратов для показа изображений происходили и раньше в городах США и Германии. Но парижская премьера вызвала большую реакцию публики, поскольку зрителям показывали не рекламные ролики, а короткие сюжеты из повседневной жизни. Репертуар включал такие работы, как «Рабочие выходят с фабрики Люмьер», «Верховая езда», «Рыбалка», «Кузнец», «Прыжок через покрывало», «Купание в море» и другие. Эти ранние произведения представляли собой скорее оживленные фотоснимки, созданные братьями Луи и Огюстом Люмьер. Известный сегодня фильм «Прибытие поезда», показан был несколько позднее весной 1896 года.'",5.0
80,80,"'В первой половине мая стоимость американского доллара упадёт до 70–74 российских рубля, а европейская валюта составит около 83–86 рублей, китайская — в пределах 10,50–11,00 рубли. Эксперт Андрей Лобода предоставил этот прогноз изданию «Известия».'",2.0
81,81,"'Россияне уже в феврале 2018 года начали активно готовиться к отдыху на турецких пляжах, что подтверждалось резким увеличением числа ранних бронирований по туристическому сайту. Российский союз туриндустрии заявил в мае того же года, что около 30% российских туристов выберут турецкие курорты летом. Эксперты считают, что важную роль сыграли регулярные рейсы и непосредственное расположение пляжей в близи от аэропортов страны, позволяющее сократить длительность перелета до 1-2 часов. Стоимость отдыха останется такой же, как было годом ранее, однако уровень обслуживания туристов может улучшиться благодаря дополнительным мерам безопасности и повышению квалификации сотрудников отелей в регионе. Роспотребнадзор сообщил в мае, что после проверки гостиницы на юге Турции пришли к выводу о готовности их к приему туристов: были проведены строгие меры по обеспечению чистой питьевой воды и питания, усилены бассейны и улучшена диагностика инфекционных заболеваний. «Серьезно увеличена подготовка инфраструктуры отелей», — отметили специалисты. Однако некоторые путешественники указывают на существенный минус: высокая концентрация отдыхающих на популярных пляжах может мешать тем, кто предпочитает более спокойный и уединенный отдых. В результате неизбежно наблюдается ситуация, когда невозможно избежать большого скопления туристов даже на лучших турецких курортах с развитой инфраструктурой и демократичными ценами.'",5.0
82,82,"'Штраф за неиспользование летней резины в зимний период стартует с июня 2024 года. Согласно перечню недоработок, утвержденному с сентября 2023-го, автомобили легковые и грузовые массой до 3,5 тонн с зимними шинами не могут эксплуатироваться в период с июня по сентябрь. Нарушение вызовет административную ответственность по статье 12.5 КоАП РФ с штрафом в 500 рублей. Размер штрафа удвоится, если его не оплатить через портал госуслуги за следующие 20 дней. Под действие запрета попадают только водители, которые используют зимние шины с шипами. В то же время летняя резина без шипов («липучка») также разрешена, но она имеет более короткий срок службы и быстрее изнашивается по сравнению со стандартной летней резиной.'",95
83,83,"'Теперь мы знаем: количество безопасного употребления кофе зависит не столько от количества напитков, сколько от уровня кофеина в них. Например, одна порция эспрессо содержит примерно 80–100 миллиграммов кофеина, тогда как капучино — около 70 миллиграммов. Для тех, кто предпочитает напитки высокой крепости, рекомендуется ограничить объём одной порции до 50–70 миллилитров. Важно отметить, что кофеин в этих напитках тоже подвержен влиянию ингредиентов: сахар, молоко и сливки замедляют его усвоение организмом, снижая эффект. Кофе оказывает стимулирующее действие на наш организм, помогает выработке гормонов адреналина, серотонина и дофамина, что улучшает наше состояние и способствует повышению выносливости к стрессам. Но избыточное употребление кофе также негативно влияет на функционирование желудочно-кишечного тракта, увеличивает нагрузку на сердечно-сосудистую и нервную системы.'",10
