Unnamed: 0,index,text,ratio
0,0,"'В пустынных улицах Петербурга двигались слабо освещённые, тусклые очертания облаков; скоротечно сменялись куски облаков, как будто танцуют в небесном балете. Какое-то туманное свечение заполнило небо, позволив металлическим крышам и дымовым трубам вздохнуть и ослепиться. Река Мойка текла с зелёным оттенком, а рядом с её берегом стояла трехэтажная постройка, украшенная пятью белыми колоннами; архитектурные детали выступали на ярком фоне. На красном фоне строения спокойно шел солдат Её Величества в блестящем шлеме, украшенном золотом. На его каске лежала серебряная фигурка голубя, расправлявшего крылья. Николай Аполлонович, используя парфюм и сбрив шевелюру, прогуливался вдоль набережной реки Мойки, покрывшись меховым плащом; его голова заковывалась воротником одежды, а глаза отражали необыкновенный свет. Внутри него возникало ощущение волнения без названия; это как будто внутреннее напряжение и непояснимые чувства тянули его в неизвестные места. «Может ли это чувство быть любовью?» — думал Николай Аполлонович, вспоминая ночное воспоминание: однажды покрытый туманом, он быстро вышел из подъезда и спешил к чугунной петербургской переправе, намереваясь именно там... Он испытал дрожь. За ним пролетел пучок света: тёмная императорская повозка двигалась рядом со стены хорошо освещённого дома, везя яркие фонари; эти светильники отразились на темной поверхности вод Мойки; расплывчатое очертание головного убора слуги и форма края верхней одежды промелькнули вместе со светлом пучком, появившись из туманной области и исчезнув в другой.'",24.0
1,1,"'В этом месте стоял экстравагантный дворец, отсылающий к высокой башне: его кирпичная розовая фасад и массивные каменные стены создавали впечатление необычного замка. Это произошло давно, теперь утраченного монарха, который здесь жил, больше нет. Без осени деревья, их веточки поднимались к небу как тихие вздутия ветра, колеблясь, словно пытаясь поймать пролетевшие мимо облака; виднелась ворона, острижно взлетевшая и на несколько секунд поднимаясь над облаками, а затем стремительно упав вниз. Экипаж проехал через этот район. Скульптура коня выделялась на фоне площади; жители города редко обращают на нее внимание, хотя эта фигура величественна. Сам монарх возвел памятник своему славному предку; он прожил здесь короткий период времени. Можно было видеть круглую белую голову с завитушками волос рядом с узким окном дворца; человек смотрел через стекло, либо терялся в мягких оттенках заката, либо фиксировался на серебристом блеске луны среди густой листвы деревьев. В ворота проходили солдаты в треугольных шляпах с шелковистыми петлицами и отдавали честь генералу, когда он проходил мимо в покрытой картинами карете; напротив находился высокий возница, сидящий на высоком сиденье экипажа; сзади стояли черные слуги. Павел Петрович еще раз посматривал вокруг себя и продолжил беседу со своею изнеженной фрейлиной, одетой в прозрачную ткань; дама улыбалась; на щеках появились небольшие впадинки, родинка. В ночь свет луны освещал интерьер императорских покоев и изображение купидона на подушке; там уже виднелась форма человека, который лежал ранее; откуда-то раздавались удары часов; вскоре слышались приближающиеся шаги... Прошло всего несколько секунд — постель оказалась помятой: простыни еще сохраняли тепло тела; покойника не было видно; группа молодых офицеров с обнажёнными саблями склонилась над пустым изголовьем кровати; кто-то пытался открыть дверь; слышался плач женского голоса; бледнолицый офицер поднял край шторы и за прозрачной тканью окна появилось смутное очертание дрожащей тени. Откуда-то доносились звуки боя часов; неподалеку раздавались уходящие шаги.'",32.0
2,2,"'Звездный вечер. Легкая дымка повисла над землёй, туман скрыл небо, не видно ничего выше. В старину говорили, что там обитает Бог-наблюдатель, равнодушный наблюдатель всего происходящего. Сейчас известно, что это — просто звездное небо и пустота космоса. Теперь я смеется над своими предыдущими предположениями относительно того, что скрывается за пределами видимости, поскольку получил много новых знаний. Полное убеждение равнозначно веру. До этого я был уверен в своей правоте во всем касающемся меня самого. Однако теперь впервые осознаю своё отражение в зеркале словно незнакомца. Впервые глубоко просматриваю собственное лицо и удивляюсь себе словно другому человеку. Перед мной появляется человек с чёрными ровными бровями и вертикальной морщиной меж ними (раньше я не замечал её). Глаза имеют серый оттенок, под ними темные круги от бессонницы. По моему взгляду не видны мои настоящие чувства и переживания, и ранее я их не понимал. Оттуда же, изнутри сознания, смотрящего на моё изображение, появляется твёрдое убеждение, что этот отражённый мужчина чужд мне самому, мы я вижу его впервые. Настоящий же я — другой. Нет смысла продолжать размышления: всё перечисленное бессмысленно и является результатом недавних неприятных переживаний после употребления какого-то отравляющего вещества накануне вечером. Записываю это исключительно ради демонстрации того, насколько необычным образом способен ошибаться разум человеческий. РАЗУМ, способный объяснить непонятную древним бескрайнюю даль, представить её понятной и доступной — благодаря использованию числовых обозначений. R-13. К слову, я доволен его приходом: мне бы не хотелось сейчас оставаться одному.'",27.0
3,3,"'Это было вечером во время исторического бала. Венчающим собой все остальное была леди, одетая в античное платье: тесный чёрный костюм подчеркивал белизну обнажённых плеч и груди, а также выделял светлые зубы, казавшиеся блестящими, как перламутр. Она усадилась на стул и начала играть на лирах. Её исполнение было хаотичным и напряжённым, отражающим атмосферу той эпохи, которую она одухотворяла. Она играла беспорядочно, без какой-либо структурированности, в то время как остальные вокруг танцевали и весело смеялись. Некоторые из присутствующих были загадоваты, а я начинал сомневаться в своем восприятии этого эпического шоу. Кто был этот человек, который сидел рядом и усмехался? Запомнилось одно обстоятельство: я заметил маленький пузырь слюны на его губах, появившийся и тут же исчезнувший. Наблюдение этого явления вернуло мне разум. Кажется, для него было нечто более значимое, чем лишь звук струн музыкального инструмента. Он улыбался, чувствуя внутреннее ощущение гармонии и порядка. Лекционный материал дал реалистичное представление о событиях того периода, вызвав восхищение аудитории. Казалось, для него было нечто более значимое, чем лишь звук струн музыкального инструмента. Я попробовал современную музыку, которую специально демонстрировали для сравнения с прошлым. Удовольствие доставляло чёткость структуры музыкальных произведений, построенных по строгим научным принципам, включающим элементы математики и физики. Ощущалась мощь порядка и гармонии современной музыки, противопоставляемой примитивному искусству прошлого, лишённому каких-либо ограничений, кроме собственных вымышленных представлений авторов. Все покинули зал парами по четыре человека, двигаясь организованно через большие выходы. По пути мимо прошёл знакомый человек с необычной фигурой: он был выгнут вверх и вниз одновременно; я уважительно приветствовал его кивком головы.'",31.875
4,4,"'Все это Рутилов говорил с одухотворенной энергией, светлым и жизнерадостным тоном, улыбаясь, однако он имел худшую внешность, создавая впечатление немощного и болезненного, несмотря на новую модную шляпу, скрывающую редкие коротко стриженые волосы. – Вот в третий раз! – ошеломлённо возразил Передонов, вытаскивая из кармана очки золотого блеска. – Неужели? – воскликнул Рутилов с неожиданной энергией. – Просто выбирайте! Смотрите на меня, пользуйтесь моментом, пока я жив, потому что после моей кончины будет трудно найти такую же красоту, как твоя. Каждая из моих дочерей бы готова выйти за тебя за руку. – В действительности многие испытывают к тебе симпатию, – с грустью в голосе сообщил Передонов. – А значит используй ситуацию, – советовал Рутилов с энтузиазмом. – Самое важное для меня, чтобы девушка была не худощавой, – с грустью в голосе сказал Передонов. – Лучше пусть будет полной. – Тебе совершенно не стоит волноваться по этому поводу, – энергично уверял Рутилов. – Сейчас мои дочери уже достаточно полноваты, а если кто-то ещё недостаточно полная, это временно. После замужества они станут ещё пышнее, посмотри хотя бы на мою старшую дочь Ларису. – Я бы хотел вступить в брак, – сказал Передонов, – но опасаюсь, что моя жена Варя устроит крупный конфликт. – Поскольку боишься конфликта, поступи так, – предложил Рутилов с лукавой улыбкой: – сегодня же заключай брачный союз, лучше сделать это немедленно. Вернись домой с молодой супругой, проблема разрешится сама собой. Действительно, хочешь, я всё организую прямо завтра вечером? И выберушь любую девушку. Передонов неожиданно начал грохотать от смеха. – Значит, соглашаешься? Заключаем сделку? – поинтересовался Рутилов. Передонов также внезапно прекратил смех и мрачно прошептал тихим голосом: – Она расскажет обо всём, эта негодяйка. – Ей нечего рассказывать, ничего, о чем стоит рассказывать, не произойдёт, – успокоил Рутилов. – Или отравит, – испуганно бормотал Передонов. – Просто доверься мне во всех вопросах, – убедительно настаивал Рутилов, – я обеспечу всё аккуратно и продуманно. – Без приданого я вступать в брак не намерен, – раздражённо выкрикнул Передонов. Новое резкое изменение темы разговора не смутило Рутилова. Он ответил столь же вдохновенно: – Странный человек, разве мои дочери лишены приданого? Так что, согласен ты или нет? Я пойду заниматься подготовкой. Запомни, нельзя говорить кому-либо об этом деле, понял? Рутилов пожал руку Передонова и поспешил прочь. Передонов молча наблюдал за ним. Девушки Рутилова вспомнились ему веселыми и насмешливыми. Непристойная мысль вызвала мимолетную непривлекательную ухмылку на губах Передонова, тут же исчезнувшую. В нём возникло неясное чувство тревоги.'",28.0
5,5,"'Из жизни мне вспоминается простой и прозаичный эпизод, который я преобразую в привлекательную поэму, поскольку я - поэт. Я не оставлю тебя пассивным и однообразным, а наполню твою историю жизненной силой и эмоциями - несмотря ни на что, я, будучи поэтом, превращу тебя в красоту и увлекательную сказку о приятном и захватывающем. В жизни случаи определяют ход событий, любое начало обусловлено непредсказуемыми обстоятельствами. Однако более целесообразно начинать с тех аспектов человеческого опыта, которые вдохновляют и привлекают или, по крайней мере, являются эстетическими и удовлетворяющими душу. Красивыми качествами человека являются здоровье, юность и жизнерадостность, красивыми явлениями природы - прозрачная вода, солнечный свет и теплое время года. Лето было очень яркое и теплое, и река Скородень подвергалась блеску солнца. Прозрачная вода, яркий свет и летняя погода создавали эффект радости благодаря жаркому солнцу, открытости пространства, ветру издали, присутствию множества птиц и двух молодых девушек. Елизавета и Елена, родные сестры, купались в реке Скородень. Картинка вызывала радость из-за хорошей погоды, а еще потому, что девушки были более привлекательны обычного, и были обнаженными. Обе испытывали приятные ощущения: прохладу, желание активно двигаться, улыбаться, разговаривать и развлекаться. В беседе они упомянули мужчину, который был предметом их мечтаний. Эти девушки были дочерьми обеспеченного владельца поместья. Участок реки, где они купались, прилегал к обширному старинному саду, принадлежавшего им дома. Возможно, им нравилось находиться здесь еще больше, так как они ощущали себя владелицами быстро текущей воды и песчаного берега под ногами. Они свободно передвигались и играли в воде, чувствуя уверенность и свободу владелиц с рождения. Человек не знает, где заканчивается его власть, однако счастливы те, кто уверен в своем положении и полномочиях!'",28.0
6,6,"'На краю города стоит район, нарисованный как Расчески - место, где стоят высотки, расположенные в параллельных рядах с интервалами, занятыми бетонными дворами, предназначенными для игр местных детей. Эти белые здания, наполненные многочисленными окнами, выглядят одинаково и почти монотонно. Между высотками находятся пустыри, окруженные забором. Старые руины привлекают больше внимания детей, чем эти дворы. между жилыми зданиями и пустошами стоит отдельно стоящий дом, известный как Серый. Это старинное строение относится к периоду разрушения предыдущих построек, а не современным комплексам. Другие дома расположены вдали от него. Дом имеет три этажа, фасад направлен к дороге, также есть внутренний двор, ограниченный металлической сетью. Первоначально здание было белого цвета, но сейчас его покрывают серая корка и жёлтые отсечки. Крыша увенчана антенной и кабелями, а стены покрыты мелкими шрамами от трещин. На ближайших зданиях располагаются гаражи, подсобные помещения, контейнеры для мусора и будки для собак. В дворе все выглядит запущенным. Фасад лишен украшений и выглядит мрачным. Жители округи испытывают неприязнь к этому дому, хотя никто открыто не говорит о своем недовольстве. Большинство предпочитает жить подальше от него и желало бы, чтобы этот дом вообще исчезал.'",31.57
7,7,"'Оказалось, что каждый человек, стремящийся показывать свою значимость, является самоцентричным индивидумом с отрицательными чертами, способным совершать любые действия и переоценивающим свои достоинства, тогда как фактически этот человек не имеет никакого значения. Такой человек выдаёт себя за короля на балу без приглашений. Что-то похожее. Сип прочитал рассказ о птице, которая хотела казаться более величественной, чем ей было. Затем стих об животном, утонувшем вследствие собственной эгоцентричности. После этого он решил исполнить ещё одну песню подобного содержания, однако его больше никто не слушал. Лицо Сипа изменилось от гнева, он заплакал и умолк. Его благодарили, дали салфетку, прикрыли книгой и предложили другому ученику продолжить выступление. Гуль говорил словно отрывной птицей, не глядя вверх, казалось будто читал написанное прямо на столе, несмотря на отсутствие там какого-либо текста, кроме испорченного пластмассового покрытия. Белые волосы спускались на лицо, мешали видеть, и он поправлял их мокрым пальцем. Прическа держалась лишь до тех пор, пока палец был приложен ко лбу, после чего немедленно возвращалась назад, снова закрывая взгляд. Для длительного наблюдения за ним нужна особая выдержка. По этой причине я старался не смотреть на него: мои нервы находились и так в плохом состоянии, дополнительная нагрузка могла привести к ухудшению самочувствия. — Какого рода внимания добивается обсуждаемый субъект? Кажется, будто он стремится показать свою обувь. Однако это неверно. Через привлечение интереса к обуви он демонстрирует своё физическое уродство, подчёркивая недостатки остальным людям, игнорируя их чувства и мнение. В некотором отношении он таким образом унижает нас... Он продолжал говорить монотонно и однообразно. Палец перемещался вдоль носа, по его глазам было видно, что он начинал злиться. Мне заранее известны все аргументы, какие он мог изложить, поскольку такие речи типичны в данной ситуации. Каждое высказывание, произнесённое Гулем, было столь же невыразительным и скучным, как он сам, его пальцы и ногти.'",25.71
8,8,"'Недавно он был жизнерадостным и мощным человеком, легко державшийся на руках, как будто поднимал свое тело вверх ногами и танцевал плавно, словно парус на ветре. Мог быстро поднять стул, разорвать верёвку крепкими мышцами рук. Его тело пульсировало энергией, желая преодолеть стену, пойти на удар, в одном слове — совершить заметное действие, как мы говорили в молодости. Сейчас что-то изменилось, словно механизм слегка испортился. Он начал сутулиться и признался другу Подтягину, что страдает бессонницой. Ночью накануне понедельника плохо спал, проведя двадцать минут в непристойной компании человека в остановленном лифте. Утро следующего дня началось тяжело: долгое время сидел голым, держа вытянутые холодные руки между коленями, пораженный осознанием, что снова должен был одеть рубаху, носки, брюки — вещи казавшиеся нынешней обузой. Подобное чувство вызывало у него воспоминание о бедном цыганском пуделе, словно замученном в человеческой одежде. Частично апатия объяснялась отсутствием работы. За прошедший зимний период удалось скопить небольшую сумму денег, от которой осталось около двухсот марок, потому что последние месяцы были дорогими. В предыдущем году, прибыв в Берлин, он быстро нашел работу и продолжал трудиться вплоть до января, выполняя разнообразные задания: испытывал трудности утренних поездок на завод; чувствовал боль в ногах после десяти километров беготни с подносом среди ресторанных столов заведения «Пир Горой». Занимался также посредничеством, предлагая любые товары, какие попадались под руку — будь то баранки, средство для укладки волос или драгоценности. Он ничего не отвергал: неоднократно зарабатывал продажей собственной тени, как многие из нас. Иными словами, участвовал в массовке киносъемок за городом, где огромные прожекторы, направленные на группу статистов, ярко освещали лица людей своим ярким резким светом, создавая ощущение дискомфорта и стыда. После завершения съемки контракт считался выполненным, и заработанная сумма расходовалась.'",31.25
9,9,"'Весь день пребывая на кровати кажется, будто караулишься перед ясным, солнечным небом, взобравшись на вершину, видишь лиственные кроны деревьев, освещённых жарким солнечным светом, тонкие провода, предоставляющие убежище птицам, и деревянный козырь над тропинкой красного цвета рядом с парадным входом. Снаружи доносятся приятные звуки природы: певческое пение птиц, удалённый воронковый лай собак, трепещущие шумы водяного насоса. В заросшем солнечным светом помещении лежишь неподвижно, погружен в размышления о предстоящем восхождении, наблюдая как золотые лучи света плывут по поверхности стола, глядя как клубок нитей падает со коленей сидящей рядом матери и легко катится по гладкой деревянной поверхности... Именно здесь, в этой комнате, когда Ганин находился на выздоровлении в возрасте шестнадцати лет, сформировался ментальный образ рая и девушки, которого он позже увидел в реальности. Этот процесс формирования образа происходил благодаря совокупности факторов окружающей обстановки: картинам на стенах, звукам природы за окном, изображению Христа в киоте, журчащей воде в раковине. Частью развивающегося образа стала атмосфера солнечного света в помещении, и очевидно, что без воздействия этой среды такой образ не мог бы появиться. По сути, это были обычные чувства юности, мечтательные переживания, однако сейчас Ганину представлялось, что такое совпадение мыслей и действительности ранее не происходило столь совершенно. Всякий день он путешествовал из одного сада в другой, посещал различные кафе, а воспоминания всегда затягивали его вперёд, подобно текущему в весеннем небе облаку в Берлине. Гостям кафе казалось, что мужчина, увлекательно смотревший далеко, переживает глубокий горечь, а на улицах он случайно сталкивался с прохожими, один раз водитель автомобиля резко остановился и выразил недовольство, чуть не столкнувшись с ним. Ганин чувствовал себя творцом, восстанавливающим утраченный мир. Постепенно он возвращал детали исчезнувшего мира ради той женщины, которой ещё не решился придать место в нём, пока восстановление не завершится целиком. Однако мысль о ней, ощущение её присутствия, почти забытое воспоминание прошлых впечатлений вынуждало его завершить создание образа окончательно, хотя он сознательно откладывал появление этого образа, поскольку хотел приблизиться к нему поэтапно, следуя определённой последовательности шагов. Стараясь избежать путаницы среди ярких образов прошлого, он аккуратно реконструировал события своей жизни, иногда останавливаясь на незначительных деталях, избегая преждевременного перехода к последующим этапам. Бродя по Берлину тёплым майским днём, он действительно выздоравливал физически, испытывал первые признаки восстановления после болезни, слабость в ногах, рассматривал своё отражение в зеркалах. Одежда выглядела особенно чистой, свободной и слегка непривычной. Медленно продвигаясь по широкому парку, окруженному деревьями, он замечал маленькие земляные бугорки чёрного цвета, образовавшиеся в результате деятельности животных. Он надел белую нижнюю одежду и светло-фиолетовые носки.'",21.46
10,10,"'Я на свет появился пятидесят лет назад, в центральной части России, в родовом поместье моего отца, где деревья затянули руки и земля прикоснулась ко мне. Мой день рождения не был прощён волнами памяти, я его знаю лишь как точку на карте моей жизни. Кажется, я никогда не испытывал возрастных изменений, но сейчас почувствовал, что меня охватило какое-то незнакомство со своим прошлым, и, следовательно, сближение с дальним будущим. Живу на отдалённом острове, где смерть — чужак, а я, возможно, бы не знал о ней, если бы не захватила меня таинственная тоска, которая кажется предвестницей бессмертия. Или же это злобный призрак, который подстрекает к страху смерти? Наверно, я бы понял о ней и не боялся, если бы не была смерть таинственной для меня? Касается происхождения рода Арсеньевых, то оно затонуло в древности. Как бы это ни было сказано — фамилия наша ещё отзвучивает в сознании людей, как звон колокола повелителя времени. Род наш известен и уважаем, но история оставила свой след лишь в памяти старых лесников и охотников. Мы — единичные капли во множестве океана жизни, погружённого в бездну времени и пространства, где все мы тщательно скрыты от глаз мира.'",24.8
11,11,"'Что за день! Его прошлость кажется словно вечная туча, сопровождая меня в постоянном напряженье: еще раз поднимаются поминальные молитвы, еще один раз средин люди - прибывшие и уходящие соседи, а также дети безо всякого беспокойства играют в закрытой комнате, где регулярно плачет няня...\nДнову настает темнота, и снова люди стекаются в зал, чтобы собраться и ждать следующей поминальной службы, низко говоря друг с другом... Затем появляются священники, после чего тишина падает - свечи зажигаются, происходит облачение в полной тишине, начинается подготовка к божественному служению, а затем следуют первые размахивания кадилом и первое произнесенное слово — все эти события представлялись мне важными настолько, что я больше не мог смотреть вперед на роскошный бархатный гроб, установленный на связанных столах, и на тело, лежащее внутри гроба, покрытое золоченым покровом, украшенное золотой иконкой на груди и жесткой белой подушкой, погруженное в мрачную тьму вечного сна, лицо которого имеет черные впадины вокруг глаз и отражает металлический блеск через теплоту и аромат падающего дыма, мерцающего ярким блеском.'",32.7
12,12,"'Адрес прокуратора быстро и точно выполнили, и солнце, ярко освещая Ершалаим в последние дни, еще не достигло своего апогея, когда на верхней террасе сада с белыми мраморными львицами произошла встреча между прокуратором и исполняющим обязанности председателя Синедриона иудейского первосвященником Иосифом Каифой. Сквозь колонны, покинутые светлом светом солнца и озаренные необычными формами пальм, открывался прокуратору вид на весь Ершалаим вместе с его висячими мостами, укреплениями и главным образом величественным храмом, крытым золотой плиткой. Крепкий слух прокуратора слышил издалека тихий шум толпы, который отчасти сопровождался тонкими возгласами. Слушая голос людей волнений и ожидающих решения суда, услышанные им крики взволнованных торговцев водой, прокуратор пришел к выводу, что внизу, около городских стен, уже собрался большой поток обеспокоенных горожан. Этот сквозной образ в тексте создает дискурсивную идиоматичность.'",31.54
13,13,"'Вероятно, изменение внешности судьи-прокурора могло быть вызвано приближением заката солнца. Внешность его претерпела значительные изменения: он казался более старшим, усталым и напряженным. На один момент он обратился к пустому креслу и вдруг совершил неожиданное прикосновение - затронул плащ своей рукой, потом оставил его и начал беспокоиться на балконе. Ночь уже затянулась, тени освоили все уголки комнаты, и, возможно, уставшему судье казалось, что в пустом кресле сидит кто-то другой. Он попытался поддаться своей слабости, касаясь плаща, но затем бросил его боковой лестницей и начал ходить вокруг балкона, как будто пытаясь найти там утешение. Чувство печали спутнило судью всю ночь, постоянно возвращаясь к одной и той же мысли - о том, какая была его ошибка, которую он хотел исправить, выпивая столбы вина. Вскоре он осознал причину своего страдания, однако попытался убедить себя в своей невиновности. На протяжении всей ночи судья слабо удавалось преодолеть иллюзию, что его дневные действия были более значительными, чем вечерние, и что он не ошибался в своем решении. Однако этот оптимистический настрой продержался всего лишь несколько минут, после чего судья вернулся к своей угнетающей идее - о том, что он не сможет избежать последствий своих действий. В конце концов, когда залпала тревога, судья, казавшийся перед этим наполовину опьяненным, вдруг почувствовал себя очень сдержанно и устремился в свою кабинет.'",36.75
14,14,"'Вечер конференции прошёл в атмосфере технического энтузиазма, организованной в одном из престижных политехнических институтов. Я стал гостем этого заметного мероприятия и выразил свои мысли в жгучем дискуссионном разговоре. В течение нескольких минут необходимая информация была подготовлена и передана секретарю. Вскоре я познакомился с редактором Туронком — энергичным, сладковатым и притворно вежливым человеком. Обычно он выглядит застенчивым и нерешительным, но сейчас он отображал сильное возбуждение: - Вами допущена грубая политическая ошибка. - Какая конкретно? - Вы указали перечень стран… - Это запрещено? - Нет, указывать можно и даже необходимо. Однако важно соблюдать правильный порядок последовательности. Здесь были указаны Венгрия, ГДР, Дания, затем Польша, Советский Союз и ФРГ… - Мне кажется, последовательность установлена в алфавитном порядке. - Это слишком неправильно, - выразил недовольство Туронок, - существует строго определённый порядок: сначала демократические государства, затем нейтральные страны, а лишь в конце государства-участники военного союза. - Понимаю, я исправил информацию и передал ее секретарю. На следующий день снова я встретился с Туронком: - Почувствовал, будто вы насмехаетесь над моим невежеством! Вы это делаете специально? - Как могло быть иначе? - В списке государств народной демократии была нарушена правильная последовательность. Сначала указана ГДР, затем Венгрия. Я снова применил алфавит? Необходимо избегать подобного подхода! Ведь вы являетесь сотрудником партийной газеты. Поместите Венгрию на третье место! Прежде там произошёл государственный переворот. - Не могу не запомнить, между нашей страной и Германией ранее велись военные действия. - Это не имеет значения! Чем вызывают ваши возражения? Эта страна уже совершенно другая! Кому вообще поручено проверять вашу работу? Вы прямо выражаете политическую ограниченность, недоразвитие нравственных качеств! Вопросы будут рассмотрены соответствующим образом… За мою предоставленную информацию мне было оплачено вознаграждение в размере двух рублей. Я надеялся получить больше — три рубля.'",35.0
15,15,"'В этой повести отсутствуют саванны идеальных героев, абсолютные злодеи прикрываются лишь масками добродетели... Здесь нет ни ангельских персонажей, ни демонических. Искренние люди в реальной жизни таковы, как облака - скрыты, но всегда на виду. Около десяти лет я проникаю в души...\n\nОдин критик заметил мне: \n- В твоих персонажах преобладает аморальность. Если человек совершает плохое, то сюжет должен его либо увлечь в пучину вины, либо наказать... Но у тебя поступки кажутся естественными, как природные явления зимы или весны.\n- Почему ты считаешь всех моих персонажей плохими людьми? - спросил я. - Приведите пример такого поступка.\nКритик бросал мне взгляд, как бы разговаривая с человеком, запертым в клетке, оправдывающим своё поведение...\n\nУже долгое время я не делю людей на добрых и злых. Более того, я сомневаюсь, что каждое преступление обязательно вызывает чувство вины, а каждый героический поступок приносит счастье. Человек - это именно таким, каким он воспринимает самого себя. Его сильные стороны и недостатки раскрываются в жизни... '",23.0
16,16,"'Описывают Благодатное как ничем не примечательное: известный бородинский дом обыденный, с даже ощутимым недостатком – одна сторона значительно переделана после пожара, а сад обычный, старый, тенистый – такие сады в России встречаются часто; поля просторные, лес хороший, тем не менее и это обычное явление. Жители жесткие: живут бедно, земли мало, ранее переселялись, потом возвращались обратно, а во время событий, хотя дом не был поджжен и лошадей не лишили зрения, как случилось у соседа Бессонова, ходили слухи о намерении сжечь дом, уничтожить имущество и захватить бородинские земли. Когда говорили об аномалиях Петра Николаевича, рассказывали о чём-то поверхненормальном, что стыдно повторить. В конечном счете всех просили избегать посещений Благодатного независимо от обстоятельств: место неблагоприятное. Заботливый доброжелатель рекомендовал Александре Павловне обратиться с жалобой к губернатору, но она категорически отказывалась выслушивать подобные предложения. По её мнению, слухи полностью безосновательны и поднимать этот вопрос лишь бы перенести вину на другого человека. К тому же обсуждения слабо текут сами по себе – ведь люди умнее, чем кажется в первый взгляд.'",32.0
17,17,"'Все дети были здоровы и непобедимы, несмотря на множество приключений, которые они смело поднимали над головой: поедая снег как солнце, ныряв в прохладные летощетки зимой, поглатывая огромных мух для заражения и избегания школы, а также поедая сухие грибочки покрытые плесенью, соблюдая старые рецепты бабушек — как лекарство от страха во время грозы. Они регулярно купались в расселинах. Все эти необычные действия никак не сказывались на их здоровье. Женя, однако, выделялся из толпы. После перенесенных Колей скарлатины и кори — заболеваний, которые сам он заразился, Женя заразился дифтеритом и временно потерял зрение. Спустя время его способность видеть вернулась, однако регулярно возникали сильные головные боли, ощущаемые преимущественно между брови и в области висков. Когда начиналась боль, Женя рыдал, будто страдая от непомерной тоски, почти непрерывно издавая звуки, похожие на стоны. По ночам спящий мальчик совершал странные действия: выходил на крыши зданий, передвигался по карнизам как безнадёжно увлечённый капитан, иногда доходя до краёв. В детстве, когда случались приступы, ребенка укладывали рядом с мощами святых, а в доме у Вареньки находился особый иконостас — бархатные варежки и шапочка, соприкасавшиеся с этими святыми останками, которыми протирали лицо мальчика. Иногда девочку Прасковью отправляли в Боголюбовский монастырь к священнику-отшельнику отцу Глебу молиться об избавлении от страданий, после чего наблюдалось некоторое облегчение состояния. У Жени взгляд часто выглядел печальным, он редко участвовал в драках, но если его разозлить, действовал решительно как бы начинающий бурю.'",13.0
18,18,"'До рождения Вавилена Татарского прошло многие исторические события, в том числе победа одного цвета над другим. В результате он принадлежал ко поколению, известному как «П». Когда ему объяснили, что будет копирайтером, он был бы шокирован до такой степени, что случайно пролил бы сок Певзи-кола на жаркий песок пляжа. Издавна дети мечтали стать пожарными или врачами, а понятие «дизайнер» воспринималось как загадочное заимствование, временно осевшее в русском языке до тех пор, пока ситуация не ухудшилась международными отношениями. В то время русский язык и каждый день были полны необычных событий и непонятных вещей. Например, имя «Вавилен», данное отцом Татарскому, казалось очень необычным. Оно было создано путем слияния фамилий писателя Василия Аксёнова и политического деятеля Владимира Ленина. Отец Татарского возможно представлял себя энтузиастом идей Ленина, осознававшим важность свободной любви благодаря произведениям Аксёнова, или эстетом и поклонником джаза, внезапно убеждающимся в неизбежности победы коммунистического строя после прослушивания длинной мелодии, исполненной на саксофоне. Исповедующие аналогичные идеи были не только родители Татарского: большинство советских людей того времени славились созданием жанра любительской песни и запуском в космос первого спутника Земли, символизировавшего собой несостоявшийся будущий. Сам Татарский чувствовал себя неуверенно из-за своего имени и предпочитал называться окружающим Владимиром. Позже он начал обманывать своих друзей в происхождении имени, говоря, что отец дал ему имя из-за увлечения восточными учениями и стремился указать на связь сына с городом Вавилоном, знания и мудрость которого он должен был перенять. Слияние же имен Аксёнов и Ленин произошло из-за заинтересованности отца философией, согласно которой считалось необходимым объединить противоположные идеи. Хотя эта версия звучала очень интересно, Татарский без труда обменял паспорт на имя Вавилен на новый документ с именем Владимир.'",37.0
19,19,"""На Тверском бульваре наступило зимнее пышье преображение - улицы увеселялись снежными лесами и ветровыми хорами, а воздух был заполнен дымкой горящих пепелищ. На лавочках сидели такие же пожилые женщины, неподвижно ожидающие; сверху, среди голых чёрных деревьев, лучок солнца проникал в морозный мир, как красное сердце в холодном теле. Однако настоящая зима была приходом тёмного мутного тумана, погружающего весь город в неопределённость и мрачную сомненье. Ветер дул сильнее обычного, как буря по льду, сносившая все на своем пути - ощущение страшной одиночести, когда ты один перед лицом стихии. Статуя Пушкина выглядела более грустной, чем обычно; вероятно из-за того, что на ней висел красный фартук с надписью: «Да здравствует первая годовщина революции». Слова 'революция' и 'годовщину' выглядели как будто сшиты из одиноких суглобов, в которых не было смысла и нет эмоций. А наступающие сумерки только усиливали это ощущение пустоты. Из-за плотной снежной завесы едва различимым оставался Страстной монастырь. Перед зданием монастыря находились две грузовые машины с открытыми кузовами, покрытые яркой красной тканью; рядом собралась группа людей, слышался голос выступающего человека, отдельные слова которого звучали неразборчиво, однако общий смысл речи легко воспринимался благодаря чёткому произношению звуков «р» в словах «пролетариат» и «террор». Рядом со мной прошли двое солдат, находящихся в состоянии алкогольного опьянения, за спиной каждого из них покачивались винтовки со штыком. Один из солдат задержал на мне пристальный взгляд, притормозил шаг и приготовился заговорить; к счастью, его товарищ потянул его за одежду, и они продолжили путь дальше.""",37.5
20,20,"'В этот период дверь открылась, и Вощев увидел косаря, работающего ночью с чайником для группы рабочих: вода закипела на колокольной плите, которую растопили во дворе общежития; ночной период отдыха закончился, пришло время утреннего завтрака перед началом трудового дня... Старые деревянные сельские часы висели на стене и непреклонно работали благодаря силе тяжести маятника; механизм часов был оберткой цветка, намеренного успокоить сердце любого человека, смотрящего на него. Рабочие сели themselves по бокам длинного стола, косарь, исполняющий обязанности повара в общежитии, разрезал хлеб и дал каждому кусок, дополнительно раздав небольшую кусочку вчерашнего холодного мяса. Рабочие приступили к еде серьёзно, воспринимая пищу как ненужное действие, не испытывая удовольствия от приема пищи. Несмотря на осознание смысла жизни, что является условием абсолютного счастья, их лица казались тусклыми и истощёнными, вместо удовлетворения жизнью они испытывали утомление. Вощев наблюдал за этими печальными людьми, способными сдерживать гордыню и строго помнить о правде, и чувствовал некоторую надежду и страх потери; он уже был доволен тем фактом, что правда существует в сознании близкого ему человека, недавно говорившего с ним. — Пойдем вместе поедим! — пригласили Вощева рабочие. Вощев поднялся и, ещё не уверенный окончательно в том, что окружающий мир существует, направился к столу, чувствуя неловкость и тревогу.'",32.86
21,21,"'Машинист-подмастерье внимательно наблюдал, как Захар Павлович умело чистит котлы локомотивов, делавшиеся руками его методичными и осторожными, но ни разу не хвалил его. Учитель понимал, что работа машин зависит больше от внутренних свойств материалов и физических законов, нежели от знаний или мастерства человека; участие человека минимально. Природные ресурсы, энергия и материалы позволяют людям достигать успеха, даже в случаях, когда усилия незначительны. Неквалифицированный работник способен зажигать огонь в котлах, после чего двигатель займет ход самостоятельно, а работник останется лишь свидетелем событий. В случае дальнейшего упрощения эксплуатации техники люди потеряют свою ценность из-за ненадёжности достигнутых результатов и станут бесполезны, как коррозия металлов. Локомотивам же предстоит заменить людей и получить свободу в работе. Тем не менее учитель критиковал Захара Павловича реже других машинистов, потому что последний работает осторожно и скромно, без грубости или небрежности. Однажды после долгой беседы с сослуживцем Захар-Подмастерье набрался смелости и спросил своего учителя: – Разрешите узнать ваше мнение: почему люди столь посредственны, а каждая машина обладает выдающимися характеристиками? На вопрос этот учитель отвечал напряженно, потому что считал свою привязанность к локомотивам исключительно личным чувством. Про себя учитель думал: «Вот ещё один неопытный работник появился... зачем ему нужно изучать технику?» Оба стояли рядом с локомотивом, двигатели которого разогревались для предстоящего ночного скорого рейса. Несколько минут учитель внимательно изучал машину, испытывая привычное удовольствие. Локомотив был величественным, горящим, внушающим ощущение гармонии и величия. У учителя возникло чувство восторга, которое побуждало к движению. Ворота депо открывались наружу, позволяя видеть летний вечерний пейзаж, ассоциировавшийся с наступлением будущего, возможностью вновь ощутить ветер и скорость на железнодорожных путях, испытать волнение ночью вместе с тихим равномерным шумом искусной машины. Учитель неозабощенно сжал кулаки, ощущая прилив жизненных сил, который напоминает юность и предвосхищение будущих достижений. Он перестал воспринимать Захара Павловича как неопытного работника и заговорил с ним, как со своим братом: – Работа помогла тебе приобрести опыт и знания. Но человек бесполезен... Дома лежит и ничего полезного не делает... А взгляни хотя бы на птиц...} '",31.25
22,22,"'В городе Федор-Кузьмичске, свирепых семи холмов царствующем, лежит край земли незнакомой и обширной, окруженный полями бескрайними и полей неисследованных. Леса густые лежат на севере, как заслон вертикальный от валежника, ветви деревьев переплетённые, мешают проходу людскому, кустарники цепляются за одежду, а ветви сбрасывают головные уборы. По старожильческим преданиям, здесь обитает мифическое существо называемое кысь. Оно сидит на ветках деревьев и издает странные звуки: кы-ысь! кы-ысь!, однако увидеть его невозможно. Когда человек попадается под атаку этого существа, оно захлебывает его в лобовой резонатор и разрывает важнейший кровеносный сосуд, приводя к утрате сознания человеком. Вернувшись домой, пострадавший больше не является тем самым человеком, его взгляд становится безразумным, он двигается хаотично, как сонный сон-в-жизни. Родственники приводят такого человека домой, иногда ради развлечения ставят перед ним пустую тарелку и вручают ложку, имитируя прием пищи; потерпевший совершает механические движения, якобы принимая пищу, хотя тарелки пусты, родственники смеются над этим зрелищем. Самостоятельно больной человек не способен ни заботиться о себе, ни соблюдать гигиену, нуждаясь в постоянном уходе. Некоторые заботливые супруги или родители отводят его в специальное помещение, а если уход отсутствует, он умирает от разрыва мочевого пузыря. Таким образом действует кысь. Иногда оно захлебывается и нападает на людей на западном пути. Хотя кажется, что там имеется едва заметная дорожка, похожая на тропинку, ведет прочь от города. Человек движется вперед, город постепенно исчезает из виду, легкие дуновения ветра приносят приятные ощущения, создается впечатление благополучия, но неожиданно возникает чувство растерянности: человек останавливается, задумываясь о цели своего путешествия, задается вопросом, зачем туда нужно идти, ведь он уже знаком с местностью впереди, и вряд ли там будет лучше. Возникает острое ощущение собственной беспомощности, тоски. Размышляя, человек вспоминает свою дом, возможно оплакивающую хозяйку, домашних куриц, тепло натопленной печи, уют домашней обстановки. Тоска усиливается, он чувствует себя потерянным и одиноким. Наконец, плевок заставляет его вернуться назад, иногда он даже бежит, испытывая облегчение при виде родных предметов издалека, и слезы текут непроизвольно. Действительно, настолько сильно, что капли катятся до самого подбородка.'",29.57
23,23,"'Та, Александра Эрнестовна, твои глаза имитируют расцветущую розу: смуглые контуры лица в одном кадре, голова отклоняется назад и улыбается, демонстрируя зубы прекрасной формы, еще одна фотография изображает твое раздраженное лицо, а рука твоя свисает на затылке так, что подвешивающиеся украшения неохотно склоняются от локтя. Я привлекается к обыденной жизнью тебя, прошедшей незамеченной и короткой юностью, покинувшими твою жизнь бывшими женихами и мужем, сменяющими друг друга как сезонные изменения. Я буду приносить тебе молоко и морковь, которые лечат глаза, и я прошу, чтобы ты распахнула старые альбомы из темно-коричневого бархата, чтобы вспомнить о прекрасных девушках-студентах, мужчинах средних лет с бородами и усами, улыбающемся смелом человеке по имени Иван Николаевич. Нет нужды беспокоиться, что фотография не может тебя видеть. Решение было принято давно, а теперь оно окончательно закреплено. Сними свою руку и почесай фотографию Ивана Николаевича, она хрупкая, прохладная, слегка блестящая, крышка изготовлена из тонкого слоя золота, бумага несколько желтела. Послушай меня внимательно, я знаю: она готова отправиться к своему любимому человеку, не колеблясь окончательно, встречай её, где бы ты ни находился сейчас?'",32.65
24,24,"'Он погрузился лицом в сено, которое превратилось в прах под его щекой, и зажал зубы от раздражения, потому что оказался несчастливым. Ляжет неподвижно, надеясь, что опасность уйдет сама собой, хотя осознавал неизбежную неудачу. Температура росла, было жарко и влажно, пот струился в глазах, и лишь после этого Рэдрик громко предупредил Арчибальда: «Лежи до конца! Выноси!» Сам тоже терпеливо ожидал дальнейшего развития событий. Возможно, ситуация разрешилась бы относительно удачно, без существенных последствий, однако первым сдался Арчибальд. Вероятно, он либо не услышал предупреждения Рэдрика, либо настолько испугался, что позабыл о своих правилах поведения, либо внезапно ощутил ещё большую боль, нежели Рэдрик. В результате он потерял способность контролировать себя и необдуманно бросился вперёд, пригнувшись и издав нечленораздельный звук, движимый примитивным инстинктом самосохранения — назад, хотя именно там находиться было крайне опасно. Рэдрику удалось быстро подняться и схватить его за ногу двумя руками, вследствие чего Арчибальд всей массой тела ударился о поверхность земли, поднял облако пыли, крикнул страшным голосом и резко пнул Рэдрика другой ногой прямо в лицо, начал беспорядочно извиваться и брыкаться. Несмотря на мучительную боль, Рэдрик накрыл его своим телом, прижавшись к коже одежды, пытаясь физически подавить сопротивление противника, удерживая рукой дергающуюся голову и хаотично бил ногами и коленями по земле, телу и конечностям Арчибальда. Нечётко различая звуки дыхания и слабого стенания снизу, Рэдрик бессвязно произнёс сквозь сдавленное дыхание: «Лежи тайно, негришье, иначе я убью...», ощущая сверху давление множества горячих пятен, которые воспламеняли его одежду, треск кожи на поверхности конечностей и туловища, пузырящейся и разрывающейся от жара. Уложив своё лицо в серую пыль, судорожно придавливая грудь к голове другого человека, он больше не мог сдерживать эмоции и издал громкий протяжный крик.'",34.27
25,25,"'Желаю лично узнать последний исход этого драматического сценария. Десятилетия назад я полностью конфидентен в результате. Существовала непреодолимая граница, защищавшая область опасности протяженностью пятьдесят километров. Здесь находились только ученые и военные. Опасная зона на моей планете должна была быть безопасно блокирована. Много людей разделяли мою точку зрения, и звучали выступления и голоса защитников. Теперь невозможно вспомнить, как утратилась моя твёрдая уверенность. Оба аргумента имеют право на существование. Вероятно, процесс начался, когда первые «сталкеры» принесли из опасной зоны необычные предметы, известные как батареи. Получено убедительное доказательство того, что данная территория представляла собой не опасность, а кладезь ценных ресурсов. Никто по-настоящему не понимает природу этой области. Люди используют эти ресурсы постепенно. Уже десять лет продолжаются исследования, затрачены большие деньги, однако эффективная система добычи ресурсов пока не создана. Каждый человек ведёт свою собственную коммерческую деятельность, а учёные авторитетно говорят: учитывая определённые аспекты, следует принять одну позицию, одновременно признавая обоснованность противоположной точки зрения, потому что конкретный объект после воздействия рентгеновского излучения под заданным углом испускает квазитепловые электроны. Это не важно. Всё равно я не ожидаю достичь конца этой ситуации.'",29.54
26,26,"""В дневном свете возникли трудности: связь интернета прекратилась. Уставший Матвей сел на компьютерный стул и случайно коснулся клавиш клавиатуры, открыв неприятное сообщение - соединение отсутствует. Позвонив своему интернет-поставщику, он получил следующий ответ: 'На магистральной линии произошла авария. Возможно, неисправность будет устранёна около двадцати четырёх часов.' Матвей внимательно осматривал изображение на экране своего компьютера, пытаясь понять серьёзность ситуации. Это был крупный удар! В течение двадцати четырёх часов доступ к интернету отсутствует. Это ужасно! Перед собой оставалось много свободного времени до начала занятий в школе – примерно четыре часа. За это время он мог бы поиграться онлайн с друзьями в какую-либо игру или провести время на своём любимом игровом сервере Minecraft. Разумеется, мобильный телефон также имеет выход в сеть, однако качество связи недостаточно хорошее для полноценного игрового процесса. Для этого необходимы высокая четкость графики и качественный звук, которые призывают реакцию соседей. Огорчённый происходящим, Матвей направился в кухню, осев на стуле возле барной стойки, положил руки на лицо и тяжело выдохнул. День был испорчен. Его мать, напротив, энергично ходила по кухне в домашних туфлях – перемещаясь между холодильником, столом, плитой, кофеваркой и обратно. Наблюдая за этими движениями, Матвей испытывал раздражение. 'Мне нужен сок и тост,' произнёс он хмурым голосом. Взглянув в сторону стула, мама быстро поцеловала голова сына: 'Доброе утро, мой огорчённый мальчик!' Матвей резко повернул голову, демонстрируя недовольство. Почему она постоянно проявляет чрезмерную заботливость? Она прекрасно осведомлена, что он испытывает неприязнь ко всей этой сентиментальности. Ведь он не девочка.""",29.0
27,27,"'Открыв дверь салона, Лену поразило вид студентки Марины, затянутой в рабочую халат. Ее ноги потеряли силу. Снова она ошиблась: жила она по графику пятницы, а остальные верили, что сейчас среда. Эта путаница кошмарной ночи лишила Лену работы на этот день и заработка. Уборка в салоне выполнялась Мариной, а Лену делегировали эту работу по вторникам и пятницам. Пришедшая вовремя Лена не узнала о своей ошибке до тех пор, пока парикмахерша не рассказала ей об этом. Она казалась наводненной туманом, в котором ничего не было по-своему. Кажется, как будто она застряла в бессмысленном мире, где все идет не так, как положено. Но когда это конечно? Испугавшись от постоянных путаниц и неспособности разобраться во всем этом суматохе, Лену казалось, что она спится в кошмаре. Спросив парикмахершу о том, когда её смена наступает, она громко закричала: «Сегодня это моя смена! Именно сейчас!». Парикмахерша старалась ответить ей, что все в порядке, но Лену было трудно поверить ей. Её нервы постоянно накалялись из-за раздражающей путаницы вокруг. Она казалось заполоненой туманом, в котором ничего не было по-своему. Кажется, как будто она спится в кошмаре, но когда это прекратится? Спросив парикмахершу о том, когда её смена наступает, она громко закричала: «Сегодня это моя смена! Именно сейчас!». Парикмахерша старалась ответить ей, что все в порядке, но Лену было трудно поверить ей. Её нервы постоянно накалялись из-за раздражающей путаницы вокруг. Она казалась заполоненой туманом, в котором ничего не было по-своему. Кажется, как будто она спится в кошмаре, но когда это прекратится? Спросив парикмахершу о том, когда её смена наступает, она громко закричала: «Сегодня это моя смена! Именно сейчас!». Парикмахерша старалась ответить ей, что все в порядке, но Лену было трудно поверить ей. Её нервы постоянно накалялись из-за раздражающей путаницы вокруг. Она казалось заполоненой туманом, в котором ничего не было по-своему. Кажется, как будто она спится в кошмаре, но когда это прекратится? Спросив парикмахершу о том, когда её смена наступает, она громко закричала: «Сегодня это моя смена! Именно сейчас!». Парикмахерша старалась ответить ей, что все в порядке, но Лену было трудно поверить ей. Её нервы постоянно накалялись из-за раздражающей путаницы вокруг. Она казалась заполоненой туманом, в котором ничего не было по-своему. Кажется, как будто она спится в кошмаре, но когда это прекратится?'",27.0
28,28,"'Артем медленно вышел из теней вокруг огня, вращая оружие со спины на грудь и двигался в глубину тьмы. Остановившись у границы освещённой зоны, он закричал громким голосом: «Покажи себя! СпойLOBОТА!» Из темноты, где несколько минут назад слышались необычные звуки и мuffled voices, вздохнули быстрые и частые шаги. Кто-то поспешно удалялся глубже в туннель, испуганный резким голосом Артема и звуками его оружия. Артем сразу же вернулся обратно к костру и сказал Петру Андреевичу: «Нет, мне кажется, это вовсе не человек... Звуки были очень необычными... И шаги звучали совсем иначе. Разве я не способен отличить человеческие шаги? К тому же, если бы это была чудовищная тварь, разве она когда-нибудь раньше так бежала? Ведь вы сами прекрасно осведомлены, Пётр Андреевич, что в последнее время монстры не скрываются — они атакуют открыто и часто без оружия!» «Хватит размышлять, Артем! Тебе говорили: если человек не покажется, нужно немедленно стрелять! Что тебя знает об этом человеке? Возможно, это был шпион противника. Он видел, что мы слабы и теперь может организовать нападение большими силами... Вероятно, скоро мы будем убиты противником, подобно случаю на станции Полежаевская!» Артем ощутил беспокойство, мысленно представляя себе пространство туннеля после отметки семьсот метров. Даже подумать о посещении этого участка было страшно. Никто ранее не решался заходить дальше седьмой сотни метров на север. Патруль регулярно проезжал до пятисотой отметки, проверял границу фонариком и убедившись, что никаких угроз не обнаружено, быстро возвращался. Разведывательные группы, состоящие из крепких мужчин, бывших морских пехотинцев, также ограничивались шестьюстами восемьюдесятными метрами. Они скрывали сигареты в руках и напряжённо наблюдали через приборы ночного видения. Затем осторожно и бесшумно отходили обратно, внимательно следя за туннелем и никогда не поворачиваясь к нему спиной.'",29.54
29,29,"'В пределах Третьего транспортного кольца движется миллион автомобилей, дневной свет проникает через освещённые фары, прах от колёс висит в воздухе, люди выходят из подземных переходов, город кажется живым. Илья испытывает желание прикоснуться ко всему вокруг, провести рукой по предметам, окружающим его. Уже седьмой год он мечтал ощутить сближение со столицей. — Я должен добраться до Лобни. — Внешний вид электричек сильно изменился. Раньше он видел грязные зелёные вагоны с испорченными окнами, нарисованные надписи на стенах, деревянные общие лавки, пол был покрыт шелухой семян подсолнуха, пролившееся пиво долго высыхало, везде ощущался запах пива. Теперь же появились чистые белоснежные составы с жёлтыми полосами вдоль бортов, внутри установлены комфортные кресла для каждого пассажира отдельно. Люди стали держаться под контролем, аккуратнее выглядят благодаря новым поездам. — Ты не хочешь ли с мной посетить холодное шоу с участием Навки? — Спросила одна женщина другую. — В прошлый раз мне понравилось, зрелище было удивительным. — Возможно, и пойду либо там. Ведь сама Навка вышла замуж за этого человека с бородами, помощника президента Путина. Мужчина симпатичный, внушительный, эффектный, — ответила другая женщина, выглядящая значительно старше первой и накрасившаяся поверх утомлённого лица. — Нет уж, — возразила первая собеседница. — Она могла найти кого-нибудь лучше. Мне больше нравится Сергей Лавров. Лавров — замечательный человек. Я бы предпочла пойти куда-либо именно с ним. Лавров гораздо решительнее вашего бородыша. Илья следил за разговором, но не мог разобраться в сути беседы. Электричка задерживалась. У него возникло желание съесть чебуреки рядом с вокзалом, однако он отказался это делать из-за высокой стоимости продуктов здесь по сравнению с той суммой, которую ему предоставляли для транспортных расходов. Зачем тратить деньги на перекус, когда скоро он сможет съесть горячие домашние щи матери? Он страстно хотел провести эти щи трёхдневной давности, добавив немного сметаны сверху, измельчив сухарик хлеба прямо в тарелку, как делал в детстве после примера своего деда. Затем размочить кусочки хлебной корочки в супе, но оставить их слегка твёрдыми, вдохнуть аромат блюда и осторожно положить горячую ложку в рот.'",30.97
30,30,"'Целью здесь является оживление научной дискуссии, создавая образную атмосферу в помещении, полном листов бумаги. На столе кресло, перед которым сидит Алексей Кириллович с книгой и чашкой на столике. Ему кажется, что кошка, которая присаживается на диване, напоминает мудрого советника, который умеет давать ответы на все вопросы: начинается вечерние исследования. Обычное понедельник, когда Алексей Кириллович занимается работой с числом. Но сегодня кажется что-то не так. Он разочарован тем, что Юрковский излагает то, что он и сам знает. Почему так? Это просто повторный запуск двигателя машины, которая уже давно отработала. Или это попытка скрыть недостатки в исследовании? Алексей Кириллович размышляет и читает, проглощая кусочек хлеба, который он берет из ящика на столе. Он пытается услышать голос совести кошки, но она закрыла глаза и спится. И тут вдруг Алексей Кириллович понимает, что необходимо найти новые подходы, выйти за рамки уже известных методов, чтобы достичь цели. Он взглянул на книгу и почувствовал, что это будет длинный путь к вершине. Но он снова начал пролистывать листы: теперь это уже новое исследование, новая страница истории.'",21.86
31,31,"'Выходит участник из тени: грозная фигура, облитая потом, с широкими плечами и крепким костяком. Одежда сбрасывается, перчатки надеваются, нос вытирается. Мы предрекали такую картину событий - Погода Сиволай снимает свой чёрный капут, разбрасывает меховую шапку, развязывает парчистую подбороду, незначайшее движение рукой, обёрнутой красной ленточкой, смотрит мне в глаза и выходит на арену. В кулачных боях Погода значительно превосходит соперника. Рост невысокий, но фигура мощная, постюрье сильный, ловкий и проворный. Ударить по лицу Покоя непросто, но получить удар от него легко. Смотрит Погода на своего противника с злобным взглядом, караулится, двигает шёлковым ремнём: – Приготовены вы к поражению? – Лениво хвастаться до начала битвы! Оппоненты обходят круг, оценивая друг друга. Несмотря на различия в виде, положении и принадлежности различным классам, обе этих фигуры - русские, решительные и неустрашимые. На площадке для боя собирается тысяча глаз, словно щиты, которые закрывают нас от холода зимы. Среди них - работник скотного двора и Погода Сиволай, повелитель арены. Улыбаясь, Погода подмигивает работнику, напрягая мышцы рук. Работник не сдержался, бросился первым ударом тяжёлого кулака. Наклоняется Погода, одновременно бьёт работника в живот резким движением. Тот вскрикнул, но терпит боль. Погода вновь кружится вокруг, делает плавные движения руками, насмешливо подмигивает, высовывает язык. Работник игнорирует подобные манёвры, тяжело дышит и вновь замахивается кулаком. Однако Погода опережает его - левый удар в скулу, правый по грудной клетке - хруст! хруст! Рёбра ломаются. Тяжёлого удара вновь избежал. Громко кричит работник скотного двора, машет большими кулаками, теряет перчатку. Безрезультатно: снова получает удары в область живота и носа – резко! Крупный сильный мужчина отступает назад и теряет равновесие. Скрещивает пальцы обеих рук, громко рычит, разрезает холодный воздух движениями тела. Напрасно: бах! бах! бах! Быстро работает рука Погоды: теперь уже и лицо рабочего залито кровью, один глаз заплыл, нос течёт кровяной жидкостью. Брызги ярко-красной жидкости летят, блестят в лучах зимнего солнца, падают на плотно утрамбованный снег.'",25.98
32,32,"'Здравствуйте, Алёна, моя созревшая дочь. Я уверен, что ключевым в жизни является чувство любви. В то же время, почему мне пришлось пережить столь тяжелые испытания, ведь я сильно полюбила свою дочь! Очень сильно полюбила Андрея! \n\nСейчас моя жизнь заканчивается, несмотря на то, что я выгляжу моложе женщин своего возраста. Внезапно встретившийся незнакомый мужчина принял меня сзади за молодую девушку, когда спросил дорогу: «Девица, извините, сообщите, пожалуйста, как добраться туда-то?» Мужчина был грязным и впотевшим, вероятно имел деньги и смотрел дружелюбно, говоря, что гостиницы уже заполнены. Мы с вами знакомы! Желаем остановиться здесь за небольшой подарком – пол-килограмма сафьянов. И еще просят дополнительные услуги, такие как кипячение чая, стирка постельного белья и запирание двери, чтобы их не беспокоили просьбы. У меня все сразу ясно в голове, как будто я шахматистка. Я поэтесса. Некоторые люди предпочитают термин «поэтесса», но поэтами зовут себя и другие авторы, похожие на меня по имени: одна носит имя Анна Андреевна, другая также Анна, но отчество отличается – Андриановна. Во время редких выступлений прошу называть себя именно так: поэтесса Анна — далее фамилию моего супруга. Дети внимательно слушают мои выступления. Мне известно отношение детей ко взрослым. Мой сын Тимофей сопровождает меня повсюду, сидит рядом со сценой, никогда не в зрительском зале. Иногда у него проявляется нервный тик. Я улыбаюсь и нежно поглаживаю голову Тима, произнося фразу из известного детского произведения: «Мы с Тамарой ходим парой». Однако некоторые глупые организаторы воспринимают это серьёзно и предлагают: «Пусть Тамара посмотрит выступление из зала», не понимая, что это строка из стиха Агнии Барто.'",31.25
33,33,"'В далекие времена, когда я родила двоих детей за два года, произошло моё последнее неудачное решение в выборе человека. Я была молодой женщиной на грани созревания, с короткой стрижкой и худощавой фигурой, когда я оказалась в археологической экспедиции, где мы совершали многие бесстыдные поступки. Началось это все как-будто из загадки: мы с ребёнком рассматривали ржавый осколок за камнем, а он, удивившись нашей странной деятельности, спросил: «Мальчики, что вы здесь делаете?» Когда я взглянула на него, он понял что я женщина, очень похожая на мальчика и оказался вовсе не разочарован. Таким образом началась наша история, счастье, которое длилось не только в дневное время, но и в тёмные ночи, когда я работала поэтом после педагогического института и была уволена из газеты, где раньше трудилась журналистом, из-за романа с женатым художником, у которого уже было трое детей, которых я мечтала воспитывать сама, неудачная женщина! Жена художника быстро появилась и сообщила мне, что мне должно быть стыдно, ссылаясь на главного редактора. После этого ей дали ранее обещанную трёхкомнатную квартиру, потому что до этого они жили вместе с матерью его супруга в одной комнате, тогда как я предоставляла место для работы своему любовнику, несмотря на протесты матери, резко осуждавшей это как старомодное поведение. Затем, потеряв работу в газете, я отправилась добровольцем в археологическую экспедицию, результатом которой стали мои дети Андрей и Алёна, теперь снова живущие вместе в одной комнате вместе со стойкой матерью. Мы прожили некоторое время, осознавая реальную ситуацию, пока муж переживает болезненный бракоразводный процесс в городе Куйбышеве. Его жена приехала посмотреть на меня, точнее говоря, она стояла у двери, когда он открыл её, и увидела жену с подростком-пятнадцатилетним сыном, хотела обсудить важный вопрос.'",23.81
34,34,"'Длиною трех суток продолжалось наступление, а начало его было неопределенным. Всё дне впереди слышался пушечный бой, наши колонны периодически останавливались, направляя разведывательные группы во все стороны. И мы испытывали особую радость, увидев пехотинцев, вышедших из леса, которых не видели несколько дней. Оказалось, что двигаясь с северного направления, наша группа объединилась с подразделами, прибывающими с южного. Волны пехоты поочерёдно подходили и исчезали между небольшими лесочками и возвышенностями. Их появление свидетельствовало о завершении преследования врага, поскольку противник приостановил отступление и готовился к бою. Наша разведывательная группа должна была выявить маршрут продвижения одного из подразделений пехоты и обеспечить ее защиту фланга. Во время выполнения задания мы столкнулись с кавалерийским патрулем, получившим аналогичную задачу. У офицера-драгуна был разорван сапог — результат попадания вражеской копья днем ранее, однако он получил лишь незначительное ранение, тогда как погибло около восьми немецких солдат. Быстро определив местонахождение противника после нескольких пробных маневров и последующего обстрела, мы спокойно двинулись дальше, размышляя о предстоящем пути: картофеле и чае. Однако, едва мы покинули лесной массив и дозорный взобрался на возвышение, прозвучал выстрел с противоположной стороны возвышенности. Вернувшись обратно в лес, мы заметили полную тишину. Когда дозорный снова появился над гребнем, последовал еще один выстрел, и на этот раз пуля задела ухо лошади. Спешившись, мы расположились на краю леса и начали наблюдение. Постепенно с вершины соседнего холма появилась немецкая военная каска, затем фигура всадника, которого я смог подробно рассмотреть в бинокль благодаря характерному светлому цвету его усов. Солдаты шепотом произносили: «Вот он, вот он». Однако офицер решил дождаться появления большего числа врагов, считая бессмысленным вести огонь по одиночному солдату. Мы держали цель на мушке, внимательно изучая ее в оптическом приборе и размышляя о судьбе наблюдаемого человека.'",27.5
35,35,"'Одесса представляет собой город-парадокс для северянина. Этот порт напоминает иноземный город, подвластный русскому влиянию благодаря стараниям администраторов. Сюда приезжают коммивояжёры, воспитанные и культивированные, которые собираются в заполненных их духами кафе по улице Дерибасовской, где атмосфера напоминает парижский бульвар Сен-Мишель. Многие жители Одессы говорят с особой диалектом, отличающимся специфическими произношениями, неправильной формой падежных окончаний и необычными выражениями. Этот способ речи отражает психологию города: детскую веру в могущество ловкости и стремление добиться успеха любыми средствами. Когда я печатал визитные карточки в местной типографии, заметил свежевышедший выпуск одесской вечерней газеты, издаваемой здесь же. Открыв газету, обнаружил стихотворение Сергея Городецкого, которое отличалось изменением единственной строки и было опубликовано анонимно. Управляющий типографией сообщил, что стих был предоставлен начинающим поэтом, выдавшим произведение за своё творение. Безусловно, среди жителей Одессы немало безупречно честных и достойных уважения людей, причем не только с точки зрения северных стандартов. Однако эти граждане не определяют общую атмосферу. На Востоке возникли небольшие активные группы людей, которым принадлежит будущее. Эти группы представлены такими местами, как Порт-Саид, Смирна, Одесса. Вскоре мы отправились в плавание на корабле Добровольного флота «Тамбов». Волны, покрытые скверной гладью, расходились, двигаясь равномерно, под воздействием судна. Невидимый под водой винт работал настойчиво, а пены были небольшими и не заметными, кроме слабо заметной зеленоватой линии, которая следовала за судном. За ним устремлялись стаи дельфинов, иногда приближаясь вплотную и демонстрируя свои мокрые спины. Ночь была первой после выхода в открытое море. Небо освещало редко наблюдаемые звёзды, вода звучала громче обычного. Возможно ли, чтобы кто-либо никогда не видел моря? Отрок 12 числа — Константинополь. Перед нами предстал привычный пейзаж пролива Босфор, заливов, лодок с белоснежными парусами, где находятся улыбающиеся турки, домов, расположенных вдоль склонов побережья, окружённых кипарисовыми деревьями и цветами сирени, укреплений древности, башен и зубчатых стен замков, а также особого солнца Константинополя, яркого, но мягкого. Мимо нас проплывала флотилия военных кораблей европейских государств, направленная в Босфор на случай волнений. Флот неподвижно стоял серым пятном, символизируя угрозу многолюдному и живописному городу. Около восьми утра началась церемония исполнения национальных гимнов. Сначала раздался английский гимн, исполненный уверенно и горделиво, затем российский — торжественно и благочестиво, а испанская версия оказалась столь праздничной и яркой, что под нее хотелось танцевать.'",21.786135596491235
36,36,"'Моя верность лежит на тех людях, которые представляют себя другими, чем я бы их обычно видела, и здесь привожу мои причины такого доверия. Вначале, я наблюдала только один аспект его личности - тот, который казался лучшим, потому что я была внешним человеком, вероятно недостаточно понятным двадцатилетней женщиной иностранного происхождения; кроме того, я лично отметила значительное изменение в нём, когда мы вновь встретились в 1911 году. Его внешность стала более мрачной и истощённой. В течение следующего десятилетия я видела его очень редко, всего несколько раз. Несмотря на это, он отправлял мне письма весь зиму. То обстоятельство, что он писал стихи, он не сообщал. Теперь я осознаю, что именно моя способность интуитивно понимать мысли людей, проникать в сновидения окружающих и другие незначительные особенности привлекли его особое внимание, хотя близкие ко мне люди уже давно воспринимают такие способности как нечто обыденное. Он постоянно повторял фразу: «Мы общаемся». Нередко произносил также слова: «Только вы способны осуществить подобное». Возможно, мы тогда не были сознательны одного важного факта: события, происходившие между нами, являлись подготовительным этапом наших жизненных путей: его жизнь оказалась весьма короткой, моя же продолжилась намного дольше. Искусство еще не успело повлиять на наши судьбы, оставляя период свежести и лёгкости до рассвета. Однако будущее, которое неизбежно предшествует своей реальной явью появлением признаков, уже давало о себе знать: оно чувствовалось в тревожащих моментах сна, пугало образом ужасающего Парижа Бодлера, таящегося поблизости. Всё возвышенное в Амедео проявлялось едва заметно среди общего сумрачного фона. Его лицо напоминало изображение Антиноя, глаза ярко мерцали, он выглядел совершенно непохожим на всех остальных. Его голос сохранился в моей памяти навсегда. Я знала его нищим, оставалось неясным, благодаря чему он существует. В качестве художника он не получил даже минимального общественного одобрения.'",37.0
37,37,"'Моя встреча с градом города затмила меня, и я написала рассказ о этой встрече – как шторм, который несёт все перед собой, захватывая душу зрителя. Появились три сирены, пригласившие меня на банкет смерти. Писательство я понимала изначально скучно и непривлекательно, однако проза – это тайна, которую никто не заподозрит. Мои поэтические устремления были очевидны в самом начале пути, но писать прозу – это было как плавание без руля. Первый мой опыт написания прозы был высоко оценён окружающими, хотя сама я этому не доверяла. Я пригласила Зощенко посмотреть работу. Он сказал, что она напоминает «Три сирены», но нуждается в улучшении. Это вызвало мое удовлетворение. После ареста сына я уничтожила этот текст вместе с остальными материалами архива. Мои интересы включали художественное переводоведение, которое мне представилось как путь к загадке собственной сути. В период после войны я занималась переводом многих произведений, и теперь этот путь продолжается. В 1962 году я закончила создание поэмы «Поэма без героя», над которой я работала двадцать два года. Весной прошлого года, незадолго до юбилея Данте, я слышала итальянскую речь во время поездки в Рим и на Сицилию. Весной 1965 года я отправилась в Великобританию, откуда родом Шекспир: я ощущала английское небо и берег Атлантики как горячий дым, встречалась с давними знакомыми и обзавелась новыми приятелями, ещё раз побывала в Париже. Я продолжала создавать стихотворения, как будто рисую картину времени и новой жизни своего народа. Во время работы над стихами я ощущала ритмы, которые были характерны для выдающихся исторических событий своей родины. Мне повезло жить в такой исторический период и стать свидетелем исключительных событий.'",30.0
38,38,"'Мужчина внезапно задумался, женщина незамедлительно повернулась к нему с радостным улыбкой и приветственными словами: - Простой глядя на твою красоту, Степан Иванович? За этот вкусный развлекатель нужно платить. Поднись ближе. Давай мы поговорим немного. Мужчина зашел в холод и страх, но это скрылось под маской уверенности. Хотя женщина таинственная и могучая, однако она всего лишь половина человека. А мужчине нелегко проявить хладнокровие перед женщиной. Поэтому он ответил: - Нет времени на разговоры. Мы уже проспали достаточно и сейчас идем в поисках нужного растения. Женщина продолжала смеяться: - Оставь свою маску, Степан Иванович. Я говорю всерьез – поднись сюда, у меня есть важное дело. Мужчина понял, что нет другого выхода и подшел к женщине, а та приказала обойти камень с другой стороны. Мужчину встретили огромные количества разных видов ящериц: какие-то зеленые, другие голубые с фиолетовым оттенком, третьи напоминают глину или песчано-золотой порошок, есть прозрачные, как стекло или слюдяные пластины, другие тусклые, похожие на увядшую траву, а некоторые – красивые рисунки. Женщина продолжала смеяться: - Будь осторожнее, чтобы не раздавить моих помощников, Степан Иванович. Ты так крупный и тяжелый, а они совсем маленькие. Затем она хлопала в ладони, и ящерицы мгновенно расбежались, оставляя путь свободным. Мужчина подошел ближе, остановился, а женщина еще раз хлопала руками, произнеся смеясь: - Сейчас тебе не где шагнуть. Разрушишь моего помощника – придёт неприятность.'",29.8
39,39,"'Данило был неудачлив на заводе из-за слабости и был отправлен помощником пастуха. На новой работе, как всегда, Данило оказался неподходящим. Он был склонен к отвлекающимся минутам и допускал ошибки, что не походило на обязанности пастуха. Старый пастух был добрым человеком, но иногда сердился: «Что же получится из тебя, Данило? Сам погубишь свою жизнь и заставишь меня отвечать за твои промахи. Как такое допустимо? О чём думаешь вообще?» Данило ответил, как всегда: «Сам, дедушка, не понимаю… Я просто стоя и смотрю на мир вокруг себя. Ветра совершают танцы, а бабочки играют в игрушки. Словно поесть яд, но я ничего не чувствую.» Старый пастух смотрел на Данило и был ошеломлен его умом. «Не знаю, что думает твоя голова, ребята, но мне кажется, ты имеешь некоторое дарование. Попробуй применить его в своей работе,» сказал старик и пошел. Данило начал играть на рожке лучше старого пастуха. Песни были необыкновенны, звучали благородно, как ореховый горшок или лебедевский вопль. Женщины полюбили эти песни и стали помогать Данило. Одни чинили одежду, другие отрезали ткань на портянки, третьи шили новые рубашки. За едой разговора даже не возникало — каждая старалась угостить повкуснее и побольше. Пастух-старик также любил песни Данилы. Однако и тут случались неприятности. Начинал Данила играть музыку и забывал обо всём вокруг, словно коровы исчезли. Именно во время игры произошла беда.'",29.64
40,40,"'В дом зашёл большой рыжий пес с черной поперечной полоской по спине, который под глазами имел чёрные пятна, напоминающие овальные очки. С этими «очками» у него казалось, что он задавал вопрос: «Почему ты зовёшь меня, хозяин?». Антипыч особым образом взглянул на пес, и тот понял намерения человека - приглашать его для дружеского общения, развлечения, игры... Хвост котёнка начал шевелиться с энергией, постепенно опускаясь до уровня колен и нижней части туловища старика. Когда Антипыч только немного раскрутил руку, чтобы её почесать, собака внезапно приподнялась на лапах и начала лизать его различными частями лица: нос, щёки, губы. — «Хватит, хватит», — он закричал, успокаивая животное и снимая слюну рукавом. Затем он ласково провёл рукой по её голове и добавил: — «Достаточно, вернись обратно». Собака повернулась и вышла из дома. — Вот этот характерный пес - Травка, охотничья собака. Она достаточно одного знака, чтобы понять суть дела, в то время как вы, неразумные, задаёте вопросы типа: «Кто я?». Приезжайте сюда. Но если пропустите нужный момент, я расскажу обо всём Травке. Вскоре после смерти Антипыча началась Великая Отечественная война. Никто другой не занял должность сторожа, и жилище Антипыча оказалось заброшенным. Домик сильно износился, превзойдя возраст своего владельца, и поддерживался специальными подпорками. Однажды ветер разрушил постройку, она тут же рассыпалась подобно карточному домику, легко рушающемуся даже от слабого ветра ребёнка. За один год высокие стебли растения Иван-чая пробились сквозь древесные элементы строения, оставив от дома небольшой земляной бугор, покрытый алыми цветками. Собака Травка переехала в картофельно-хранилище и приспособилась вести жизнь животного в лесных условиях.'",30.0
41,41,"'Ползая по болоту, человек может пройти большое расстояние без замечания, что он среди зарослей дикой ягоды — весенней клюквы. Она ухаживается исключительно тщательно: тонкий стебель поднимается вертикально вверх, вдоль которого расположены небольшие зелёные листья, похожие на крылья благородного птичьего вида. На концах этих «крыльев» находятся мелкие чёрные ягоды, покрытые серым пухом. Летом брусника изобилует ярко-красными плодами и тёмно-зелёными листьями плотной структуры, сохраняющими цвет даже зимой; часто эти ягоды настолько многочисленны, что поверхность земли кажется окрашенной красным цветом. Голубика обладает крупными синими ягодами, растущими группами, а костяника — красновато-рубиновыми плодами, расположенными гроздьями. Однако среди всех болотных обитателей исключительно весенняя клюква вызывает особое внимание у заготовщиков ягод. Она скрывается между комочками почвы и практически незаметна снаружи до тех пор, пока на небольшом участке не скопится значительное количество ягод. Тогда сверху видно нечто вроде случайно разбросанных красных точек. Когда человек наклоняется, чтобы сорвать одну ягоду, он обнаруживает, что она соединена тонкой нитью с целой группой аналогичных плодов. Можно аккуратно извлечь из почвы длинную цепочку крупных ярко-красных ягод. Возможно, причина такой популярности клюквы заключается в её высокой стоимости весной, полезных свойствах и приятном вкусе напитка, приготовленного с добавлением этой ягоды. Но независимо от причины сборщики клюквы нередко проявляют чрезмерную алчность. Один раз старуха собрала столько ягод, что не смогла самостоятельно нести тяжёлую корзину домой, однако ей было жалко оставить собранное, и она оказалась в затруднительном положении рядом с полным сосудом. Другая ситуация возникает, когда две женщины одновременно находят богатые места сбора и, опасаясь конкуренции, пригибаются к земле и двигаются осторожно, стремясь собрать больше урожая, несмотря на риск оказаться друг напротив друга и вступить в конфликт.'",35.6482
42,42,"""Сюжет начинается с обычного прогулки по берегу, преображающегося в захватывающее расследование. Жительница Новой Зеландии Нейша Ринд вместе со своим десятилетним сыном Кеей отправляются на пляж Ocean Beach в городе-курорте Тайруа. Обычно серферы посещают этот участок побережья на восточном берегу полуострова Коромандел, но в тот день океан принес туристам необычную находку, гораздо более ценную, чем хорошая волна. Находка находилась среди множества обломков дерева и морских отходов, которые приливы выбрасывают на берег. Кея заметил необычный предмет, который семья вначале приняла за покрытый водорослями камень или кирпич. После очистки предмета от толстых слоев ракушек и соли выяснилось, что это стандартная бутылка объемом один литр из-под виски Jack Daniel's. Внутри бутылки находился аккуратно сложенный бумажный лист. Пробка была помечена и извлечённая, показавшая, что содержимое не является розыгрышем или шуткой. Оно было написано 17 февраля 2002 года. Автор сообщил свое имя — Джек, и упомянул, что занимался рыболовством недалеко от островов Олдермен (популярное место лова поблизости от Коромандела). Из-за воздействия морской воды текст сильно пострадал, и прочитать удалось лишь имя и дату. Такая находка всегда вызывает волнение и напоминает известные литературные произведения, такие как роман Жюля Верна «Дети капитана Гранта». В романе герои также пытались найти человека, следуя подсказкам из письма, попавшего в море. На самом деле ситуация оказалась совершенно обыденной, хотя не менее захватывающей. Бутылка плавала в водах Тихого океана около двадцати двух лет. За это время она могла обогнуть земной шар или долгое время вращаться в мощнейших течениях Тасманова моря, пока снова не приблизилась к месту своего запуска. Нейша Ринд разместила фото своей находки в интернете, надеясь, что современные технологии позволят отыскать отправителя быстрее, чем это делали герои книг XIX века. Пока что отклика не последовало. Социальные сети уже полны шуточек о том, что взрослому Джеку могло исполниться больше лет, он мог создать семью и давно позабыть о написанном письме. Случаи подобного сохранения писем крайне редки. Специалисты говорят, что большинство стеклянных бутылок разрушаются о камни уже в течение первых месяцев плавания. Утверждается, что сохранение этой бутылки и письма после четверти века пребывания в воде представляет собой исключительное везение. Теперь Кея и его мама остаются в ожидании возможного отклика от автора послания, чтобы узнать подробности рыбалки 20-летней давности.""",32.45
43,43,"'После того, как Игорь Краснов получил пост председателя Верховного Суда Российской Федерации, многие российские судьи прекратили свою работу под влиянием обвинений в коррупции и неправомерных решений. О последних увольнениях сообщают аналитики РИА Новости. \n\nПо информации, распространенной СМИ, первый случай увольнения произошел вскоре после назначения Краснова на пост председателя Верховного суда. Это дело связано с судьей Виктором Мамотовым, полномочия которого были прекращены решением суда. В дальнейшем власти взыскали имущество на сумму около 9 миллиардов рублей из-за нарушения им закона. \n\nЖурналисты подчеркивают, что с должностей судей были уволены несколько десятков человек за шесть месяцев в различных регионах страны.\n\nВозвращаясь к предыдущему событию, президент России Владимир Путин предложил Совету Федерации кандидатуру генерального прокурора Игоря Краснова для избрания на пост председателя Верховного суда. Должность руководителя Генеральной прокуратуры занял Александр Гуцан, являющийся полномочным представителем президента Российской Федерации в Северо-Западном федеральном округе.\n\nСтав председателем Верховного суда, Краснов заявил, что судебное решение не должно служить прикрытием для совершения мошенничества. По его словам, будет жёстко пресекаться любая коррупция среди судей, независимо от их должностного положения.'",21.0
44,44,"'Представьте себе будущее, где сады и леса становятся основными материалами для создания упаковочной пленки. Этот футуристический видение вызвал вздох пораженного инновационной идеей сотрудников Технологического Института Джорджии. Они разработали биопленку, которая, в отличие от традиционных пластиковых материалов, не пропускает ни воздуха, ни водяного пара и, таким образом, обеспечивает сохранность продуктов питания. Этот покрытый тайной секретом материал представляет собой уникальную смесь компонентов, полученных из сада, леса и кухонного стола домашних хозяек. Среди них - целлюлоза, хитозан и лимонная кислота. Эти экологически чистые ингредиенты преобразуются в тонкий слой пленки, который позволяет продуктам питания жить дольше, защищая их от разложения. Пока этот материал не достиг полной готовности для коммерческого производства, он представляется в виде лабораторного образца, предназначенного исключительно для опытов.'",28.6
45,45,"'Местные знатоки сообщают, что у кошек замечательны чувства. Они обладают остроконечным обонянием, превышающим человеческое приблизительно в четыредцати раза, слышат ультразвуковые волны и имеют отличное зрение, способное фиксировать микроскопические изменения в окружающей обстановке. Это делает кошек очень внимательными наблюдателями, которые быстро реагируют на любые изменения в поведении хозяина, такие как изменение тона голоса, аромата, поведения или выражения лица. Исследования научного мира показали, что кошки способны различать человеческие эмоции благодаря восприятию выражений лица, характера движений и интонаций речи. Тем не менее, кошки не устанавливают диагноз заболеваний, а просто реагируют на перемены во внешности и поведении владельца. По поводу распространенного мнения, что кошки часто ложатся на больные места, существует научное объяснение: воспаленные области человеческого тела обычно выделяют больше тепла, а кошки, имеющие собственную температуру около 38-39°C, инстинктивно стремятся к теплым зонам. Поэтому животные лежат напротив тепла, создавая ощущение дополнительного источника тепла, хотя никакого медицинского эффекта при этом не происходит. Исследователи подчеркивают, что утверждение о способности кошек обнаруживать рак у людей необоснованно. В отличие от собак, специально обучаемых диагностировать онкологию по запаху мочи, кошек подобным образом не тренируют ввиду сложности их тренировки. Единственным научно зафиксированным полезным эффектом взаимодействия с кошками является уменьшение уровня стресса и тревоги у их хозяев.'",34.97
46,46,"'Видовые ветви большинства современных штаммов данной бактерии расходятся приблизительно пять тысяч лет назад, во время неолитической эпохи, когда люди становились все более оседлыми и начали жить в условиях увеличенного взаимодействия между собой. Это положение дел могло привести к расширению ареала распространения и увеличению разнообразия патогенных микроорганизмов, передаваемых преимущественно путём капельной инфекции и контакта. Стрептококк стрептококкус пирогенес был обнаружен в останках людей, проживавших в Европе и Африке примерно четырёх тысяч лет назад.\n\nОдин штамм, обнаруженный в останках древней мумии Боливии, мог обособиться ещё ранее, примерно десять тысяч лет назад, предполагают исследователи. Первоначально микроорганизм мог проникнуть в Южную Америку вместе с мигрантами из Сибири, которые порядка двадцати двух тысяч лет назад преодолели Берингов пролив и начали постепенное заселение сначала территории Северной Америки, а позже Южной.\n\nПеред изобретением современных антибактериальных препаратов скарлатина была одной из ведущих причин смерти детей и инвалидизации, часто приводя к потере зрения и слуховых функций. До выяснения учёными бактериальной природы заболевания, его симптоматику часто ошибочно принимали за проявления натуральной оспы, коревой краснухи или дифтерии. Эти инфекционные болезни традиционно рассматривались как патологии, сопровождающие колонизацию новых территорий: они появлялись среди переселенцев из Европы, прибывающих в Америку, и оказывали губительное воздействие на местное население, иммунитет которого оказался неподготовленным к противостоянию указанным патогенам.\n\nОднако современные учёные полагают, что данная точка зрения может быть слишком прощена и возможно даже ошибочна. Возможно, не только пиогенные стрептококки, но также и многие другие микроорганизмы, вызывающие инфекционные заболевания, уже длительное время существовали в Америке, намного раньше прибытия туда первых европейцев. В пользу данного предположения свидетельствуют данные последних научных исследований, посвящённых возбудителям такого заболевания, как сифилис, и возбудителю лепры.'",26.1
47,47,"'Целью был создан мотоцикл с необычайными характеристиками - до 150 км/ч без коляски и 120 км/ч с, что для советских мотоциклов 60-х годов было заметным отклонением от обычного. Разработка такого чуда называлась «секретом», велась под покровом тишины и ограниченными ресурсами. Первые прототипы были построены в 1963 году, а их внешний вид остался верным традиционному стилю «Урала». Однако при этом характеристики двигателя получили существенный порыв - рабочий объём увеличился до 1040 куб.см, а мощность выросла вдвое, до 50 лошадиных сил. Для улучшения аэродинамических качеств на машину установили специальную защитную оболочку. Однако скорость, достигаемая реально, составляла лишь 130-132 км/ч - отчаянная попытка добиться большего привела к небольшим техническим проблемам. Несмотря на это, машина произвела сильное впечатление и быстро стала условным символом советского мотопрома. В 1967 году было выпущено ограниченое количество таких машин - примерно 25 штук, оборудованных колясками. Все были направлены в Госавтоинспекцию СССР, где прослужили около десяти лет. После этого память о них угасла и сохранилась лишь среди нескольких энтузиастов-коллекционеров. Остальные мотоциклы стали редкостью и потерялись в пространстве времени, забытые навсегда. В 2026 году Ирбитский мотоциклетный завод вернулся к производству классического «Урала» - «Урал Нео 500». Эта новая модель оснащена современным двигателем объёмом 446 куб.см, пятискоростной коробкой передач и весит 334 кг. Внешний вид напоминает мотоциклы туристического класса, а оборудование включает светодиодную оптику, табло приборов, встроенную камеру и систему контроля дорожного движения. Мотоцикл был создан совместно с крупным партнером, ориентированным на международный рынок.'",29.71
48,48,"""Особенности аудио и материалов. \n\nПроизводительные компоненты и внутренние элементы конструкции модели Truckster обеспечивают богатое звучание и высокую стабильность структуры.\n\nОсновной материал инструмента – красное дерево для корпуса, кленовый топ и вклееный гриф из махагони, которые обеспечивают сильную резонансную мощность и продолжительное звучание, ценимое рок-музыкантами.\n\nКонструктивно укрепленный гриф и установленные активные звукосниматели EMG делают инструмент надежным на сцене и позволяет получить чистый, мощный звук без шумов.\n\nИнструменты подписанные Хэтфилдом известны высоким качеством изготовления и надежностью комплектующих. \n\nПокупатель получает фирменный кожаный ремень Levy's профессионального качества, а также книгу с иллюстрациями истории группы Metallica.\n\nТакие наборы редко встречаются в регионах, поскольку большинство инструментов серии ESP японского производства приобретают коллекционеры через специализированные международные торги.\n\nСпецификация модели ESP Truckster:\n\nПятый инструмент для Хэтфилда: Модель Truckster стала пятой подписной моделью, выпущенной ESP специально для Хэтфилда. Базой послужил корпус модели ESP Eclipse, схожий с известной гитарой Gibson Les Paul.\n\nАвтомобильный дизайн: Увлекающийся кастомными машинами и хот-родами Хэтфилд попросил разработчиков сделать новый инструмент в виде автомобиля с серебряным матовым покрытием, будто его не успели полностью покрасить. Именно такой слегка поврежденный внешний вид стал отличительной чертой этой модели — без лакового покрытия и блестящей отделки.\n\nИмитатор кнопки: Тумблер сверху корпуса предназначен лишь для визуального соответствия старомодному стилю. Реальная регулировка осуществляется с помощью нижнего тумблера.\n\nМногоуровневое покрытие: Для достижения эффекта старения на производстве ESP наносят несколько слоев краски (серого, черного и белого цветов), после чего покрытие частично стирается вручную. Это придает каждому инструменту уникальность, и даже два экземпляра из одной производственной партии выглядят по-разному.""",25.0
49,49,"'Раскрыть невидимые дефекты дома — это дело сложное и требует внимательности. Лучше покупать жильё новое или на первичном рынке, чтобы избежать несчастливых сюрпризов скрытых проблем. Зимой, как правило, многие дефекты становятся менее заметными, а иногда даже совершенно незаметными для глаз неопытного покупателя. Однако, в зимний сезон лучше ждать, когда климат умиротворится и будет легче обнаружить проблемы с фундаментом, которые могут стать критическими для здания. Одним из таких примеров может быть серьёзное повреждение стены или нарушение технологии, которая приведет к тому, что здание будет снесено и построено заново. Это часто происходит в случаях с покупкой жилья на вторичном рынке, как отметил руководитель строительной фирмы '",34.75
50,50,"'Продукт, несправедливо попадающий под огонь критики диетологов - обыкновенная свёкла или мангольд. Их использование в пищу долгое время оставалось зарезервировано для придания блюдам красоты, таких как винегрет или борщ. В настоящее время в Европе популярны диеты, которые включают различные блюда из свёклы и её листьев, обладающие полезными свойствами: высоким содержанием железа, витамина C и йода, приятным вкусом и отсутствием горечи. Споры об их ценности продолжаются на протяжении многих лет. Тем не менее, свидетельства в пользу свёклы стремительно растут, особенно во время последних десятилетий. Исследования показывают, что это очень ценное вещество для потеряния веса - бетаин. Врач-диетолог Светлана Бережная подтверждает, что бетаин препятствует накоплению излишних жиров и способствует лучшему усвоению полноценного белка. Кроме того, сок свёклы содержит ферменты, которые повышают водно-солевой баланс организма и обладают легким мочегонным действием, особенно ценные для людей, которые малоподвижны или склонны к отекам. Чтобы избавиться от двух-трех килограммов, достаточно нормализовать водно-солевой обмен, предотвращая скопление избыточной жидкости в тканях. Свёкла также богата клетчаткой и веществами, активизирующими деятельность кишечника и желчного пузыря. Однако она оказывает и слабительное воздействие. Свёкла - подходящий продукт для проведения разгрузочного дня. Однако употребление одной отваренной и измельчённой свёклы не обязательно должно быть единственным вариантом, особенно если вы хотите создать богатое и вкусное меню. С ней можно приготовить множество недорогой, вкусной и аппетитной пищи, которая будет заполнять ваш желудок довольно долго. На сто граммов свёклы приходится всего сорок калорий. Она хорошо сочетается с селёдкой и зеленью, хуже - с острыми и копчёными продуктами.'",24.0
51,51,"'В Санкт-Петербурге начало 2026 года принесло свои фрукты для рынка недвижимости - отмечается рост ипотечных кредитов, долей участия, строительства, но снижение сделок на вторичном рынке. Ипотека стала движущей силой - покупатели продолжают захватывать жилье, несмотря на высокие процентные ставки и ограниченный спрос. В первом квартале 2026 года было зарегистрировано 28 346 ипотечных договоров, что более чем на 14% превышает показатели аналогичного периода прошлого года. На первичном рынке увеличению подкрепляют данные Росрегистра - в первом квартале 2026 года заключены договоры на 10 299 долей участия в строительстве, что составляет рост на 10% по сравнению с первым кварталом предыдущего года. Однако общий объем купли-продажи жилых объектов увеличился незначительно - всего 257 единиц, зарегистрированных прав собственности на основе договоров купли-продажи и обмена. Ипотечные договоры набирают обороты - в январе текущего года их количество увеличилось почти в полтора раза, достигнув 4262, в то время как за январь 2025 года - 2707. В первом полугодии 2026 года было зарегистрировано 8601 ипотечный договор, в то время как за тот же период прошлого года - 6664.'",34.0
52,52,"'В то время как правительство отменяло субсидированную ипотеку, стимулировавшую частное жилищное строительство, многие строительные компании, которые одновременно работали над несколькими объектами, столкнулись с финансовыми трудностями и прекратили свою деятельность. Одним из них является компания «Дворцовая недвижимость Урала», управляемая генеральным директором Александром Свитеньковым. Он рассказал, что из более чем тысячи предприятий, ранее занимавшихся сегментом частного жилищного строительства в Екатеринбурге, остались действующими и получили доступ к проектному финансированию примерно 40. Сегодня банковские кредиты недостаточно для обеспечения предыдущих объёмов строительства (приблизительно от 50 до 100 миллионов рублей). Свитеньков привел следующий пример: «Многие годы назад наша компания возводила сто дома в год. В прошлом году построены лишь 28 домов, а сегодня подписаны контракты на строительство 12–15 домов. Из-за снижения объемов строительства пришлось сократить численность персонала. Число работников офиса уменьшилось с 37 до 10 человек, а на строительной площадке осталось от 50 до 80 работников из 400». Свитеньков также отметил, что многие участники рынка сейчас имеют убытки из-за высоких темпов инфляции, что приводит к многочисленным случаям банкротства и даже уголовным разбирательствам. Эдуард Богданов заметил, что в 2025 году стоимость загородной недвижимости выросла примерно на 15,2%, но дальнейший рост прекратился. Богданов также добавил: «Сейчас можно найти предложения с торговым снижением цен, широкий ассортимент предложений имеется как для земельных участков, так и жилых домов. Ожидаю возобновления роста цен в период 2027–2028 годов после возврата привлекательных ипотечных ставок, способствующих увеличению числа покупателей». Эксперты считают, что сегмент частного жилья в течение 2026 года будет адаптироваться и меняться. Компании с недостаточным капиталом и низкокачественным предложением покинут рынок, тогда как организации с эффективным управлением и достаточными ресурсами укрепят свои позиции. Александр Игнатов подчеркнул, что рынок выходит из этапа хаотичного развития в более стабильную фазу. Будущий успех обеспечат не просто комплексы застройки, а предложения комплексного продукта для конечного потребителя: земельный участок с подведёнными коммуникациями, подъездными путями, необходимой инфраструктурой и прозрачными юридическими условиями, либо комбинированное предложение вида «земельный участок и жилой дом». Такие проекты смогут привлечь большую часть спроса. Для реализации крупных комплексных проектов необходима финансовая поддержка не только самих застройщиков, но и государственных структур в части инфраструктуры дорог и инженерных сетей, чего пока не наблюдается в полном объёме.'",31.65
53,53,"'Видение опасности для квантовых технологий разделило общину пользователей биткоина на две фракции: одни поддерживают добровольный переход к механизмам защиты, в то время как другие настаивают на принудительном ограничении обращения наиболее уязвимых активов. Эта фракция столкнулась с серьёзным философским вызовом в течение последних лет, и вопрос обеспечения безопасности сети биткоина перед возможными угрозами квантовых компьютеров привёл к спорам внутри разработчиков. Среди руководителей компании Blockstream выступил Адам Бэк с предложением добровольно перейти на новые защищённые механизмы безопасности, а другие члены общины, такие как разработчик и основатель проекта Casa Джеймсон Лопп, выступили с инициативой ограничить обращение миллионов биткоинов, хранящихся в долгосрочном хранении, включая активы предполагаемого основателя криптовалюты Сатоши Накамото. Эта дискуссия, ранее рассматривавшаяся исключительно с точки зрения теории, приобрела новое значение после публикации результатов исследований специалистов компании Google в марте текущего года. В отчёте объёмом более 50 страниц были представлены методики и подходы, которые существенно снижают затраты на декодирование криптографических алгоритмов, лежащих в основе безопасного функционирования сетей биткоина, эфириума и большинства других цифровых валют. Согласно данным учёных, высокопроизводительные компьютеры, способные реализовать такие атаки, появится раньше, чем планировалось — не к середине 2030-х годов, а уже в ближайшие несколько лет. Это означает возможную опасность для миллионов единиц цифровой валюты старого образца, принадлежащих различным участникам рынка, включая и предполагаемые накопления основателя биткоина Сатоши Накамото. По расчётам исследователей Google, общая сумма таких активов составляет около 2,3 миллиона биткоинов, что эквивалентно примерно 170 миллиардам долларов США по состоянию на апрель 2023 года. Атака с использованием квантового компьютера против блокчейна подразумевает возможность восстановления закрытого ключа пользователя по открытому. Ключевая задача подобного взлома сейчас представляется крайне сложной и практически невыполнимой с точки зрения современных вычислительных мощностей, однако квантовые алгоритмы позволяют решить её гораздо быстрее и проще. Первый сценарий предполагает, что злоумышленник находит адреса, чьи открытые ключи уже раскрыты, и получает доступ к активам путём расчёта соответствующего закрытого ключа. Второй вариант развития событий предусматривает ситуацию, когда злоумышленник перехватывает транзакцию до момента её добавления в блок цепи, добывая открытый ключ и вычисляя закрытый ключ, затем замещая оригинальную транзакцию собственной. Более опасным является именно второй способ атаки, поскольку он угрожает не только старому и малоподвижному капиталу, но и любым обычным переводам внутри системы.'",21.38
54,54,"'Семеро славных сталинских вершин привлекают внимание жителей Москвы, как россиян, так и туристов со всего мира. Во время похода по Москве, построенной на семи холмах, рассказывается о тех, кто строил и архитекторы, а также об особенностях оформления садов и фонтанов, которые покрывают эти высоты. Кроме того, причины, почему рекомендуется подходить к главному зданию МГУ со счетчиком Гейгера, раскрываются на экскурсиях. По словам руководителя туристической компании '",12.392708333333333
55,55,"'Вокруг круглого стола, посвященного теме «Квалифицированные кадры для роботизации: как подготовить инженеров будущего», председатель партии «Новые люди» Алексей Нечаев немедленно перешел к обсуждению конкретных вопросов, начав с дискуссии по разработке системы распознавания лиц. Он отметил, что хотя существуют многие поговорки, однако некоторым вещам предстоит научиться. Затем он сообщил, что участники мероприятия обладают знаниями о роботизации и включая особенности влияния роботизации на русский язык. В своем мнении докладчик счёл лишними комментарии к его выступлению, поскольку тема была ясной и понятной. Когда говорится о роботизации, часто отсутствует обсуждение наличия или отсутствия альтернатив. Это связано с тем, что раньше использовались дешёвый человеческий труд, стоивший около 20 тысяч рублей в месяц. Сейчас такого уровня оплаты труда больше не существует, следовательно, работники смогут получать значительную заработную плату. В итоге, нужно принять, что оплата труда работников в размере 20 тысяч рублей сейчас отсутствует, поскольку человеческое достоинство нельзя оценивать деньгами. После чего Нечаев привел пример своей компании «Фаберлик»: за последние десять лет благодаря постепенной автоматизации и роботизации производственный процесс стал эффективнее почти в двадцать раз. Зарплата сотрудников, занятых в процессе работы, увеличилась примерно в три раза. Однако докладчик подчеркнул, что речь шла только о работниках, продолжавших свою деятельность после внедрения автоматизации. Обсудив эти данные, он заметил, что значительный рост производительности труда сопровождался лишь трёхкратным увеличением заработной платы.'",26.13
56,56,"'Важный переход в мире футбола: Шведский защитник Адриану Лахдо, оцениваемый в 1 миллион евро, перешел в клуб «Комо» за рекордную сумму 12 миллионов. С юных лет он представлял сборные различных возрастов Швеции, включая молодежную национальную команду, и имеет опыт выступления за «Хаммарбю». Несмотря на маленький опыт в профессиональном футболе, специалисты считают, что Лахдо недооценен и имеет потенциал для высокоуровневых клубов. Итальянский клуб «Комо», традиционно инвестирующий в молодых игроков европейского уровня, видел в нём какие-то достоинства и был готов заплатить большую сумму. \n\nСаудовский клуб «Аль-Хиляль» приобрел 18-летнего Кадера Мейте, у которого ранее оценивалась стоимость в 10 миллионов евро. Таким образом, команда заплатила 30 миллионов. Запомните — это один из самых дорогих трансферов в истории футбола. Мейте прошел через футбольную академию французского клуба «Ренн» с пятнадцатилетнего возраста, пока не закрепился в основном составе. Его высокие способности привлекли к себе внимание саудовской команды, которая традиционно тратит значительные финансовые ресурсы на трансферы футболистов независимо от их качества. Мейте продемонстрировал хорошую технику контроля мяча, устойчивость к давлению соперников и способность действовать эффективно в нападении как в центре, так и с флангов. Он выступал за молодежную сборную Франции до 21 года, но оказался недоволен условиями развития в Европе и предпочел получение финансового вознаграждения в Саудовской Аравии.'",30.8
57,57,"'В мире видеоигр, компания DFC Intelligence провела исследование, в результате которого появились интересные перспективы для новой игровой консоли Nintendo Switch 2. Издание VentureBeat распространило данное исследование своими колонками. Наш анализ указывает на то, что в ближайшие два года эта консоль может стать лидером рынка игровых систем. Этому способствовало повышенное интересоvality пользователей к персональным компьютерам и выход эксклюзивных видеоигр для Nintendo. Среди профессиональных аналитиков не было такого единогласия с тех времен, когда какая-либо консоль могла претендовать на подобную долю рынка. Кроме того, компания Nintendo обладает уникальным программным обеспечением и огромной поддержкой независимых разработчиков игр, что делает Nintendo Switch весьма апеллятивной для потребителей. Особенно интересна аудитория владельцев персональных компьютеров — среди них 44% являются владельцами консоли Nintendo Switch. Представленная в апреле модель Nintendo Switch 2 предлагает новые технические решения, такие как дисплей разрешением 7,9 дюймов и частотой обновления экрана до 120 Гц, а также новейшие контроллеры с магнитным креплением и возможностью воспроизведения видео в формате 4K. Это не только превосходит технические характеристики основных конкурентов — компаний Sony и Microsoft, но и делает Nintendo Switch интересной для широкой аудитории.'",29.57
58,58,"'На новом фронте редкостного роста — элитное жильё в Санкт-Петербурге! С начала весны 2024 года, компания «Балтийская коммерция» добавляет ещё один драгоценный камень к своей империи: приобретен земельный участок на Новгородской улице, 14. До этого место превращалось в бизнес-центр класса С, а рядом был возведён жилой комплекс «Форсайт», также принадлежащий этой компании. Это не первый шаг компании на построение зданий в историческом центре города, с конца девяностых годов прошлого века.\n\nИз последних проектов «Балтийской коммерции» можно отметить реконструкцию советского лицея на пр. Представителя Римского-Корсакова и строительство премиального жилого квартала возле станции метро «Чкаловская». Район Песков — одна из самых элитных частей города, но с начала 2010 года здесь стали появляться не только престижные новостройки, но и объекты бизнес-класса.\n\nМир жителей района Песков — спокойствие и отсутствие шумной туристической активности. Профессионалы отмечают, что район ещё содержит промышленные зоны, которые остались в городе от ранее расположенной промышленной зоны.\n\nРынок элитного жилья и перспективы развития. В центре Санкт-Петербурга появились два нового жилых комплекса, объединяющих 448 квартир: премиальный «Моисеенко 10» и объект бизнес-класса N8. Кроме того, реализуется ряд других проектов, среди которых ЖК ПСК и реконструкция Мытного двора. Свободных земельных участков для нового строительства в центре почти не осталось, тогда как спрос на элитное жильё остаётся высоким.\n\nБрокеры указывают, что единичные свободные участки ещё остаются в районе пл. Возрождения и улицы Черняховского. Основной потенциал для расширения центра находится между Синопской набережной и Новгородской улицей: там компания «ТГК-1» планирует реализовать крупный проект редевелопмента Центрального теплового энергетического комплекса. Проект предусматривает создание общественного пространства, связанного с городской застройкой и набережной. Уже одобрен первый этап, включающий зону отдыха и заведения общественного питания.\n\nСанкт-Петербург продолжает развиваться: старые исторические районы обновляются, а новые элитные жилые комплексы интегрируются в существующую городскую среду, создавая сочетание элементов прошлого и будущего.",28.0
59,59,"'В мире хоккея, три команды борются за золото, среди которых выделяется экипаж Швейцарии. Они амбициозны и стремятся к четвёртой победе подряд, снова добравшись до финала двух последних турниров. Возможно, преимущество игры на своем льду даст им необходимый бонус для достижения цели. На этот раз, практически все знаменитые швейцарские хоккеисты будут представлять страну, среди которых Роман Йоси. Сборная Швеции также обладает сильным составом. Коллектив состоит из игроков НХЛ и представителей европейских лиг. Главной звездой является лидер команды '",29.411764705882355
60,60,"'В морском мире имеется зверь, известный под названием белый призрак - бейншark. Эта агрессивная акула вызывает тревогу даже у самых добрых сердец. Однако неутешительной новостью является то, что эти агрессивные существа никогда не появятся в Черном море, несмотря на своё воинственное прозвище и возможность. Их отсутствие неизбежно связано с низкими температурами воды, привлекательной для меньшинства акул, но не для таких гигантов. Кроме того, в Черном море совершенно недостаточно рыбы для удовлетворения пропитания крупных хищников, и этот факт очевиден даже для бейншарков. Они предпочитают глубокие воды с высокой концентрацией соли, а в черноморском бассейне доступна только слабосолёная вода. Кроме того, более 90% воды содержит сероводород, что делает её непривлекательной для акул. Поэтому они избегают мест с высоким содержанием газа в воде. Глубже 100 метров в Черном море жизнь отсутствует, но эти глубоководные существа предпочитают именно такие места для обитания. Экологическая система Черного моря находится на грани коллапса из-за неблагоприятных условий окружающей среды, что ещё один фактор, заставляющий акул избегать этот регион. И хотя самые опасные виды не будут пересекать Босфор, постоянно наводняя воды Черного моря, в нём можно найти небольшие декоративные акулы - катрана и кошачью акулу. Это животное схоже с акулой, но представляет собой рыбу, поэтому его наличие в водах Черного моря не означает никакой угрозы для человека. В официальных документах до сих пор не зафиксировано случаев появления опасных акул в Черном море, однако теория вероятна.'",30.0
61,61,"'В ноябре 1916 года на сцену вышел Великий Северный путь, став актом в драме государственного железнодорожного строительства. Этот эпопея, которую звали «невозможным событием», продлилась почти сто лет. Она наполнена драматическими сценами и героическими персонажами, которые отдали свою жизнь за великое дело. Каждая попытка строительства ознаменовалась вызовом и преодолением трудностей, а в конце концов – победой над собственными ограничениями и природными препятствиями. В этом тексте мы расскажем о пяти попытках реализации одной из самых больших инженерных эпопеий XX века, которая стала символом стойкости и воли к победе.'",30.71
62,62,"'В Москве обнаружено новое способ злоупотребления деньгами через банкоматы, сообщила пострадавшая Мария Беликова агентству «Служба общественных новостей». Горечь оказалась не менее жгучей, чем сам испытанный ущерб. Сбербанк зафиксировал необычное кражу средств, а Мария — сокрушительное поражение. Она посетила офис банка и воспользовалась своей бесконтактной картой Visa Gold в ближайшем банкомате. В течение нескольких секунд произошло неожиданное списание суммы в 5000 рублей на мобильный счет оператора «Билайн», принадлежащий неизвестному лицу. Мария не выполнила ни одного из требований для подтверждения транзакции, но понимала, что она теперь платит цену за свою доверие. Сразу же после совершения операции она получила SMS-сообщение с подтверждением о списке денег. Сообщив банку об этом неожиданном развитии событий, Мария получила информацию, что списание средств было произведено посредством функционала Sбербанк Онлайн через банкомат. Все карты женщины были незамедлительно заблокированы и ей выдана новая карта взамен старой. Это не была обычная история о краже, это был похититель времени и доверия. Ее думам охватывала тревога: была ли она жертвой технической ошибки или коварного злоумышленника? Несмотря на то, что полиция скептически относилась к ситуации и отказались возбудить уголовное дело, Мария не потеряла надежду. Она подала жалобу в Сбербанк, который немедленно вернул похищенные средства и проявил сочувствие и повышенное внимание к своим клиентам. Новое благодарение к тому, что она приняла решение довериться этому банку.'",24.5
63,63,"'Сейчас в обращении нас ждёт буря информации, но дискуссия о ней часто приводит лишь к поверхностным обсуждениям терминов, таких как цифровизация, окруженных громкими, но безсодержательными заявлениями. Эта беседа лишь скрепит финансирование решения проблемы. В то же время, настоящие сложности лежат в том, что культура общения между людьми ослабевает. Отсутствие уважения к авторитету старших и специалистов привело к преобладанию финансовых ценностей, что отразилось и на воспитании молодого поколения. В этих условиях система школьного образования теряет свою эффективность, поскольку старые образовательные институты не способны справиться с задачей передачи знаний и воспитания молодежи. Руководители этих институтов сталкиваются с серьёзными проблемами. Они должны учитывать противоречащие друг другу системы требований: с одной стороны, настоящая ситуация в школах и необходимость решения существующих проблем, с другой стороны — требования и предписания вышестоящих органов власти, которые часто противоречат нуждам школ. Это положение дел создает серьёзные конфликты внутри сознания руководителей школ, приводящие к стрессу и дезориентации. Эти проблемы замечаются многими экспертами и исследователями, отмечающими невозможность одновременного выполнения взаимоисключающих функций.'",27.0
64,64,"'В этом году приношу хорошие известия дорогой газете. Я посвятил многие годы свою жизнь совершению благотворительных дел для беспризорным животным. Сегодня с уверенностью могу объявить, что число людей, поддерживающих меня в этом почтенном деле, существенно возросло благодаря публикации материалов в «Новороссийском рабочем».\n\nНа страницах этой газеты я рассказала о своем добровольничестве и познакомилась с неравнодушными людьми, многие из которых оказали мне помощь.\n\nОдно из примеров - акция «Сдать макулатуру — обеспечить питание беспризорных животных», которая получила поддержку учеников не только одной, но многих городских школ. Учащиеся, сдавая макулатуру, вносят свой вклад в сбор средств на корм животным и одновременно получают полезную информацию о переработке бытовых отходов.\n\nОни начинают понимать различия между материалами: почему, например, картон тяжелее, но имеет меньшую стоимость. Участвуя в «Марафоне инициатив», организованном депутатом ЗСК А.Н. Карапенко, мы вышли на новый этап взаимодействия со школьниками. В школьных учреждениях будут установлены специальные ёмкости для сбора пластиковых отходов, которые тоже отправятся на переработку. Полученные деньги пойдут на покупку еды и медикаментов для животных, находившихся под нашей опекой.\n\nСбор пластика стал новым этапом в наших действиях. Я сама выяснила много нового, узнав, что не вся пластмасса подходит для переработки. Школьники же получают новые знания, проявляя большой интерес и легко усваивая материал.\n\nВозможно, кто-то из них станет экологом в будущем, но главное - дети вырастут хорошими людьми, заботливыми и внимательными к животным. Это очевидно, когда я заметила первый класс, серьезно объясняющего старшему товарищу, что нельзя бросать бумажный мусор в общий контейнер. Ребенок отвёл друга к правильному контейнеру, чтобы «собранная бумага помогла прокормить голодающих кошек».\n\nЧасто задают вопрос, сколько макулатуры потребуется сдать, чтобы приобрести корм. Один кубометр бумаги принесёт доход около 4,5–5,5 тысяч рублей. Килограмм корма сейчас стоит примерно 550 рублей. Для полноценного питания всех животных на один приём пищи требуется около 15 кг корма. Следовательно, еще предстоит большая работа по сбору средств на обеспечение животных питанием.\n\nНесмотря на это, даже однодневный запас является значительной помощью.},'",36.0
65,65,"'Вопрос: Как описывать нежелание молодых людей работать? Ответ: Молодежь предпочитает прожить жизнь в комфорте и удобстве, порой отклоняясь от профессиональных обязанностей. Эта тенденция особенно заметна среди современной молодежи, которая часто демонстрирует недостаточную надежность и лояльность к работе. Этот факт отмечают многие хозяйственники, включая владельца магазина корейской косметики Татьяну Вакарчук и управляющего сетью кафе Вадима Терехова.'",27.8
66,66,"'В Министерстве транспорта разработан элегантный штрих для пассажиров метрополитена, основанный на стандартизации правил поведения. В этом новом дизайне предлагается утвердить запрет на перевозку детей в детских колясках внутри подземных транспортных сооружений. Эта документация была опубликована на веб-сайте нормативных правовых актов 19 апреля. Проект регламентирует также: запрет на быстрое передвижение по движущимся лестницам-эскалаторам, фото- и видеосъёмку с помощью профессионального оборудования и стационарных устройств, ограничение размещения ручной клади на местах для сидения внутри вагонов и на лавочках станций. Кроме того, проект предусматривает запреты на вмешательство в функционирование оборудования беспроводной связи и использование беспилотных летательных аппаратов в подземных транспортных сооружениях. В документе также установлено обязательство предоставлять пассажирам приоритет в проходе инвалидам, лицам преклонного возраста, родителям с детьми и беременным женщинам. Ранее данное положение носило необязательный характер. Министерство транспорта подчеркнуло, что данный нормативный акт начнёт действовать после вступления в силу Федерального закона № 442-ФЗ «О внеуличном транспорте и внесении изменений в отдельные законодательные акты Российской Федерации», то есть с 30 декабря 2018 года.'",37.29
67,67,"'В мире, где меметизм правит душой подростков, одним из самых загадочных и в то же время распространенных является безысходный элемент, называемый «шесть-семь». Эта фраза появилась во взбудораживающей песне Skrilla «Doot Doot (6 7)», где цифры используются исключительно для соблюдения ритмики и музыкальности. Однако, согласно другой точке зрения, фраза связана с ростом баскетболиста Ламело Болла — примерно 201 см. Это характерное движение рук, когда кисти обеих рук поднимаются и опускаются попеременно, стало поводом для появления мема. В 2025 году издание Dictionary.com признало слово «шесть-семь» одним из наиболее распространенных, несмотря на отсутствие ясной трактовки термина. Эта бессмыслица — типичный пример мема, который не только вызывает замешательство у людей, но и привлекает молодых поколений к себе. Филологи считают, что причина популярности этой фразы заключается в том, что она бескрылая и ничего не содержит, однако одновременно выполняет важную функцию — служить знаком причастности к определенной молодежной культуре. Говоря «шесть-семь», подросток заявляет: «Я принадлежу к нашей группе, понимаю ее специфику, я не взрослый». Именно этот фактор вызывает сильное недовольство учителей во всех странах. Преподаватели США сообщают, что любая числовая последовательность, содержащая числа шесть или семь, провоцирует хаотичное поведение учеников школы, учащиеся начинают синхронно произносить ставшую популярной фразу и повторять характерные телодвижения. Однако, в России ситуация усугубилась, когда мем перешел из интернет-пространства в реальность с нежелательными результатами. Например, в Саратове подростки начали беспокоить жителей домов под номером 67, звоня в домофоны и выкрикивая «шесть-семь», после чего быстро скрывались, записывая реакции раздражённых жильцов на видео. По этой причине Члены Лиги безопасного интернета, в частности Екатерина Мизулина, уже высказывались относительно возникшей проблемы, и в департаменте образования Перми провели разъяснительные беседы с учениками по поводу подобных шуток.'",36.5
68,68,"'В зимнем месяце 2022 года, президент Российской Федерации Владимир Путин предложил правительству изыскать средства из Фонда национального благосостояния (ФНБ), для финансирования низких ставок лизинга авиа- и водного транспорта. Этот шаг предпринят, чтобы поддержать местную авиационную промышленность и поощрить развитие цивильной авиации в стране. В этом дело заключается нечто более, чем собственно благосостояние - это символ верности народу своего лидера. Надеясь на процветание будущего, Путин ищет пути к укреплению внутреннего сообщества и экономической самостоятельности страны. В этом есть особое значение для тех, кто рядом с президентом находится в тени власти - люди, которые хотят помочь, но не имеют возможности. Каждый желающий внести свой вклад в это дело может сделать это, покупая билеты на рейсы, управляемые '",13.549589743623057
69,69,"'Сомневаюсь, что искать финансовую свободу вкладывая сбережения в банк для получения процентов на инвестициях — это выбор разумный. Специалисты предупреждают: капитал, собранный таким образом, постепенно уменьшается из-за налоговых выплат и инфляции. Этот процесс может быть сравниваем с оттоком воды из колодца. Каждое потраченное копейка сокращает баланс. Иными словами, это как затянутый стон капитала. Если не выбирать другой путь, то деньги будут пропадать без следа. Банковский депозит - не золото корыстолюбца и не посох, на котором стоят деньги безопасно. Это скорее банкомат с ограничением срока выкупа или амулет, который защищает от экономических рисков только в теории. В реальности такой аспект инвестиций может привести к потере настоящей стоимости капитала, как разбитый часы - он больше не работает и не дает никаких прибылей. К тому же существуют дополнительные препятствия для сохранения капитала: налог, риск потери лицензии банком или слишком высокая ставка интереса в отношении уровня инфляции. Как остроумно заметил один из экспертов: «Если тратить все прибыль, покупательская способность средств постепенно снижается». Это как вечерний дождь на тротуаре, размывающий песок. Итого, для безопасного хранения больших капиталов необходимо распределять средства между множеством финансовых институтов или же выбирать другие инвестиционные инструменты, такие как облигации, ценные бумаги, недвижимость и т. д., учитывая текущие рыночные условия.'",29.0
70,70,"'В рамках исследования для газеты «Новороссийский рабочий», журналистка изучала объявления по различным должностям, опубликованные на популярном веб-сайте. Они предлагали работу официантов для кафе, ресторанов и бальных комплексов. Потенциальные работодатели обещали зарплаты в диапазоне от 3 до 4 тысяч рублей за смену, потенциальный ежемесячный доход составлял от 50 до 65 тысяч рублей. Свои привлекательные условия предлагали и известные рестораны, в частности, повар-мангальщик мог получить вознаграждение в размере 5200 рублей за смену. Для ресторана быстрого обслуживания необходим работник, который будет заниматься приготовлением блюд по внутренним стандартам предприятия, приёмом заказов и выдачей готовой продукции, а также работой на кассовом аппарате. Ежемесячная зарплата составила минимум 80 тысяч рублей. Повар-универсал получил бы ежемесячную зарплату от 75 тысяч рублей и дополнительное бесплатное жильё. В отдыховом комплексе в Широкой Балке требуется горничная, основными обязанностями которой являются уборка номеров для постояльцев, очистка территории вокруг бассейна и беседок. Работа включает в себя бесплатное предоставление жилья и трёхразового питания. Зарплата составляла 3500 рублей за рабочий день. Горничная, согласившаяся работать по смене в Абрау-Дюрсо на период в 90 дней, могла бы получить до четырёх тысяч рублей ежедневно и бесплатное питание и проживание. Мини-отель, занимающийся туризмом, требует администратора на период с мая по сентябрь с ежемесячной зарплатой в размере 80 тысяч рублей. В этом же мини-отеле также требуется горничная с заработной платой от 60 тысяч рублей ежемесячно.'",23.45
71,71,"'В данной неделе город Астрахань остро царапает множество проблем, с которыми столкнулись его жители. Глава регионального правительства Олег Князев, ответственный за решение этих проблем, временно покинул город и уехал в другое место, которое он считал более комфортным. Это событие привлекло внимание журналиста Александра Алымова, живущего в Астрахани. Изо всех сил нужно найти выход из этого запутанного состояния. Настоятельно рекомендую покачать барабан и пробудить в себе необходимую активность для разрешения этих сложных вопросов. Зачем ждать, если у нас есть все возможности для того, чтобы найти конструктивные решения? Что делает глава регионального правительства Князев в такую необходимую момент? Сегодня он находится в отпуске. Ушел на отдых с начала недели. Такое поведение в условиях, когда требуется срочная мобилизация усилий для улучшения обстановки, является весьма показательным'",26.0
72,72,"'Дело доходит до уровня крыши: цена на яйца в Астрахани неуклонно растет. В прошлую неделю она поднялась на 2%, по сообщению Астраханьстата. Неясно, какая причина стоит за этим увеличением, хотя в регионе функционируют несколько птицефабрик. Это не первый раз, когда яйца становятся дороже, как будто каждый год в ноябре 2013 году. Тогда, по данным министерства экономического развития региона, оптовая цена на яйца увеличилась более чем в два раза, а розничная – в три. Губернатор Астраханской области Александр Жилкин не остановился ни перед чем и пригрозил производителям и продавцам снизить цену под угрозой административных мер. Для этого была использована резкая мера. Эта ситуация ранее освещалась порталом Astrakhanpost.ru. В то время как мы вернемся к текущей ситуации, согласно Астраханьстату, за последнюю неделю подорожали также несколько других продуктов: помидоры (на 3,5%), бананы (на 3,2%). Стоимость лука, капусты, моркови, яблок и картофеля в то время стала ниже, чем раньше. Чуть-чуть дело доходит до уровня крыши., '",34.98
73,73,"'Исследование редких заболеваний — это длительный процесс, требующий значительного времени и квалифицированной работы. Согласно исследованиям специалистов из Стэнфордского университета, точный диагноз пациенту по совокупности симптомов и генетического профиля занимает примерно 20–40 часов работы медицинского эксперта. Врач анализирует около ста подозрительных генетических изменений, определяет возможные причины патологии, просматривает научные публикации и переходит к следующему варианту, если предыдущий оказался неверным. Этот процесс похож на поиск скрытой картины в многочисленных точках. '",24.75
74,74,"'Мистификация космического тела с необычной формой и быстрым вращением, сочетание высокой химической изобутвености и скоростью подошёл к астрономам как горячая пицца. Оумуамуа - астероид, который вызывает наибольший научный интерес среди всех известных им тел небесной сферы. Изучение данного объекта представляет собой уникальную возможность для учёных получить сведения о месте и условиях формирования этого необычного астероида, а также свойства космической среды, через которую он проходил на протяжении миллионов лет. Поскольку человечество обладает опытом запуска автоматических аппаратов к кометам и астероидам, возникает необходимость рассмотреть возможность отправления исследовательского зонда к Оумуамуа. Такой же задачей занимались учёные и инженеры, предложившие проект «Лира». Недавно была успешно завершена сложнейшая научно-исследовательская миссия к комете Чурюмова-Герасименко. Несмотря на её орбиту вокруг Солнца, учёные смогли рассчитать траекторию полёта аппарата и точку встречи. Сложности в отправке зонда к астероиду заключаются в необходимости его догнать: объект уже движется по удалённой траектории с высокой скоростью, отличной от орбитальной плоскости планет. Согласно расчётам, скорость астероида превышает вторую космическую скорость Земли и достигает примерно 26 километров в секунду, что намного превосходит скорости, ранее достигнутые искусственными космическими аппаратами. Известно, что аппарат Rosetta потратил около десяти лет, чтобы приблизиться к комете Чурюмова-Герасименко, а зонду Juno потребовалось пять лет, чтобы достигнуть Юпитера. Самый быстрый аппарат, созданный людьми, «Вояджер-1», способен двигаться со скоростью всего лишь около 16,6 километров в секунду.'",28.57
75,75,"'В первом цвете весны 2026 года Россия демонстрировала значимый прирост объёмов экспорта зерна, хотя число покупающих стран сократилось. Согласно российскому зерновому союзу, ранее в этот же период зерно поставлялось в четырнадцать государств, сейчас же — всего в одиннадцать. Однако объёмы поставок выросли: с первого по десятое апреля текущего года было отправлено более чем 1,1 млн тонн пшеницы, что на сорок процентов превышает показатель аналогичного периода прошлого года. Общие объёмы экспорта всех основных категорий зерновых культур выросли в 1,6 раза и составили около 1,2 млн тонн. Эксперты также обратили внимание на заметное повышение количества поставок в ключевые страны-партнёры. Например, поставки пшеницы в Египет выросли более чем в четыре раза (до 172 тысяч тонн), в Турцию — почти в полтора раза (до 146,5 тыс. тонн). В Кению также заметен четырёхкратный рост объёма отгрузки зерна, сообщает информационное агентство «Интерфакс». Кроме того, появилась информация о том, что Индия планирует продолжать закупки российской нефти вне зависимости от решения Соединённых Штатов по вопросу продления приостановки санкционных мер. Отмечается, что 11 апреля завершится тридцатидневный период временного освобождения российской нефти от действия американских ограничительных мер.'",30.548407692307695
76,76,"'Антиклимакс: Разгорелся скандал перед дебютом на льду Милана. Масса комментаторов начала повторять, что ситуация — это затея против российского артиста («поскольку ранее он выступал под ту же нотную мелодию, и проблем не было»). Однако для объективного анализа инцидента нужно сохранять уравновесие эмоций и рассматривать ситуацию только с точки зрения действующего законодательства в области спорта и управления спортивной деятельностью. Это не школа для драконов! Музыкальные сопровождения выступлений высококлассных спортсменов имеют юридический статус объектов авторского права. Использование музыкальных произведений в транслируемых мировым масштабом соревнованиях обязательно должно предварительно разрешаться. Лицензирование — это не атрибут прошлого, но современная реальность. Игнорирование данного вопроса или надежда на милостие прав собственников — это ошибка, которая противоречит правилам современных спортивных мероприятий. Анализ ситуации показывает, что проблема не возникла из-за действий вне команды или какого-либо внешнего влияния, а из-за ошибок и недостатков внутри самой команды. Юристы в составе тренерского штаба должны обеспечить соблюдение правовых норм и контролировать выполнение всех требований закона. Поиск виновных вне команды неэффективен, поскольку причины конфликта связаны с недостаточной профессиональной подготовкой внутри самой команды. Решение вопросов, касающихся авторского права, должно осуществляться заранее, еще на стадии разработки программы. У команды фигуриста были все возможности предвидеть риск использования зарубежных музыкальных произведений в текущих политических и юридических условиях. Надежды на удачное стечение обстоятельств или пассивность прав собственников недопустимы: такой подход демонстрирует низкий уровень профессионализма и негативно отражается на самом спортсмене, которому приходится срочно менять отработанные элементы программы в стрессовых условиях. Ожидаемый процент идиоматичных конструкций: 26%.'",26.0
77,77,"'В нашем эксперименте мы переодели мышей в миниатюрных мамонтов. Обычные лабораторные мыши, с их гладкой буроватой шкурой, нашлись далеко от тому виду, которое мы стремимся создать. Мы хотели не просто перенести гены мамонта в мышей, это было бы бесполезен, как попытка взять птицу и сделать из нее рыбу. Мы нашли, что у мамонтов есть определенные особенности, которые соответствуют аналогичным изменениям в генах мыши, благодаря чему мы получили ожидаемый внешний вид животного. Это было идеальная возможность испытать наш метод одновременного редактирования множества элементов сразу, поэтому мы выбрали десять соответствующих генов и отредактировали их все единовременно. Мы призвали жизнь к новым формам. Этот процесс был длительным и сложным, но нам удалось сделать то, что многие считали невозможным. Наши мыши больше похожи на мамонтов, чем они никогда прежде не были.'",27.0
78,78,"'Виртуозные ученые задействовали акустический подход для проникновения в верхние слои земной мантии и открыли фантастические скрытые богатства, содержащиеся на глубинах более 160 километров под земной поверхностью. Совокупно там приблизительно находится около миллиарда кубических километров алмазов! \n\nАппаратура сейсмометрии зафиксировала различные внутрипланетные колебания, например, подземные толчки. Эти механические колебания распространяются с разной скоростью в зависимости от свойств прохождения среды. \n\nИспользуя собранную информацию, ученые пытались дешифровать строение внутренних частей планеты и столкнулись с необычными особенностями. \n\nВыявлены области, где скорость распространения сейсмических колебаний резко повышается без очевидной причины. Такие участки получили название «источников древних платформ». Они являются наиболее старыми и стабильными участками континентальной коры, простирающимися на расстояние до 320 километров внутрь. \n\nДля объяснения полученных сведений о распространении сейсмических волн исследовательская группа предположила состав этих участков. Согласно их мнению, если содержание алмазов в этих структурах составляет от 1 до 2 процентов, такое значение скорости сейсмоволн становится понятным и рационально объясняется. \n\nХотя указанное количество алмазов кажется незначительным относительно всей массы земной коры и мантии, оно превышает общие оценки примерно в тысячу раз.'",30.2
79,79,"'Видеомагия стала доступна зачастую благодаря устройству, способному запись и воспроизведение движущихся изображений. Братья Люмьер создали прибор, которого они назвали «кинограф». Их изобретение положило начало развитию киноиндустрии и создало условия для появления первых публичных театров фильмов, обеспечив кино статусом искусства, развлечения и бизнеса. \n\nМожно отметить, что Люмьеры не были единственными людьми, работавшими над созданием кинотехники. Другие тоже работали над подобными проектами, однако именно изобретение Люмьеров получило широкую известность и вызвало общественный интерес после первых демонстраций. \n\nПервый платный просмотр состоялся 28 декабря 1895 года в Париже, став знаменательной датой в истории киноиндустрии. Тем не менее, демонстрации аппаратов для показа изображений происходили и раньше в городах США и Германии. Но парижская премьера произвела большое впечатление на публику, поскольку зрителям показывали не рекламные ролики, а короткие сюжеты из повседневной жизни. Репертуар включал такие работы, как «Выход сотрудников Люмьер», «Конный спорт», «Рыбалка», «Место кузницы», «Прыжок через покрывало», «Обед на берегу моря» и другие. Эти ранние произведения представляли собой скорее живые фотографии, созданные братьями Луи и Огюстом Люмьер. Известный сегодня фильм «Прибытие поезда» был показан несколько позднее, весной 1896 года.'",20.0
80,80,"'В первой половине мая, американский доллар ожидается снижением и приближением к окрестностям 70-74 русских рублей, евро - в пределах 83-86 рублей, а китайская валюта будет колебаться около 10,50-11,00 рубля. Это предположение было предоставлено экспертом Андреем Лобода изданию «Известия».\n\nБанк России зафиксировал официальный курс на 16 мая: доллар равен 73,1 рублю, евро - 85,1 рубля, китайский юань - 10,7 рубля. Данные Московской биржи указывают на то, что к 18 мая курс китайского юаня составляет приблизительно 10,6 рубля.\n\nОсновным фактором стабильности русского рубля является доход от экспорта нефти. Согласно данным Центробанка, в апреле российские компании-экспортеры продали иностранной валюты на сумму $14,9 миллиардов больше обычного уровня, что позволяет поддерживать курс национальной валюты относительно стабильным еще некоторое время. Благодаря жёстким денежно-кредитным мерам дополнительный приток капитала остается внутри страны, поддерживая интерес инвесторов к русским финансовым инструментам.\n\nВ то же время существуют факторы, которые могут отрицательно сказаться на курсе рубля. К ним относятся увеличение объёмов валютных закупок предприятиями, повышение объёма импортных поставок летом и возросший спрос на иностранную валюту, когда курс доллара опускается ниже отметки в 73 рубля.\n\nКраткосрочной перспективе укрепления рубля является снижение курса доллара США до 70 рублей за единицу, но реализация данного сценария возможна лишь при сохранении текущих высоких цен на нефть и стабильности внешнеэкономической обстановки.\n\nПо мнению эксперта, потенциал укрепления рубля ограничен. Ускорение темпов глобальной инфляции и растущий спрос на надёжные финансовые инструменты указывают на возможное ослабление позиций рубля во втором полугодии.\n\nРанее сообщалось, что на межбанковском рынке курс доллара США упал ниже уровня 73 рублей, достигнув значения 72,975 рубля (-1,11%), что стало минимальным показателем с 19 февраля 2023 года. Коррекция стоимости евро составила минус 1,34%, цена снизилась до 85,45 рубля.'",27.67
81,81,"'Волны туристического спроса к пляжам Турции уже обводятся на горизонте зимой 2018 года. Уже в феврале представители популярного туристического сайта подтвердили, что число ранних бронирований на Восток считается впечатляющим, превосходящим показатели внутренних направлений. В мае Российский союз туризма предрекал, что летом около трети российских путешественников примут решение в пользу турецких курортов. Это не слишком удивительно, учитывая наличие многочисленных регулярных рейсов, короткие перелеты и расположение большинства гостиниц рядом с ключевыми аэропортами страны. Летом ожидается незначительное повышение цен на местные пляжи в сравнении с предыдущим сезоном, но уровень обслуживания туристов должен улучшиться. Специалисты сообщают, что гостиницы Сиде, Белеке и Анталье прошли ретельную сертификацию Роспреднадзора и теперь готовы принимать гостей. Одним из главных вкладов в безопасное отдыхание стала существенная повышение квалификации персонала, а также дополнительные меры по обеспечению безопасной питьевой воды и питания. Несмотря на это, некоторые путешественники жалуются на высокую концентрацию туристов в некоторых местах, что может мешать тем, кто предпочитает отдыхать вдали от масс людей. Избежать большого количества отдыхающих на лучших пляжах Турции будет сложно.'",26.0
82,82,"'Со времени летнего вступления в силу нового правила, с 1 июня 2024 года, ожидается суровый штраф за использование зимней резины летом. Список неисправностей, установленный с 1 сентября 2023 года, запрещает эксплуатировать легковые и грузовые автомобили до 3,5 тонн с зимними шинами в период с 1 июня по 1 сентября включительно. Нарушение этой меры предостережения предполагает административную ответственность, установленную статьей 12.5 КоАП РФ, о которой говорится об уплате штрафа в размере 500 рублей. Этот размер снижается вдвое при оплате через портал госуслуг до 20 дней после нарушения. Применение зимних шин с шипами подлежит запрету, однако нешипованные зимние шины («липучки») разрешены, хотя их срок службы короче и они быстрее изнашиваются по сравнению с летней резиной. Это подобно тому, как солнце светит гораздо ярче, чем луна, но не так долго. Кроме того, с 1 июня 2024 года иностранцы и граждане России, обладающие иностранными водительскими удостоверениями, обязаны заменить их на российские права в течение одного года после въезда в страну. В противном случае ожидается штраф в размере 15 000 рублей. Граждане России, чьи действующие водительские удостоверения истекают до конца 2024 или 2025 годов, продолжат пользоваться их еще три года. Для водителей, ранее лишенных прав за управление автомобилем в состоянии алкогольного опьянения, вводится запрет на сдачу экзамена для восстановления водительских прав сроком на один год. Правила сдачи экзамена упростились: число допустимых ошибок увеличено с пяти до семи. Штурман-инспектор во время экзамена должен находиться на заднем сидении автомобиля, как в театре, где режиссер наблюдает за всем событием с верхней ложи.'",31.58
83,83,"'Очевидно такова реальность: безопасное употребление кофе зависит от его содержания кофеина, а не количестве потрошенных чашек. В одной эспрессо-порции находится приблизительно 80–100 мг кофеина, в то время как в капучино — около 70 мг. Для тех, кто предпочитает крепкий напиток, рекомендуется использовать сосуды объемом не более 50–70 миллилитров. Кофеиновый контент также изменяется в зависимости от ингредиентов напитка: сахар, молоко и сливки замедляют поглощение кофеина организмом, уменьшая его воздействие. Как говорят, «каждому своё», кофе оказывает стимулирующее действие на организм человека, способствуя выработке гормонов адреналина, серотонина и дофамина, которые улучшают самочувствие и повышают способность переносить стрессы. Эти гормоны, как то сказано, «дают силы», однако превышение нормального употребления кофе негативно влияет на работу желудочно-кишечного тракта и создаёт дополнительную нагрузку на сердечно-сосудистую и нервную системы. Это, как говорят, «пусть не будет затрагивать самого человека».'",31.0
