model,original_index,original_text,grammar,fluency,naturalness,idiomaticity,idiomatic_expressions
GigaChat-2,73,"Диагностика редких заболеваний может занимать большое количество времени. По оценкам специалистов из Стэнфордского университета (Stanford University), на поиск соответствующего симптомам и генотипу пациента заболевания может уходить до 20-40 часов времени высококвалифицированного специалиста. Эксперт рассматривает около 100 наиболее подозрительных мутаций в генах, предполагает, какая из них могла стать причиной болезни, проверяет свои предположения в литературе, затем переходит к следующей в случае неудачи.

Профессор Джилл Бежерано (Gill Bejerano) предложил компьютерный алгоритм под названием Франк (Phrank, phenotype + rank, соединение «фенотипа» и «ранга»), который может автоматизировать эти поиски. Программа сокращает время поиска на 90%, при этом экономя деньги за счет высвобождения рабочих часов врача.

Франк сравнивает симптомы и генетические данные пациента с базой, в которой содержатся сведения из медицинской литературы. Результатом сравнения является ранжированный список редких наследственных заболеваний, которые могли вызвать указанные симптомы. Таким образом у клинициста появляется «стартовая точка», от которой он может двигаться в направлении определения диагноза.

При создании алгоритма, в отличие от предыдущих подобных программ, ученые использовали медицинские данные реальных пациентов, поэтому Франк более эффективен. В частности, когда дело дошло до постановки диагноза самим алгоритмом, болезнь, которая действительно была у пациента, стояла четвертой в листе Франка и 33-й в списке, выданном более старым алгоритмом.

Кроме того, новая программа может помочь врачам в выявлении еще неизвестных наследственных заболеваний – если Франк не найдет упоминаний о симптомах у людей, он будет искать информацию о них в публикациях об экспериментах на животных. Джилл Бежерано пояснил, что, возможно, у людей то или иное заболевание могли до сих пор не диагностировать ни разу, а у мышей, например, оно уже проявлялось. Никто не заменит врача, подчеркнул профессор, но новые технологии могут сделать его работу более эффективной.",5,4,3,1,''
GigaChat-2,0,"Над пустыми петербургскими улицами пролетали едва озаренные смутности; обрывки туч перегоняли друг друга.

Какое-то фосфорическое пятно и туманно, и мертвенно проносилось по небу; фосфорическим блеском протуманилась высь; и от этого проблистали железные крыши и трубы. Протекали тут зеленые воды Мойки; по одной ее стороне то же высилось все трехэтажное здание о пяти своих белых колоннах; наверху были выступы. Там, на светлом фоне светлого здания, медленно проходил Ее Величества кирасир; у него была золотая, блиставшая каска.

И серебряный голубь над каской распростер свои крылья.

Николай Аполлонович, надушенный и выбритый, пробирался по Мойке, запахнувшись в меха; голова упала в шинель, а глаза как-то чудно светились; в душе – поднимались там трепеты без названья; что-то жуткое, сладкое пело там: словно в нем самом разлетелся на части буревой эолов мешок и сыны нездешних порывов на свистящих бичах в странные, в непонятные страны угоняли жестоко.

Думал он: неужели и это – любовь? Вспомнил он: в одну туманную ночь, выбегая стремительно из того вон подъезда, он пустился бежать к чугунному петербургскому мосту, чтобы там, на мосту…

Вздрогнул он.

Пролетел сноп огня: придворная, черная пролетела карета: пронесла мимо светлых впадин оконных того самого дома ярко-красные свои, будто кровью налитые, фонари; на струе черной мойской фонари проиграли и проблистали; призрачный абрис треуголки лакея и абрис шинельных крыльев пролетели с огнем из тумана в туман.",5,4,3,1,''
GigaChat-2,58,"Исторические локации и новые проекты
Компания «Балтийская коммерция» приобрела участок на Новгородской улице, 14 весной 2024 года. Ранее здесь располагался бизнес-центр класса С, а рядом уже построен жилой комплекс «Форсайт» того же девелопера. Общая площадь участка - около 5,5 тысячи квадратных метров.

Девелопер работает в исторических районах Петербурга с конца 90-х годов. Среди последних проектов - реконструкция бывшего советского лицея на проспекте Римского-Корсакова и премиальный квартал у метро «Чкаловская». Пески традиционно считаются одной из самых престижных локаций города, хотя после 2010 года здесь стали появляться не только элитные, но и бизнес-класса новостройки.

Район отличается спокойствием и отсутствием туристического шума, что ценят будущие жильцы. Однако, как отмечают эксперты, здесь еще много промышленных территорий, оставшихся в наследство от «серого пояса» города.

Рынок элитного жилья и перспективы развития
С начала 2024 года, по данным NF Group, в центральной части Петербурга появилось два новых жилых комплекса на 448 квартир: элитный «Моисеенко 10» и бизнес-класс N8. В стадии реализации находятся еще несколько проектов, включая жилой комплекс ПСК и реконструкцию Мытного двора. Свободных участков для строительства в центре практически не осталось, а спрос на премиальное жилье стабильно высок.

По информации брокеров, отдельные земельные участки еще можно найти в районе площади Восстания и на улице Черняховского. Однако основной резерв для развития центрального района - это территории между Синопской набережной и Новгородской улицей. Здесь компания «ТГК-1» готовит масштабный проект редевелопмента бывшей Центральной ТЭЦ. Планируется создать общественно-деловое пространство, которое соединит городскую застройку с набережной. Первый этап, включающий рекреационную зону и объекты общепита, уже получил одобрение экспертизы.

Петербург продолжает меняться: исторические кварталы обретают новую жизнь, а элитные жилые комплексы становятся частью городской ткани, где прошлое и будущее встречаются на одной улице.",5,4,3,1,''
GigaChat-2,22,"На семи холмах лежит городок Федор-Кузьмичск, а вокруг городка – поля необозримые, земли неведомые. На севере – дремучие леса, бурелом, ветви переплелись и пройти не пускают, колючие кусты за порты цепляют, сучья шапку с головы рвут. В тех лесах, старые люди сказывают, живет кысь. Сидит она на темных ветвях и кричит так дико и жалобно: кы-ысь! кы-ысь! – а видеть ее никто не может. Пойдет человек так вот в лес, а она ему на шею-то сзади: хоп! и хребтину зубами: хрусь! – а когтем главную-то жилочку нащупает и перервет, и весь разум из человека и выйдет. Вернется такой назад, а он уж не тот, и глаза не те, и идет, не разбирая дороги, как бывает, к примеру, когда люди ходят во сне под луной, вытянувши руки, и пальцами шевелят: сами спят, а сами ходят. Поймают его и ведут в избу, а иной раз для смеху поставят ему миску пустую, ложку в руку вторнут: ешь; он будто и ест, из пустой-то миски, и зачерпывает, и в рот несет, и жует, а после словно хлебом посудину обтирает, а хлеба-то в руке и нет; ну, родня, ясно, со смеху давится. Такой сам ничего делать не может, даже оправиться не умеет: каждый раз ему заново показывай. Ну, если жене или там матери его жалко, она его с собой в поганый чулан водит; а ежели за ним приглядеть некому, то он, считай, не жилец: как пузырь лопнет, так он и помирает.

Вот чего кысь-то делает.

На запад тоже не ходи. Там даже вроде бы и дорога есть – невидная, вроде тропочки. Идешь-идешь, вот уж и городок из глаз скрылся, с полей сладким ветерком повевает, все-то хорошо, все-то ладно, и вдруг, говорят, как встанешь. И стоишь. И думаешь: куда же это я иду-то? Чего мне там надо? Чего я там не видел? Нешто там лучше? И так себя жалко станет! Думаешь: а позади-то моя изба, и хозяюшка, может, плачет, из-под руки вдаль смотрит; по двору куры бегают, тоже, глядишь, истосковались; в избе печка натоплена, мыши шастают, лежанка мягкая… И будто червырь сердце точит, точит… Плюнешь и назад пойдешь. А иной раз и побежишь. И как завидишь издали родные горшки на плетне, так слеза и брызнет. Вот не дать соврать, на аршин брызгает! Право!..",5,4,4,1,''
GigaChat-2,12,"Приказания прокуратора были исполнены быстро и точно, и солнце, с какой-то необыкновенною яростью сжигавшее в эти дни Ершалаим, не успело еще приблизиться к своей наивысшей точке, когда на верхней террасе сада у двух мраморных белых львов, стороживших лестницу, встретились прокуратор и исполняющий обязанности президента Синедриона первосвященник иудейский Иосиф Каифа.

В саду было тихо. Но, выйдя из-под колоннады на заливаемую солнцем верхнюю площадь сада с пальмами на чудовищных слоновых ногах, площадь, с которой перед прокуратором развернулся весь ненавистный ему Ершалаим с висячими мостами, крепостями и – самое главное – с не поддающейся никакому описанию глыбой мрамора с золотою драконовою чешуею вместо крыши – храмом Ершалаимским, – острым слухом уловил прокуратор далеко и внизу, там, где каменная стена отделяла нижние террасы дворцового сада от городской площади, низкое ворчание, над которым взмывали по временам слабенькие, тонкие не то стоны, не то крики.

Прокуратор понял, что там на площади уже собралась несметная толпа взволнованных последними беспорядками жителей Ершалаима, что эта толпа в нетерпении ожидает вынесения приговора и что в ней кричат беспокойные продавцы воды.",5,4,4,1,''
GigaChat-2,70,"Журналист «Новороссийского рабочего» проанализировала объявления на одном из популярных сайтов.

Требуются официанты в кафе, рестораны и в банный комплекс. Предлагается работать за 3-4 тыс. рублей за смену (месячный заработок от 50 до 65 тыс. рублей).

Повару-мангальщику в одном из известных ресторанов готовы платить 5200 рублей за смену. В ресторан быстрого питания требуется сотрудник, который будет готовить блюда по стандартам компании, принимать и выдавать заказы, работать на кассе. Обещана зарплата от 80 тыс. рублей. Повару-универсалу готовы платить от 75 тыс. рублей в месяц. При этом бонусом будет бесплатное проживание.

На базе отдыха в Широкой балке ждут горничную, которая будет убирать не только номера для гостей, но также беседки, территорию бассейна. Горничной предлагают бесплатное проживание и бесплатное трехразовое питание. За каждую смену она будет получать 3500 рублей на руки. Горничная, которая готова работать вахтовым методом в Абрау-Дюрсо – 90 суток, будет зарабатывать до 4 тыс. рублей за сутки. Питание и проживание бесплатно.

Ждут администратора в мини-отеле на работу с мая по сентябрь с зарплатой от 80 тыс. рублей в месяц. В этом же отеле требуется горничная с зарплатой от 60 тыс. в месяц.

Вакансии горничных, поваров, официантов, мойщиков посуды уборщиков есть в заведениях общепита, базах отдыха и гостиницах в Широкой балке, Мысхако, Абрау-Дюрсо. Ближе к лету их будет еще больше.",3,4,3,1,''
GigaChat-2,10,"Я родился полвека тому назад, в средней России, в деревне, в отцовской усадьбе.
У нас нет чувства своего начала и конца. И очень жаль, что мне сказали, когда именно я 
родился. Если бы не сказали, я бы теперь и понятия не имел о своем возрасте, – тем более, 
что я еще совсем не ощущаю его бремени, – и, значит, был бы избавлен от мысли, что мне 
будто бы полагается лет через десять или двадцать умереть. А родись я и живи на 
необитаемом острове, я бы даже и о самом существовании смерти не подозревал. «Вот было 
бы счастье!» – хочется прибавить мне. Но кто знает? Может быть, великое несчастье. Да и 
правда ли, что не подозревал бы? Не рождаемся ли мы с чувством смерти? А если нет, если 
бы не подозревал, любил ли бы я жизнь так, как люблю и любил?
О роде Арсеньевых, о его происхождении мне почти ничего не известно. Что мы 
вообще знаем! Я знаю только то, что в Гербовнике род наш отнесен к тем, «происхождение 
коих теряется во мраке времен». Знаю, что род наш «знатный, хотя и захудалый» и что я всю 
жизнь чувствовал эту знатность, гордясь и радуясь, что я не из тех, у кого нет ни рода, ни 
племени. В Духов день призывает Церковь за литургией «сотворить память всем от века 
умершим». Она возносит в этот день прекрасную и полную глубокого смысла молитву: 
– Вси рабы Твоя, Боже, упокой во дворех Твоих и в недрех Авраама, – от Адама даже до 
днесь послужившая Тебе чисто отцы и братiи наши, други и сродники!",5,4,4,1,''
GigaChat-2,18,"Вавилен Татарский родился задолго до этой исторической победы красного над красным. Поэтому он автоматически попал в поколение «П», хотя долгое время не имел об этом никакого понятия. Если бы в те далекие годы ему сказали, что он, когда вырастет, станет копирайтером, он бы, наверно, выронил от изумления бутылку «Пепси-колы» прямо на горячую гальку пионерского пляжа. В те далекие дни детям положено было стремиться к сияющему шлему пожарного или белому халату врача. Даже мирное слово «дизайнер» казалось сомнительным неологизмом, прижившимся в великом русском языке по лингвистическому лимиту, до первого серьезного обострения международной обстановки.

Но в те дни в языке и в жизни вообще было очень много сомнительного и странного. Взять хотя бы само имя «Вавилен», которым Татарского наградил отец, соединявший в своей душе веру в коммунизм и идеалы шестидесятничества. Оно было составлено из слов «Василий Аксенов» и «Владимир Ильич Ленин». Отец Татарского, видимо, легко мог представить себе верного ленинца, благодарно постигающего над вольной аксеновской страницей, что марксизм изначально стоял за свободную любовь, или помешанного на джазе эстета, которого особо протяжная рулада саксофона заставит вдруг понять, что коммунизм победит. Но таков был не только отец Татарского, – таким было все советское поколение пятидесятых и шестидесятых, подарившее миру самодеятельную песню и кончившее в черную пустоту космоса первым спутником – четыреххвостым сперматозоидом так и не наставшего будущего.

Татарский очень стеснялся своего имени, представляясь по возможности Вовой. Потом он стал врать друзьям, что отец назвал его так потому, что увлекался восточной мистикой и имел в виду древний город Вавилон, тайную доктрину которого ему, Вавилену, предстоит унаследовать. А сплав Аксенова с Лениным отец создал потому, что был последователем манихейства и натурфилософии и считал себя обязанным уравновесить светлое начало темным. Несмотря на эту блестящую разработку, в возрасте восемнадцати лет Татарский с удовольствием потерял свой первый паспорт, а второй получил уже на Владимира.",5,4,3,1,''
GigaChat-2,4,"Все это Рутилов говорил, по обыкновению своему, быстро и весело, улыбаясь, но он, 
высокий, узкогрудый, казался чахлым и хрупким, и из-под шляпы его, новой и модной, 
как-то жалко торчали жидкие, коротко остриженные светлые волосы.
– Ну, уж и втрое, – вяло возразил Передонов, снимая и протирая золотые очки.
– Да уж верно! – воскликнул Рутилов. – Смотри, не зевай, пока я жив, а то они у меня 
тоже с гонором, – потом захочешь, да поздно будет. А только из них каждая за тебя с 
превеликим удовольствием пойдет.
– Да, в меня здесь все влюбляются, – с угрюмым самохвальством сказал Передонов.
– Ну, вот видишь, вот ты и лови момент, – убеждал Рутилов.
– Мне бы, главное, не хотелось, чтобы она была сухопарая, – с тоскою в голосе сказал 
Передонов. – Жирненькую бы мне.
– Да уж на этот счет ты не беспокойся, – горячо говорил Рутилов. – Они и теперь 
барышни пухленькие, а если не совсем вошли в объем, так это только до поры до времени. 
Выйдут замуж, и они раздобреют, как старшая. Лариса-то у нас, сам знаешь, какая кулебяка 
стала.
– Я бы женился, – сказал Передонов, – да боюсь, что Варя большой скандал устроит.
– Боишься скандала, так ты вот что сделай, – с хитрою улыбкою сказал Рутилов: –
сегодня же венчайся, не то завтра: домой явишься с молодой женой, и вся недолга. Правда, 
хочешь, я это сварганю, завтра же вечером? С какою хочешь?
Передонов внезапно захохотал, отрывисто и громко.
– Ну, идет? по рукам, что ли? – спросил Рутилов.
Передонов так же внезапно перестал смеяться и угрюмо сказал, тихо, почти шопотом:
– Донесет, мерзавка.
– Ничего не донесет, нечего доносить, – убеждал Рутилов.
– Или отравит, – боязливо шептал Передонов.
– Да уж ты во всем на меня положись, – горячо уговаривал его Рутилов, – я все так 
тонко обстрою тебе…
– Я без приданого не женюсь, – сердито крикнул Передонов.
Рутилова нисколько не удивил новый скачок в мыслях его угрюмого собеседника. Он 
возразил все с тем же одушевлением:
– Чудак, да разве они бесприданницы! Ну, что же, идет, что ли? Ну, я побегу, все 
устрою. Только чур, никому ни гу-гу, слышишь, никому!
Он потряс руку Передонова и побежал от него. Передонов молча смотрел за ним. 
Барышни Рутиловы припомнились ему, веселые, насмешливые. Нескромная мысль выдавила 
на его губы поганое подобие улыбки, – оно появилось на миг и исчезло. Смутное 
беспокойство поднялось в нем.",5,4,3,1,''
GigaChat-2,65,"Нежелание работать отмечают и работодатели. Владелица торговой точки по продаже корейской косметики Татьяна Вакарчук говорит, что те же студенты, еще не начав трудовой путь, пытаются выставлять свои условия: график, зарплата, какие-то бонусы вроде скидок на продукцию. Но несмотря на все это, лояльность к компании проявлять не спешат: могут опоздать, не предупредив, а то и уволиться одним днем без объяснения причин.

— Им важно, чтобы было удобно и прикольно. А вставать рано утром «не удобно» и «не прикольно», равно как и стоять смену в торговом центре, общаться с людьми, что-то им объяснять, продавать. При этом у меня в фирме продавцы помимо окладной части получают еще и процент от реализации. Чем не мотивация? Но современным молодым людям не особенно это и нужно — заработали сегодня на какую-то нехитрую еду, а что будет завтра их не особенно волнует. Уж не думала, что нынешние юноши и девушки будут жить по принципу «лучше кашки не доложат, но на работу не потревожат», — говорит Татьяна Вакарчук.

Отсутствие амбиций отмечают и рестораторы. Они утверждают, что буквально несколько лет назад официантами, барменами, хостес были в основном студенты и трудились они прилежно, а сейчас на их место пришли люди среднего возраста и работают они куда усерднее, чем их более молодые коллеги.

— Современная молодежь не отличается надежностью и какой-то профессиональной порядочностью. За последний год в моих заведениях каждые два месяца студенты-официанты не выходят на смену без объяснения причин. Они просто не отвечают на звонки и не появляются на рабочем месте. Но еще лет пять назад картина была другая — молодые люди трудились со всей ответственностью, не боялись работы и зарабатывали, кстати, хорошо, ведь все знают, что официанта ноги кормят, — рассказал управляющий сети закусочных Вадим Терехов.

Отдельно он отметил, что нынешним парням и девушкам достаточно малого во многом именно потому, что для того, чтобы получить больше, нужно и работать больше. Терехов привел пример: официант среднего возраста сознательно берется обслуживать больше столов в смену, он знает, что от этого зависит заработок, поэтому за день он может получить около 5 тысяч рублей. Его 18-летний коллега заработает раза в три меньше, поскольку и смену он себе выбивает короче, и столов обслуживает меньше. Ему не важно, что денег мало, ему важна «свобода» и нетяжелая работа.

По мнению Терехова, привести молодежь в чувства может помочь нужда. Речь о том, что когда «сильно прижмет» придется променять свое «хочу» на «нужно» работодателя. Иными словами, если человеку станет нечего есть, то он, скорее всего, перестанет пытаться прогнуть мир и взрослых людей под себя и каким-то образом примирится с действительностью и необходимостью выжить.",3,3,3,1,''
GigaChat-2,40,"В хату вошла большая рыжая собака с черным ремешком по всей спине. У нее под глазами были черные полоски с загибом вроде очков. И от этого глаза казались очень большими, и ими она спрашивала: «Зачем позвал меня, хозяин?»
Антипыч как-то особенно поглядел на нее, и собака сразу поняла человека: он звал ее по приятельству, по дружбе, ни для чего, а просто так, пошутить, поиграть... Травка замахала хвостом, стала снижаться на ногах все ниже, ниже и, когда подползла так к коленям старика, легла на спину и повернула вверх светлый живот с шестью парами черных сосков. Антипыч только руку протянул было, чтобы погладить ее, она как вдруг вскочит и лапами на плечи — и чмок и чмок его: и в нос, и в щеки, и в самые губы.
— Ну, будет, будет, — сказал он, успокаивая собаку и вытирая лицо рукавом.
Погладил ее по голове и сказал:
— Ну, будет, теперь ступай к себе.
Травка повернулась и вышла на двор.
— То-то, ребята, — сказал Антипыч. — Вот Травка, собака гончая, с одного слова все понимает, а вы, глупенькие, спрашиваете, где правда живет. Ладно же, приезжайте. А упустите меня, Травке я все перешепну.
И вот умер Антипыч. Вскоре началась Великая Отечественная война. Другого сторожа на место Антипыча не назначили, и сторожку его бросили. Очень ветхий был домик, старше много самого Антипыча, и держался уже на подпорках. Как-то раз без хозяина ветер поиграл с домиком, и он сразу весь развалился, как разваливается карточный домик от одного дыхания младенца. В один год высокая трава Иван-чай проросла через бревнышки, и от всей избушки остался на лесной поляне холмик, покрытый красными цветами. А Травка переселилась в картофельную яму и стала жить в лесу, как и всякий зверь.",5,4,4,1,''
GigaChat-2,47,"Инженерам Ирбитского мотоциклетного завода поставили задачу: разработать машину, способную разгоняться до 150 км/ч без коляски и до 120 км/ч с ней. Для большинства советских мотоциклов тех лет это были космические цифры.

Работа над новинкой велась в режиме строгой секретности и при хронической нехватке ресурсов. Первые опытные образцы собрали в 1963 году. Внешне мотоцикл оставался узнаваемым «Уралом», но двигатель серьезно прокачали: объем вырос до 1040 кубических сантиметров, а мощность достигла 50 лошадиных сил. Чтобы улучшить аэродинамику, поставили специальный обтекатель. Правда, паспортных 150 км/ч добиться не удалось — первые экземпляры разгонялись до 130–132 км/ч. Но и этого хватило, чтобы поразить современников.

В 1967-м завод выпустил крошечную партию — всего около 25 мотоциклов с колясками. Их распределили по подразделениям ГАИ по всему Советскому Союзу. Каждый экземпляр собирали практически вручную: не хватало мощностей, уникальные комплектующие поставлялись с перебоями, да и сама разработка обошлась слишком дорого. На деле эксплуатация этих байков превратилась в головную боль. Запчасти для литрового мотора были в жутком дефиците, а если двигатель серьезно ломался, его чаще всего просто не удавалось починить. В итоге проект так и остался штучным — слишком сложным и дорогим для советской промышленности.

И все же «Урал М-100» сумел оставить след в истории отечественного мотостроения. Эти машины прослужили в ГАИ около десяти лет. Сегодня о них помнят лишь единицы — даже заядлые коллекционеры и фанаты ретро-техники знают об этой модели не много. Большинство экземпляров безвозвратно утеряны, а уцелевшие стали настоящим раритетом.

Тем временем Ирбитский мотоциклетный завод вновь пытается удивить публику. С января 2026 года встал на конвейер «Урал Нео 500» — более доступная и современная версия легендарного бренда. Новинка получила рядный двухцилиндровый двигатель объемом 446 см³ с жидкостным охлаждением и отдачей 35 л. с., а также пятиступенчатую коробку передач с задней передачей. Сухая масса — 334 кг. Внешне байк выдержан в духе современных туристических мотоциклов, а в оснащение добавили светодиодную оптику, электронную приборную панель и встроенную переднюю камеру. Модель разработали в партнерстве с крупной компанией, и ориентирована она в первую очередь на экспорт.

Проект «Урал М-100» наглядно показывает, как смелые инженерные идеи могут обгонять свое время, но разбиваться о суровую реальность производства. Сегодня завод делает ставку на новые технологии и международную кооперацию, чтобы вернуть себе место на мировом рынке мотоциклов.",4,4,3,1,''
GigaChat-2,35,"Странное впечатление производит на северянина Одесса. Словно какой-нибудь заграничный город, русифицированный усердным администратором. Огромные кафе, наполненные подозрительно-изящными коммивояжерами. Вечернее гуляние по Дерибасовской, напоминающей в это время парижский бульвар Сен-Мишель. И говор, специфический одесский говор, с измененными удареньями, с неверным употребленьем падежей, с какими-то новыми и противными словечками. Кажется, что в этом говоре яснее всего сказывается психология Одессы, ее детски-наивная вера во всемогущество хитрости, ее экстатическая жажда успеха. В типографии, где я печатал визитные карточки, мне попался на глаза свежий номер печатающейся там же вечерней одесской газеты. Развернув его, я увидел стихотворение Сергея Городецкого с измененной лишь одной строкой и напечатанное без подписи. Заведующий типографией сказал мне, что это стихотворение принесено одним начинающим поэтом и выдано им за свое.

Несомненно, в Одессе много безукоризненно-порядочных, даже в северном смысле слова, людей. Но не они задают общий тон. На разлагающемся трупе Востока завелись маленькие юркие червячки, за которыми будущее. Их имена — Порт-Саид, Смирна, Одесса.

10-го апреля на пароходе Добровольного флота «Тамбов» мы вышли в море. Какие-нибудь две недели тому назад бушующее и опасное Черное море было спокойно, как какое-нибудь озеро. Волны мягко раздавались под напором парохода, где рылся, пульсируя, как сердце работающего человека, невидимый винт. Не было видно пены, и только убегала бледно-зеленая малахитовая полоса потревоженной воды. Дельфины дружными стаями мчались за пароходом, то обгоняя его, то отставая, и по временам, как бы в безудержном припадке веселья, подскакивали, показывая лоснящиеся мокрые спины, Наступила ночь, первая на море, священная. Горели давно не виденные звезды, вода бурлила слышнее. Неужели есть люди, которые никогда не видели моря?

12-го утром — Константинополь. Опять эта никогда не приедающаяся, хотя откровенно-декоративная красота Босфора, заливы, лодки с белыми латинскими парусами, с которых веселые турки скалят зубы, дома, лепящиеся по прибрежным склонам, окруженные кипарисами и цветущей сиренью, зубцы и башни старинных крепостей, и солнце, особенное солнце Константинополя, светлое и не жгучее.

Мы прошли мимо эскадры европейских держав, введенной в Босфор на случай беспорядков. Неподвижная и серая, она тупо угрожала шумному и красочному городу. Было восемь часов, время играть национальные гимны. Мы слышали, как спокойно-гордо прозвучал английский, набожно — русский, а испанский так празднично и блестяще, как будто вся эта нация состояла из двадцатилетних юношей и девушек, собравшихся потанцевать",4,4,3,1,''
GigaChat-2,81,"Судя по всему, к отдыху на турецких пляжах россияне стали готовится заранее. Еще в феврале 2018-го эксперты одного из популярных туристических сайтов рассказали, что Турция опередила внутренние направления по количеству ранних бронирований и стала лидером в этом сегменте. В мае в Российском союзе туриндустрии предсказали, что этим летом на турецкие пляжи отправится около 30% россиян, выезжающих на отдых за границу.

Свою роль, по мнению экспертов, тут сыграло и большое количество чартерных рейсов. Еще один плюс — короткий перелет и близость большинства отелей к основным курортным аэропортам страны.

При этом ожидается, что цены на отдых на местных пляжах, несмотря на весь ажиотаж, сильно не поднимутся — вероятнее всего, они останутся примерно на уровне прошлого года. А вот уровень сервиса, скорее всего, повысится. 

В мае в Роспотребнадзоре рассказали об итогах проведенной в отелях южного побережья Турции проверки. Повод был, прямо скажем, не радостный — в прошлом году сообщалось о нескольких случаях заражения инфекционными заболеваниями на местных курортах. Однако по итогам поездки специалисты ведомства сочли отели Сиде, Белека и Антальи полностью готовыми принять туристов: там не только приняли дополнительные меры, чтобы предотвратить риск распространения инфекций, но и заметно повысили уровень подготовки персонала.

«Большое внимание уделено подготовке отельной базы: усилены меры по обеспечению безопасного водоснабжения и питания, работы бассейнов, подготовке персонала, проведены мероприятия по улучшению выявления и лабораторной диагностики инфекций, организации противоэпидемических мероприятий», — отметили в отечественном надзорном ведомстве.

При всех преимуществах Турции с ее развитой инфраструктурой и вполне доступными ценами у этого направления, по мнению некоторых соотечественников, есть один недостаток — большое скопление людей порой может оттолкнуть ценителей уединенного отдыха.

В этом году избежать столпотворения на самых известных пляжах так называемой Турецкой ривьеры (там дела с отелями, ресторанами и транспортной инфраструктурой обстоят лучше всего, в этом же районе сосредоточено и большинство исторических достопримечательностей) точно не удастся.",4,4,3,1,''
GigaChat-2,55,"- Есть знакомые лица, есть незнакомые. И радует и то, и другое, - открывая круглый стол на тему “Кадры для роботизации: как подготовить инженеров будущего”, председатель партии “Новые люди” Алексей Нечаев перешел с места в карьер. Начал он с утилитарных задач вроде создания системы распознавания лиц. И радовался, что, вопреки классику, не “знакомые всё”, и есть еще чему учиться. Но успокоил: - Мы с вами люди, которые что-то про роботизацию понимаем. (И про роботизацию русского языка особенно. - П.О.) В целом выступление Алексея Нечаева было из разряда тех, которые комментировать - только портить: - Во многом, когда говорим о роботизации, обсуждения “есть ли этому альтернативы, нет ли этому альтернативы” практически не ведутся. Потому что долгое время дешевый труд - “ну зачем нам робот, у нас есть люди по 20 тысяч рублей в месяц”. У нас этих людей больше нету, и что бы ни было дальше, этих людей уже не будет. И это хорошо, потому что люди, значит, будут больше зарабатывать. То есть “людям по 20 тысяч рублей в месяц” стоит признать тот факт, что их не существует. Не можем с этим не согласиться - люди в деньгах не измеряются в принципе. Тут достоинство не стоит путать с номиналом. Но что значит “будут больше зарабатывать”? Где, кем? Тут интересен опыт компании “Фаберлик”, который привел в пример сам ее основатель Нечаев: - Мы за 10 лет увеличили производительность труда почти в 20 раз, просто год за годом занимаясь автоматизацией, роботизацией. И самое главное, что зарплаты людей, которые работали, выросли примерно раза в три. Тут важно понимать, что речь идет именно о людях, “которые работали”. О людях, которые перестали работать вследствие автоматизации производства, не упоминалось. Примечательно, кстати, что производительность труда выросла в целых 20 раз, а зарплаты - всего втрое… Хотя чему тут удивляться.",3,3,3,1,''
GigaChat-2,54,"""Семь сестер"", семь знаменитых сталинских высоток интересуют и самих москвичей, и туристов со всей России, и иностранцев. На экскурсиях по ""городу на семи холмах"" можно узнать о строителях и архитекторах, службе госбезопасности, секретах клумб и фонтанов и зачем подходить к главному зданию МГУ со счетчиком Гейгера. ""Такие экскурсии часто заказывают российские туристы и иногда иностранные, — рассказывает руководитель туркомпании ""Незабываемая Москва"". — Правда, внутрь высоток туристов не водят: в некоторых из них — режимные объекты, пропускная система"".

Попасть в высотки можно — и не только в те, где находятся отели, но и в обычный жилой дом.

Особенно интересно это будет ценителям балета: музей-квартира Галины Улановой находится в высотке на Котельнической набережной. Посещение — по предварительной записи.

Гости в отзывах хвалят и экскурсоводов, и интерьеры, и уникальные экспонаты. Благодарят за возможность почувствовать эпоху, а в ней — жизнь балерины. Ну и, конечно, отмечают виды из окна и помпезность самой высотки.",5,4,3,1,''
GigaChat-2,33,"Это было давно, когда я их родила, сразу за два года двоих, это было сумасшествие одной археологической экспедиции и моя очередная грандиозная ошибка в людях, когда я, юная особа двадцати девяти лет, стрижка под мальчика, худоба, глаза и ноги, девчонка совсем (мы с одним ребенком еще в начале, никто никого не знал, рассматривали за камнем его находку, ржавый обломок, а он подошел, так смешно, и говорит: «Мальчики, вы что тут делаете?» Я на него подняла глаза, он рассмотрел и поперхнулся, так я была похожа на мальчика. С того все и началось, дни и ночи счастья, когда я — поэтесса после пединститута и выгнанная из газеты со стажем журналистской работы за роман с одним женатым художником, отцом троих детей, которых я всерьез собиралась воспитать, дура! А жена его тут как тут: вам не стыдно? — и к главному редактору. И тут же им дают давно обещанную трехкомнатную квартиру — они жили в одной комнате все плюс мать его якобы жены, а у меня в комнате он мог работать, хотя моя в свою очередь мать очень бурно его попрекала, что он живет на моей шее, не женясь, — какие еще старые, старые песни, однако!), — так вот, когда я, уволившись из газеты, поехала куда глаза глядят в археологическую экспедицию, и вот вам результат, Андрей и Аленушка, два солнышка, все в одной комнате опять-таки, мать в своей упорно и упорно! Пожили, посмотрели на реальность, у моего мужа грандиозный развод в городе Куйбышеве, жена его приезжала смотреть на меня пузатую, то есть как смотреть — он открывает дверь, а там жена с пятнадцатилетним сыном, надо поговорить.",3,3,3,1,''
GigaChat-2,76,"Об этом стало известно за два дня до отлета в Милан. Большая часть диванных экспертов, разумеется, стала искать всеобщий заговор против россиянина (мол, катался же он раньше под эту мелодию — и ничего), однако для объективного понимания произошедшего необходимо дистанцироваться от эмоциональных оценок и рассмотреть инцидент в плоскости спортивного права и менеджмента. Суть конфликта заключается в претензиях правообладателей на использование музыкального произведения, что в условиях современной медиасреды и жесткого контроля за интеллектуальной собственностью является не заговором и не давлением, а стандартной правовой процедурой.

В профессиональном спорте высших достижений музыкальное сопровождение не является просто фоном; это объект авторского права, использование которого в коммерческих трансляциях и на международных/государственных стартах требует предварительного согласования. Процедура «очистки» авторских прав — это стандартный бюрократический этап подготовки любой программы. В современных реалиях игнорирование этого аспекта или надежда на то, что использование трека останется незамеченным, является недопустимым анахронизмом.

Любое публичное исполнение произведения, тем более связанное с трансляцией на широкую аудиторию, накладывает на организаторов и команду спортсмена обязательства по соблюдению лицензионных соглашений. Если правообладатель (в данном случае — зарубежный) заявляет о запрете использования своего актива, спортивные федерации и структуры обязаны подчиниться, чтобы избежать многомиллионных исков и давления со стороны международных организаций.

При анализе сложившейся ситуации становится очевидным, что корень проблемы лежит не во внешних факторах или «кознях» оппонентов, а в плоскости управленческой безответственности. Подготовка спортсмена уровня сборной (хоть здесь формально сборной и нет — все выступают в нейтральном статусе — но ясно, что готовит фигуриста огромное число людей) — это работа огромного штаба, в задачи которого входит не только тренировочный процесс, но и полное юридическое сопровождение всех элементов программы.

Глупо искать виноватых во внешней среде, когда речь идет о базовом профессиональном упущении. Подобные юридические вопросы должны решаться руководством и штабом спортсмена заблаговременно, на этапе постановки программы, а не за несколько дней до старта. Команда фигуриста была обязана осознавать риски, связанные с использованием зарубежного контента в текущей геополитической и правовой обстановке. Надеяться на удачу или «традиционное невмешательство» правообладателей в последний момент — значит проявлять непрофессионализм, который в итоге бьет по самому спортсмену, вынужденному в стрессовом режиме менять наработанную программу.",5,4,3,1,''
GigaChat-2,42,"Эта история началась как обычная прогулка по побережью, а превратилась в настоящий детектив. 48-летняя жительница Новой Зеландии Нейша Ринд и ее десятилетний сын Кея бродили по пляжу Ocean Beach в курортном городке Тайруа. Этот район на восточном побережье полуострова Коромандел давно облюбовали серферы, но в тот день океан приготовил для туристов куда более редкий трофей, чем удачная волна.

Среди груды плавника и морского мусора, который прилив обычно выносит на песок, Кея заметил странный предмет. Сначала семья подумала, что это обычный кирпич, обросший морской растительностью. Однако, очистив находку от толстого слоя ракушек и соленого налета, они поняли, что держат в руках классическую литровую бутылку из-под виски Jack Daniel’s. Внутри белел свернутый листок бумаги, пишет РГ.

Как только Нейша осторожно извлекла пробку, стало ясно: это не шутка современных пранкеров. Послание было датировано 17 февраля 2002 года. На пожелтевшей бумаге, изрядно пострадавшей от влаги, удалось разобрать имя автора - Джек. Парень писал о том, что он занимается рыбалкой в районе островов Олдермен (это популярное место для промысла неподалеку от берегов Коромандела). К сожалению, морская вода превратила большую часть текста в нечитаемые кляксы, но дата и имя сохранились идеально.

Такие находки всегда вызывают трепет и заставляют вспомнить классику мировой литературы, например, знаменитый роман Жюля Верна ""Дети капитана Гранта"". В книге герои искали пропавшего моряка, доверившись письму из океана, которое так же пострадало от морской воды.

В реальности все прозаичнее, но не менее увлекательно. Бутылка дрейфовала в Тихом океане долгих 22 года. За это время она могла совершить кругосветное путешествие или все эти десятилетия кружить в мощных течениях Тасманова моря, прежде чем вернуться почти в ту же точку, где была брошена в воду.

Нейша Ринд опубликовала фотографии артефакта в социальных сетях, надеясь, что современные технологии, в отличие от времен Жюла Верна, помогут найти того самого Джека без кругосветного путешествия. Пока на связь никто не вышел. Пользователи в соцсетях уже шутят, что Джек, скорее всего, за это время успел вырасти, завести семью и забыть о своем подростковом увлечении.

Подобные случаи большая редкость. Исследователи океанов отмечают, что большинство стеклянных сосудов разбивается о скалы в первые же месяцы странствий. То, что бутылка ""Джека"" уцелела и сохранила письмо спустя четверть века, настоящая удача. Теперь маленькому Кее и его маме остается только ждать: возможно, автор письма из прошлого увидит новости и расскажет, какой была та самая рыбалка в далеком 2002-м.",5,4,3,1,''
GigaChat-2,49,"Как вычислить неочевидные недостатки дома
Во-первых, не покупайте дома на вторичном рынке зимой или поздней осенью — именно в это время легче всего замаскировать недостатки в фундаменте. А именно они могут быть фатальными. Серьёзные изъяны, трещины, нарушения технологии строительного процесса установки фундамента могут привести к тому, что дом придётся сносить и строить заново. Собственно, это и может оказаться по факту причиной продажи дома на вторичном рынке. Об этом предупредил владелец строительной компании ""Дом Лазовского"" Максим Лазовский.

Следующий момент — изъяны скрытых работ. А именно — ошибки при утеплении, гидро- и пароизоляции. Обязательно посетите подвальное помещение, если оно есть. Посмотрите на динамику температуры и влажности, нет ли подтёков на стенах и иных следов.

Проблем со вторичным объектом ИЖС может быть масса — грунт не подходит для выбранного типа строения, с сечением свай или вообще типом фундамента ошиблись. Забыли обработать от короедов, и жуки уже скушали половину лаг… Лучше приходить на просмотр понравившегося объекта с профессионалом (технический или строительный надзор) и смотреть все мелочи.

— Кроме того, обязательно изучите разрешение на строительство и ВРИ земельного участка. А вдруг это вообще ""самострой"" и возводить жилые сооружения на этой земле запрещено. Также изучите косвенные дефекты — это возможные ухудшения локации. Например, открытие рядом завода по переработке сырья, свалки или новой оживлённой дороги. Для этого надо посмотреть план градостроительной застройки вашего муниципального образования — он есть в открытом доступе в сети, — добавил Максим Лазовский.",4,4,3,1,''
GigaChat-2,11,"Как во хмелю провел я и весь день, все время державший в непрестанном напряжении: 
опять были панихиды, опять многолюдство, приезжающие и уезжающие соседи, а там 
где-то, в затворенной со всех сторон солнечной детской, беззаботные игры ничего еще не 
понимающих детей, под скорбным и ласково невнимательным присмотром то и дело тихо 
плачущей няньки…
И вот опять стало смеркаться и опять стали сходиться, собираться в зал, ждать новой 
панихиды, осторожно переговариваться… Приход священнослужителей и вслед за тем 
воцарившееся молчание, зажигание свечей и облачение в этой тишине, все это 
таинственно-церковное приготовление к службе, а потом первый взмах кадила и первый 
возглас – все это показалось мне теперь, в этот последний для покойника вечер, столь
многозначительным, что я уже глаз не мог поднять на то, что было впереди, на этот пышный, 
бархатный гроб, воздвигнутый на составленные столы, и на то церковно-страшное, 
картинно-погребальное, что наклонно возвышалось в гробу во всем зловещем великолепии 
своего золотого покрова, золотой иконки на груди и новой, жестко-белой подушки, – во всей 
сумрачной тьме непробудного гробового сна этого чернобородого лика с запавшими и 
почерневшими веками, металлически лоснящегося сквозь теплый, душный дым и горячий, 
дрожащий блеск…",5,4,3,1,''
GigaChat-2,30,"Кот спрыгнул со стула, потрусил за ним.

В комнате Алексей Кириллович поставил чашку на заваленный бумагами стол, сел в кресло, положил перед собой пачку машинописных листов, полистал:

– Мммм это было… ага… это да… ага! Вот. Зададим мультипликативный закон, определяемый таблицей три… так… нейтральный элемент относительно… так… относительно… так… но, милый мой, это же тютелька в тютельку реферат Юрковского. Конечно, ведь если тело упорядочено, то множество реперов может быть разбито на два подмножества, чего он Америку открывает?.. Так. Такая матрица определяет отображение энмерного векторного пространства в другое векторное пространство. Ну и что? Это ведь теорема о невыраженной матрице! Юморист.

Алексей Кириллович выдвинул ящик стола, вынул лежащую на салфетке норму и, не отрываясь от листков, стал отщипывать кусочки, изредка запивая чаем:

– Так… так… ну, а это уж тоже ведь… умножение матрицы на скаляр дистрибутивно относительно сложения скаляров… ну… так… это было… а где он про линейную комбинаторику трепется?.. ага… символ Кронекера, равный нулю, если множество квадратичных матриц образует кольцо относительно суммы и произведения… ну и что? А где же два тензора пространства? Они же эквивалентны.

Крошки нормы падали ему на колени, сыпали на пол. Синус лежал на диване, положив морду между лап.

– А как же класс тензоров определить? Ведь это элементы внешнего ряда, чудак… ну… а зачем билинейную структуру рассматривать? Юморист! Нам важно знать параметры левого тензора, а не кривую полиноминальной функции… а здесь что?.. ага… ну это ясно… ага… тут он… так. Так! Интересно! И что же? Это в пику евклидову пространству! Бог ты мой! Ха-ха, ха-ха! О, держите меня! Полярная форма фундаментальной полиноминальной функции называется скалярным рассеянием! Ха-ха-ха! В огороде бузина, в Киеве дядька!",3,3,2,1,''
GigaChat-2,39,"На заводскую работу либо в гору все ж таки не отдали — шибко жидко место, на неделю не хватит. Поставил его приказчик в подпаски. — И тут Данилко не вовсе гож пришелся. Парнишечко ровно старательный, а все у него оплошка выходит. Все будто думает о чем-то. Уставится глазами на травинку, а коровы-то — вон где! Старый пастух ласковый попался, жалел сироту, и тот временем ругался:— Что только из тебя, Данилко, выйдет? Погубишь ты себя, да и мою старую спину под бой подведешь. Куда это годится? О чем хоть думка-то у тебя?— Я и сам, дедко, не знаю... Так... ни о чем... Засмотрелся маленько. Букашка по листочку ползла. Сама сизенька, а из-под крылышек у ней желтенько выглядывает, а листок широконький... По краям зубчики, вроде оборочки выгнуты. Тут потемнее показывает, а середка зеленая-презеленая, ровно ее сейчас выкрасили... А букашка-то и ползет.— Ну, не дурак ли ты, Данилко? Твое ли дело букашек разбирать? Ползет она — и ползи, а твое дело за коровами глядеть. Смотри у меня, выбрось эту дурь из головы, не то приказчику скажу! Одно Данилушке далось. На рожке он играть научился — куда старику! Чисто на музыке какой. Вечером, как коров пригонят, девки-бабы просят:— Сыграй, Данилушко, песенку. Он и начнет наигрывать. И песни всё незнакомые. Не то лес шумит, не то ручей журчит, пташки на всякие голоса перекликаются, а хорошо выходит. Шибко за те песенки стали женщины привечать Данилушку. Кто пониточек починит, кто холста на онучи отрежет, рубашонку новую сошьет. Про кусок и разговору нет, — каждая норовит дать побольше да послаще. Старику пастуху тоже данилушковы песни по душе пришлись. Только и тут маленько неладно выходило. Начнет Данилушко наигрывать и все забудет, ровно и коров нет. На этой игре и пристигла его беда.",4,3,3,1,''
GigaChat-2,28,"Артем нехотя поднялся со своего места у костра и, перетягивая автомат со спины
на грудь, двинулся во тьму. Стоя на самом краю освещенного пространства, он демонстративно, как можно громче и внушительней, щелкнул затвором и хрипло крикнул:
– Стоять! Пароль!
Из темноты, откуда минуту назад раздавались странный шорох и глухое бормотание,
послышались спешные, дробные шаги. Кто-то отступал вглубь туннеля, напуганный сиплым
Артемовым голосом и бряцанием оружия. Артем спешно вернулся к костру и бросил Петру
Андреевичу:
– Да нет, не показалось. Не назвался, удрал.
– Эх ты, раззява! Тебе же было сказано: не отзываются – сразу стрелять! Откуда тебе
знать, кто это был? Может, это черные подбираются!
– Нет… Я думаю, это вообще не люди… Звуки очень странные… Да и шаги у него
не человеческие. Что же я, человеческих шагов не узнаю? А потом, если бы это были черные,
разве они хоть раз вот так убегали? Вы же сами знаете, Петр Андреевич, в последнее время
черные вперед сразу бросаются – и на дозор нападали уже с голыми руками, и на пулемет шли
в полный рост. А этот удрал сразу… Какая-то трусливая тварь.
– Ладно, Артем! Больно ты умный! Есть у тебя инструкция – и действуй по инструкции,
а не рассуждай. Может, это лазутчик был. Увидел, что нас здесь мало, и – превосходящими
силами… Может, нас сейчас здесь прихлопнут за милую душу, ножом по горлу, и станцию
всю вырежут вон, как с Полежаевской вышло, а все потому, что ты вовремя не срезал гада…
Смотри у меня! В следующий раз по туннелю за ними бегать заставлю!
Артем поежился, представляя себе туннель за семисотым метром. Страшно было даже
помыслить о том, чтобы показаться там. За семисотый метр на север не отваживался ходить
никто. Патрули доезжали до пятисотого и, осветив пограничный столб прожектором с дрезины,
убедившись, что никакая дрянь не переползла за него, торопливо возвращались. Разведчики,
здоровые мужики, бывшие морские пехотинцы, и те останавливались на шестьсот восьмидесятом, прятали горящие сигареты в ладонях и замирали, прильнув к приборам ночного видения. А потом медленно, тихо отходили назад, не спуская глаз с туннеля и ни в коем случае
не поворачиваясь к нему спиной.",4,3,3,1,''
GigaChat-2,9,"День-деньской кровать скользит в жаркое ветреное небо и, когда привстаешь, то видишь верхушки лип, круто прохваченные желтым солнцем, телефонные проволоки, на которые садятся стрижи, и часть деревянного навеса над мягкой красной дорогой перед парадным крыльцом. Оттуда доносятся изумительные звуки: щебетанье, далекий лай, скрип 
водокачки.
Лежишь, плывешь и думаешь о том, что скоро встанешь; и в солнечной луже играют 
мухи, и цветной моток шелка, как живой, спрыгивает с колен матери, сидящей подле, мягко 
катится по янтарному паркету…
В этой комнате, где в шестнадцать лет выздоравливал Ганин, и зародилось то счастье, 
тот женский образ, который, спустя месяц, он встретил наяву. В этом сотворении участвовало все, – и мягкие литографии на стенах, и щебет за окном, и коричневый лик Христа в 
киоте, и даже фонтанчик умывальника. Зарождавшийся образ стягивал, вбирал всю солнечную прелесть этой комнаты и, конечно, без нее он никогда бы не вырос. В конце концов это 
было просто юношеское предчувствие, сладкие туманы, но Ганину теперь казалось, что никогда такого рода предчувствие не оправдывалось так совершенно. И целый день он переходил из садика в садик, из кафе в кафе, и его воспоминанье непрерывно летело вперед, как 
апрельские облака по нежному берлинскому небу. Люди, сидевшие в кафе, полагали, что у 
этого человека, так пристально глядящего перед собой, должно быть какое-нибудь глубокое 
горе, а на улице он в рассеяньи толкал встречных, и раз быстрый автомобиль затормозил и 
выругался, едва его не задев.
Он был богом, воссоздающим погибший мир. Он постепенно воскрешал этот мир, в 
угоду женщине, которую он еще не смел в него поместить, пока весь он не будет закончен. 
Но ее образ, ее присутствие, тень ее воспоминанья требовали того, чтобы наконец он и ее бы 
воскресил, – и он нарочно отодвигал ее образ, так как желал к нему подойти постепенно, 
шаг за шагом, точно так же как тогда, девять лет тому назад. Боясь спутаться, затеряться в 
светлом лабиринте памяти, он прежний путь свой воссоздавал осторожно, бережно, возвращаясь иногда к забытой мелочи, но не забегая вперед. Блуждая в этот весенний вторник по 
Берлину, он и вправду выздоравливал, ощущал первое вставанье с пастели, слабость в ногах, 
смотрелся во все зеркала. Белье и одежды казались необыкновенно чистыми, просторными и немного чужими. Он медленно шел по широкой аллее, что вела от площадки дома в дебри 
парка. Там и сям вздувались на лиловатой от лиственной тени земле черные червистые 
холмики, – работа кротов. Он надел белые панталоны, сиреневые носки. Он мечтал встретить кого-нибудь в парке, кого – он еще не знал.",5,5,5,1,''
GigaChat-2,68,"В декабре 2022 года президент РФ Владимир Путин призвал правительство начать выделять средства Фонда национального благосостояния (ФНБ) на льготный лизинг воздушного и водного транспорта.

В рамках программы поддержки лизинга гражданских воздушных судов до 2030 года с софинансированием на рынок планируется поставить более 450 самолетов и 460 вертолетов, сообщали в ""Ростехе"". Приобретать технику для последующей передачи авиаперевозчикам по льготным ставкам будут лизинговые компании, основной пакет заказов придется на ГТЛК.

В 2023 году из ФНБ было уже выделено почти 300 миллиардов рублей на выкуп 162 самолетов ""Аэрофлота"", S7, ""Уральских авиалиний"" и ""Авроры"". Из этого транша ""Аэрофлоту"" была выделена львиная доля - около 250 миллиардов! И самое интересное, что эти средства пошли на выкуп иностранной авиационной техники!

Кроме того, средства из ФНБ выделялись НЛК под 1,5% на 15 лет. ""Аэрофлот"" получил самолеты от НЛК в операционный лизинг, а частные авиакомпании - в финансовый (после истечения контракта воздушные суда перейдут в их собственность). ""Аэрофлот"" будет выплачивать лизинговые платежи из своей прибыли. А если учесть, что валовая прибыль компании в 2023 году по РСБУ составила 7,274 миллиарда рублей по сравнению с убытком на 49,943 миллиарда годом ранее, то выплачивать лизинговые платежи будет не из чего.

И совсем уже не смешно. Коммерческие и управленческие расходы ""Аэрофлота"" почти сравнялись с прибылью компании и составили 6,438 миллиарда и 10,592 миллиарда рублей по РСБУ соответственно.

Правда, в компании говорят, что основной вклад в снижение коммерческих расходов 2023 году на 46,9%, или на 5,964 миллиарда рублей, по сравнению с 2022 годом внес переход на отечественную систему бронирования ""Леонардо"". Но компания тем не менее ""продолжает программу контроля за расходами""!

И еще совсем непонятно, почему государственные средства выделяются частным авиакомпаниям. Ведь и дураку ясно, что, выделяя миллионы рублей на выкуп иностранных самолетов, Россия активно поддерживает экономику не совсем дружественных нам государств. А наши авиакомпании, получив халявные средства, в следующем году, когда их не будет, начнут поднимать цены на билеты.",3,3,2,1,''
GigaChat-2,5,"Беру кусок жизни, грубой и бедной, и творю из него сладостную легенду, ибо я — поэт. 
Косней во тьме, тусклая, бытовая, или бушуй яростным пожаром, — над тобою, жизнь, я, 
поэт, воздвигну творимую мною легенду об очаровательном и прекрасном.
В спутанной зависимости событий случайно всякое начало. Но лучше начать с того, 
что и в земных переживаниях прекрасно, или хотя бы только красиво и приятно. Прекрасны 
тело, молодость и веселость в человеке, — прекрасны вода, свет и лето в природе.
Было лето, стоял светлый, знойный полдень, и на реку Скородень падали тяжелые 
взоры пламенного Змия. Вода, свет и лето сияли и радовались, сияли солнцем и простором, 
радовались одному ветру, веющему из страны далекой, многим птицам и двум обнаженным 
девам.
Две сестры, Елисавета и Елена, купались в реке Скородени. И солнце, и вода были 
веселы, потому что две девы были прекрасны и были наги. И обеим девушкам было весело, 
прохладно и хотелось двигаться, и смеяться, и болтать, и шутить. Они говорили о человеке, 
который волновал их воображение.
Девушки были дочери богатого помещика. Место, где они купались, примыкало к 
обширному, старому саду их усадьбы. Может быть, им было особенно приятно купаться в 
этой реке потому, что они чувствовали себя госпожами этих быстротекущих вод и песчаных 
отмелей под их быстрыми ногами. И они плавали и смеялись в этой реке с уверенностью и 
свободою прирожденных владетельниц и госпож. Никто не знает пределов своего 
господства, — но блаженны утверждающие свое обладание, свою власть!",4,4,3,1,''
GigaChat-2,45,"Специалисты подтверждают, что у кошек действительно феноменально развита сенсорная система. Их обоняние превосходит человеческое примерно в сорок раз, слух способен улавливать ультразвуковые частоты, а зрение идеально настроено на фиксацию малейших изменений в пространстве. Благодаря этому они становятся чрезвычайно внимательными наблюдателями и мгновенно замечают, когда с хозяином что-то не так: меняется его поведение, голос, запах и даже мимика. Результаты научных исследований доказывают, что кошки действительно способны распознавать человеческие эмоции по выражению лица, характеру движений и интонации.

Однако, по словам экспертов, кошка не диагностирует саму болезнь, а лишь реагирует на изменения в привычном облике и поведении человека. Что касается привычки ложиться именно на больное место, то и этому есть рациональное объяснение. Воспаленные участки тела, как правило, имеют повышенную температуру, а кошки, чья нормальная температура составляет 38–39 градусов, инстинктивно тянутся к теплу. Таким образом, питомец создает эффект «живой грелки», что действительно может временно облегчить дискомфорт, но ни о каком лечебном воздействии, которое было бы зафиксировано экспериментально, речь не идет.

Ученые также развеивают миф о том, что кошки способны выявлять у людей онкологические заболевания. В отличие от собак, которых специально дрессируют для диагностики рака по запаху мочи, кошек для этих целей не используют, в том числе из-за сложностей с их обучением. Единственный научно подтвержденный терапевтический эффект от присутствия этих пушистых питомцев — это доказанное снижение уровня стресса и тревожности у их владельцев.",5,4,3,1,''
GigaChat-2,31,"Выходит от них поединщик: здоровенный скотник, морда тыквой. Скидывает тулуп, натягивает рукавицы, сопли утирает. Но мы к такому повороту готовы – Погода Сиволаю на руки кафтан свой черный сбрасывает, шапку с куньей оторочкой стряхивает, куртку парчовую скидывает, поводит плечом молодецким, шелком алым обтянутым, мне подмигивает, выступает вперед. Супротив Погоды в кулачном деле даже Масло – подросток. Невысок Погода, но широк в плечах, крепок в кости, ухватист да оборотист. Попасть в его харю гладкую трудно. А вот от него вмясо схлопотать – проще простого.

Озорно глядит Погода на соперника, с прищуром, поигрывает пояском шелковым:

– Ну что, сиволапый, готов битым быть?

– Не хвались, опричник, на рать идучи!

Погода и скотник ходят кругами, примериваются. И одеты они по-разному, и в положениях разных, и господам разным служат, а коль приглядеться – из одного русского теста слеплены. Русские люди, решительные.

Встаем кругом, смыкаемся с челядью. На кулачном поприще это в норме. Здесь все равны – и смерд и столбовой, и опричник и приказной. Кулак – сам себе государь.

Посмеивается Погода, подмигивает скотнику, поигрывает плечами молодецкими. И не выдерживает мужик, кидается с замахом кулака пудового. Приседает Погода, а сам скотника – под ложечку коротким тычком. Икнул тот, но выдюжил. Погода снова вокруг танцует, плечами, как девка срамная, покачивает, подмигивает, язык розовый показывает. Скотник танцы не уважает, крякает да опять размахивается. Но Погода упреждает – слева в скулу, справа по ребрам – хлесть! хлесть! Аж ребра треснули. А от кулака пудового снова увернулся. Взревел скотник медведем, замахал кулачищами, рукавицы теряя. Да все без толку: снова под ложечку да и по сопатке – хрясь! Оступается детина, как медведь-шатун. Сцепил руки замком, ревет, рассекает воздух морозный. Да все без толку: хлоп! хлоп! хлоп! Быстрые кулаки у Погоды: вот уж и морда у скотника в крови, и глаз подбит, и нос красную юшку пустил. Летят алые капли, рубинами сверкают на зимнем солнце, падают на снег утоптанный.",4,4,3,1,''
GigaChat-2,34,"Третий день наступления начался смутно. Впереди все время слышалась перестрелка, колонны то и дело останавливались, повсюду посылались разъезды. И поэтому особенно радостно нам было увидеть выходящую из леса пехоту, которой мы не встречали уже несколько дней. Оказалось, что мы, идя с севера, соединились с войсками, наступавшими с юга. Бесчисленные серые роты появлялись одна за другой, чтобы через несколько минут расплыться среди перелесков и бугров. И их присутствие доказывало, что погоня кончилась, что враг останавливается и подходит бой.

Наш разъезд должен был разведать путь для одной из наступающих рот и потом охранять ее фланг. По дороге мы встретились с драгунским разъездом, которому была дана почти та же задача, что и нам. Драгунский офицер был в разодранном сапоге — след немецкой пики — он накануне ходил в атаку. Впрочем, это было единственное повреждение, полученное нашими, а немцев порубили человек восемь. Мы быстро установили положение противника, то есть ткнулись туда и сюда и были обстреляны, а потом спокойно поехали на фланг, подумывая о вареной картошке и чае.

Но едва мы выехали из леска, едва наш дозорный поднялся на бугор, из-за противоположного бугра грянул выстрел. Мы вернулись в лес, все было тихо. Дозорный опять показался из-за бугра, опять раздался выстрел, на этот раз пуля оцарапала ухо лошади. Мы спешились, вышли на опушку и стали наблюдать. Понемногу из-за холма начала показываться германская каска, затем фигура всадника — в бинокль я разглядел большие светлые усы. «Вот он, вот он, черт с рогом», — шептали солдаты. Но офицер ждал, чтобы германцев показалось больше, что пользы стрелять по одному. Мы брали его на прицел, разглядывали в бинокль, гадали об его общественном положении.",5,4,4,1,''
GigaChat-2-Max,73,"Диагностика редких заболеваний может занимать большое количество времени. По оценкам специалистов из Стэнфордского университета (Stanford University), на поиск соответствующего симптомам и генотипу пациента заболевания может уходить до 20-40 часов времени высококвалифицированного специалиста. Эксперт рассматривает около 100 наиболее подозрительных мутаций в генах, предполагает, какая из них могла стать причиной болезни, проверяет свои предположения в литературе, затем переходит к следующей в случае неудачи.

Профессор Джилл Бежерано (Gill Bejerano) предложил компьютерный алгоритм под названием Франк (Phrank, phenotype + rank, соединение «фенотипа» и «ранга»), который может автоматизировать эти поиски. Программа сокращает время поиска на 90%, при этом экономя деньги за счет высвобождения рабочих часов врача.

Франк сравнивает симптомы и генетические данные пациента с базой, в которой содержатся сведения из медицинской литературы. Результатом сравнения является ранжированный список редких наследственных заболеваний, которые могли вызвать указанные симптомы. Таким образом у клинициста появляется «стартовая точка», от которой он может двигаться в направлении определения диагноза.

При создании алгоритма, в отличие от предыдущих подобных программ, ученые использовали медицинские данные реальных пациентов, поэтому Франк более эффективен. В частности, когда дело дошло до постановки диагноза самим алгоритмом, болезнь, которая действительно была у пациента, стояла четвертой в листе Франка и 33-й в списке, выданном более старым алгоритмом.

Кроме того, новая программа может помочь врачам в выявлении еще неизвестных наследственных заболеваний – если Франк не найдет упоминаний о симптомах у людей, он будет искать информацию о них в публикациях об экспериментах на животных. Джилл Бежерано пояснил, что, возможно, у людей то или иное заболевание могли до сих пор не диагностировать ни разу, а у мышей, например, оно уже проявлялось. Никто не заменит врача, подчеркнул профессор, но новые технологии могут сделать его работу более эффективной.",5,5,5,0,''
GigaChat-2-Max,0,"Над пустыми петербургскими улицами пролетали едва озаренные смутности; обрывки туч перегоняли друг друга.

Какое-то фосфорическое пятно и туманно, и мертвенно проносилось по небу; фосфорическим блеском протуманилась высь; и от этого проблистали железные крыши и трубы. Протекали тут зеленые воды Мойки; по одной ее стороне то же высилось все трехэтажное здание о пяти своих белых колоннах; наверху были выступы. Там, на светлом фоне светлого здания, медленно проходил Ее Величества кирасир; у него была золотая, блиставшая каска.

И серебряный голубь над каской распростер свои крылья.

Николай Аполлонович, надушенный и выбритый, пробирался по Мойке, запахнувшись в меха; голова упала в шинель, а глаза как-то чудно светились; в душе – поднимались там трепеты без названья; что-то жуткое, сладкое пело там: словно в нем самом разлетелся на части буревой эолов мешок и сыны нездешних порывов на свистящих бичах в странные, в непонятные страны угоняли жестоко.

Думал он: неужели и это – любовь? Вспомнил он: в одну туманную ночь, выбегая стремительно из того вон подъезда, он пустился бежать к чугунному петербургскому мосту, чтобы там, на мосту…

Вздрогнул он.

Пролетел сноп огня: придворная, черная пролетела карета: пронесла мимо светлых впадин оконных того самого дома ярко-красные свои, будто кровью налитые, фонари; на струе черной мойской фонари проиграли и проблистали; призрачный абрис треуголки лакея и абрис шинельных крыльев пролетели с огнем из тумана в туман.",5,5,5,2,"'едва озаренные смутности, фосфорическое пятно, мертвенна проносилось, фосфорическим блеском протуманилась, железные крыши и трубы, протекали зеленые воды, трехэтажное здание о пяти своих белых колоннах, выступали вверху, Его Величества кирасир, золотые блиставшие каски, серебряный голубь распростирал крылья, душа поднимала трепеты без названья, сынов нездешних порывов угоняли жестоко, вспомним, вбегая стремительно, пустился бежать к чугунному Петербургскому мосту, вздрогнул он, пролетела карета, проблистали окна, призрачные абрисы'"
GigaChat-2-Max,58,"Исторические локации и новые проекты
Компания «Балтийская коммерция» приобрела участок на Новгородской улице, 14 весной 2024 года. Ранее здесь располагался бизнес-центр класса С, а рядом уже построен жилой комплекс «Форсайт» того же девелопера. Общая площадь участка - около 5,5 тысячи квадратных метров.

Девелопер работает в исторических районах Петербурга с конца 90-х годов. Среди последних проектов - реконструкция бывшего советского лицея на проспекте Римского-Корсакова и премиальный квартал у метро «Чкаловская». Пески традиционно считаются одной из самых престижных локаций города, хотя после 2010 года здесь стали появляться не только элитные, но и бизнес-класса новостройки.

Район отличается спокойствием и отсутствием туристического шума, что ценят будущие жильцы. Однако, как отмечают эксперты, здесь еще много промышленных территорий, оставшихся в наследство от «серого пояса» города.

Рынок элитного жилья и перспективы развития
С начала 2024 года, по данным NF Group, в центральной части Петербурга появилось два новых жилых комплекса на 448 квартир: элитный «Моисеенко 10» и бизнес-класс N8. В стадии реализации находятся еще несколько проектов, включая жилой комплекс ПСК и реконструкцию Мытного двора. Свободных участков для строительства в центре практически не осталось, а спрос на премиальное жилье стабильно высок.

По информации брокеров, отдельные земельные участки еще можно найти в районе площади Восстания и на улице Черняховского. Однако основной резерв для развития центрального района - это территории между Синопской набережной и Новгородской улицей. Здесь компания «ТГК-1» готовит масштабный проект редевелопмента бывшей Центральной ТЭЦ. Планируется создать общественно-деловое пространство, которое соединит городскую застройку с набережной. Первый этап, включающий рекреационную зону и объекты общепита, уже получил одобрение экспертизы.

Петербург продолжает меняться: исторические кварталы обретают новую жизнь, а элитные жилые комплексы становятся частью городской ткани, где прошлое и будущее встречаются на одной улице.",5,5,5,1,''
GigaChat-2-Max,22,"На семи холмах лежит городок Федор-Кузьмичск, а вокруг городка – поля необозримые, земли неведомые. На севере – дремучие леса, бурелом, ветви переплелись и пройти не пускают, колючие кусты за порты цепляют, сучья шапку с головы рвут. В тех лесах, старые люди сказывают, живет кысь. Сидит она на темных ветвях и кричит так дико и жалобно: кы-ысь! кы-ысь! – а видеть ее никто не может. Пойдет человек так вот в лес, а она ему на шею-то сзади: хоп! и хребтину зубами: хрусь! – а когтем главную-то жилочку нащупает и перервет, и весь разум из человека и выйдет. Вернется такой назад, а он уж не тот, и глаза не те, и идет, не разбирая дороги, как бывает, к примеру, когда люди ходят во сне под луной, вытянувши руки, и пальцами шевелят: сами спят, а сами ходят. Поймают его и ведут в избу, а иной раз для смеху поставят ему миску пустую, ложку в руку вторнут: ешь; он будто и ест, из пустой-то миски, и зачерпывает, и в рот несет, и жует, а после словно хлебом посудину обтирает, а хлеба-то в руке и нет; ну, родня, ясно, со смеху давится. Такой сам ничего делать не может, даже оправиться не умеет: каждый раз ему заново показывай. Ну, если жене или там матери его жалко, она его с собой в поганый чулан водит; а ежели за ним приглядеть некому, то он, считай, не жилец: как пузырь лопнет, так он и помирает.

Вот чего кысь-то делает.

На запад тоже не ходи. Там даже вроде бы и дорога есть – невидная, вроде тропочки. Идешь-идешь, вот уж и городок из глаз скрылся, с полей сладким ветерком повевает, все-то хорошо, все-то ладно, и вдруг, говорят, как встанешь. И стоишь. И думаешь: куда же это я иду-то? Чего мне там надо? Чего я там не видел? Нешто там лучше? И так себя жалко станет! Думаешь: а позади-то моя изба, и хозяюшка, может, плачет, из-под руки вдаль смотрит; по двору куры бегают, тоже, глядишь, истосковались; в избе печка натоплена, мыши шастают, лежанка мягкая… И будто червырь сердце точит, точит… Плюнешь и назад пойдешь. А иной раз и побежишь. И как завидишь издали родные горшки на плетне, так слеза и брызнет. Вот не дать соврать, на аршин брызгает! Право!..",5,5,5,2,"'колючие кусты за порты цепляют, сучья шапку с головы рвут, кишки руками повыдергал да мозг языком слизал, ходит во сне под луной, вытянувши руки, пальцы шевелят, сам спит, а сам ходит, ведет в избу, родня со смеху давится, оправиться не умеет, кто-то плаксы развёл, стоит как вкопанный, червь сердце точит, плюнешь и обратно пойдешь, горшки на плетне'"
GigaChat-2-Max,12,"Приказания прокуратора были исполнены быстро и точно, и солнце, с какой-то необыкновенною яростью сжигавшее в эти дни Ершалаим, не успело еще приблизиться к своей наивысшей точке, когда на верхней террасе сада у двух мраморных белых львов, стороживших лестницу, встретились прокуратор и исполняющий обязанности президента Синедриона первосвященник иудейский Иосиф Каифа.

В саду было тихо. Но, выйдя из-под колоннады на заливаемую солнцем верхнюю площадь сада с пальмами на чудовищных слоновых ногах, площадь, с которой перед прокуратором развернулся весь ненавистный ему Ершалаим с висячими мостами, крепостями и – самое главное – с не поддающейся никакому описанию глыбой мрамора с золотою драконовою чешуею вместо крыши – храмом Ершалаимским, – острым слухом уловил прокуратор далеко и внизу, там, где каменная стена отделяла нижние террасы дворцового сада от городской площади, низкое ворчание, над которым взмывали по временам слабенькие, тонкие не то стоны, не то крики.

Прокуратор понял, что там на площади уже собралась несметная толпа взволнованных последними беспорядками жителей Ершалаима, что эта толпа в нетерпении ожидает вынесения приговора и что в ней кричат беспокойные продавцы воды.",5,5,5,2,"'ворчание толпы, солнце сжигало яростно, площадью с пальмами на чудовищных слоновых ногах, камень стен отделял сад от площади, город развернулся перед прокуратором, вода продавалась, крикнул продавец'"
GigaChat-2-Max,70,"Журналист «Новороссийского рабочего» проанализировала объявления на одном из популярных сайтов.

Требуются официанты в кафе, рестораны и в банный комплекс. Предлагается работать за 3-4 тыс. рублей за смену (месячный заработок от 50 до 65 тыс. рублей).

Повару-мангальщику в одном из известных ресторанов готовы платить 5200 рублей за смену. В ресторан быстрого питания требуется сотрудник, который будет готовить блюда по стандартам компании, принимать и выдавать заказы, работать на кассе. Обещана зарплата от 80 тыс. рублей. Повару-универсалу готовы платить от 75 тыс. рублей в месяц. При этом бонусом будет бесплатное проживание.

На базе отдыха в Широкой балке ждут горничную, которая будет убирать не только номера для гостей, но также беседки, территорию бассейна. Горничной предлагают бесплатное проживание и бесплатное трехразовое питание. За каждую смену она будет получать 3500 рублей на руки. Горничная, которая готова работать вахтовым методом в Абрау-Дюрсо – 90 суток, будет зарабатывать до 4 тыс. рублей за сутки. Питание и проживание бесплатно.

Ждут администратора в мини-отеле на работу с мая по сентябрь с зарплатой от 80 тыс. рублей в месяц. В этом же отеле требуется горничная с зарплатой от 60 тыс. в месяц.

Вакансии горничных, поваров, официантов, мойщиков посуды уборщиков есть в заведениях общепита, базах отдыха и гостиницах в Широкой балке, Мысхако, Абрау-Дюрсо. Ближе к лету их будет еще больше.",5,5,5,0,''
GigaChat-2-Max,10,"Я родился полвека тому назад, в средней России, в деревне, в отцовской усадьбе.
У нас нет чувства своего начала и конца. И очень жаль, что мне сказали, когда именно я 
родился. Если бы не сказали, я бы теперь и понятия не имел о своем возрасте, – тем более, 
что я еще совсем не ощущаю его бремени, – и, значит, был бы избавлен от мысли, что мне 
будто бы полагается лет через десять или двадцать умереть. А родись я и живи на 
необитаемом острове, я бы даже и о самом существовании смерти не подозревал. «Вот было 
бы счастье!» – хочется прибавить мне. Но кто знает? Может быть, великое несчастье. Да и 
правда ли, что не подозревал бы? Не рождаемся ли мы с чувством смерти? А если нет, если 
бы не подозревал, любил ли бы я жизнь так, как люблю и любил?
О роде Арсеньевых, о его происхождении мне почти ничего не известно. Что мы 
вообще знаем! Я знаю только то, что в Гербовнике род наш отнесен к тем, «происхождение 
коих теряется во мраке времен». Знаю, что род наш «знатный, хотя и захудалый» и что я всю 
жизнь чувствовал эту знатность, гордясь и радуясь, что я не из тех, у кого нет ни рода, ни 
племени. В Духов день призывает Церковь за литургией «сотворить память всем от века 
умершим». Она возносит в этот день прекрасную и полную глубокого смысла молитву: 
– Вси рабы Твоя, Боже, упокой во дворех Твоих и в недрех Авраама, – от Адама даже до 
днесь послужившая Тебе чисто отцы и братiи наши, други и сродники!",5,5,5,1,'теряется во мраке времен'
GigaChat-2-Max,18,"Вавилен Татарский родился задолго до этой исторической победы красного над красным. Поэтому он автоматически попал в поколение «П», хотя долгое время не имел об этом никакого понятия. Если бы в те далекие годы ему сказали, что он, когда вырастет, станет копирайтером, он бы, наверно, выронил от изумления бутылку «Пепси-колы» прямо на горячую гальку пионерского пляжа. В те далекие дни детям положено было стремиться к сияющему шлему пожарного или белому халату врача. Даже мирное слово «дизайнер» казалось сомнительным неологизмом, прижившимся в великом русском языке по лингвистическому лимиту, до первого серьезного обострения международной обстановки.

Но в те дни в языке и в жизни вообще было очень много сомнительного и странного. Взять хотя бы само имя «Вавилен», которым Татарского наградил отец, соединявший в своей душе веру в коммунизм и идеалы шестидесятничества. Оно было составлено из слов «Василий Аксенов» и «Владимир Ильич Ленин». Отец Татарского, видимо, легко мог представить себе верного ленинца, благодарно постигающего над вольной аксеновской страницей, что марксизм изначально стоял за свободную любовь, или помешанного на джазе эстета, которого особо протяжная рулада саксофона заставит вдруг понять, что коммунизм победит. Но таков был не только отец Татарского, – таким было все советское поколение пятидесятых и шестидесятых, подарившее миру самодеятельную песню и кончившее в черную пустоту космоса первым спутником – четыреххвостым сперматозоидом так и не наставшего будущего.

Татарский очень стеснялся своего имени, представляясь по возможности Вовой. Потом он стал врать друзьям, что отец назвал его так потому, что увлекался восточной мистикой и имел в виду древний город Вавилон, тайную доктрину которого ему, Вавилену, предстоит унаследовать. А сплав Аксенова с Лениным отец создал потому, что был последователем манихейства и натурфилософии и считал себя обязанным уравновесить светлое начало темным. Несмотря на эту блестящую разработку, в возрасте восемнадцати лет Татарский с удовольствием потерял свой первый паспорт, а второй получил уже на Владимира.",5,5,5,2,"'попал в поколение ""П"", бутылка Пепси-колы упала на гальку, стремление к сияющему шлему пожарного, мирное слово ""дизайнер"" показалось сомнительным неологизмом, подозрение возникло в великом русском языке, вера в коммунизм и идеалы шестидесятничества, помесь Василия Аксёнова и Ленина, вазелин и Ленин звучат одинаково, четырёххвостый сперматозоид, потеря паспорта с радостью'"
GigaChat-2-Max,4,"Все это Рутилов говорил, по обыкновению своему, быстро и весело, улыбаясь, но он, 
высокий, узкогрудый, казался чахлым и хрупким, и из-под шляпы его, новой и модной, 
как-то жалко торчали жидкие, коротко остриженные светлые волосы.
– Ну, уж и втрое, – вяло возразил Передонов, снимая и протирая золотые очки.
– Да уж верно! – воскликнул Рутилов. – Смотри, не зевай, пока я жив, а то они у меня 
тоже с гонором, – потом захочешь, да поздно будет. А только из них каждая за тебя с 
превеликим удовольствием пойдет.
– Да, в меня здесь все влюбляются, – с угрюмым самохвальством сказал Передонов.
– Ну, вот видишь, вот ты и лови момент, – убеждал Рутилов.
– Мне бы, главное, не хотелось, чтобы она была сухопарая, – с тоскою в голосе сказал 
Передонов. – Жирненькую бы мне.
– Да уж на этот счет ты не беспокойся, – горячо говорил Рутилов. – Они и теперь 
барышни пухленькие, а если не совсем вошли в объем, так это только до поры до времени. 
Выйдут замуж, и они раздобреют, как старшая. Лариса-то у нас, сам знаешь, какая кулебяка 
стала.
– Я бы женился, – сказал Передонов, – да боюсь, что Варя большой скандал устроит.
– Боишься скандала, так ты вот что сделай, – с хитрою улыбкою сказал Рутилов: –
сегодня же венчайся, не то завтра: домой явишься с молодой женой, и вся недолга. Правда, 
хочешь, я это сварганю, завтра же вечером? С какою хочешь?
Передонов внезапно захохотал, отрывисто и громко.
– Ну, идет? по рукам, что ли? – спросил Рутилов.
Передонов так же внезапно перестал смеяться и угрюмо сказал, тихо, почти шопотом:
– Донесет, мерзавка.
– Ничего не донесет, нечего доносить, – убеждал Рутилов.
– Или отравит, – боязливо шептал Передонов.
– Да уж ты во всем на меня положись, – горячо уговаривал его Рутилов, – я все так 
тонко обстрою тебе…
– Я без приданого не женюсь, – сердито крикнул Передонов.
Рутилова нисколько не удивил новый скачок в мыслях его угрюмого собеседника. Он 
возразил все с тем же одушевлением:
– Чудак, да разве они бесприданницы! Ну, что же, идет, что ли? Ну, я побегу, все 
устрою. Только чур, никому ни гу-гу, слышишь, никому!
Он потряс руку Передонова и побежал от него. Передонов молча смотрел за ним. 
Барышни Рутиловы припомнились ему, веселые, насмешливые. Нескромная мысль выдавила 
на его губы поганое подобие улыбки, – оно появилось на миг и исчезло. Смутное 
беспокойство поднялось в нем.",5,5,5,2,"'высокий, узкогрудый, казался чахлым и хрупким, новая и модная шляпа, жидкие, коротко остриженные светлые волосы, втрое, не зевай, с гонором, превеликим удовольствием, вошла в объем, вышла замуж, раздобреет, как кулебяка стала, устроить скандал, сегодня же венчайся, молодая жена, вся недолга, варить свадьбу, венчать, свататься, варганить, ходит слух, свекровь, золовка, никто ничего не узнает, обстроить дело тонко'"
GigaChat-2-Max,65,"Нежелание работать отмечают и работодатели. Владелица торговой точки по продаже корейской косметики Татьяна Вакарчук говорит, что те же студенты, еще не начав трудовой путь, пытаются выставлять свои условия: график, зарплата, какие-то бонусы вроде скидок на продукцию. Но несмотря на все это, лояльность к компании проявлять не спешат: могут опоздать, не предупредив, а то и уволиться одним днем без объяснения причин.

— Им важно, чтобы было удобно и прикольно. А вставать рано утром «не удобно» и «не прикольно», равно как и стоять смену в торговом центре, общаться с людьми, что-то им объяснять, продавать. При этом у меня в фирме продавцы помимо окладной части получают еще и процент от реализации. Чем не мотивация? Но современным молодым людям не особенно это и нужно — заработали сегодня на какую-то нехитрую еду, а что будет завтра их не особенно волнует. Уж не думала, что нынешние юноши и девушки будут жить по принципу «лучше кашки не доложат, но на работу не потревожат», — говорит Татьяна Вакарчук.

Отсутствие амбиций отмечают и рестораторы. Они утверждают, что буквально несколько лет назад официантами, барменами, хостес были в основном студенты и трудились они прилежно, а сейчас на их место пришли люди среднего возраста и работают они куда усерднее, чем их более молодые коллеги.

— Современная молодежь не отличается надежностью и какой-то профессиональной порядочностью. За последний год в моих заведениях каждые два месяца студенты-официанты не выходят на смену без объяснения причин. Они просто не отвечают на звонки и не появляются на рабочем месте. Но еще лет пять назад картина была другая — молодые люди трудились со всей ответственностью, не боялись работы и зарабатывали, кстати, хорошо, ведь все знают, что официанта ноги кормят, — рассказал управляющий сети закусочных Вадим Терехов.

Отдельно он отметил, что нынешним парням и девушкам достаточно малого во многом именно потому, что для того, чтобы получить больше, нужно и работать больше. Терехов привел пример: официант среднего возраста сознательно берется обслуживать больше столов в смену, он знает, что от этого зависит заработок, поэтому за день он может получить около 5 тысяч рублей. Его 18-летний коллега заработает раза в три меньше, поскольку и смену он себе выбивает короче, и столов обслуживает меньше. Ему не важно, что денег мало, ему важна «свобода» и нетяжелая работа.

По мнению Терехова, привести молодежь в чувства может помочь нужда. Речь о том, что когда «сильно прижмет» придется променять свое «хочу» на «нужно» работодателя. Иными словами, если человеку станет нечего есть, то он, скорее всего, перестанет пытаться прогнуть мир и взрослых людей под себя и каким-то образом примирится с действительностью и необходимостью выжить.",5,5,5,2,"'жить по принципу, заработать сегодня на какую-то нехитрую еду, лучше кашки не доложат, но на работу не потревожат, прокормить ноги'"
GigaChat-2-Max,40,"В хату вошла большая рыжая собака с черным ремешком по всей спине. У нее под глазами были черные полоски с загибом вроде очков. И от этого глаза казались очень большими, и ими она спрашивала: «Зачем позвал меня, хозяин?»
Антипыч как-то особенно поглядел на нее, и собака сразу поняла человека: он звал ее по приятельству, по дружбе, ни для чего, а просто так, пошутить, поиграть... Травка замахала хвостом, стала снижаться на ногах все ниже, ниже и, когда подползла так к коленям старика, легла на спину и повернула вверх светлый живот с шестью парами черных сосков. Антипыч только руку протянул было, чтобы погладить ее, она как вдруг вскочит и лапами на плечи — и чмок и чмок его: и в нос, и в щеки, и в самые губы.
— Ну, будет, будет, — сказал он, успокаивая собаку и вытирая лицо рукавом.
Погладил ее по голове и сказал:
— Ну, будет, теперь ступай к себе.
Травка повернулась и вышла на двор.
— То-то, ребята, — сказал Антипыч. — Вот Травка, собака гончая, с одного слова все понимает, а вы, глупенькие, спрашиваете, где правда живет. Ладно же, приезжайте. А упустите меня, Травке я все перешепну.
И вот умер Антипыч. Вскоре началась Великая Отечественная война. Другого сторожа на место Антипыча не назначили, и сторожку его бросили. Очень ветхий был домик, старше много самого Антипыча, и держался уже на подпорках. Как-то раз без хозяина ветер поиграл с домиком, и он сразу весь развалился, как разваливается карточный домик от одного дыхания младенца. В один год высокая трава Иван-чай проросла через бревнышки, и от всей избушки остался на лесной поляне холмик, покрытый красными цветами. А Травка переселилась в картофельную яму и стала жить в лесу, как и всякий зверь.",5,5,5,2,"'глаза казались очень большими, вопросами смотрит, руки протянуть было, рукой махнуть, лапами на плечи, жизни переехал'"
GigaChat-2-Max,47,"Инженерам Ирбитского мотоциклетного завода поставили задачу: разработать машину, способную разгоняться до 150 км/ч без коляски и до 120 км/ч с ней. Для большинства советских мотоциклов тех лет это были космические цифры.

Работа над новинкой велась в режиме строгой секретности и при хронической нехватке ресурсов. Первые опытные образцы собрали в 1963 году. Внешне мотоцикл оставался узнаваемым «Уралом», но двигатель серьезно прокачали: объем вырос до 1040 кубических сантиметров, а мощность достигла 50 лошадиных сил. Чтобы улучшить аэродинамику, поставили специальный обтекатель. Правда, паспортных 150 км/ч добиться не удалось — первые экземпляры разгонялись до 130–132 км/ч. Но и этого хватило, чтобы поразить современников.

В 1967-м завод выпустил крошечную партию — всего около 25 мотоциклов с колясками. Их распределили по подразделениям ГАИ по всему Советскому Союзу. Каждый экземпляр собирали практически вручную: не хватало мощностей, уникальные комплектующие поставлялись с перебоями, да и сама разработка обошлась слишком дорого. На деле эксплуатация этих байков превратилась в головную боль. Запчасти для литрового мотора были в жутком дефиците, а если двигатель серьезно ломался, его чаще всего просто не удавалось починить. В итоге проект так и остался штучным — слишком сложным и дорогим для советской промышленности.

И все же «Урал М-100» сумел оставить след в истории отечественного мотостроения. Эти машины прослужили в ГАИ около десяти лет. Сегодня о них помнят лишь единицы — даже заядлые коллекционеры и фанаты ретро-техники знают об этой модели не много. Большинство экземпляров безвозвратно утеряны, а уцелевшие стали настоящим раритетом.

Тем временем Ирбитский мотоциклетный завод вновь пытается удивить публику. С января 2026 года встал на конвейер «Урал Нео 500» — более доступная и современная версия легендарного бренда. Новинка получила рядный двухцилиндровый двигатель объемом 446 см³ с жидкостным охлаждением и отдачей 35 л. с., а также пятиступенчатую коробку передач с задней передачей. Сухая масса — 334 кг. Внешне байк выдержан в духе современных туристических мотоциклов, а в оснащение добавили светодиодную оптику, электронную приборную панель и встроенную переднюю камеру. Модель разработали в партнерстве с крупной компанией, и ориентирована она в первую очередь на экспорт.

Проект «Урал М-100» наглядно показывает, как смелые инженерные идеи могут обгонять свое время, но разбиваться о суровую реальность производства. Сегодня завод делает ставку на новые технологии и международную кооперацию, чтобы вернуть себе место на мировом рынке мотоциклов.",5,5,5,1,"'космические цифры, режим строгой секретности, прокачали, не хватало мощностей, в голове боли, утеряны'"
GigaChat-2-Max,35,"Странное впечатление производит на северянина Одесса. Словно какой-нибудь заграничный город, русифицированный усердным администратором. Огромные кафе, наполненные подозрительно-изящными коммивояжерами. Вечернее гуляние по Дерибасовской, напоминающей в это время парижский бульвар Сен-Мишель. И говор, специфический одесский говор, с измененными удареньями, с неверным употребленьем падежей, с какими-то новыми и противными словечками. Кажется, что в этом говоре яснее всего сказывается психология Одессы, ее детски-наивная вера во всемогущество хитрости, ее экстатическая жажда успеха. В типографии, где я печатал визитные карточки, мне попался на глаза свежий номер печатающейся там же вечерней одесской газеты. Развернув его, я увидел стихотворение Сергея Городецкого с измененной лишь одной строкой и напечатанное без подписи. Заведующий типографией сказал мне, что это стихотворение принесено одним начинающим поэтом и выдано им за свое.

Несомненно, в Одессе много безукоризненно-порядочных, даже в северном смысле слова, людей. Но не они задают общий тон. На разлагающемся трупе Востока завелись маленькие юркие червячки, за которыми будущее. Их имена — Порт-Саид, Смирна, Одесса.

10-го апреля на пароходе Добровольного флота «Тамбов» мы вышли в море. Какие-нибудь две недели тому назад бушующее и опасное Черное море было спокойно, как какое-нибудь озеро. Волны мягко раздавались под напором парохода, где рылся, пульсируя, как сердце работающего человека, невидимый винт. Не было видно пены, и только убегала бледно-зеленая малахитовая полоса потревоженной воды. Дельфины дружными стаями мчались за пароходом, то обгоняя его, то отставая, и по временам, как бы в безудержном припадке веселья, подскакивали, показывая лоснящиеся мокрые спины, Наступила ночь, первая на море, священная. Горели давно не виденные звезды, вода бурлила слышнее. Неужели есть люди, которые никогда не видели моря?

12-го утром — Константинополь. Опять эта никогда не приедающаяся, хотя откровенно-декоративная красота Босфора, заливы, лодки с белыми латинскими парусами, с которых веселые турки скалят зубы, дома, лепящиеся по прибрежным склонам, окруженные кипарисами и цветущей сиренью, зубцы и башни старинных крепостей, и солнце, особенное солнце Константинополя, светлое и не жгучее.

Мы прошли мимо эскадры европейских держав, введенной в Босфор на случай беспорядков. Неподвижная и серая, она тупо угрожала шумному и красочному городу. Было восемь часов, время играть национальные гимны. Мы слышали, как спокойно-гордо прозвучал английский, набожно — русский, а испанский так празднично и блестяще, как будто вся эта нация состояла из двадцатилетних юношей и девушек, собравшихся потанцевать",5,5,5,2,"'заграничный город, русифицированный администратором, подозрительно-изящные коммивояжёры, Парижский бульвар Сен-Мишель, изменённые ударенья, неверное употребление падежей, новые и противные словечки, детская наивность веры, экстатическая жажда успеха, разлагающийся труп Востока, маленький юркий червячок, пульсация сердца, волны раздвигаются, винтовое сердце работает, бегущая зелёная полоса воды, бессменные дельфиньи стаи, морские всплески веселья, влажные лоснящиеся спины, ночное священнодействие, мир звёзд над головой, вечно декоративная красота Босфора, неприметные турецкие улыбки, налетевшая европейская серость, словно танец молодежи'"
GigaChat-2-Max,81,"Судя по всему, к отдыху на турецких пляжах россияне стали готовится заранее. Еще в феврале 2018-го эксперты одного из популярных туристических сайтов рассказали, что Турция опередила внутренние направления по количеству ранних бронирований и стала лидером в этом сегменте. В мае в Российском союзе туриндустрии предсказали, что этим летом на турецкие пляжи отправится около 30% россиян, выезжающих на отдых за границу.

Свою роль, по мнению экспертов, тут сыграло и большое количество чартерных рейсов. Еще один плюс — короткий перелет и близость большинства отелей к основным курортным аэропортам страны.

При этом ожидается, что цены на отдых на местных пляжах, несмотря на весь ажиотаж, сильно не поднимутся — вероятнее всего, они останутся примерно на уровне прошлого года. А вот уровень сервиса, скорее всего, повысится. 

В мае в Роспотребнадзоре рассказали об итогах проведенной в отелях южного побережья Турции проверки. Повод был, прямо скажем, не радостный — в прошлом году сообщалось о нескольких случаях заражения инфекционными заболеваниями на местных курортах. Однако по итогам поездки специалисты ведомства сочли отели Сиде, Белека и Антальи полностью готовыми принять туристов: там не только приняли дополнительные меры, чтобы предотвратить риск распространения инфекций, но и заметно повысили уровень подготовки персонала.

«Большое внимание уделено подготовке отельной базы: усилены меры по обеспечению безопасного водоснабжения и питания, работы бассейнов, подготовке персонала, проведены мероприятия по улучшению выявления и лабораторной диагностики инфекций, организации противоэпидемических мероприятий», — отметили в отечественном надзорном ведомстве.

При всех преимуществах Турции с ее развитой инфраструктурой и вполне доступными ценами у этого направления, по мнению некоторых соотечественников, есть один недостаток — большое скопление людей порой может оттолкнуть ценителей уединенного отдыха.

В этом году избежать столпотворения на самых известных пляжах так называемой Турецкой ривьеры (там дела с отелями, ресторанами и транспортной инфраструктурой обстоят лучше всего, в этом же районе сосредоточено и большинство исторических достопримечательностей) точно не удастся.",5,5,5,1,''
GigaChat-2-Max,55,"- Есть знакомые лица, есть незнакомые. И радует и то, и другое, - открывая круглый стол на тему “Кадры для роботизации: как подготовить инженеров будущего”, председатель партии “Новые люди” Алексей Нечаев перешел с места в карьер. Начал он с утилитарных задач вроде создания системы распознавания лиц. И радовался, что, вопреки классику, не “знакомые всё”, и есть еще чему учиться. Но успокоил: - Мы с вами люди, которые что-то про роботизацию понимаем. (И про роботизацию русского языка особенно. - П.О.) В целом выступление Алексея Нечаева было из разряда тех, которые комментировать - только портить: - Во многом, когда говорим о роботизации, обсуждения “есть ли этому альтернативы, нет ли этому альтернативы” практически не ведутся. Потому что долгое время дешевый труд - “ну зачем нам робот, у нас есть люди по 20 тысяч рублей в месяц”. У нас этих людей больше нету, и что бы ни было дальше, этих людей уже не будет. И это хорошо, потому что люди, значит, будут больше зарабатывать. То есть “людям по 20 тысяч рублей в месяц” стоит признать тот факт, что их не существует. Не можем с этим не согласиться - люди в деньгах не измеряются в принципе. Тут достоинство не стоит путать с номиналом. Но что значит “будут больше зарабатывать”? Где, кем? Тут интересен опыт компании “Фаберлик”, который привел в пример сам ее основатель Нечаев: - Мы за 10 лет увеличили производительность труда почти в 20 раз, просто год за годом занимаясь автоматизацией, роботизацией. И самое главное, что зарплаты людей, которые работали, выросли примерно раза в три. Тут важно понимать, что речь идет именно о людях, “которые работали”. О людях, которые перестали работать вследствие автоматизации производства, не упоминалось. Примечательно, кстати, что производительность труда выросла в целых 20 раз, а зарплаты - всего втрое… Хотя чему тут удивляться.",5,4,4,2,"'перешёл с места в карьер, есть ещё чему учиться, знакомое всё, мы с вами люди, которые что-то про роботизацию понимают, люди в деньгах не измеряются, достоинство не стоит путать с номиналом'"
GigaChat-2-Max,54,"""Семь сестер"", семь знаменитых сталинских высоток интересуют и самих москвичей, и туристов со всей России, и иностранцев. На экскурсиях по ""городу на семи холмах"" можно узнать о строителях и архитекторах, службе госбезопасности, секретах клумб и фонтанов и зачем подходить к главному зданию МГУ со счетчиком Гейгера. ""Такие экскурсии часто заказывают российские туристы и иногда иностранные, — рассказывает руководитель туркомпании ""Незабываемая Москва"". — Правда, внутрь высоток туристов не водят: в некоторых из них — режимные объекты, пропускная система"".

Попасть в высотки можно — и не только в те, где находятся отели, но и в обычный жилой дом.

Особенно интересно это будет ценителям балета: музей-квартира Галины Улановой находится в высотке на Котельнической набережной. Посещение — по предварительной записи.

Гости в отзывах хвалят и экскурсоводов, и интерьеры, и уникальные экспонаты. Благодарят за возможность почувствовать эпоху, а в ней — жизнь балерины. Ну и, конечно, отмечают виды из окна и помпезность самой высотки.",5,5,5,1,''
GigaChat-2-Max,33,"Это было давно, когда я их родила, сразу за два года двоих, это было сумасшествие одной археологической экспедиции и моя очередная грандиозная ошибка в людях, когда я, юная особа двадцати девяти лет, стрижка под мальчика, худоба, глаза и ноги, девчонка совсем (мы с одним ребенком еще в начале, никто никого не знал, рассматривали за камнем его находку, ржавый обломок, а он подошел, так смешно, и говорит: «Мальчики, вы что тут делаете?» Я на него подняла глаза, он рассмотрел и поперхнулся, так я была похожа на мальчика. С того все и началось, дни и ночи счастья, когда я — поэтесса после пединститута и выгнанная из газеты со стажем журналистской работы за роман с одним женатым художником, отцом троих детей, которых я всерьез собиралась воспитать, дура! А жена его тут как тут: вам не стыдно? — и к главному редактору. И тут же им дают давно обещанную трехкомнатную квартиру — они жили в одной комнате все плюс мать его якобы жены, а у меня в комнате он мог работать, хотя моя в свою очередь мать очень бурно его попрекала, что он живет на моей шее, не женясь, — какие еще старые, старые песни, однако!), — так вот, когда я, уволившись из газеты, поехала куда глаза глядят в археологическую экспедицию, и вот вам результат, Андрей и Аленушка, два солнышка, все в одной комнате опять-таки, мать в своей упорно и упорно! Пожили, посмотрели на реальность, у моего мужа грандиозный развод в городе Куйбышеве, жена его приезжала смотреть на меня пузатую, то есть как смотреть — он открывает дверь, а там жена с пятнадцатилетним сыном, надо поговорить.",4,3,4,2,"'выгнанная из газеты со стажем журналистской работы за роман с одним женатым художником, старая песня, пойти куда глаза глядят'"
GigaChat-2-Max,76,"Об этом стало известно за два дня до отлета в Милан. Большая часть диванных экспертов, разумеется, стала искать всеобщий заговор против россиянина (мол, катался же он раньше под эту мелодию — и ничего), однако для объективного понимания произошедшего необходимо дистанцироваться от эмоциональных оценок и рассмотреть инцидент в плоскости спортивного права и менеджмента. Суть конфликта заключается в претензиях правообладателей на использование музыкального произведения, что в условиях современной медиасреды и жесткого контроля за интеллектуальной собственностью является не заговором и не давлением, а стандартной правовой процедурой.

В профессиональном спорте высших достижений музыкальное сопровождение не является просто фоном; это объект авторского права, использование которого в коммерческих трансляциях и на международных/государственных стартах требует предварительного согласования. Процедура «очистки» авторских прав — это стандартный бюрократический этап подготовки любой программы. В современных реалиях игнорирование этого аспекта или надежда на то, что использование трека останется незамеченным, является недопустимым анахронизмом.

Любое публичное исполнение произведения, тем более связанное с трансляцией на широкую аудиторию, накладывает на организаторов и команду спортсмена обязательства по соблюдению лицензионных соглашений. Если правообладатель (в данном случае — зарубежный) заявляет о запрете использования своего актива, спортивные федерации и структуры обязаны подчиниться, чтобы избежать многомиллионных исков и давления со стороны международных организаций.

При анализе сложившейся ситуации становится очевидным, что корень проблемы лежит не во внешних факторах или «кознях» оппонентов, а в плоскости управленческой безответственности. Подготовка спортсмена уровня сборной (хоть здесь формально сборной и нет — все выступают в нейтральном статусе — но ясно, что готовит фигуриста огромное число людей) — это работа огромного штаба, в задачи которого входит не только тренировочный процесс, но и полное юридическое сопровождение всех элементов программы.

Глупо искать виноватых во внешней среде, когда речь идет о базовом профессиональном упущении. Подобные юридические вопросы должны решаться руководством и штабом спортсмена заблаговременно, на этапе постановки программы, а не за несколько дней до старта. Команда фигуриста была обязана осознавать риски, связанные с использованием зарубежного контента в текущей геополитической и правовой обстановке. Надеяться на удачу или «традиционное невмешательство» правообладателей в последний момент — значит проявлять непрофессионализм, который в итоге бьет по самому спортсмену, вынужденному в стрессовом режиме менять наработанную программу.",5,5,4,1,'диванные эксперты'
GigaChat-2-Max,42,"Эта история началась как обычная прогулка по побережью, а превратилась в настоящий детектив. 48-летняя жительница Новой Зеландии Нейша Ринд и ее десятилетний сын Кея бродили по пляжу Ocean Beach в курортном городке Тайруа. Этот район на восточном побережье полуострова Коромандел давно облюбовали серферы, но в тот день океан приготовил для туристов куда более редкий трофей, чем удачная волна.

Среди груды плавника и морского мусора, который прилив обычно выносит на песок, Кея заметил странный предмет. Сначала семья подумала, что это обычный кирпич, обросший морской растительностью. Однако, очистив находку от толстого слоя ракушек и соленого налета, они поняли, что держат в руках классическую литровую бутылку из-под виски Jack Daniel’s. Внутри белел свернутый листок бумаги, пишет РГ.

Как только Нейша осторожно извлекла пробку, стало ясно: это не шутка современных пранкеров. Послание было датировано 17 февраля 2002 года. На пожелтевшей бумаге, изрядно пострадавшей от влаги, удалось разобрать имя автора - Джек. Парень писал о том, что он занимается рыбалкой в районе островов Олдермен (это популярное место для промысла неподалеку от берегов Коромандела). К сожалению, морская вода превратила большую часть текста в нечитаемые кляксы, но дата и имя сохранились идеально.

Такие находки всегда вызывают трепет и заставляют вспомнить классику мировой литературы, например, знаменитый роман Жюля Верна ""Дети капитана Гранта"". В книге герои искали пропавшего моряка, доверившись письму из океана, которое так же пострадало от морской воды.

В реальности все прозаичнее, но не менее увлекательно. Бутылка дрейфовала в Тихом океане долгих 22 года. За это время она могла совершить кругосветное путешествие или все эти десятилетия кружить в мощных течениях Тасманова моря, прежде чем вернуться почти в ту же точку, где была брошена в воду.

Нейша Ринд опубликовала фотографии артефакта в социальных сетях, надеясь, что современные технологии, в отличие от времен Жюла Верна, помогут найти того самого Джека без кругосветного путешествия. Пока на связь никто не вышел. Пользователи в соцсетях уже шутят, что Джек, скорее всего, за это время успел вырасти, завести семью и забыть о своем подростковом увлечении.

Подобные случаи большая редкость. Исследователи океанов отмечают, что большинство стеклянных сосудов разбивается о скалы в первые же месяцы странствий. То, что бутылка ""Джека"" уцелела и сохранила письмо спустя четверть века, настоящая удача. Теперь маленькому Кее и его маме остается только ждать: возможно, автор письма из прошлого увидит новости и расскажет, какой была та самая рыбалка в далеком 2002-м.",5,5,5,1,''
GigaChat-2-Max,49,"Как вычислить неочевидные недостатки дома
Во-первых, не покупайте дома на вторичном рынке зимой или поздней осенью — именно в это время легче всего замаскировать недостатки в фундаменте. А именно они могут быть фатальными. Серьёзные изъяны, трещины, нарушения технологии строительного процесса установки фундамента могут привести к тому, что дом придётся сносить и строить заново. Собственно, это и может оказаться по факту причиной продажи дома на вторичном рынке. Об этом предупредил владелец строительной компании ""Дом Лазовского"" Максим Лазовский.

Следующий момент — изъяны скрытых работ. А именно — ошибки при утеплении, гидро- и пароизоляции. Обязательно посетите подвальное помещение, если оно есть. Посмотрите на динамику температуры и влажности, нет ли подтёков на стенах и иных следов.

Проблем со вторичным объектом ИЖС может быть масса — грунт не подходит для выбранного типа строения, с сечением свай или вообще типом фундамента ошиблись. Забыли обработать от короедов, и жуки уже скушали половину лаг… Лучше приходить на просмотр понравившегося объекта с профессионалом (технический или строительный надзор) и смотреть все мелочи.

— Кроме того, обязательно изучите разрешение на строительство и ВРИ земельного участка. А вдруг это вообще ""самострой"" и возводить жилые сооружения на этой земле запрещено. Также изучите косвенные дефекты — это возможные ухудшения локации. Например, открытие рядом завода по переработке сырья, свалки или новой оживлённой дороги. Для этого надо посмотреть план градостроительной застройки вашего муниципального образования — он есть в открытом доступе в сети, — добавил Максим Лазовский.",5,5,3,1,''
GigaChat-2-Max,11,"Как во хмелю провел я и весь день, все время державший в непрестанном напряжении: 
опять были панихиды, опять многолюдство, приезжающие и уезжающие соседи, а там 
где-то, в затворенной со всех сторон солнечной детской, беззаботные игры ничего еще не 
понимающих детей, под скорбным и ласково невнимательным присмотром то и дело тихо 
плачущей няньки…
И вот опять стало смеркаться и опять стали сходиться, собираться в зал, ждать новой 
панихиды, осторожно переговариваться… Приход священнослужителей и вслед за тем 
воцарившееся молчание, зажигание свечей и облачение в этой тишине, все это 
таинственно-церковное приготовление к службе, а потом первый взмах кадила и первый 
возглас – все это показалось мне теперь, в этот последний для покойника вечер, столь
многозначительным, что я уже глаз не мог поднять на то, что было впереди, на этот пышный, 
бархатный гроб, воздвигнутый на составленные столы, и на то церковно-страшное, 
картинно-погребальное, что наклонно возвышалось в гробу во всем зловещем великолепии 
своего золотого покрова, золотой иконки на груди и новой, жестко-белой подушки, – во всей 
сумрачной тьме непробудного гробового сна этого чернобородого лика с запавшими и 
почерневшими веками, металлически лоснящегося сквозь теплый, душный дым и горячий, 
дрожащий блеск…",5,5,5,1,"'непрестанное напряжение, солнечная детская, незнающие дети, скорбный и ласково невнимательный взгляд, бесшумно плачущая нянька, церковно-страшное картинно-погребальное великолепие, сумрачная тьма непробудного гробового сна'"
GigaChat-2-Max,30,"Кот спрыгнул со стула, потрусил за ним.

В комнате Алексей Кириллович поставил чашку на заваленный бумагами стол, сел в кресло, положил перед собой пачку машинописных листов, полистал:

– Мммм это было… ага… это да… ага! Вот. Зададим мультипликативный закон, определяемый таблицей три… так… нейтральный элемент относительно… так… относительно… так… но, милый мой, это же тютелька в тютельку реферат Юрковского. Конечно, ведь если тело упорядочено, то множество реперов может быть разбито на два подмножества, чего он Америку открывает?.. Так. Такая матрица определяет отображение энмерного векторного пространства в другое векторное пространство. Ну и что? Это ведь теорема о невыраженной матрице! Юморист.

Алексей Кириллович выдвинул ящик стола, вынул лежащую на салфетке норму и, не отрываясь от листков, стал отщипывать кусочки, изредка запивая чаем:

– Так… так… ну, а это уж тоже ведь… умножение матрицы на скаляр дистрибутивно относительно сложения скаляров… ну… так… это было… а где он про линейную комбинаторику трепется?.. ага… символ Кронекера, равный нулю, если множество квадратичных матриц образует кольцо относительно суммы и произведения… ну и что? А где же два тензора пространства? Они же эквивалентны.

Крошки нормы падали ему на колени, сыпали на пол. Синус лежал на диване, положив морду между лап.

– А как же класс тензоров определить? Ведь это элементы внешнего ряда, чудак… ну… а зачем билинейную структуру рассматривать? Юморист! Нам важно знать параметры левого тензора, а не кривую полиноминальной функции… а здесь что?.. ага… ну это ясно… ага… тут он… так. Так! Интересно! И что же? Это в пику евклидову пространству! Бог ты мой! Ха-ха, ха-ха! О, держите меня! Полярная форма фундаментальной полиноминальной функции называется скалярным рассеянием! Ха-ха-ха! В огороде бузина, в Киеве дядька!",5,5,5,2,"'тютелька в тютельку, Америка открывается, полярная форма фундаментальной полиноминальной функции называется скалярным рассеянием, в огороде бузина, в Киеве дядька'"
GigaChat-2-Max,39,"На заводскую работу либо в гору все ж таки не отдали — шибко жидко место, на неделю не хватит. Поставил его приказчик в подпаски. — И тут Данилко не вовсе гож пришелся. Парнишечко ровно старательный, а все у него оплошка выходит. Все будто думает о чем-то. Уставится глазами на травинку, а коровы-то — вон где! Старый пастух ласковый попался, жалел сироту, и тот временем ругался:— Что только из тебя, Данилко, выйдет? Погубишь ты себя, да и мою старую спину под бой подведешь. Куда это годится? О чем хоть думка-то у тебя?— Я и сам, дедко, не знаю... Так... ни о чем... Засмотрелся маленько. Букашка по листочку ползла. Сама сизенька, а из-под крылышек у ней желтенько выглядывает, а листок широконький... По краям зубчики, вроде оборочки выгнуты. Тут потемнее показывает, а середка зеленая-презеленая, ровно ее сейчас выкрасили... А букашка-то и ползет.— Ну, не дурак ли ты, Данилко? Твое ли дело букашек разбирать? Ползет она — и ползи, а твое дело за коровами глядеть. Смотри у меня, выбрось эту дурь из головы, не то приказчику скажу! Одно Данилушке далось. На рожке он играть научился — куда старику! Чисто на музыке какой. Вечером, как коров пригонят, девки-бабы просят:— Сыграй, Данилушко, песенку. Он и начнет наигрывать. И песни всё незнакомые. Не то лес шумит, не то ручей журчит, пташки на всякие голоса перекликаются, а хорошо выходит. Шибко за те песенки стали женщины привечать Данилушку. Кто пониточек починит, кто холста на онучи отрежет, рубашонку новую сошьет. Про кусок и разговору нет, — каждая норовит дать побольше да послаще. Старику пастуху тоже данилушковы песни по душе пришлись. Только и тут маленько неладно выходило. Начнет Данилушко наигрывать и все забудет, ровно и коров нет. На этой игре и пристигла его беда.",5,5,5,2,"'шаг за шагом, шибко жидко место, погубишь свою спину под бой подведёшь, засмотрелся маленько, чисто на музыке, ровно её сейчас выкрасили, рубашка новая, кусочков и разговора нет, ровнёхонько, чистая музыка, каждая норовит дать побольше, чисто играет, беду пристигла'"
GigaChat-2-Max,28,"Артем нехотя поднялся со своего места у костра и, перетягивая автомат со спины
на грудь, двинулся во тьму. Стоя на самом краю освещенного пространства, он демонстративно, как можно громче и внушительней, щелкнул затвором и хрипло крикнул:
– Стоять! Пароль!
Из темноты, откуда минуту назад раздавались странный шорох и глухое бормотание,
послышались спешные, дробные шаги. Кто-то отступал вглубь туннеля, напуганный сиплым
Артемовым голосом и бряцанием оружия. Артем спешно вернулся к костру и бросил Петру
Андреевичу:
– Да нет, не показалось. Не назвался, удрал.
– Эх ты, раззява! Тебе же было сказано: не отзываются – сразу стрелять! Откуда тебе
знать, кто это был? Может, это черные подбираются!
– Нет… Я думаю, это вообще не люди… Звуки очень странные… Да и шаги у него
не человеческие. Что же я, человеческих шагов не узнаю? А потом, если бы это были черные,
разве они хоть раз вот так убегали? Вы же сами знаете, Петр Андреевич, в последнее время
черные вперед сразу бросаются – и на дозор нападали уже с голыми руками, и на пулемет шли
в полный рост. А этот удрал сразу… Какая-то трусливая тварь.
– Ладно, Артем! Больно ты умный! Есть у тебя инструкция – и действуй по инструкции,
а не рассуждай. Может, это лазутчик был. Увидел, что нас здесь мало, и – превосходящими
силами… Может, нас сейчас здесь прихлопнут за милую душу, ножом по горлу, и станцию
всю вырежут вон, как с Полежаевской вышло, а все потому, что ты вовремя не срезал гада…
Смотри у меня! В следующий раз по туннелю за ними бегать заставлю!
Артем поежился, представляя себе туннель за семисотым метром. Страшно было даже
помыслить о том, чтобы показаться там. За семисотый метр на север не отваживался ходить
никто. Патрули доезжали до пятисотого и, осветив пограничный столб прожектором с дрезины,
убедившись, что никакая дрянь не переползла за него, торопливо возвращались. Разведчики,
здоровые мужики, бывшие морские пехотинцы, и те останавливались на шестьсот восьмидесятом, прятали горящие сигареты в ладонях и замирали, прильнув к приборам ночного видения. А потом медленно, тихо отходили назад, не спуская глаз с туннеля и ни в коем случае
не поворачиваясь к нему спиной.",5,5,5,1,"'демонстративно, как можно громче и внушительней, раззява, трус'"
GigaChat-2-Max,9,"День-деньской кровать скользит в жаркое ветреное небо и, когда привстаешь, то видишь верхушки лип, круто прохваченные желтым солнцем, телефонные проволоки, на которые садятся стрижи, и часть деревянного навеса над мягкой красной дорогой перед парадным крыльцом. Оттуда доносятся изумительные звуки: щебетанье, далекий лай, скрип 
водокачки.
Лежишь, плывешь и думаешь о том, что скоро встанешь; и в солнечной луже играют 
мухи, и цветной моток шелка, как живой, спрыгивает с колен матери, сидящей подле, мягко 
катится по янтарному паркету…
В этой комнате, где в шестнадцать лет выздоравливал Ганин, и зародилось то счастье, 
тот женский образ, который, спустя месяц, он встретил наяву. В этом сотворении участвовало все, – и мягкие литографии на стенах, и щебет за окном, и коричневый лик Христа в 
киоте, и даже фонтанчик умывальника. Зарождавшийся образ стягивал, вбирал всю солнечную прелесть этой комнаты и, конечно, без нее он никогда бы не вырос. В конце концов это 
было просто юношеское предчувствие, сладкие туманы, но Ганину теперь казалось, что никогда такого рода предчувствие не оправдывалось так совершенно. И целый день он переходил из садика в садик, из кафе в кафе, и его воспоминанье непрерывно летело вперед, как 
апрельские облака по нежному берлинскому небу. Люди, сидевшие в кафе, полагали, что у 
этого человека, так пристально глядящего перед собой, должно быть какое-нибудь глубокое 
горе, а на улице он в рассеяньи толкал встречных, и раз быстрый автомобиль затормозил и 
выругался, едва его не задев.
Он был богом, воссоздающим погибший мир. Он постепенно воскрешал этот мир, в 
угоду женщине, которую он еще не смел в него поместить, пока весь он не будет закончен. 
Но ее образ, ее присутствие, тень ее воспоминанья требовали того, чтобы наконец он и ее бы 
воскресил, – и он нарочно отодвигал ее образ, так как желал к нему подойти постепенно, 
шаг за шагом, точно так же как тогда, девять лет тому назад. Боясь спутаться, затеряться в 
светлом лабиринте памяти, он прежний путь свой воссоздавал осторожно, бережно, возвращаясь иногда к забытой мелочи, но не забегая вперед. Блуждая в этот весенний вторник по 
Берлину, он и вправду выздоравливал, ощущал первое вставанье с пастели, слабость в ногах, 
смотрелся во все зеркала. Белье и одежды казались необыкновенно чистыми, просторными и немного чужими. Он медленно шел по широкой аллее, что вела от площадки дома в дебри 
парка. Там и сям вздувались на лиловатой от лиственной тени земле черные червистые 
холмики, – работа кротов. Он надел белые панталоны, сиреневые носки. Он мечтал встретить кого-нибудь в парке, кого – он еще не знал.",5,5,5,2,"'ложишься, плывёшь и думаешь, светлая лужа играет мухами, цветная нить шелка прыгает с коленей, солнце хлестнуло жёлтыми лучами, вызывая в груди ощущение ожога, комната была соткана из звуков, образов, запахов, сон грёза пронизала всё тело, душа парила над кроватью, светлые туманы молодости, воспоминания летели вперёд как апрельские облака, будто Бог воссоздатель погибшего мира, заново творящий вселенную, белоснежные простыни были прозрачны и прохладны, словно облачко коснулось кожи, тихие шаги звучат глухо, подобно шёпоту ветра'"
GigaChat-2-Max,68,"В декабре 2022 года президент РФ Владимир Путин призвал правительство начать выделять средства Фонда национального благосостояния (ФНБ) на льготный лизинг воздушного и водного транспорта.

В рамках программы поддержки лизинга гражданских воздушных судов до 2030 года с софинансированием на рынок планируется поставить более 450 самолетов и 460 вертолетов, сообщали в ""Ростехе"". Приобретать технику для последующей передачи авиаперевозчикам по льготным ставкам будут лизинговые компании, основной пакет заказов придется на ГТЛК.

В 2023 году из ФНБ было уже выделено почти 300 миллиардов рублей на выкуп 162 самолетов ""Аэрофлота"", S7, ""Уральских авиалиний"" и ""Авроры"". Из этого транша ""Аэрофлоту"" была выделена львиная доля - около 250 миллиардов! И самое интересное, что эти средства пошли на выкуп иностранной авиационной техники!

Кроме того, средства из ФНБ выделялись НЛК под 1,5% на 15 лет. ""Аэрофлот"" получил самолеты от НЛК в операционный лизинг, а частные авиакомпании - в финансовый (после истечения контракта воздушные суда перейдут в их собственность). ""Аэрофлот"" будет выплачивать лизинговые платежи из своей прибыли. А если учесть, что валовая прибыль компании в 2023 году по РСБУ составила 7,274 миллиарда рублей по сравнению с убытком на 49,943 миллиарда годом ранее, то выплачивать лизинговые платежи будет не из чего.

И совсем уже не смешно. Коммерческие и управленческие расходы ""Аэрофлота"" почти сравнялись с прибылью компании и составили 6,438 миллиарда и 10,592 миллиарда рублей по РСБУ соответственно.

Правда, в компании говорят, что основной вклад в снижение коммерческих расходов 2023 году на 46,9%, или на 5,964 миллиарда рублей, по сравнению с 2022 годом внес переход на отечественную систему бронирования ""Леонардо"". Но компания тем не менее ""продолжает программу контроля за расходами""!

И еще совсем непонятно, почему государственные средства выделяются частным авиакомпаниям. Ведь и дураку ясно, что, выделяя миллионы рублей на выкуп иностранных самолетов, Россия активно поддерживает экономику не совсем дружественных нам государств. А наши авиакомпании, получив халявные средства, в следующем году, когда их не будет, начнут поднимать цены на билеты.",5,5,4,1,"'выкуп иностранной авиационной техники!, ведь и дураку ясно'"
GigaChat-2-Max,5,"Беру кусок жизни, грубой и бедной, и творю из него сладостную легенду, ибо я — поэт. 
Косней во тьме, тусклая, бытовая, или бушуй яростным пожаром, — над тобою, жизнь, я, 
поэт, воздвигну творимую мною легенду об очаровательном и прекрасном.
В спутанной зависимости событий случайно всякое начало. Но лучше начать с того, 
что и в земных переживаниях прекрасно, или хотя бы только красиво и приятно. Прекрасны 
тело, молодость и веселость в человеке, — прекрасны вода, свет и лето в природе.
Было лето, стоял светлый, знойный полдень, и на реку Скородень падали тяжелые 
взоры пламенного Змия. Вода, свет и лето сияли и радовались, сияли солнцем и простором, 
радовались одному ветру, веющему из страны далекой, многим птицам и двум обнаженным 
девам.
Две сестры, Елисавета и Елена, купались в реке Скородени. И солнце, и вода были 
веселы, потому что две девы были прекрасны и были наги. И обеим девушкам было весело, 
прохладно и хотелось двигаться, и смеяться, и болтать, и шутить. Они говорили о человеке, 
который волновал их воображение.
Девушки были дочери богатого помещика. Место, где они купались, примыкало к 
обширному, старому саду их усадьбы. Может быть, им было особенно приятно купаться в 
этой реке потому, что они чувствовали себя госпожами этих быстротекущих вод и песчаных 
отмелей под их быстрыми ногами. И они плавали и смеялись в этой реке с уверенностью и 
свободою прирожденных владетельниц и госпож. Никто не знает пределов своего 
господства, — но блаженны утверждающие свое обладание, свою власть!",5,5,5,2,"'беру кусок жизни, творю из него легенду, ибо я — поэт, косней во тьме, тусклая, бытовая, бушуй яростным пожаром, над тобою, жизнь, воздвигну легенду, в спутанной зависимости событий, но лучше начать с того, прекрасное начало, в земных переживаниях, тело, молодость и веселость в человеке, вода, свет и лето в природе, падали тяжёлые взоры, солнечные лучи смотрят сверху, тяжесть взгляда, вода, свет и лето сияли и радовались, сияли солнцем и простором, радовались ветру, вдали летели птицы, звучала музыка природы, прекрасные девы, весёлые девушки, река ласково принимает девушек, солнце играло на воде, искры света танцевали вокруг них, вода улыбалась мягким движением волн, воздух напоён ароматами цветов, блестела молодая кожа, лёгкость бытия ощущалась каждой клеточкой тела, радость проникла глубоко внутрь, чувство свободы охватило душу'"
GigaChat-2-Max,45,"Специалисты подтверждают, что у кошек действительно феноменально развита сенсорная система. Их обоняние превосходит человеческое примерно в сорок раз, слух способен улавливать ультразвуковые частоты, а зрение идеально настроено на фиксацию малейших изменений в пространстве. Благодаря этому они становятся чрезвычайно внимательными наблюдателями и мгновенно замечают, когда с хозяином что-то не так: меняется его поведение, голос, запах и даже мимика. Результаты научных исследований доказывают, что кошки действительно способны распознавать человеческие эмоции по выражению лица, характеру движений и интонации.

Однако, по словам экспертов, кошка не диагностирует саму болезнь, а лишь реагирует на изменения в привычном облике и поведении человека. Что касается привычки ложиться именно на больное место, то и этому есть рациональное объяснение. Воспаленные участки тела, как правило, имеют повышенную температуру, а кошки, чья нормальная температура составляет 38–39 градусов, инстинктивно тянутся к теплу. Таким образом, питомец создает эффект «живой грелки», что действительно может временно облегчить дискомфорт, но ни о каком лечебном воздействии, которое было бы зафиксировано экспериментально, речь не идет.

Ученые также развеивают миф о том, что кошки способны выявлять у людей онкологические заболевания. В отличие от собак, которых специально дрессируют для диагностики рака по запаху мочи, кошек для этих целей не используют, в том числе из-за сложностей с их обучением. Единственный научно подтвержденный терапевтический эффект от присутствия этих пушистых питомцев — это доказанное снижение уровня стресса и тревожности у их владельцев.",5,5,5,0,''
GigaChat-2-Max,31,"Выходит от них поединщик: здоровенный скотник, морда тыквой. Скидывает тулуп, натягивает рукавицы, сопли утирает. Но мы к такому повороту готовы – Погода Сиволаю на руки кафтан свой черный сбрасывает, шапку с куньей оторочкой стряхивает, куртку парчовую скидывает, поводит плечом молодецким, шелком алым обтянутым, мне подмигивает, выступает вперед. Супротив Погоды в кулачном деле даже Масло – подросток. Невысок Погода, но широк в плечах, крепок в кости, ухватист да оборотист. Попасть в его харю гладкую трудно. А вот от него вмясо схлопотать – проще простого.

Озорно глядит Погода на соперника, с прищуром, поигрывает пояском шелковым:

– Ну что, сиволапый, готов битым быть?

– Не хвались, опричник, на рать идучи!

Погода и скотник ходят кругами, примериваются. И одеты они по-разному, и в положениях разных, и господам разным служат, а коль приглядеться – из одного русского теста слеплены. Русские люди, решительные.

Встаем кругом, смыкаемся с челядью. На кулачном поприще это в норме. Здесь все равны – и смерд и столбовой, и опричник и приказной. Кулак – сам себе государь.

Посмеивается Погода, подмигивает скотнику, поигрывает плечами молодецкими. И не выдерживает мужик, кидается с замахом кулака пудового. Приседает Погода, а сам скотника – под ложечку коротким тычком. Икнул тот, но выдюжил. Погода снова вокруг танцует, плечами, как девка срамная, покачивает, подмигивает, язык розовый показывает. Скотник танцы не уважает, крякает да опять размахивается. Но Погода упреждает – слева в скулу, справа по ребрам – хлесть! хлесть! Аж ребра треснули. А от кулака пудового снова увернулся. Взревел скотник медведем, замахал кулачищами, рукавицы теряя. Да все без толку: снова под ложечку да и по сопатке – хрясь! Оступается детина, как медведь-шатун. Сцепил руки замком, ревет, рассекает воздух морозный. Да все без толку: хлоп! хлоп! хлоп! Быстрые кулаки у Погоды: вот уж и морда у скотника в крови, и глаз подбит, и нос красную юшку пустил. Летят алые капли, рубинами сверкают на зимнем солнце, падают на снег утоптанный.",5,5,5,2,"'морда тыквой, скинуть тулуп, натужешь рукавицы, готовый к бою, отбить мясо, погладить плечи, взгляд озорной, пляшет глазами, смотреть с прищуром, подмигнуть сопернику, отхвастаться наперед, готовиться к битве, выстоять удар, пританцовывать, коснуться языком, разбить лицо, пробежать алыми каплями'"
GigaChat-2-Max,34,"Третий день наступления начался смутно. Впереди все время слышалась перестрелка, колонны то и дело останавливались, повсюду посылались разъезды. И поэтому особенно радостно нам было увидеть выходящую из леса пехоту, которой мы не встречали уже несколько дней. Оказалось, что мы, идя с севера, соединились с войсками, наступавшими с юга. Бесчисленные серые роты появлялись одна за другой, чтобы через несколько минут расплыться среди перелесков и бугров. И их присутствие доказывало, что погоня кончилась, что враг останавливается и подходит бой.

Наш разъезд должен был разведать путь для одной из наступающих рот и потом охранять ее фланг. По дороге мы встретились с драгунским разъездом, которому была дана почти та же задача, что и нам. Драгунский офицер был в разодранном сапоге — след немецкой пики — он накануне ходил в атаку. Впрочем, это было единственное повреждение, полученное нашими, а немцев порубили человек восемь. Мы быстро установили положение противника, то есть ткнулись туда и сюда и были обстреляны, а потом спокойно поехали на фланг, подумывая о вареной картошке и чае.

Но едва мы выехали из леска, едва наш дозорный поднялся на бугор, из-за противоположного бугра грянул выстрел. Мы вернулись в лес, все было тихо. Дозорный опять показался из-за бугра, опять раздался выстрел, на этот раз пуля оцарапала ухо лошади. Мы спешились, вышли на опушку и стали наблюдать. Понемногу из-за холма начала показываться германская каска, затем фигура всадника — в бинокль я разглядел большие светлые усы. «Вот он, вот он, черт с рогом», — шептали солдаты. Но офицер ждал, чтобы германцев показалось больше, что пользы стрелять по одному. Мы брали его на прицел, разглядывали в бинокль, гадали об его общественном положении.",5,5,5,1,'черт с рогом'
GigaChat-2-Pro,73,"Диагностика редких заболеваний может занимать большое количество времени. По оценкам специалистов из Стэнфордского университета (Stanford University), на поиск соответствующего симптомам и генотипу пациента заболевания может уходить до 20-40 часов времени высококвалифицированного специалиста. Эксперт рассматривает около 100 наиболее подозрительных мутаций в генах, предполагает, какая из них могла стать причиной болезни, проверяет свои предположения в литературе, затем переходит к следующей в случае неудачи.

Профессор Джилл Бежерано (Gill Bejerano) предложил компьютерный алгоритм под названием Франк (Phrank, phenotype + rank, соединение «фенотипа» и «ранга»), который может автоматизировать эти поиски. Программа сокращает время поиска на 90%, при этом экономя деньги за счет высвобождения рабочих часов врача.

Франк сравнивает симптомы и генетические данные пациента с базой, в которой содержатся сведения из медицинской литературы. Результатом сравнения является ранжированный список редких наследственных заболеваний, которые могли вызвать указанные симптомы. Таким образом у клинициста появляется «стартовая точка», от которой он может двигаться в направлении определения диагноза.

При создании алгоритма, в отличие от предыдущих подобных программ, ученые использовали медицинские данные реальных пациентов, поэтому Франк более эффективен. В частности, когда дело дошло до постановки диагноза самим алгоритмом, болезнь, которая действительно была у пациента, стояла четвертой в листе Франка и 33-й в списке, выданном более старым алгоритмом.

Кроме того, новая программа может помочь врачам в выявлении еще неизвестных наследственных заболеваний – если Франк не найдет упоминаний о симптомах у людей, он будет искать информацию о них в публикациях об экспериментах на животных. Джилл Бежерано пояснил, что, возможно, у людей то или иное заболевание могли до сих пор не диагностировать ни разу, а у мышей, например, оно уже проявлялось. Никто не заменит врача, подчеркнул профессор, но новые технологии могут сделать его работу более эффективной.",5,5,4,1,"'высвобождение рабочих часов врача, ставить диагноз, проявить себя, органично вплетены, рваный ритм'"
GigaChat-2-Pro,0,"Над пустыми петербургскими улицами пролетали едва озаренные смутности; обрывки туч перегоняли друг друга.

Какое-то фосфорическое пятно и туманно, и мертвенно проносилось по небу; фосфорическим блеском протуманилась высь; и от этого проблистали железные крыши и трубы. Протекали тут зеленые воды Мойки; по одной ее стороне то же высилось все трехэтажное здание о пяти своих белых колоннах; наверху были выступы. Там, на светлом фоне светлого здания, медленно проходил Ее Величества кирасир; у него была золотая, блиставшая каска.

И серебряный голубь над каской распростер свои крылья.

Николай Аполлонович, надушенный и выбритый, пробирался по Мойке, запахнувшись в меха; голова упала в шинель, а глаза как-то чудно светились; в душе – поднимались там трепеты без названья; что-то жуткое, сладкое пело там: словно в нем самом разлетелся на части буревой эолов мешок и сыны нездешних порывов на свистящих бичах в странные, в непонятные страны угоняли жестоко.

Думал он: неужели и это – любовь? Вспомнил он: в одну туманную ночь, выбегая стремительно из того вон подъезда, он пустился бежать к чугунному петербургскому мосту, чтобы там, на мосту…

Вздрогнул он.

Пролетел сноп огня: придворная, черная пролетела карета: пронесла мимо светлых впадин оконных того самого дома ярко-красные свои, будто кровью налитые, фонари; на струе черной мойской фонари проиграли и проблистали; призрачный абрис треуголки лакея и абрис шинельных крыльев пролетели с огнем из тумана в туман.",5,5,5,2,"'проблистали, поднялись трепеты без названья, разлетелся на части, угоняли жестоко, пустился бежать, пронеслись, прошла карета, фонари проиграли и проблистали, абрис шинельных крыльев, с огнем из тумана в туман'"
GigaChat-2-Pro,58,"Исторические локации и новые проекты
Компания «Балтийская коммерция» приобрела участок на Новгородской улице, 14 весной 2024 года. Ранее здесь располагался бизнес-центр класса С, а рядом уже построен жилой комплекс «Форсайт» того же девелопера. Общая площадь участка - около 5,5 тысячи квадратных метров.

Девелопер работает в исторических районах Петербурга с конца 90-х годов. Среди последних проектов - реконструкция бывшего советского лицея на проспекте Римского-Корсакова и премиальный квартал у метро «Чкаловская». Пески традиционно считаются одной из самых престижных локаций города, хотя после 2010 года здесь стали появляться не только элитные, но и бизнес-класса новостройки.

Район отличается спокойствием и отсутствием туристического шума, что ценят будущие жильцы. Однако, как отмечают эксперты, здесь еще много промышленных территорий, оставшихся в наследство от «серого пояса» города.

Рынок элитного жилья и перспективы развития
С начала 2024 года, по данным NF Group, в центральной части Петербурга появилось два новых жилых комплекса на 448 квартир: элитный «Моисеенко 10» и бизнес-класс N8. В стадии реализации находятся еще несколько проектов, включая жилой комплекс ПСК и реконструкцию Мытного двора. Свободных участков для строительства в центре практически не осталось, а спрос на премиальное жилье стабильно высок.

По информации брокеров, отдельные земельные участки еще можно найти в районе площади Восстания и на улице Черняховского. Однако основной резерв для развития центрального района - это территории между Синопской набережной и Новгородской улицей. Здесь компания «ТГК-1» готовит масштабный проект редевелопмента бывшей Центральной ТЭЦ. Планируется создать общественно-деловое пространство, которое соединит городскую застройку с набережной. Первый этап, включающий рекреационную зону и объекты общепита, уже получил одобрение экспертизы.

Петербург продолжает меняться: исторические кварталы обретают новую жизнь, а элитные жилые комплексы становятся частью городской ткани, где прошлое и будущее встречаются на одной улице.",5,5,4,1,"'новостройки бизнес-класса, унаследованные промышленные территории, исторический район обретает новую жизнь, свободная земля/участки для строительства практически иссякли, красная линия между... и..., новый жилком с X квартирами, часть городского полотна, встреча прошлого и будущего на одной улице'"
GigaChat-2-Pro,22,"На семи холмах лежит городок Федор-Кузьмичск, а вокруг городка – поля необозримые, земли неведомые. На севере – дремучие леса, бурелом, ветви переплелись и пройти не пускают, колючие кусты за порты цепляют, сучья шапку с головы рвут. В тех лесах, старые люди сказывают, живет кысь. Сидит она на темных ветвях и кричит так дико и жалобно: кы-ысь! кы-ысь! – а видеть ее никто не может. Пойдет человек так вот в лес, а она ему на шею-то сзади: хоп! и хребтину зубами: хрусь! – а когтем главную-то жилочку нащупает и перервет, и весь разум из человека и выйдет. Вернется такой назад, а он уж не тот, и глаза не те, и идет, не разбирая дороги, как бывает, к примеру, когда люди ходят во сне под луной, вытянувши руки, и пальцами шевелят: сами спят, а сами ходят. Поймают его и ведут в избу, а иной раз для смеху поставят ему миску пустую, ложку в руку вторнут: ешь; он будто и ест, из пустой-то миски, и зачерпывает, и в рот несет, и жует, а после словно хлебом посудину обтирает, а хлеба-то в руке и нет; ну, родня, ясно, со смеху давится. Такой сам ничего делать не может, даже оправиться не умеет: каждый раз ему заново показывай. Ну, если жене или там матери его жалко, она его с собой в поганый чулан водит; а ежели за ним приглядеть некому, то он, считай, не жилец: как пузырь лопнет, так он и помирает.

Вот чего кысь-то делает.

На запад тоже не ходи. Там даже вроде бы и дорога есть – невидная, вроде тропочки. Идешь-идешь, вот уж и городок из глаз скрылся, с полей сладким ветерком повевает, все-то хорошо, все-то ладно, и вдруг, говорят, как встанешь. И стоишь. И думаешь: куда же это я иду-то? Чего мне там надо? Чего я там не видел? Нешто там лучше? И так себя жалко станет! Думаешь: а позади-то моя изба, и хозяюшка, может, плачет, из-под руки вдаль смотрит; по двору куры бегают, тоже, глядишь, истосковались; в избе печка натоплена, мыши шастают, лежанка мягкая… И будто червырь сердце точит, точит… Плюнешь и назад пойдешь. А иной раз и побежишь. И как завидишь издали родные горшки на плетне, так слеза и брызнет. Вот не дать соврать, на аршин брызгает! Право!..",5,5,5,2,"'на аршин брызжет, идет во сне под луной, тянуться пальцами, оболочу голову, разорвать жилочку, вытереть посудину, плюнуть и назад пойти, червь сердце точит, сама спит, да ходит'"
GigaChat-2-Pro,12,"Приказания прокуратора были исполнены быстро и точно, и солнце, с какой-то необыкновенною яростью сжигавшее в эти дни Ершалаим, не успело еще приблизиться к своей наивысшей точке, когда на верхней террасе сада у двух мраморных белых львов, стороживших лестницу, встретились прокуратор и исполняющий обязанности президента Синедриона первосвященник иудейский Иосиф Каифа.

В саду было тихо. Но, выйдя из-под колоннады на заливаемую солнцем верхнюю площадь сада с пальмами на чудовищных слоновых ногах, площадь, с которой перед прокуратором развернулся весь ненавистный ему Ершалаим с висячими мостами, крепостями и – самое главное – с не поддающейся никакому описанию глыбой мрамора с золотою драконовою чешуею вместо крыши – храмом Ершалаимским, – острым слухом уловил прокуратор далеко и внизу, там, где каменная стена отделяла нижние террасы дворцового сада от городской площади, низкое ворчание, над которым взмывали по временам слабенькие, тонкие не то стоны, не то крики.

Прокуратор понял, что там на площади уже собралась несметная толпа взволнованных последними беспорядками жителей Ершалаима, что эта толпа в нетерпении ожидает вынесения приговора и что в ней кричат беспокойные продавцы воды.",5,5,4,1,"'сжигавшее в эти дни, с какой-то необыкновенной яростью, не успело еще приблизиться, верхняя терраса, выйти из-под колоннады, уловил...услышал, острый слух, самое главное, над которым взмывали, отделяло...отделена, собралась несметная толпа, взволнованных последними беспорядками, в нетерпении ожидает, кричат беспокойные продавцы'"
GigaChat-2-Pro,70,"Журналист «Новороссийского рабочего» проанализировала объявления на одном из популярных сайтов.

Требуются официанты в кафе, рестораны и в банный комплекс. Предлагается работать за 3-4 тыс. рублей за смену (месячный заработок от 50 до 65 тыс. рублей).

Повару-мангальщику в одном из известных ресторанов готовы платить 5200 рублей за смену. В ресторан быстрого питания требуется сотрудник, который будет готовить блюда по стандартам компании, принимать и выдавать заказы, работать на кассе. Обещана зарплата от 80 тыс. рублей. Повару-универсалу готовы платить от 75 тыс. рублей в месяц. При этом бонусом будет бесплатное проживание.

На базе отдыха в Широкой балке ждут горничную, которая будет убирать не только номера для гостей, но также беседки, территорию бассейна. Горничной предлагают бесплатное проживание и бесплатное трехразовое питание. За каждую смену она будет получать 3500 рублей на руки. Горничная, которая готова работать вахтовым методом в Абрау-Дюрсо – 90 суток, будет зарабатывать до 4 тыс. рублей за сутки. Питание и проживание бесплатно.

Ждут администратора в мини-отеле на работу с мая по сентябрь с зарплатой от 80 тыс. рублей в месяц. В этом же отеле требуется горничная с зарплатой от 60 тыс. в месяц.

Вакансии горничных, поваров, официантов, мойщиков посуды уборщиков есть в заведениях общепита, базах отдыха и гостиницах в Широкой балке, Мысхако, Абрау-Дюрсо. Ближе к лету их будет еще больше.",5,5,4,1,"'на руку, будет зарабатывать до, ждет горничную'"
GigaChat-2-Pro,10,"Я родился полвека тому назад, в средней России, в деревне, в отцовской усадьбе.
У нас нет чувства своего начала и конца. И очень жаль, что мне сказали, когда именно я 
родился. Если бы не сказали, я бы теперь и понятия не имел о своем возрасте, – тем более, 
что я еще совсем не ощущаю его бремени, – и, значит, был бы избавлен от мысли, что мне 
будто бы полагается лет через десять или двадцать умереть. А родись я и живи на 
необитаемом острове, я бы даже и о самом существовании смерти не подозревал. «Вот было 
бы счастье!» – хочется прибавить мне. Но кто знает? Может быть, великое несчастье. Да и 
правда ли, что не подозревал бы? Не рождаемся ли мы с чувством смерти? А если нет, если 
бы не подозревал, любил ли бы я жизнь так, как люблю и любил?
О роде Арсеньевых, о его происхождении мне почти ничего не известно. Что мы 
вообще знаем! Я знаю только то, что в Гербовнике род наш отнесен к тем, «происхождение 
коих теряется во мраке времен». Знаю, что род наш «знатный, хотя и захудалый» и что я всю 
жизнь чувствовал эту знатность, гордясь и радуясь, что я не из тех, у кого нет ни рода, ни 
племени. В Духов день призывает Церковь за литургией «сотворить память всем от века 
умершим». Она возносит в этот день прекрасную и полную глубокого смысла молитву: 
– Вси рабы Твоя, Боже, упокой во дворех Твоих и в недрех Авраама, – от Адама даже до 
днесь послужившая Тебе чисто отцы и братiи наши, други и сродники!",5,5,4,1,"'теряется во мраке времен, знатный хотя и захудалый, не из тех у кого нет ни рода ни племени, сотворить память, во дворех Твоих и в недрах Авраама, служит чисто'"
GigaChat-2-Pro,18,"Вавилен Татарский родился задолго до этой исторической победы красного над красным. Поэтому он автоматически попал в поколение «П», хотя долгое время не имел об этом никакого понятия. Если бы в те далекие годы ему сказали, что он, когда вырастет, станет копирайтером, он бы, наверно, выронил от изумления бутылку «Пепси-колы» прямо на горячую гальку пионерского пляжа. В те далекие дни детям положено было стремиться к сияющему шлему пожарного или белому халату врача. Даже мирное слово «дизайнер» казалось сомнительным неологизмом, прижившимся в великом русском языке по лингвистическому лимиту, до первого серьезного обострения международной обстановки.

Но в те дни в языке и в жизни вообще было очень много сомнительного и странного. Взять хотя бы само имя «Вавилен», которым Татарского наградил отец, соединявший в своей душе веру в коммунизм и идеалы шестидесятничества. Оно было составлено из слов «Василий Аксенов» и «Владимир Ильич Ленин». Отец Татарского, видимо, легко мог представить себе верного ленинца, благодарно постигающего над вольной аксеновской страницей, что марксизм изначально стоял за свободную любовь, или помешанного на джазе эстета, которого особо протяжная рулада саксофона заставит вдруг понять, что коммунизм победит. Но таков был не только отец Татарского, – таким было все советское поколение пятидесятых и шестидесятых, подарившее миру самодеятельную песню и кончившее в черную пустоту космоса первым спутником – четыреххвостым сперматозоидом так и не наставшего будущего.

Татарский очень стеснялся своего имени, представляясь по возможности Вовой. Потом он стал врать друзьям, что отец назвал его так потому, что увлекался восточной мистикой и имел в виду древний город Вавилон, тайную доктрину которого ему, Вавилену, предстоит унаследовать. А сплав Аксенова с Лениным отец создал потому, что был последователем манихейства и натурфилософии и считал себя обязанным уравновесить светлое начало темным. Несмотря на эту блестящую разработку, в возрасте восемнадцати лет Татарский с удовольствием потерял свой первый паспорт, а второй получил уже на Владимира.",5,5,5,2,"'выронил от изумления, стало быть поколением П, имя Вавилен, подарило миру самодеятельность, кончившее в черную пустоту космоса, планета Вавилон, которому предстоит унаследовать, натурфилософия обязана уравновесить, не наставшего будущего, стыдился своего имени, представил по возможности Вовой, потерял паспорт, буквальный смысл имени Вавилен, сочетание имен Аксенова и Ленина, стал Владимиром, выразить город в имени, буквальность имени Вавилен'"
GigaChat-2-Pro,4,"Все это Рутилов говорил, по обыкновению своему, быстро и весело, улыбаясь, но он, 
высокий, узкогрудый, казался чахлым и хрупким, и из-под шляпы его, новой и модной, 
как-то жалко торчали жидкие, коротко остриженные светлые волосы.
– Ну, уж и втрое, – вяло возразил Передонов, снимая и протирая золотые очки.
– Да уж верно! – воскликнул Рутилов. – Смотри, не зевай, пока я жив, а то они у меня 
тоже с гонором, – потом захочешь, да поздно будет. А только из них каждая за тебя с 
превеликим удовольствием пойдет.
– Да, в меня здесь все влюбляются, – с угрюмым самохвальством сказал Передонов.
– Ну, вот видишь, вот ты и лови момент, – убеждал Рутилов.
– Мне бы, главное, не хотелось, чтобы она была сухопарая, – с тоскою в голосе сказал 
Передонов. – Жирненькую бы мне.
– Да уж на этот счет ты не беспокойся, – горячо говорил Рутилов. – Они и теперь 
барышни пухленькие, а если не совсем вошли в объем, так это только до поры до времени. 
Выйдут замуж, и они раздобреют, как старшая. Лариса-то у нас, сам знаешь, какая кулебяка 
стала.
– Я бы женился, – сказал Передонов, – да боюсь, что Варя большой скандал устроит.
– Боишься скандала, так ты вот что сделай, – с хитрою улыбкою сказал Рутилов: –
сегодня же венчайся, не то завтра: домой явишься с молодой женой, и вся недолга. Правда, 
хочешь, я это сварганю, завтра же вечером? С какою хочешь?
Передонов внезапно захохотал, отрывисто и громко.
– Ну, идет? по рукам, что ли? – спросил Рутилов.
Передонов так же внезапно перестал смеяться и угрюмо сказал, тихо, почти шопотом:
– Донесет, мерзавка.
– Ничего не донесет, нечего доносить, – убеждал Рутилов.
– Или отравит, – боязливо шептал Передонов.
– Да уж ты во всем на меня положись, – горячо уговаривал его Рутилов, – я все так 
тонко обстрою тебе…
– Я без приданого не женюсь, – сердито крикнул Передонов.
Рутилова нисколько не удивил новый скачок в мыслях его угрюмого собеседника. Он 
возразил все с тем же одушевлением:
– Чудак, да разве они бесприданницы! Ну, что же, идет, что ли? Ну, я побегу, все 
устрою. Только чур, никому ни гу-гу, слышишь, никому!
Он потряс руку Передонова и побежал от него. Передонов молча смотрел за ним. 
Барышни Рутиловы припомнились ему, веселые, насмешливые. Нескромная мысль выдавила 
на его губы поганое подобие улыбки, – оно появилось на миг и исчезло. Смутное 
беспокойство поднялось в нем.",5,5,5,2,"'по обыкновению, втрое, с гонором, жирненькую, вошла в объем, раздобреть, по рукам, весь разговор, сварганю, ничего не донесет, нечего доносить, чур, никому ни гу-гу, выдать на миг, выдавать подобие улыбки, несплошное беспокойство'"
GigaChat-2-Pro,65,"Нежелание работать отмечают и работодатели. Владелица торговой точки по продаже корейской косметики Татьяна Вакарчук говорит, что те же студенты, еще не начав трудовой путь, пытаются выставлять свои условия: график, зарплата, какие-то бонусы вроде скидок на продукцию. Но несмотря на все это, лояльность к компании проявлять не спешат: могут опоздать, не предупредив, а то и уволиться одним днем без объяснения причин.

— Им важно, чтобы было удобно и прикольно. А вставать рано утром «не удобно» и «не прикольно», равно как и стоять смену в торговом центре, общаться с людьми, что-то им объяснять, продавать. При этом у меня в фирме продавцы помимо окладной части получают еще и процент от реализации. Чем не мотивация? Но современным молодым людям не особенно это и нужно — заработали сегодня на какую-то нехитрую еду, а что будет завтра их не особенно волнует. Уж не думала, что нынешние юноши и девушки будут жить по принципу «лучше кашки не доложат, но на работу не потревожат», — говорит Татьяна Вакарчук.

Отсутствие амбиций отмечают и рестораторы. Они утверждают, что буквально несколько лет назад официантами, барменами, хостес были в основном студенты и трудились они прилежно, а сейчас на их место пришли люди среднего возраста и работают они куда усерднее, чем их более молодые коллеги.

— Современная молодежь не отличается надежностью и какой-то профессиональной порядочностью. За последний год в моих заведениях каждые два месяца студенты-официанты не выходят на смену без объяснения причин. Они просто не отвечают на звонки и не появляются на рабочем месте. Но еще лет пять назад картина была другая — молодые люди трудились со всей ответственностью, не боялись работы и зарабатывали, кстати, хорошо, ведь все знают, что официанта ноги кормят, — рассказал управляющий сети закусочных Вадим Терехов.

Отдельно он отметил, что нынешним парням и девушкам достаточно малого во многом именно потому, что для того, чтобы получить больше, нужно и работать больше. Терехов привел пример: официант среднего возраста сознательно берется обслуживать больше столов в смену, он знает, что от этого зависит заработок, поэтому за день он может получить около 5 тысяч рублей. Его 18-летний коллега заработает раза в три меньше, поскольку и смену он себе выбивает короче, и столов обслуживает меньше. Ему не важно, что денег мало, ему важна «свобода» и нетяжелая работа.

По мнению Терехова, привести молодежь в чувства может помочь нужда. Речь о том, что когда «сильно прижмет» придется променять свое «хочу» на «нужно» работодателя. Иными словами, если человеку станет нечего есть, то он, скорее всего, перестанет пытаться прогнуть мир и взрослых людей под себя и каким-то образом примирится с действительностью и необходимостью выжить.",5,5,5,2,"'ставать рано утром «не удобно» и «не прикольно», лучше кашки не доложат, но на работу не потревожат, современная молодежь не отличается надежностью и какой-то профессиональной порядочностью, «хочу» на «нужно», «прогнуть мир и взрослых людей под себя"", «примирится с действительностью и необходимостью выжить""'"
GigaChat-2-Pro,40,"В хату вошла большая рыжая собака с черным ремешком по всей спине. У нее под глазами были черные полоски с загибом вроде очков. И от этого глаза казались очень большими, и ими она спрашивала: «Зачем позвал меня, хозяин?»
Антипыч как-то особенно поглядел на нее, и собака сразу поняла человека: он звал ее по приятельству, по дружбе, ни для чего, а просто так, пошутить, поиграть... Травка замахала хвостом, стала снижаться на ногах все ниже, ниже и, когда подползла так к коленям старика, легла на спину и повернула вверх светлый живот с шестью парами черных сосков. Антипыч только руку протянул было, чтобы погладить ее, она как вдруг вскочит и лапами на плечи — и чмок и чмок его: и в нос, и в щеки, и в самые губы.
— Ну, будет, будет, — сказал он, успокаивая собаку и вытирая лицо рукавом.
Погладил ее по голове и сказал:
— Ну, будет, теперь ступай к себе.
Травка повернулась и вышла на двор.
— То-то, ребята, — сказал Антипыч. — Вот Травка, собака гончая, с одного слова все понимает, а вы, глупенькие, спрашиваете, где правда живет. Ладно же, приезжайте. А упустите меня, Травке я все перешепну.
И вот умер Антипыч. Вскоре началась Великая Отечественная война. Другого сторожа на место Антипыча не назначили, и сторожку его бросили. Очень ветхий был домик, старше много самого Антипыча, и держался уже на подпорках. Как-то раз без хозяина ветер поиграл с домиком, и он сразу весь развалился, как разваливается карточный домик от одного дыхания младенца. В один год высокая трава Иван-чай проросла через бревнышки, и от всей избушки остался на лесной поляне холмик, покрытый красными цветами. А Травка переселилась в картофельную яму и стала жить в лесу, как и всякий зверь.",5,5,5,1,"'спрашивали, где правда живет, травка стала жить в лесу, как всякий зверь, домик развалился, как карточный от дыхания младенца, прорвалась трава через бревнышки, стал на спину, повернула к коленям старика'"
GigaChat-2-Pro,47,"Инженерам Ирбитского мотоциклетного завода поставили задачу: разработать машину, способную разгоняться до 150 км/ч без коляски и до 120 км/ч с ней. Для большинства советских мотоциклов тех лет это были космические цифры.

Работа над новинкой велась в режиме строгой секретности и при хронической нехватке ресурсов. Первые опытные образцы собрали в 1963 году. Внешне мотоцикл оставался узнаваемым «Уралом», но двигатель серьезно прокачали: объем вырос до 1040 кубических сантиметров, а мощность достигла 50 лошадиных сил. Чтобы улучшить аэродинамику, поставили специальный обтекатель. Правда, паспортных 150 км/ч добиться не удалось — первые экземпляры разгонялись до 130–132 км/ч. Но и этого хватило, чтобы поразить современников.

В 1967-м завод выпустил крошечную партию — всего около 25 мотоциклов с колясками. Их распределили по подразделениям ГАИ по всему Советскому Союзу. Каждый экземпляр собирали практически вручную: не хватало мощностей, уникальные комплектующие поставлялись с перебоями, да и сама разработка обошлась слишком дорого. На деле эксплуатация этих байков превратилась в головную боль. Запчасти для литрового мотора были в жутком дефиците, а если двигатель серьезно ломался, его чаще всего просто не удавалось починить. В итоге проект так и остался штучным — слишком сложным и дорогим для советской промышленности.

И все же «Урал М-100» сумел оставить след в истории отечественного мотостроения. Эти машины прослужили в ГАИ около десяти лет. Сегодня о них помнят лишь единицы — даже заядлые коллекционеры и фанаты ретро-техники знают об этой модели не много. Большинство экземпляров безвозвратно утеряны, а уцелевшие стали настоящим раритетом.

Тем временем Ирбитский мотоциклетный завод вновь пытается удивить публику. С января 2026 года встал на конвейер «Урал Нео 500» — более доступная и современная версия легендарного бренда. Новинка получила рядный двухцилиндровый двигатель объемом 446 см³ с жидкостным охлаждением и отдачей 35 л. с., а также пятиступенчатую коробку передач с задней передачей. Сухая масса — 334 кг. Внешне байк выдержан в духе современных туристических мотоциклов, а в оснащение добавили светодиодную оптику, электронную приборную панель и встроенную переднюю камеру. Модель разработали в партнерстве с крупной компанией, и ориентирована она в первую очередь на экспорт.

Проект «Урал М-100» наглядно показывает, как смелые инженерные идеи могут обгонять свое время, но разбиваться о суровую реальность производства. Сегодня завод делает ставку на новые технологии и международную кооперацию, чтобы вернуть себе место на мировом рынке мотоциклов.",5,5,5,1,"'космические цифры, обгонять свое время, разбиваться о суровую реальность, сделать ставку на, оставить след'"
GigaChat-2-Pro,35,"Странное впечатление производит на северянина Одесса. Словно какой-нибудь заграничный город, русифицированный усердным администратором. Огромные кафе, наполненные подозрительно-изящными коммивояжерами. Вечернее гуляние по Дерибасовской, напоминающей в это время парижский бульвар Сен-Мишель. И говор, специфический одесский говор, с измененными удареньями, с неверным употребленьем падежей, с какими-то новыми и противными словечками. Кажется, что в этом говоре яснее всего сказывается психология Одессы, ее детски-наивная вера во всемогущество хитрости, ее экстатическая жажда успеха. В типографии, где я печатал визитные карточки, мне попался на глаза свежий номер печатающейся там же вечерней одесской газеты. Развернув его, я увидел стихотворение Сергея Городецкого с измененной лишь одной строкой и напечатанное без подписи. Заведующий типографией сказал мне, что это стихотворение принесено одним начинающим поэтом и выдано им за свое.

Несомненно, в Одессе много безукоризненно-порядочных, даже в северном смысле слова, людей. Но не они задают общий тон. На разлагающемся трупе Востока завелись маленькие юркие червячки, за которыми будущее. Их имена — Порт-Саид, Смирна, Одесса.

10-го апреля на пароходе Добровольного флота «Тамбов» мы вышли в море. Какие-нибудь две недели тому назад бушующее и опасное Черное море было спокойно, как какое-нибудь озеро. Волны мягко раздавались под напором парохода, где рылся, пульсируя, как сердце работающего человека, невидимый винт. Не было видно пены, и только убегала бледно-зеленая малахитовая полоса потревоженной воды. Дельфины дружными стаями мчались за пароходом, то обгоняя его, то отставая, и по временам, как бы в безудержном припадке веселья, подскакивали, показывая лоснящиеся мокрые спины, Наступила ночь, первая на море, священная. Горели давно не виденные звезды, вода бурлила слышнее. Неужели есть люди, которые никогда не видели моря?

12-го утром — Константинополь. Опять эта никогда не приедающаяся, хотя откровенно-декоративная красота Босфора, заливы, лодки с белыми латинскими парусами, с которых веселые турки скалят зубы, дома, лепящиеся по прибрежным склонам, окруженные кипарисами и цветущей сиренью, зубцы и башни старинных крепостей, и солнце, особенное солнце Константинополя, светлое и не жгучее.

Мы прошли мимо эскадры европейских держав, введенной в Босфор на случай беспорядков. Неподвижная и серая, она тупо угрожала шумному и красочному городу. Было восемь часов, время играть национальные гимны. Мы слышали, как спокойно-гордо прозвучал английский, набожно — русский, а испанский так празднично и блестяще, как будто вся эта нация состояла из двадцатилетних юношей и девушек, собравшихся потанцевать",5,5,5,2,"'словно какой-нибудь заграничный город, русифицированный усердным администратором, с измененными удареньями, с неверным употребленьем падежей, кажется, что... яснее всего сказывается психология Одессы, ее детски-наивная вера во всемогущество хитрости, экстатическая жажда успеха, завелись маленькие юркие червячки, имя города, спокойно, как какое-нибудь озеро, волны мягко раздавались под паром, наступила ночь, первая на море, священная, горели давно не виденные звезды, было восемь часов, время играть национальные гимны, звучит гордо, звучит набожно, звучит празднично и блестяще, нарушать максимум Грайса (намек, ирония, гипербола), маленькая юркая деталь (олицетворение), русло реки идет вдоль деревни (глагол фиктивного движения)'"
GigaChat-2-Pro,81,"Судя по всему, к отдыху на турецких пляжах россияне стали готовится заранее. Еще в феврале 2018-го эксперты одного из популярных туристических сайтов рассказали, что Турция опередила внутренние направления по количеству ранних бронирований и стала лидером в этом сегменте. В мае в Российском союзе туриндустрии предсказали, что этим летом на турецкие пляжи отправится около 30% россиян, выезжающих на отдых за границу.

Свою роль, по мнению экспертов, тут сыграло и большое количество чартерных рейсов. Еще один плюс — короткий перелет и близость большинства отелей к основным курортным аэропортам страны.

При этом ожидается, что цены на отдых на местных пляжах, несмотря на весь ажиотаж, сильно не поднимутся — вероятнее всего, они останутся примерно на уровне прошлого года. А вот уровень сервиса, скорее всего, повысится. 

В мае в Роспотребнадзоре рассказали об итогах проведенной в отелях южного побережья Турции проверки. Повод был, прямо скажем, не радостный — в прошлом году сообщалось о нескольких случаях заражения инфекционными заболеваниями на местных курортах. Однако по итогам поездки специалисты ведомства сочли отели Сиде, Белека и Антальи полностью готовыми принять туристов: там не только приняли дополнительные меры, чтобы предотвратить риск распространения инфекций, но и заметно повысили уровень подготовки персонала.

«Большое внимание уделено подготовке отельной базы: усилены меры по обеспечению безопасного водоснабжения и питания, работы бассейнов, подготовке персонала, проведены мероприятия по улучшению выявления и лабораторной диагностики инфекций, организации противоэпидемических мероприятий», — отметили в отечественном надзорном ведомстве.

При всех преимуществах Турции с ее развитой инфраструктурой и вполне доступными ценами у этого направления, по мнению некоторых соотечественников, есть один недостаток — большое скопление людей порой может оттолкнуть ценителей уединенного отдыха.

В этом году избежать столпотворения на самых известных пляжах так называемой Турецкой ривьеры (там дела с отелями, ресторанами и транспортной инфраструктурой обстоят лучше всего, в этом же районе сосредоточено и большинство исторических достопримечательностей) точно не удастся.",5,5,4,1,"'готовятся заранее, опередила по количеству ранних бронирований, стала лидером в этом сегменте, отправится около 30%, выездать на отдых за границу, сыграл свою роль, короткий перелет, большую роль сыграло, несмотря на весь ажиотаж, остались примерно на уровне прошлого года, заметно повысили уровень подготовки персонала, уделить внимание подготовке, приняты дополнительные меры, предотвратить риск распространения инфекций, заметно повысили уровень подготовки, массированное скопление людей, ценители уединённого отдыха, точно не удастся'"
GigaChat-2-Pro,55,"- Есть знакомые лица, есть незнакомые. И радует и то, и другое, - открывая круглый стол на тему “Кадры для роботизации: как подготовить инженеров будущего”, председатель партии “Новые люди” Алексей Нечаев перешел с места в карьер. Начал он с утилитарных задач вроде создания системы распознавания лиц. И радовался, что, вопреки классику, не “знакомые всё”, и есть еще чему учиться. Но успокоил: - Мы с вами люди, которые что-то про роботизацию понимаем. (И про роботизацию русского языка особенно. - П.О.) В целом выступление Алексея Нечаева было из разряда тех, которые комментировать - только портить: - Во многом, когда говорим о роботизации, обсуждения “есть ли этому альтернативы, нет ли этому альтернативы” практически не ведутся. Потому что долгое время дешевый труд - “ну зачем нам робот, у нас есть люди по 20 тысяч рублей в месяц”. У нас этих людей больше нету, и что бы ни было дальше, этих людей уже не будет. И это хорошо, потому что люди, значит, будут больше зарабатывать. То есть “людям по 20 тысяч рублей в месяц” стоит признать тот факт, что их не существует. Не можем с этим не согласиться - люди в деньгах не измеряются в принципе. Тут достоинство не стоит путать с номиналом. Но что значит “будут больше зарабатывать”? Где, кем? Тут интересен опыт компании “Фаберлик”, который привел в пример сам ее основатель Нечаев: - Мы за 10 лет увеличили производительность труда почти в 20 раз, просто год за годом занимаясь автоматизацией, роботизацией. И самое главное, что зарплаты людей, которые работали, выросли примерно раза в три. Тут важно понимать, что речь идет именно о людях, “которые работали”. О людях, которые перестали работать вследствие автоматизации производства, не упоминалось. Примечательно, кстати, что производительность труда выросла в целых 20 раз, а зарплаты - всего втрое… Хотя чему тут удивляться.",5,4,4,2,"'с места в карьер, людям по 20 тысяч рублей в месяц, стоят признать, достоинство не стоит путать с номиналом, не существует, куда удивляться, переход с места в карьер, расти в три раза, увеличилось в двадцать раз, производительности труда, в целом интересно'"
GigaChat-2-Pro,54,"""Семь сестер"", семь знаменитых сталинских высоток интересуют и самих москвичей, и туристов со всей России, и иностранцев. На экскурсиях по ""городу на семи холмах"" можно узнать о строителях и архитекторах, службе госбезопасности, секретах клумб и фонтанов и зачем подходить к главному зданию МГУ со счетчиком Гейгера. ""Такие экскурсии часто заказывают российские туристы и иногда иностранные, — рассказывает руководитель туркомпании ""Незабываемая Москва"". — Правда, внутрь высоток туристов не водят: в некоторых из них — режимные объекты, пропускная система"".

Попасть в высотки можно — и не только в те, где находятся отели, но и в обычный жилой дом.

Особенно интересно это будет ценителям балета: музей-квартира Галины Улановой находится в высотке на Котельнической набережной. Посещение — по предварительной записи.

Гости в отзывах хвалят и экскурсоводов, и интерьеры, и уникальные экспонаты. Благодарят за возможность почувствовать эпоху, а в ней — жизнь балерины. Ну и, конечно, отмечают виды из окна и помпезность самой высотки.",5,5,4,1,"'попадать в высотки, ценители балета, хвалят экскурсоводов, отметить виды из окна, помпезность высотки'"
GigaChat-2-Pro,33,"Это было давно, когда я их родила, сразу за два года двоих, это было сумасшествие одной археологической экспедиции и моя очередная грандиозная ошибка в людях, когда я, юная особа двадцати девяти лет, стрижка под мальчика, худоба, глаза и ноги, девчонка совсем (мы с одним ребенком еще в начале, никто никого не знал, рассматривали за камнем его находку, ржавый обломок, а он подошел, так смешно, и говорит: «Мальчики, вы что тут делаете?» Я на него подняла глаза, он рассмотрел и поперхнулся, так я была похожа на мальчика. С того все и началось, дни и ночи счастья, когда я — поэтесса после пединститута и выгнанная из газеты со стажем журналистской работы за роман с одним женатым художником, отцом троих детей, которых я всерьез собиралась воспитать, дура! А жена его тут как тут: вам не стыдно? — и к главному редактору. И тут же им дают давно обещанную трехкомнатную квартиру — они жили в одной комнате все плюс мать его якобы жены, а у меня в комнате он мог работать, хотя моя в свою очередь мать очень бурно его попрекала, что он живет на моей шее, не женясь, — какие еще старые, старые песни, однако!), — так вот, когда я, уволившись из газеты, поехала куда глаза глядят в археологическую экспедицию, и вот вам результат, Андрей и Аленушка, два солнышка, все в одной комнате опять-таки, мать в своей упорно и упорно! Пожили, посмотрели на реальность, у моего мужа грандиозный развод в городе Куйбышеве, жена его приезжала смотреть на меня пузатую, то есть как смотреть — он открывает дверь, а там жена с пятнадцатилетним сыном, надо поговорить.",4,4,4,1,"'за два года двоих, сумасшествие, началась, я серьезно собиралась, дура!, говорит...поперхнулся, глаз поднимала, отец троих детей, на моей шее, старые песни, жить куда глаза глядят, пожили-посмотрели, дала квартиру, ехать куда глаза глядят, выгнали из газеты, дало давно обещанную квартиру, жизнь на моей шее, посмотреть на меня пузатую, открывается дверь'"
GigaChat-2-Pro,76,"Об этом стало известно за два дня до отлета в Милан. Большая часть диванных экспертов, разумеется, стала искать всеобщий заговор против россиянина (мол, катался же он раньше под эту мелодию — и ничего), однако для объективного понимания произошедшего необходимо дистанцироваться от эмоциональных оценок и рассмотреть инцидент в плоскости спортивного права и менеджмента. Суть конфликта заключается в претензиях правообладателей на использование музыкального произведения, что в условиях современной медиасреды и жесткого контроля за интеллектуальной собственностью является не заговором и не давлением, а стандартной правовой процедурой.

В профессиональном спорте высших достижений музыкальное сопровождение не является просто фоном; это объект авторского права, использование которого в коммерческих трансляциях и на международных/государственных стартах требует предварительного согласования. Процедура «очистки» авторских прав — это стандартный бюрократический этап подготовки любой программы. В современных реалиях игнорирование этого аспекта или надежда на то, что использование трека останется незамеченным, является недопустимым анахронизмом.

Любое публичное исполнение произведения, тем более связанное с трансляцией на широкую аудиторию, накладывает на организаторов и команду спортсмена обязательства по соблюдению лицензионных соглашений. Если правообладатель (в данном случае — зарубежный) заявляет о запрете использования своего актива, спортивные федерации и структуры обязаны подчиниться, чтобы избежать многомиллионных исков и давления со стороны международных организаций.

При анализе сложившейся ситуации становится очевидным, что корень проблемы лежит не во внешних факторах или «кознях» оппонентов, а в плоскости управленческой безответственности. Подготовка спортсмена уровня сборной (хоть здесь формально сборной и нет — все выступают в нейтральном статусе — но ясно, что готовит фигуриста огромное число людей) — это работа огромного штаба, в задачи которого входит не только тренировочный процесс, но и полное юридическое сопровождение всех элементов программы.

Глупо искать виноватых во внешней среде, когда речь идет о базовом профессиональном упущении. Подобные юридические вопросы должны решаться руководством и штабом спортсмена заблаговременно, на этапе постановки программы, а не за несколько дней до старта. Команда фигуриста была обязана осознавать риски, связанные с использованием зарубежного контента в текущей геополитической и правовой обстановке. Надеяться на удачу или «традиционное невмешательство» правообладателей в последний момент — значит проявлять непрофессионализм, который в итоге бьет по самому спортсмену, вынужденному в стрессовом режиме менять наработанную программу.",5,5,4,1,"'диванные эксперты, искать козней, не выдавать тайну заговора, объявить войну традиционному невмешательству, катался же он раньше под эту мелодию, искать виноватых во внешней среде, базовое профессиональное упущение, надеяться на удачу, проявляют непрофессионализм'"
GigaChat-2-Pro,42,"Эта история началась как обычная прогулка по побережью, а превратилась в настоящий детектив. 48-летняя жительница Новой Зеландии Нейша Ринд и ее десятилетний сын Кея бродили по пляжу Ocean Beach в курортном городке Тайруа. Этот район на восточном побережье полуострова Коромандел давно облюбовали серферы, но в тот день океан приготовил для туристов куда более редкий трофей, чем удачная волна.

Среди груды плавника и морского мусора, который прилив обычно выносит на песок, Кея заметил странный предмет. Сначала семья подумала, что это обычный кирпич, обросший морской растительностью. Однако, очистив находку от толстого слоя ракушек и соленого налета, они поняли, что держат в руках классическую литровую бутылку из-под виски Jack Daniel’s. Внутри белел свернутый листок бумаги, пишет РГ.

Как только Нейша осторожно извлекла пробку, стало ясно: это не шутка современных пранкеров. Послание было датировано 17 февраля 2002 года. На пожелтевшей бумаге, изрядно пострадавшей от влаги, удалось разобрать имя автора - Джек. Парень писал о том, что он занимается рыбалкой в районе островов Олдермен (это популярное место для промысла неподалеку от берегов Коромандела). К сожалению, морская вода превратила большую часть текста в нечитаемые кляксы, но дата и имя сохранились идеально.

Такие находки всегда вызывают трепет и заставляют вспомнить классику мировой литературы, например, знаменитый роман Жюля Верна ""Дети капитана Гранта"". В книге герои искали пропавшего моряка, доверившись письму из океана, которое так же пострадало от морской воды.

В реальности все прозаичнее, но не менее увлекательно. Бутылка дрейфовала в Тихом океане долгих 22 года. За это время она могла совершить кругосветное путешествие или все эти десятилетия кружить в мощных течениях Тасманова моря, прежде чем вернуться почти в ту же точку, где была брошена в воду.

Нейша Ринд опубликовала фотографии артефакта в социальных сетях, надеясь, что современные технологии, в отличие от времен Жюла Верна, помогут найти того самого Джека без кругосветного путешествия. Пока на связь никто не вышел. Пользователи в соцсетях уже шутят, что Джек, скорее всего, за это время успел вырасти, завести семью и забыть о своем подростковом увлечении.

Подобные случаи большая редкость. Исследователи океанов отмечают, что большинство стеклянных сосудов разбивается о скалы в первые же месяцы странствий. То, что бутылка ""Джека"" уцелела и сохранила письмо спустя четверть века, настоящая удача. Теперь маленькому Кее и его маме остается только ждать: возможно, автор письма из прошлого увидит новости и расскажет, какой была та самая рыбалка в далеком 2002-м.",5,5,5,1,"'стартовал как обычная прогулка, превратился в детектив, облюбовали серферы, больше обычного, редкий трофей, обросший морской растительностью, классическая бутылка, извлекла пробку, морская вода превратила в кляксы, вызвала трепет, вспомнила классику литературы, авторы исследований отмечают, большая редкость, разбиваются о скалы, настоящие чудеса, остаться только ждать, увидеть новости'"
GigaChat-2-Pro,49,"Как вычислить неочевидные недостатки дома
Во-первых, не покупайте дома на вторичном рынке зимой или поздней осенью — именно в это время легче всего замаскировать недостатки в фундаменте. А именно они могут быть фатальными. Серьёзные изъяны, трещины, нарушения технологии строительного процесса установки фундамента могут привести к тому, что дом придётся сносить и строить заново. Собственно, это и может оказаться по факту причиной продажи дома на вторичном рынке. Об этом предупредил владелец строительной компании ""Дом Лазовского"" Максим Лазовский.

Следующий момент — изъяны скрытых работ. А именно — ошибки при утеплении, гидро- и пароизоляции. Обязательно посетите подвальное помещение, если оно есть. Посмотрите на динамику температуры и влажности, нет ли подтёков на стенах и иных следов.

Проблем со вторичным объектом ИЖС может быть масса — грунт не подходит для выбранного типа строения, с сечением свай или вообще типом фундамента ошиблись. Забыли обработать от короедов, и жуки уже скушали половину лаг… Лучше приходить на просмотр понравившегося объекта с профессионалом (технический или строительный надзор) и смотреть все мелочи.

— Кроме того, обязательно изучите разрешение на строительство и ВРИ земельного участка. А вдруг это вообще ""самострой"" и возводить жилые сооружения на этой земле запрещено. Также изучите косвенные дефекты — это возможные ухудшения локации. Например, открытие рядом завода по переработке сырья, свалки или новой оживлённой дороги. Для этого надо посмотреть план градостроительной застройки вашего муниципального образования — он есть в открытом доступе в сети, — добавил Максим Лазовский.",5,5,4,1,"'замазать недостатки, съели сечение свай, скушали половину лаг, забывают обработать, ухудшилась локация, открыть завод, самострой'"
GigaChat-2-Pro,11,"Как во хмелю провел я и весь день, все время державший в непрестанном напряжении: 
опять были панихиды, опять многолюдство, приезжающие и уезжающие соседи, а там 
где-то, в затворенной со всех сторон солнечной детской, беззаботные игры ничего еще не 
понимающих детей, под скорбным и ласково невнимательным присмотром то и дело тихо 
плачущей няньки…
И вот опять стало смеркаться и опять стали сходиться, собираться в зал, ждать новой 
панихиды, осторожно переговариваться… Приход священнослужителей и вслед за тем 
воцарившееся молчание, зажигание свечей и облачение в этой тишине, все это 
таинственно-церковное приготовление к службе, а потом первый взмах кадила и первый 
возглас – все это показалось мне теперь, в этот последний для покойника вечер, столь
многозначительным, что я уже глаз не мог поднять на то, что было впереди, на этот пышный, 
бархатный гроб, воздвигнутый на составленные столы, и на то церковно-страшное, 
картинно-погребальное, что наклонно возвышалось в гробу во всем зловещем великолепии 
своего золотого покрова, золотой иконки на груди и новой, жестко-белой подушки, – во всей 
сумрачной тьме непробудного гробового сна этого чернобородого лика с запавшими и 
почерневшими веками, металлически лоснящегося сквозь теплый, душный дым и горячий, 
дрожащий блеск…",5,5,5,1,"'державший в непрестанном напряжении, опять стали сходиться, собирать в зал, ждать новой панихиды, воцарившееся молчание, таинственно-церковное приготовление, глаз не мог поднять, во всей сумрачной тьме, чернобородый лик, почерневшими веками, сквозь теплый душный дым'"
GigaChat-2-Pro,30,"Кот спрыгнул со стула, потрусил за ним.

В комнате Алексей Кириллович поставил чашку на заваленный бумагами стол, сел в кресло, положил перед собой пачку машинописных листов, полистал:

– Мммм это было… ага… это да… ага! Вот. Зададим мультипликативный закон, определяемый таблицей три… так… нейтральный элемент относительно… так… относительно… так… но, милый мой, это же тютелька в тютельку реферат Юрковского. Конечно, ведь если тело упорядочено, то множество реперов может быть разбито на два подмножества, чего он Америку открывает?.. Так. Такая матрица определяет отображение энмерного векторного пространства в другое векторное пространство. Ну и что? Это ведь теорема о невыраженной матрице! Юморист.

Алексей Кириллович выдвинул ящик стола, вынул лежащую на салфетке норму и, не отрываясь от листков, стал отщипывать кусочки, изредка запивая чаем:

– Так… так… ну, а это уж тоже ведь… умножение матрицы на скаляр дистрибутивно относительно сложения скаляров… ну… так… это было… а где он про линейную комбинаторику трепется?.. ага… символ Кронекера, равный нулю, если множество квадратичных матриц образует кольцо относительно суммы и произведения… ну и что? А где же два тензора пространства? Они же эквивалентны.

Крошки нормы падали ему на колени, сыпали на пол. Синус лежал на диване, положив морду между лап.

– А как же класс тензоров определить? Ведь это элементы внешнего ряда, чудак… ну… а зачем билинейную структуру рассматривать? Юморист! Нам важно знать параметры левого тензора, а не кривую полиноминальной функции… а здесь что?.. ага… ну это ясно… ага… тут он… так. Так! Интересно! И что же? Это в пику евклидову пространству! Бог ты мой! Ха-ха, ха-ха! О, держите меня! Полярная форма фундаментальной полиноминальной функции называется скалярным рассеянием! Ха-ха-ха! В огороде бузина, в Киеве дядька!",5,4,3,2,"'тютелька в тютельку, юморист, в огороде бузина, в Киеве дядька, открыть Америку, держать себя, полярная форма, назвать(ся)'"
GigaChat-2-Pro,39,"На заводскую работу либо в гору все ж таки не отдали — шибко жидко место, на неделю не хватит. Поставил его приказчик в подпаски. — И тут Данилко не вовсе гож пришелся. Парнишечко ровно старательный, а все у него оплошка выходит. Все будто думает о чем-то. Уставится глазами на травинку, а коровы-то — вон где! Старый пастух ласковый попался, жалел сироту, и тот временем ругался:— Что только из тебя, Данилко, выйдет? Погубишь ты себя, да и мою старую спину под бой подведешь. Куда это годится? О чем хоть думка-то у тебя?— Я и сам, дедко, не знаю... Так... ни о чем... Засмотрелся маленько. Букашка по листочку ползла. Сама сизенька, а из-под крылышек у ней желтенько выглядывает, а листок широконький... По краям зубчики, вроде оборочки выгнуты. Тут потемнее показывает, а середка зеленая-презеленая, ровно ее сейчас выкрасили... А букашка-то и ползет.— Ну, не дурак ли ты, Данилко? Твое ли дело букашек разбирать? Ползет она — и ползи, а твое дело за коровами глядеть. Смотри у меня, выбрось эту дурь из головы, не то приказчику скажу! Одно Данилушке далось. На рожке он играть научился — куда старику! Чисто на музыке какой. Вечером, как коров пригонят, девки-бабы просят:— Сыграй, Данилушко, песенку. Он и начнет наигрывать. И песни всё незнакомые. Не то лес шумит, не то ручей журчит, пташки на всякие голоса перекликаются, а хорошо выходит. Шибко за те песенки стали женщины привечать Данилушку. Кто пониточек починит, кто холста на онучи отрежет, рубашонку новую сошьет. Про кусок и разговору нет, — каждая норовит дать побольше да послаще. Старику пастуху тоже данилушковы песни по душе пришлись. Только и тут маленько неладно выходило. Начнет Данилушко наигрывать и все забудет, ровно и коров нет. На этой игре и пристигла его беда.",5,5,5,2,"'шибко жидко место, погубишь ты себя, моя старую спину под бой подведешь, выбрось эту дурь из головы, шибко за те песенки стали женщины привечать, ровno коров нет, пристигла его беда'"
GigaChat-2-Pro,28,"Артем нехотя поднялся со своего места у костра и, перетягивая автомат со спины
на грудь, двинулся во тьму. Стоя на самом краю освещенного пространства, он демонстративно, как можно громче и внушительней, щелкнул затвором и хрипло крикнул:
– Стоять! Пароль!
Из темноты, откуда минуту назад раздавались странный шорох и глухое бормотание,
послышались спешные, дробные шаги. Кто-то отступал вглубь туннеля, напуганный сиплым
Артемовым голосом и бряцанием оружия. Артем спешно вернулся к костру и бросил Петру
Андреевичу:
– Да нет, не показалось. Не назвался, удрал.
– Эх ты, раззява! Тебе же было сказано: не отзываются – сразу стрелять! Откуда тебе
знать, кто это был? Может, это черные подбираются!
– Нет… Я думаю, это вообще не люди… Звуки очень странные… Да и шаги у него
не человеческие. Что же я, человеческих шагов не узнаю? А потом, если бы это были черные,
разве они хоть раз вот так убегали? Вы же сами знаете, Петр Андреевич, в последнее время
черные вперед сразу бросаются – и на дозор нападали уже с голыми руками, и на пулемет шли
в полный рост. А этот удрал сразу… Какая-то трусливая тварь.
– Ладно, Артем! Больно ты умный! Есть у тебя инструкция – и действуй по инструкции,
а не рассуждай. Может, это лазутчик был. Увидел, что нас здесь мало, и – превосходящими
силами… Может, нас сейчас здесь прихлопнут за милую душу, ножом по горлу, и станцию
всю вырежут вон, как с Полежаевской вышло, а все потому, что ты вовремя не срезал гада…
Смотри у меня! В следующий раз по туннелю за ними бегать заставлю!
Артем поежился, представляя себе туннель за семисотым метром. Страшно было даже
помыслить о том, чтобы показаться там. За семисотый метр на север не отваживался ходить
никто. Патрули доезжали до пятисотого и, осветив пограничный столб прожектором с дрезины,
убедившись, что никакая дрянь не переползла за него, торопливо возвращались. Разведчики,
здоровые мужики, бывшие морские пехотинцы, и те останавливались на шестьсот восьмидесятом, прятали горящие сигареты в ладонях и замирали, прильнув к приборам ночного видения. А потом медленно, тихо отходили назад, не спуская глаз с туннеля и ни в коем случае
не поворачиваясь к нему спиной.",5,5,5,1,"'больно ты умный, срезаешь гада, прихлопнуть за милую душу, по инструкции действовать, напуганный голосом, удрать сразу, трусливая тварь, даже помыслить страшно, показаться там, отваживаться ходить, остановиться на отметке, прячут сигареты в ладони, медленно отходить назад, не поворачиваться спиной'"
GigaChat-2-Pro,9,"День-деньской кровать скользит в жаркое ветреное небо и, когда привстаешь, то видишь верхушки лип, круто прохваченные желтым солнцем, телефонные проволоки, на которые садятся стрижи, и часть деревянного навеса над мягкой красной дорогой перед парадным крыльцом. Оттуда доносятся изумительные звуки: щебетанье, далекий лай, скрип 
водокачки.
Лежишь, плывешь и думаешь о том, что скоро встанешь; и в солнечной луже играют 
мухи, и цветной моток шелка, как живой, спрыгивает с колен матери, сидящей подле, мягко 
катится по янтарному паркету…
В этой комнате, где в шестнадцать лет выздоравливал Ганин, и зародилось то счастье, 
тот женский образ, который, спустя месяц, он встретил наяву. В этом сотворении участвовало все, – и мягкие литографии на стенах, и щебет за окном, и коричневый лик Христа в 
киоте, и даже фонтанчик умывальника. Зарождавшийся образ стягивал, вбирал всю солнечную прелесть этой комнаты и, конечно, без нее он никогда бы не вырос. В конце концов это 
было просто юношеское предчувствие, сладкие туманы, но Ганину теперь казалось, что никогда такого рода предчувствие не оправдывалось так совершенно. И целый день он переходил из садика в садик, из кафе в кафе, и его воспоминанье непрерывно летело вперед, как 
апрельские облака по нежному берлинскому небу. Люди, сидевшие в кафе, полагали, что у 
этого человека, так пристально глядящего перед собой, должно быть какое-нибудь глубокое 
горе, а на улице он в рассеяньи толкал встречных, и раз быстрый автомобиль затормозил и 
выругался, едва его не задев.
Он был богом, воссоздающим погибший мир. Он постепенно воскрешал этот мир, в 
угоду женщине, которую он еще не смел в него поместить, пока весь он не будет закончен. 
Но ее образ, ее присутствие, тень ее воспоминанья требовали того, чтобы наконец он и ее бы 
воскресил, – и он нарочно отодвигал ее образ, так как желал к нему подойти постепенно, 
шаг за шагом, точно так же как тогда, девять лет тому назад. Боясь спутаться, затеряться в 
светлом лабиринте памяти, он прежний путь свой воссоздавал осторожно, бережно, возвращаясь иногда к забытой мелочи, но не забегая вперед. Блуждая в этот весенний вторник по 
Берлину, он и вправду выздоравливал, ощущал первое вставанье с пастели, слабость в ногах, 
смотрелся во все зеркала. Белье и одежды казались необыкновенно чистыми, просторными и немного чужими. Он медленно шел по широкой аллее, что вела от площадки дома в дебри 
парка. Там и сям вздувались на лиловатой от лиственной тени земле черные червистые 
холмики, – работа кротов. Он надел белые панталоны, сиреневые носки. Он мечтал встретить кого-нибудь в парке, кого – он еще не знал.",5,5,5,2,"'день-деньской, проехаться верхушки деревьев, круто прохваченные, моток шелка спрыгивает, как живой, солнечная прелесть, юношеское предчувствие, туман счастья, воскресить мир, отодвигать образ, в светлом лабиринте памяти, забытую мелочь, блуждать по городу, выздоравливать душой, белье кажется чистым и чужим, в дебрях парка, вздуваются холмики земли, надев белые панталоны, мечта встретить кого-то'"
GigaChat-2-Pro,68,"В декабре 2022 года президент РФ Владимир Путин призвал правительство начать выделять средства Фонда национального благосостояния (ФНБ) на льготный лизинг воздушного и водного транспорта.

В рамках программы поддержки лизинга гражданских воздушных судов до 2030 года с софинансированием на рынок планируется поставить более 450 самолетов и 460 вертолетов, сообщали в ""Ростехе"". Приобретать технику для последующей передачи авиаперевозчикам по льготным ставкам будут лизинговые компании, основной пакет заказов придется на ГТЛК.

В 2023 году из ФНБ было уже выделено почти 300 миллиардов рублей на выкуп 162 самолетов ""Аэрофлота"", S7, ""Уральских авиалиний"" и ""Авроры"". Из этого транша ""Аэрофлоту"" была выделена львиная доля - около 250 миллиардов! И самое интересное, что эти средства пошли на выкуп иностранной авиационной техники!

Кроме того, средства из ФНБ выделялись НЛК под 1,5% на 15 лет. ""Аэрофлот"" получил самолеты от НЛК в операционный лизинг, а частные авиакомпании - в финансовый (после истечения контракта воздушные суда перейдут в их собственность). ""Аэрофлот"" будет выплачивать лизинговые платежи из своей прибыли. А если учесть, что валовая прибыль компании в 2023 году по РСБУ составила 7,274 миллиарда рублей по сравнению с убытком на 49,943 миллиарда годом ранее, то выплачивать лизинговые платежи будет не из чего.

И совсем уже не смешно. Коммерческие и управленческие расходы ""Аэрофлота"" почти сравнялись с прибылью компании и составили 6,438 миллиарда и 10,592 миллиарда рублей по РСБУ соответственно.

Правда, в компании говорят, что основной вклад в снижение коммерческих расходов 2023 году на 46,9%, или на 5,964 миллиарда рублей, по сравнению с 2022 годом внес переход на отечественную систему бронирования ""Леонардо"". Но компания тем не менее ""продолжает программу контроля за расходами""!

И еще совсем непонятно, почему государственные средства выделяются частным авиакомпаниям. Ведь и дураку ясно, что, выделяя миллионы рублей на выкуп иностранных самолетов, Россия активно поддерживает экономику не совсем дружественных нам государств. А наши авиакомпании, получив халявные средства, в следующем году, когда их не будет, начнут поднимать цены на билеты.",4,4,3,1,"'львиная доля, идти на выкуп, не из чего, коммерческие и управленческие расходы почти сравнялись с прибылью, переход на отечественную систему, продолжается программа контроля за расходами, дураку ясно, поддерживать экономику государств, выделяя миллионы рублей, начнет поднимать цены'"
GigaChat-2-Pro,5,"Беру кусок жизни, грубой и бедной, и творю из него сладостную легенду, ибо я — поэт. 
Косней во тьме, тусклая, бытовая, или бушуй яростным пожаром, — над тобою, жизнь, я, 
поэт, воздвигну творимую мною легенду об очаровательном и прекрасном.
В спутанной зависимости событий случайно всякое начало. Но лучше начать с того, 
что и в земных переживаниях прекрасно, или хотя бы только красиво и приятно. Прекрасны 
тело, молодость и веселость в человеке, — прекрасны вода, свет и лето в природе.
Было лето, стоял светлый, знойный полдень, и на реку Скородень падали тяжелые 
взоры пламенного Змия. Вода, свет и лето сияли и радовались, сияли солнцем и простором, 
радовались одному ветру, веющему из страны далекой, многим птицам и двум обнаженным 
девам.
Две сестры, Елисавета и Елена, купались в реке Скородени. И солнце, и вода были 
веселы, потому что две девы были прекрасны и были наги. И обеим девушкам было весело, 
прохладно и хотелось двигаться, и смеяться, и болтать, и шутить. Они говорили о человеке, 
который волновал их воображение.
Девушки были дочери богатого помещика. Место, где они купались, примыкало к 
обширному, старому саду их усадьбы. Может быть, им было особенно приятно купаться в 
этой реке потому, что они чувствовали себя госпожами этих быстротекущих вод и песчаных 
отмелей под их быстрыми ногами. И они плавали и смеялись в этой реке с уверенностью и 
свободою прирожденных владетельниц и госпож. Никто не знает пределов своего 
господства, — но блаженны утверждающие свое обладание, свою власть!",5,5,5,2,"'воздвигну творимую мною легенду, началось...что и в земных переживаниях прекрасно, две девы были прекрасны и были наги, купались...чувствовали себя госпожами этих быстротекущих вод, плавали и смеялись с уверенностью и свободою прирожденных владетельниц и госпож, никто не знает пределов своего господства'"
GigaChat-2-Pro,45,"Специалисты подтверждают, что у кошек действительно феноменально развита сенсорная система. Их обоняние превосходит человеческое примерно в сорок раз, слух способен улавливать ультразвуковые частоты, а зрение идеально настроено на фиксацию малейших изменений в пространстве. Благодаря этому они становятся чрезвычайно внимательными наблюдателями и мгновенно замечают, когда с хозяином что-то не так: меняется его поведение, голос, запах и даже мимика. Результаты научных исследований доказывают, что кошки действительно способны распознавать человеческие эмоции по выражению лица, характеру движений и интонации.

Однако, по словам экспертов, кошка не диагностирует саму болезнь, а лишь реагирует на изменения в привычном облике и поведении человека. Что касается привычки ложиться именно на больное место, то и этому есть рациональное объяснение. Воспаленные участки тела, как правило, имеют повышенную температуру, а кошки, чья нормальная температура составляет 38–39 градусов, инстинктивно тянутся к теплу. Таким образом, питомец создает эффект «живой грелки», что действительно может временно облегчить дискомфорт, но ни о каком лечебном воздействии, которое было бы зафиксировано экспериментально, речь не идет.

Ученые также развеивают миф о том, что кошки способны выявлять у людей онкологические заболевания. В отличие от собак, которых специально дрессируют для диагностики рака по запаху мочи, кошек для этих целей не используют, в том числе из-за сложностей с их обучением. Единственный научно подтвержденный терапевтический эффект от присутствия этих пушистых питомцев — это доказанное снижение уровня стресса и тревожности у их владельцев.",5,5,4,1,"'феноминально развита, тянется к теплу, создавать эффект живой грелки, развеивать миф'"
GigaChat-2-Pro,31,"Выходит от них поединщик: здоровенный скотник, морда тыквой. Скидывает тулуп, натягивает рукавицы, сопли утирает. Но мы к такому повороту готовы – Погода Сиволаю на руки кафтан свой черный сбрасывает, шапку с куньей оторочкой стряхивает, куртку парчовую скидывает, поводит плечом молодецким, шелком алым обтянутым, мне подмигивает, выступает вперед. Супротив Погоды в кулачном деле даже Масло – подросток. Невысок Погода, но широк в плечах, крепок в кости, ухватист да оборотист. Попасть в его харю гладкую трудно. А вот от него вмясо схлопотать – проще простого.

Озорно глядит Погода на соперника, с прищуром, поигрывает пояском шелковым:

– Ну что, сиволапый, готов битым быть?

– Не хвались, опричник, на рать идучи!

Погода и скотник ходят кругами, примериваются. И одеты они по-разному, и в положениях разных, и господам разным служат, а коль приглядеться – из одного русского теста слеплены. Русские люди, решительные.

Встаем кругом, смыкаемся с челядью. На кулачном поприще это в норме. Здесь все равны – и смерд и столбовой, и опричник и приказной. Кулак – сам себе государь.

Посмеивается Погода, подмигивает скотнику, поигрывает плечами молодецкими. И не выдерживает мужик, кидается с замахом кулака пудового. Приседает Погода, а сам скотника – под ложечку коротким тычком. Икнул тот, но выдюжил. Погода снова вокруг танцует, плечами, как девка срамная, покачивает, подмигивает, язык розовый показывает. Скотник танцы не уважает, крякает да опять размахивается. Но Погода упреждает – слева в скулу, справа по ребрам – хлесть! хлесть! Аж ребра треснули. А от кулака пудового снова увернулся. Взревел скотник медведем, замахал кулачищами, рукавицы теряя. Да все без толку: снова под ложечку да и по сопатке – хрясь! Оступается детина, как медведь-шатун. Сцепил руки замком, ревет, рассекает воздух морозный. Да все без толку: хлоп! хлоп! хлоп! Быстрые кулаки у Погоды: вот уж и морда у скотника в крови, и глаз подбит, и нос красную юшку пустил. Летят алые капли, рубинами сверкают на зимнем солнце, падают на снег утоптанный.",5,5,5,2,"'морда тыквой, попадает в мясо схлопотать, ухватист да оборотист, русский человек, вмясо схлопотать, на кулачном поприще, кулак - сам себе государь, покачивает плечами молодецкими, кулак пудовый, икнул, ребра треснули, похлопывают руками (хлоп-хлоп), морда в крови, нос красную юшку пустил, рубинами сверкают'"
GigaChat-2-Pro,34,"Третий день наступления начался смутно. Впереди все время слышалась перестрелка, колонны то и дело останавливались, повсюду посылались разъезды. И поэтому особенно радостно нам было увидеть выходящую из леса пехоту, которой мы не встречали уже несколько дней. Оказалось, что мы, идя с севера, соединились с войсками, наступавшими с юга. Бесчисленные серые роты появлялись одна за другой, чтобы через несколько минут расплыться среди перелесков и бугров. И их присутствие доказывало, что погоня кончилась, что враг останавливается и подходит бой.

Наш разъезд должен был разведать путь для одной из наступающих рот и потом охранять ее фланг. По дороге мы встретились с драгунским разъездом, которому была дана почти та же задача, что и нам. Драгунский офицер был в разодранном сапоге — след немецкой пики — он накануне ходил в атаку. Впрочем, это было единственное повреждение, полученное нашими, а немцев порубили человек восемь. Мы быстро установили положение противника, то есть ткнулись туда и сюда и были обстреляны, а потом спокойно поехали на фланг, подумывая о вареной картошке и чае.

Но едва мы выехали из леска, едва наш дозорный поднялся на бугор, из-за противоположного бугра грянул выстрел. Мы вернулись в лес, все было тихо. Дозорный опять показался из-за бугра, опять раздался выстрел, на этот раз пуля оцарапала ухо лошади. Мы спешились, вышли на опушку и стали наблюдать. Понемногу из-за холма начала показываться германская каска, затем фигура всадника — в бинокль я разглядел большие светлые усы. «Вот он, вот он, черт с рогом», — шептали солдаты. Но офицер ждал, чтобы германцев показалось больше, что пользы стрелять по одному. Мы брали его на прицел, разглядывали в бинокль, гадали об его общественном положении.",5,5,5,1,"'расплыться среди перелесков и бугров, погоня кончилась, порубили, ткнулись туда и сюда, взяли его на прицел, черт с рогом, шептали солдаты, ждать, чтобы появилось больше, взять на прицел'"
