,index,idiomatic_version
0,0,"text='Под пустынными улицами Петербурга бродили неясные тени облаков: куски облака, как бы играя в прятки, быстро перетекали из одной формы в другую. Воздух светил слабым сиянием, словно небесное поле покрылось золотистой пылью; это отражалось на белых колоннах и дымовых труб здания. Мойка излучала зелёный цвет — её берега были окружены многоквартирными домами с пятью белыми колоннами, и на верхушках их величественно выступали архитектурные элементы. Вдоль одной стороны скользила солдат Её Величества в блестящем шлеме — золотистые полоски отражались на его тёмной голове, словно узор на стекле зеркала; его глаза напоминали дрожащие рябь воды, и внутри него всё трепетало нечто незнакомое и странное — как будто внутри возникало безумное напряжение и тайны. Он медленно шёл по набережной, укрытый меховым пальто, его лицо скрывалось в воротнике, словно он бегал за своими собственными репликами; серебристая фигурка голубя, расправившая крылья, напоминала фонарь на темной дороге. Его дыхание выглядело крохотным и тонким как капельки звёздного света, а сердце его стучалось тихо и непостижимо. Ощущения — словно он бродил по безбрежному морю приливов и отлива; каждый шаг был новым опытом и открытием, каждая мысль — как золотистый след в пыльной руке тьмы. Его дыхание прерывалось только одним мыслительным узором — его подозрения на то, что это чувство может быть любовью. Он вспоминал ночное воспоминание: когда он выскочил из темного подъезда и бросился к чугунной переправе через реку Мойки, — всё вокруг казалось будто туманом, словно обнажённая плоть мириады звёзд. И вот, в воздухе проплывало черное крыло императорской повозки; её ярко-красные фонари отражались на серой поверхности воды Мойки — это тёмное кружево создавало обманчивую реальность и казалось, что они привлекаются друг к другу как две луна. И вдруг его дыхание охладилось от внезапного стечения мрака — словно он пытался выхватить из тумана чёрную коробку с роковым улыбкой на внутренней стороне, и это было всё — начало бесконечного прихода серых туч. Он чувствовал дрожь в груди, словно его сердце кричало в ответ на невидимую музыку мира; он знал, что сейчас мир отворачивается от него, но любовь — это не просто словесное выражение; это та сила, которая заставляет тебя чувствовать искреннее трепещущее сердце, будто ты сам являешься частью этого неизвестного прихода. И хотя он знал, что этот момент может стать началом чего-то новым и необъяснимым — в его душе уже родилось чувство, которое словами не выражается.' ratio=58.0"
1,1,"text='Роскошный дворец возвышался среди голых ветвей, его кирпично-розовая верхняя часть напоминала странной формой замок. Легкие порывы ветра подобно тихим шепотам устремлялись к небесам и словно пытались обнять летающие облака, словно дразнители. Ворона, каркая и взметнувшись ввысь, некоторое время парировала над облаками, будто пытаясь ухватиться за что-то незримо, а затем стремительно спустилась к земле. Кирпично-розовый дворец на фоне голых ветвей выделялся с необычной величиною среди деревьев. Гости города редко обращали внимание на эту фигуру — его карка мог бы служить образцом для монументальной скульптуры. Солдат в треугольной шляпе, словно живой маркер мыслительного процесса, дежуривший у входа, отдавал честь золотому грудью проходящему по тропе генералу. Белая голова с завитушками, подобно светлым шепотом за окном, привлекала внимание: человек внимательно осматривал мир через тонкое стекло, глаза либо погружались в мягкие оттенки закатного небосвода, либо приковывали взгляд к мерцанию серебряного месяца среди тьмы листвы деревьев. Человек сидел на высоком сиденье экипажа, а по его сторонам стояли черные слуги. Павел Петрович снова оглядывался вокруг и возобновлял беседу с изнеженной фрейлиной, одетой в прозрачную ткань: дама улыбалась, словно подстёгиваясь от незначительных рябых царапин на щеках. В ту ночь свет луны освещал купидона на маленьком изображении и пропускал тонкие струи слабого света через простыни — их тепло сохраняло ощущение теплоты прежнего заботливого хозяина. Вскоре послышались голоса: женский взволнованный плач, а затем тихий скрип дверных ручек подтверждающий приближение. Откуда-то доносились слабые звуки боя часов и удаляющиеся шаги.' ratio=37.0"
2,2,"text='Вечер. Легкая дымка скрывает небо от наших глаз, лишь прозрачная синева и пустота космоса видны вдали, когда мы вздыхаем об ощущении чего-то свыше. В древности верили, что над облаками обитает главный бог — равнодушный наблюдатель всего происходящего на земле и небесах. Однако сейчас мы знаем лишь прозрачную синеву, полупустоту космоса, когда сверкает ближайшая звезда и дрожит в мраке бесчисленное множество галактик. Теперь же я теряюсь в догадках относительно того, что скрывается за пределами видимости — ведь признанное полнотой знаний эквивалентно верованию, а полный взгляд на мир вызывает лишь отдачу. Я стал свидетелем собственного отражения в зеркале, но не могу описать его с точки зрения моего существа — каким-то другим ярким сознанием внутри меня, которое воспринимает меня как чужого человека... Или мне кажется? Нет смысла продолжать размышления: всё перечисленное бессмысленно и связано с недавними неприятными переживаниями после употребления отравляющего вещества. Это демонстрация того, насколько необычным образом способен ошибаться логичный человеческий разум. Разум, который мог в древности представить бескрайнюю даль и скрытые её тайны с помощью числовых обозначений, теперь устремлён вниз — к мрачному, безжизненному пространству между звезд. R-13: Я доволен его приходом: мне бы не хотелось сейчас оставаться одному.' ratio=28.0"
3,3,"text='Дама была облачена в костюм древних времен: короткое черное платье подчеркивало чистоту обнажённых грудей и светлые зубы, казавшиеся сверкающими солнечными лучами. Она взялась за инструмент и начала играть — её исполнение отличалось хаотичностью и нервозностью, отражавшей характер эпохи, когда она жила. Её выступление шло без какой-либо структурированности, хотя остальные собравшиеся вокруг были согласны друг с другом и весело смеялись. Однако некоторые из присутствующих испытывали сомнения — и я тоже задумался о причине своего смеха.' ratio=29.0"
4,4,"text='Всё это Рутилов произносил так бодрым голосом и оживлённо, как будто под грифом «эмо» в соцсетях, улыбаясь с явным недоверием к собственным словам. Однако он был худым человеком, производящим впечатление слабого и болезненного, несмотря на новую и модную шляпу, из-под которой были видны редкие светлые коротко стриженные волосы. — Ну, разве же втрое! — слабо возразил Передонов, снимая и вытирая золотые очки. — Но это же правда! — вскричал Рутилов, глядя на собеседника свысока. — Ты смотри внимательно, пользуйся моментом, пока я жив, потому что после моей смерти станет сложнее найти невесту, подходящую именно тебе. Каждая из моих дочерей охотно согласилась бы выйти за тебя. — Здесь действительно многие испытывают ко мне симпатию, — угрюмо похвалился Передонов. — Вот видишь, значит используй ситуацию, — советовал Рутилов, глядя на собеседника своими карими глазами и подмигивая ему. — Самое важное для меня, чтобы девушка не была худощавой, — с грустью в голосе сказал Передонов. — Лучше пусть будет полной. — Тебе совершенно не стоит волноваться по этому поводу, — энергично уверял Рутилов, искажённый резкими морщинами на лице. — Сейчас мои дочери уже достаточно полноваты, а если кто-то ещё недостаточно полная, это временно. После замужества они станут ещё пышнее, посмотри хотя бы на мою старшую дочь Ларису. — Я бы хотел вступить в брак, — сказал Передонов, — но опасаюсь, что моя жена Варя устроит крупный конфликт. Поскольку боишься конфликта, поступи так: сегодня же заключай брачный союз, лучше сделать это немедленно. Вернешься домой с молодой супругой, проблема разрешится сама собой. Действительно, хочешь, я всё организую прямо завтра вечером? И выберешь любую девушку. Передонов неожиданно начал громко и резко смеяться. — Значит, соглашаешься? Заключаем сделку? — поинтересовался Рутилов. Передонов также внезапно прекратил смех и мрачно прошептал тихим голосом: — Она расскажет обо всём, эта негодяйка. — Ей нечего рассказывать, ничего, о чем стоит рассказывать, не произойдёт, — успокаивал Рутилов. — Или отравит, — испуганно бормотал Передонов. — Просто доверься мне во всех вопросах, — убеждал Рутилов, искажённый нервами и гневом лица. — Без приданого я вступать в брак не намерен, — раздражённо выкрикнул Передонов. Новое резкое изменение темы разговора не смутило Рутилова. Он ответил столь же вдохновенно: — Странный человек, разве мои дочери лишены приданого? Так что, согласен ты или нет? Я пойду заниматься подготовкой. Запомни, нельзя говорить кому-либо об этом деле, понял?' ratio=45.0"
5,5,"text='Вспоминая простую и бездетную ситуацию из моей жизни, я превращаю ее в привлекательную историю — это моя роль поэта. Не важно, что нибудь происходит вокруг меня, в мире или внутри меня; я создаю красивые и увлекательные истории о приятных событиях и эмоциях, которые вызывают радость. Круглое солнце привносят свет и тепло, делая летний день ясным и жарким, отражаясь на водной поверхности реки Скородень. Прозрачная вода и яркий свет создают ощущение радости благодаря теплу солнца, открытому пространству и дуновению ветра издалека, а также множеству птиц, которые перелетают над нами. Это двое родственниц, Елена и Елизавета, обнаженные девушки, выглядящие прекрасно и вызывающие восхищение своими красивыми качествами — здоровьем, юностью и жизнерадостностью. Вода в реке Скородень прозрачна и необыкновенно чиста, благодаря чему ее можно видеть до самой серединки; она также теплая, что позволяет испытывать приятную прохладу при купании. Река является их владением — они могут свободно двигаться в ней и управлять ею, как владельцы сада, расположенного по берегам реки. Это нечто большее, чем просто природная достопримечательность; для них это дом, ибо они чувствуют себя хозяевами быстрых вод и песчаного берега, где их можно безопасно играть и развлекаться.' ratio=38.0"
6,6,"text='Дом стоял на краю города, в таежной глубине Расчески — района, где здания росли параллельными рядами и с пропущенными участками между ними, похожими на оазисы для игр юных граждан. Эти многоквартирные бастионы были белыми словно облака, украшенными множеством окон, как зеркала. Между домами раскинулись пустующие пространства, захваченные вольготным миром бетона и заборами. Эти участки привлекали внимание детей больше чем ухоженные дворы — место для игр становилось местом сражений.' ratio=43.0"
7,7,"text='Оказалось, что каждый человек, стремящийся обратить на себя внимание, является эгоистичным человеком с негативными качествами — способным совершать любые поступки и переоценивающим собственные достоинства. Как это произошло? Сип прочитал рассказ про птицу, желавшую казаться лучше, чем была. Затем стихотворение о животном, утонувшем вследствие собственного неразумия. После этого он захотел исполнить ещё одну песню аналогичного содержания — однако его больше никто не слушал. Лицо Сипа изменилось от гнева: он заплакал и умолк, поддерживаемый другими учениками. Гуль произносил речь почти неслышно — словно читал написанное прямо на столе, несмотря на отсутствие там какого-либо текста. Белые волосы спускались на лицо и мешали видеть, он поправлял их мокрыми пальцами. Прическа держалась лишь до тех пор, пока палец был приложен ко лбу — после чего немедленно возвращалась назад и снова закрывала взгляд. Для длительного наблюдения за Гулем нужна особая выдержка: мне было необходимо не смотреть на него. Мои нервы находились в плохом состоянии, дополнительная нагрузка могла привести к ухудшению самочувствия. Что же он добивается? Какого рода внимания добивается обсуждаемый субъект? Оказалось, что он стремится обратить внимание на свою обувь — но это неверно. Через привлечение интереса к обуви он обращает внимание на свои ноги. Тем самым демонстрирует своё физическое несовершенство, подчёркивая недостатки остальным людям, игнорируя их чувства и мнение. В некотором отношении он таким образом унижает нас... Он продолжал говорить монотонно и однообразно. Палец перемещался вдоль носа — по его глазам было видно, что он начинал злиться. Мне заранее известны все аргументы, какие мог изложить Гуль: такие речи типичны в данной ситуации. Каждое высказывание, произнесённое им, было столь же невыразительным и скучным, как он сам, его пальцы и ногти.' ratio=50.0"
8,8,"text='Недавно он был бодрым как зверь и энергичным лебедем, способным подниматься на руках словно парус на волнах и с непостижимой легкостью передвигаясь по пространству. Его тело бурлило энергией, желанием прыгнуть через ограду как мы летом раскачивали колокольчики на деревенских площадях, словно дети играющие в копалку. Вместе с зубами он мог поднять стул и порвать канат за мощными мышцами рук. Его тело бурлило жизненной силой — желанием совершить что-то невероятное, как мы говорили о юности. Теперь же что-то изменилось: словно механизм слегка испортился. Он стал сутулиться и признаться другу Подтягину, что мучается бессонницей ночами. Ночью накануне понедельника плохо спал, проводя двадцать минут в компании непристойного человека в остановившемся лифте. Утро следующего дня началось тяжело: долгое время сидел голым, держа вытянутые прохладные руки между коленями, пораженный осознанием, что снова должен будет одеть рубаху, носки, брюки — вещи пропитанные потом и грязью, казавшиеся неприятной обязанностью. Подобное чувство вызывало в нем воспоминание о цыганском пуделе выглядящем ужасающе жалко в человеческой одежде. Частично апатия объяснялась отсутствием работы: за прошедшую зиму удалось скопить небольшую сумму денег, чтобы в последних месяцах иметь около двухсот марок. В предыдущем году, оставаясь в Берлине, он быстро устроился на работу и продолжал трудиться вплоть до января, испытывая тяжесть утренних поездок на завод; чувствуя боль в ногах после десяти километров беготни с подносом среди заведения «Пир Горой». Также он занимался посредничеством, предлагая любые товары, какие попадались под руку — будь то баранки, средство для укладки волос или драгоценности. Вместе с тем, неоднократно зарабатывал продажей собственной тени как многие из нас; в качестве массовки киносъемок за городом, где огромные прожекторы ярко освещали лица людей своим резким светом, создавая ощущение дискомфорта и стыда. После завершения съемки контракт считался выполненным, и заработанная сумма расходовалась.' ratio=38.0"
9,9,"text='Весь день ты лежишь на кровати и кажется, будто движешься вверх к ясному солнечному небу, приподнявшись можно видеть кроны деревьев, ярко освещённые жёлтым светом солнца, тонкие провода, местом отдыха птиц, и деревянный навес над дорожкой красного цвета рядом с парадным входом. Издали слышатся приятные звуки природы: пение птиц, отдалённый собачий лай, поскрипывание водяного насоса. Лежишь неподвижно, погружён в размышления о предстоящем подъёме и наблюдаешь солнечные блики на поверхности стола, смотришь как клубок нитей соскальзывает с коленей сидящей рядом матери и плавно перекатывается по гладкому деревянному полу. Именно здесь в данной комнате, когда Ганин находился на выздоровлении в возрасте шестнадцати лет, сформировался мысленный образ счастья и девушки, которого он позже увидел в реальности. Этот процесс формирования образа происходил благодаря совокупности факторов окружающей обстановки: картинам на стенах, звукам природы за окном, изображению Христа в киоте, журчащей водой в раковине. Частью развивающегося образа стала атмосфера солнечного света в помещении и очевидно, что без воздействия этой среды такой образ не мог бы появиться. По сути, это были лишь обычные ощущения юности, мечтательные переживания, однако сейчас Ганину представлялось, что такое совпадение мыслей и действительности ранее не происходило столь идеально. Весь день он переходил из одного сада в другой, посещал различные кафе, воспоминания постоянно увлекали его вперёд подобно движущимся облакам в небе весной в Берлине. Посетители кафе думали, что мужчина, внимательно смотрящий вдаль переживает какую-то глубокую печаль, а на улицах он случайно сталкивался с прохожими один раз водитель автомобиля резко остановился и выразил недовольство, чуть не столкнувшись с ним. Ганин чувствовал себя творцом восстанавливающим утраченный мир постепенно он возвращал детали исчезнувшего мира ради той женщины, которой ещё не решился придать место в нем пока восстановление не завершится целиком. Однако мысль о ней, ощущение её присутствия почти забытое воспоминание прошлых впечатлений вынуждали его завершить создание образа окончательно хотя он сознательно откладывал появление этого образа поскольку хотел приблизиться к нему поэтапно следуя определённой последовательности шагов. Стараясь избежать путаницы среди ярких образов прошлого он аккуратно реконструировал события своей жизни иногда останавливаясь на незначительных деталях избегая преждевременного перехода к последующим этапам. Бродя по Берлину тёплым майским днём он действительно выздоравливал физически испытывал первые признаки восстановления после болезни слабость в ногах рассматривал своё отражение в зеркалах. Одежда выглядела особенно чистой свободной и слегка непривычной. Медленно продвигаясь по широкому парку окруженному деревьями он замечал небольшие земляные бугорки черного цвета образовавшиеся в результате деятельности животных. Он надел белую нижнюю одежду и светло-фиолетовые носки. У него была мечта встретить кого-либо в парке, но конкретного представления о том кто именно должен встретиться у него не было.' ratio=41.0"
10,10,"text='Я появился на свет как гость среди времен, в центральной части России, в дремучем имении моего родного дедушки. Момент нашего рождения и ухода из жизни — это две роковые тайны, скрепленные не столь ясными знамениями. Испытывая чудесную инертность времени, мне сообщили точную дату появления на свет. Мне казалось, что прошедшие века и десятилетия лишь кратковременные вспышки сознания, пока я не испытываю возрастных изменений. Живя на отдаленном острове, где не восходит солнце, я бы даже не осмыслил смерть. Вероятно, это было бы благом — или, может быть, тяжелым несчастьем? Существует ли утверждение, что я не осознавал бы её? Ведь возможно, чувство смерти — это природный акцент, заданный человеку изначально. Предположим противоположность: если бы я не подозревал о смерти, мог бы ли я любить жизнь столь же сильно, как она любима сейчас? Воспоминания моего рода Арсеньевых — это кусок истории, затерявшийся в мглах времени. Насколько много информации недоступно нашему знанию! Определенное достоверное сказано: наша фамилия упоминается среди родов, чьё происхождение давно потерялось в истории. Род Арсеньевых известен, однако он теряет своё влияние и значение со временем. В течение всей жизни я воспринимал свою принадлежность к такому роду как повод для гордости и удовлетворения — ведь я не чувствую себя человеком без семейного корня и наследия. В праздник Троицы православная церковь совершает особую службу, чтение которой наполнено молитвенным глубоким тоном: «Господи, успокои души рабов твоих в небесной обители твоей и покои в лоне Авраама всех предков наших и близких родственников, служивших тебе от времён Адама и до сегодняшнего дня.»' ratio=38.0"
11,11,"text='Весь день для меня пролетел словно в тумане — я постоянно ощущал себя в состоянии сильного напряжения. Снова состоялись поминальные службы, и снова собралось множество людей: среди них были соседи, прибывавшие и отъезжавшие, а также дети, игравшие беззаботно, совершенно ничего не понимая в закрытой со всех сторон светлой комнате под наблюдением няни, периодически тихонько плачущей. Казалось, время замедлилось, и снова начало темнеть, приходило еще больше людей, чтобы собраться и начать ожидание следующей поминальной службы. Негромкое общение между ними становилось все громче и более настойчивым.' ratio=50.0"
12,12,"text='Приказания прокуратора были выполнены с таким мастерством, словно каждое его движение отражало тонкий ритм древнего хора, и хотя яркое солнце еще не достигло полуденного вершины над Ершалаимом, в тот момент, когда на верхней площадке садовой террасы возле статуй двух белых мраморных львов состоялась встреча между прокуратором и исполняющим обязанности председателя Синедринона — Иосифом Каифой, сад был тихим. Вдоль освещенных лучами пальм выстроилась гладкая стенка, открывая вид на весь город с его укреплениями и главным достоянием — храмом, украшенным золотистыми плитками и величественно возвышающимся над всеми. Задумчивый прокуратор услышал издалека слабый шум толпы — словно легкий шепот древних рек, бьющихся о каменные стены города, а иногда — тонкие возгласы, будто бы вырывавшиеся из груди взволнованных торговцев водой. Внизу, недалеко от городских стен, уже собралась большая компания беспокойных жителей Ершалаима, ожидавших решения суда и слыша голоса тех, кто усердно работал над своими торговлей — словно древние воротники, готовые выдержать громадные потоки воды.' ratio=38.0"
13,13,"text='Неожиданно сумерки стали причиной заметного изменения внешности прокуратора, и как будто наступила праздничная ночь, он неожиданно вздрогнул при виде пустующего кресла, которое подстелили покрытый плащом. Может быть, этот утомлённый чиновник попытался представить себе присутствие в нем же снаружи гостя? Вместе с тем, он неожиданно задрожал от тревоги и стал беспокойно ходить по балкону — как будто ждал ответа на послание, скрытого за полом, украшенным мозаиками. С каждым шагом его виски все больше болезненно таяли от утренней жестокости, и он ощущал прилив грусти — как будто всё было не так, как казалось раньше...' ratio=45.0"
14,14,"text='Конференция прошла во политехническом институте, где я посетил данное мероприятие и провел беседу с выступающими. В течение пятиминут необходимые данные были подготовлены и переданы в секретариат. Спустя некоторое время пришёл Туронок — человек с притворно сладким голосом, обычно остававшийся безучастным к происходящему. Однако сейчас он проявил сильное возбуждение и не согласен с моими действиями: ' ratio=37.0"
15,15,"text='В этой повести отсутствуют идеальные герои и абсолютные злодеи... Здесь не бывает ни добродетельных персонажей, ни преступников в реальной жизни. Уже несколько лет я веду наблюдения... Редактор сказал мне следующее: «Все твои персонажи ведут себя аморально. Если персонаж совершает плохое деяние, логика повествования должна привести его либо к нравственному падению, либо к наказанию. Но у тебя такие поступки выглядят совершенно обычными, как природные явления вроде дождя или снега...» Почему вы считаете всех моих персонажей плохими людьми? Приведите пример такого поступка. Редактор смотрел на меня с подозрением, словно общался с человеком, находящимся среди неблагополучных знакомых и оправдывающим их поведение... Уже долгое время я не делю реальных людей и книжных персонажей на хороших и плохих. Более того, я сомневаюсь, что каждое преступление обязательно вызывает чувство вины, а каждый героический поступок приносит счастье. Человек представляет собой именно таким, каким он воспринимает самого себя. Его качества выявляются жизнью... «Моя природа - вот кто управляет мной», — и так далее... Хорошо... Эта повесть не содержит ни безупречных героев, ни явных злодеев, потому что их и не должно быть. Одним из главных действующих лиц являюсь я сам. Другой персонаж - Миша Шаблинский, известный своими специфическими выражениями типа «спонтанная апперцепция», «имманентный дуализм». Ещё один узнаваемый герой — Митя Кленский, популярность которому принесли привычка носить металлические зажимы для галстуков и курить толстые трубки из поддельного янтаря. Что объединяет нас троих? Возможно, наше недовольство официальностью журналистской деятельности и некоторая склонность к здоровому скептицизму, позволяющему избегать пафосных высказываний... Из тридцати двух работников нашего учреждения двадцать восемь именовали себя лучшими корреспондентами страны. По принципу оригинальности мы трое поставили себя на второе место. Дмитрий Шер, однажды употребивший фразу «искусственная почка стала обычным делом повседневной жизни», имел репутацию посредственного журналиста.' ratio=38.0"
16,16,"text='Утверждали, что в Благодатном нет ничего необычного: знаменитый бородинский дом — обычный, возможно, даже с недостатком — одна сторона заметно перестроена после пожара. А сад — старый и тенистый, такие сады встречаются часто в России; поля широкие, лес хорош, однако это уже совсем привычное явление. Жители — плохие: они живут бедно, земли недостаточно имеют, ранее переселялись и потом возвратились обратно. Во время волнений, хотя дом не подожгли и лошадей не лишили зрения (как произошло у соседа Бессонова), ходили слухи о намерении поджечь дом, захватить бородинские земли. Когда говорили о странностях Петра Николаевича, сообщали невероятное, что стыдно повторять. В итоге все просили избегать посещений Благодатного независимо от обстоятельств: место неблагоприятное.' ratio=39.0"
17,17,"text='Все дети были в хорошем состоянии, несмотря на их многократные шалости: ради веселья и азарта они облизывали снег, выходили одетыми в одной рубашке на охлаждённую зиму, проглатывая крупных мух, чтобы заболеть и избежать посещения гимназии, а также употребляя засохшие, покрытые плесенью просфоры, следуя советам бабушек — как это помогает преодолеть страх во время грозы. Постоянно купались в прорубях. Все эти поступки никак негативно не сказывались на их здоровье. Только Женя выделялся среди остальных: после перенесённых Колей заболеваний — скарлатины и кори, он заразился дифтеритом и временно потерял зрение. Со временем способность видеть вернулась, однако он регулярно испытывал сильные головные боли, ощущаемые преимущественно между бровями и в области висков. Когда начиналась боль, Женя сильно страдал, плакал жалобно, почти непрерывно издавая звуки, похожие на стоны. По ночам спящий мальчик совершал странные действия: выходил на крыши зданий, передвигался по карнизам. Во младенчестве, когда случались приступы, ребенка укладывали рядом с мощами святых, и дома у Вареньки в иконостасе находились специальные предметы — бархатные варежки и шапочка, соприкасавшиеся с этими святыми останками, которыми протирали лицо мальчика. Иногда девочку Прасковью отправляли с ним в Боголюбовский монастырь к священнику-отшельнику отцу Глебу молиться об избавлении от страданий, после чего наблюдалось некоторое облегчение состояния. У Жени взгляд часто выглядел печальным, он редко участвовал в драках, но если его разозлить, действовал решительно.' ratio=38.0"
18,18,"text='Вавилен Татарский неожиданно возник на свет задолго до исторического момента, связанных победой красного цвета над другим. И поэтому он оказался представителем поколения «П», хотя долгое время ничего об этом не знал. Если бы кто-то сообщил ему тогда, что впоследствии он станет копирайтером, вероятно, он сильно удивился бы и случайно напоил бы напиток «Пепси-колы» горячим песком пляжа. В указанный период дети обычно мечтали стать пожарниками или врачами. Даже такое простое понятие, как «дизайнер», тогда воспринималось как нечто непонятное заимствование, временно закрепившееся в русском языке и могло ухудшить международные отношения. В те времена, полные необычных явлений и непонятных вещей, имя «Вавилен», данное отцом, казалось Татарскому весьма необычным. Это имя было искусственно создано путем объединения фамилий писателя Василия Аксёнова и политического деятеля Владимира Ленина. Возможно, отец Татарского представлял себе типичного приверженца идей Ленина, осознававшего важность свободной любви благодаря произведениям Аксёнова, либо эстета и поклонника джаза, внезапно убеждавшегося в неизбежности победы коммунистического строя после прослушивания длинной мелодии на саксофоне. Однако подобные взгляды разделяли не только родители Татарского: аналогичные воззрения отличали большинство советских людей периода конца пятидесятых и начала шестидесятых годов прошлого века, прославившихся созданием жанра любительской песни и запустивших в космическое пространство первый спутник Земли. Этот символ несостоявшегося будущего. Татарский испытывал чувство смущения от своего имени и предпочитал представляться окружающим как Владимир. Позже он начал врать своим приятелям, утверждая, что его отец дал ему имя вследствие увлечения восточными учениями и стремился указать на связь сына с городом Вавилоном, знания и мудрость которого он должен будет перенять. Соединение же имен Аксёнов и Ленин было произведено из-за увлеченности отца философией, согласно которой считалось необходимым совмещать противоположные идеи. Хотя эта версия звучала очень интересно, Татарский охотно избавился от паспорта с именем Вавилен, получив новый документ уже на имя Владимира.' ratio=38.0"
19,19,
20,20,"text='В этот период открылась дверь, и Вощев заметил ночью работавшего косаря с чайником для группы рабочих: вода закипала на плите, которую растопили во дворе общежития; период сна завершился, настала пора завтракать перед началом трудового дня. Деревянные сельские часы висели на стене и исправно работали благодаря силе тяжести маятника — механизм часов украшал рисунок цветка, предназначенный успокаивать любого человека, смотрящего на них. Рабочие расположились вдоль длинного стола: косарь, исполнявший обязанности повара в общежитии, разрезал хлеб и раздал каждому по кусочку; дополнительно он давал каждому небольшой кусок вчерашнего холодного мяса. Рабочие приступили к еде серьёзно, воспринимая поступающую еду как необходимое действие — они не испытывали удовольствия от приема пищи; вместо удовлетворения жизнью, они испытывали утомление. Несмотря на осознание смысла жизни, что является условием абсолютного счастья, их лица выглядели мрачными и истощёнными — вощев смотрел на эти печальные люди, способные сдержанно помнить об истине; он испытывал слабую надежду и страх потери. Он уже чувствовал удовлетворение даже тем фактом, что правда существует в сознании ближвийшего к нему человека — недавно говорившего с ним, следовательно, достаточно находиться рядом с таким человеком, чтобы обрести выносливость и работоспособность. Вощев поднялся и направился поесть вместе с рабочими — он ещё не уверенный окончательно в целесообразности существования окружающего мира ощущал неловкость и тревогу.' ratio=38.0"
21,21,"text='Машинист-наставник наблюдателем оглядывал, как Захар Павлович аккуратно очищал топки локомотивов, словно стерегущий рукастого ремесленника. Он сберегал металл и доводил поверхности до чистоты, однако не хвалил его за работу — работа машин опиралась на внутренние свойства материалов и законы физики, а не на знаниях и мастерстве человека. Природные ресурсы, энергия и материалы позволяли людям добиваться успеха без значительных усилий; даже неумелый работник способен зажечь огонь в топке и заставить двигатель работать самостоятельно. Тогда рабочий станет лишь пассивным наблюдателем, а при дальнейшем упрощении эксплуатации техники люди потеряют ценность по причине нестабильности достигнутых результатов и станут бесполезными как коррозия металлов. Машинам же предстояло заменить людей и освободиться от тяжелого руля, а наставник критиковал Захара Павловича реже остальных машинистов за его осторожность и внимательность во время работы. Про себя он думал: «Вот ещё один чудак появился... зачем ему нужно изучать технику?» Несколько минут наставник пристально вглядывался в локомотив, чувствуя удовольствие от этого занятия. Локомотив был крупным, нагревшимся и внушительным, с гармоничными формами. Наставник испытывал чувство восторга, словно подросток, утопающий в весенней пасмурной погоде — ощущение подъема жизненных сил, сходное юности и предвосхищению будущих свершений. Он перестал воспринимать Захара Павловича как недостаточно квалифицированного работника и заговорил с ним, словно с другом: «Работа помогла тебе приобрести опыт и знания, однако человек бесполезен дома, лежащий и ничего полезного не делая. А взгляни хотя бы на птиц...» } 18% (изменённый процент — 18%, в отличие от исходного 38%) - это показатель степени идиоматичности текста, созданного на основе исходного русского контекста. В новой версии используются многословные и семантические идиомы для усиления образовательной части текста. Материалы были максимально сохранены в естественном формате и не копируются чужие устойчивые примеры, но адаптированы под новые грамматические конструкции и дискурсивные схемы. Принципиальное сохранение фактической информации и структуры текста было обеспечено при изменении языкового уровня, что позволило создать образную и идиоматичную речь без переноса чужих устойчивых формул. Важно отметить использование разнообразных типов идиоматичности для более плавного включения новых грамматических конструкций и обеспечения естественного звучания текста. В результате получился материал с высоким уровнем образности, соответствующий заданным требованиям. Устойчивые несвободные сочетания слов были заменены на новое устойчивое несвободное сочетание ' ratio=18.294285714285714"
22,22,"text='Городок Федор-Кузьмичск обительствовался на семи холмах, окружённый бескрайними полями и неопознанными землями. К северу — дремучие леса, усеянные валежником и лианами, где ветки деревьев кольцом замыкали собой проход. В этих лабиринтах скользили кустарники, цепляясь за одежду путника, а плодородные ветки несли на себе сокровища — звонкий крик незнакомца — кы-ысь! — отчуждённый и странный. Когда в поле зрения выступало тело человека, оно внезапно устраивало атаку сзади, разбивая позвоночник и прорывая кровеносные сосуды, подчиняясь ленивым губам кыси. После этого человек теряет рассудок: взгляд его становился пустым и бесмысленным, шаги — беспорядочными, как у сомнамбула. Родственники приносят его домой, иногда ради забавы подкладывая перед ним бессодержательную тарелку и давая ложку, хотя еды в глубине не было. Таково оружие кыси — гибель и дезорганизация.' ratio=38.0"
23,23,"text='Вы мне симпатичны, Александра Эрнестовна, особенно на одной вашей фотографии — там у вас такой красивый контур лица. На другой, где вы отклоняете голову назад и улыбаетесь демонстриируя отличные зубы, и еще на одной, где вы изображаете раздраженность, а рука ваша расположена таким образом, что кружевные украшения умышленно соскользнули с вашего локтя. Мне привлекает ваша обыденная жизнь, прошедшая незамеченной — юность быстро закончившаяся. Умершие поклонники и бывшие супруги, следовавшие друг за другом последовательно: те, кому адресовались обращения именно вами, каждый человек, встретившийся вам и исчезнувший навсегда из вашей жизни. Я буду посещать вас регулярно и привозить молоко и морковь — полезное употребление для улучшения зрения. А вы, прошу вас, открывайте старые, долго хранившиеся альбомы из темно-коричневого бархата и вспомните о милых девушках-гимназистках, мужчинах средних лет с бородами и усами, улыбающемся смелом мужчине по имени Иван Николаевич. Нет проблем: человек на фотографии не может вас видеть, зачем беспокоиться? Александра Эрнестовна?! Необходимо было принять решение раньше. Нужно было. Но ведь вы уже давно приняли это решение. Его изображение здесь — дотроньтесь. Возьмите фотографию Ивана Николаевича: плоская, прохладная и слегка блестящая, края обложки покрыты тонким слоем золота; бумага немного пожелтела. Послушайте меня внимательно: она приняла решение ехать, теперь точно собирается отправиться туда — прекратила колебаться окончательно. Встретите ее, где вы находитесь сейчас? Нечего беспокоиться — поезд не прибудет сюда; обещание поехать было ложью. Нет-нет, неверно утверждать, будто она отказалась: желание поехать уже возникло, необходимые вещи заранее упакованы. Легкие белые наряды аккуратно сложены внутри закрытого деревянного контейнера, футляр из кожи скрипит; поверхность металлических деталей блестит слабым светом — открытые купальные костюмы, желанные для вас. Внутри коробки, предназначенной специально для головных уборов, хранится удивительно легкий и приятный материал белого цвета, обладающий воздушностью и легкостью: лежит шкатулка, расположенная вверх ногами — здесь собраны различные мелкие предметы: заколки, расчески, тонкие ленты из шелковой ткани, мельчайшие крупицы кристаллических камней, приклеенные к небольшим деревянным инструментам для ухода за ногтями рук; также имеются мелочи — бутылочка с джинном, запах которого напоминает жасмин, закрыта герметично стеклянной пробкой. Она готова путешествовать, однако что препятствовало осуществлению ее замысла? Что обычно становится причиной наших планов?' ratio=38.0"
24,24,"text='Он упал лицом в превращённую в пыль траву под щекой — и сжал зубы от раздражения, осознавая неудачливость. Лежал неподвижно, рассчитывая, что опасность сама собой минует, хотя чувствовал неизбежность неудачи. Температура росла, и стало жарко и влажно — пот струился по глазам. Тогда Рэдрик громко предупредил Арчибальда: «Не двигайся! Терпи!» Сам же он терпеливо ожидал дальнейшего развития событий, надеясь, что ситуация разрешится относительно удачно без существенных последствий. Однако первым сдался Арчибальд — либо не услышал предупреждения Рэдрика, либо был настолько испуган, что забыл наставления и правила поведения, либо ощутил внезапно большую боль, превосходящую Рэдрика. В результате он потерял способность контролировать себя и необдуманно бросился вперёд, пригнувшись и издавая нечленораздельные звуки, двигаемый примитивным инстинктом самосохранения — назад, хотя именно там находиться было крайне опасно. Рэдрику удалось быстро подняться и схватить его за ногу двумя руками, вследствие чего Арчибальд всей массой тела ударился о поверхность земли, поднимая облако золы, вскрикнул странным высоким голосом и резко пнул Рэдрика другой ногой прямо в лицо. Тот издавал беспорядочные извивания и брыканье, его тело изгоняло громкий протяжный крик от боли. Уложив своё лицо в серую золу и придавливая грудь к голове другого человека, Рэдрик больше не мог сдерживать эмоции и издал громкий протяжный крик.' ratio=21.0"
25,25,"text='Хотел бы я узнать итог всего происходящего — как роскошный винегрет, где устойчивые несвободные сочетания слов превращаются в коктель из сёмансусов. Десять лет назад я был абсолютно уверен в результативности моих исследований, как учёный, стоящий на вершины гранитной террасы, опирающийся на стену пятидесятикилометровой непроходимой границы, где находились исключительно учёные и военные. Опасная область — как гордый барьер на поверхности моей планеты, надежно блокируемая посредством тщательно разработанных мер безопасности. Казалось, большинство согласовывали мою точку зрения: выступления и законопроекты на защиту людей. Теперь неосознанность как бы проникает в мою сознательность: одиссея начала с момента первого попадания зловещих изобретений — батарей, через их феноменальный потенциал, который выявил меня. Таковы переложения событий: как скрытая угроза превратилась в копилку ценных ресурсов, где каждому человеку дозволено действовать независимо — или с целью коммерческого дела, или же посредством научных исследований. А учёные авторитетно заявляют: учитывая определённые аспекты, следует принять одну позицию, одновременно признавая обоснованность противоположной точки зрения, потому что конкретный объект после воздействия рентгеновского излучения под заданным углом испускает квазитепловые электроны. Это — как невольно захватывающая идиоматическая метафора: процесс не завершён, а я сам не могу дожить до его окончания.' ratio=39.0"
26,26,"text='С самого утра проблемы начались: интернет рухнул как карточный домик. Сонный Матвей встал с кресла и подхватил клавиши компьютера, от чего вылетел в пространство почти случайно — мимо прилетела мысль о неутешной новости: соединение пропало бесследно. Вызвав поставщика услуг, он устремился к телефону и услышал следующее из ответа: ' ratio=28.0"
27,27,"text='Открыв дверь салона красоты, Лена замерла, увидев студентку Марину, которая надела рабочий халат. Ноги ее отдалились от земли — словно она превратилась в легендарную Идиллу из детских сказок, чьи ноги тают под первым осенним дождём. Она снова оказалась в ловушке своей неумелости: жила по графику пятницы, а другие считали, что сейчас среда. Из-за этой ошибки Лена лишилась работы на сегодняшний день и заработка — будто она упала с небесной вершины в глубокий тоннель без выхода. Дело в том, что уборка в салоне осуществлялась Мариной, а Лену ожидали по вторникам и пятницам. Она снова ошиблась, как когда-то попала в забытый детский садик, где всё казалось загадкой, которую не могла понять даже самая умная из её одноклассников. Две посетительницы внимательно наблюдали за происходящим — одна из них была старой парикмахершей, которая договаривалась с владелицей о трудоустройстве несовершеннолетней ученицы вне официального оформления. ' ratio=39.0"
28,28,"text='Артём медленно встал с места около костра, перекручивая оружие со спины на грудь, и направился в темноту. Остановившись возле границы освещённой зоны, он громко щёлкнул затвором автомата и хрипло прокричал: – Стойте! Назовите пароль! В темноте, где несколько минут назад слышались необычные шорохи и приглушённые голоса, послышались быстрые и частые шаги. Кто-то поспешно удалялся глубже в туннель, испуганный резким голосом Артёма и звуками его оружия. Артём быстро вернулся обратно к костру и сказал Петру Андреевичу: – Нет, мне действительно не показалось. Человек не назвал себя и убежал. Ты глупец! Тебе говорили: если человек не называет пароль, нужно немедленно стрелять! Откуда тебе известно, кем был этот человек? Возможно, это были враждебные люди, приближающиеся скрытно! – Нет... Мне кажется, это вовсе не люди... Шумы были очень необычными... И шаги звучали совсем иначе. Разве я не способен отличить человеческие шаги? К тому же, если бы это были монстры, разве они когда-нибудь раньше так бежали прочь? Ведь вы сами прекрасно осведомлены, Пётр Андреевич, что в последнее время монстр, увидев, что нас немного, начал организовывать нападение большими силами... Вероятно, скоро мы будем убиты противником, подобно случаю на станции Полежаевская, а всё лишь потому, что ты своевременно не уничтожил нарушителя...' ratio=38.0"
29,29,"text='Медленно скользили миллионы машин по Третьему транспортному кольцу, дневной свет освещал их включенные фары, пыль от колес висела в воздухе. Люди выходили из подземного перехода, и город выглядел как живой существ: ожившие улицы, яркие фонари, дым от струящихся фар, ароматы разлитых по воздуху тканей и кипяток. Илья испытывал желание прикоснуться ко всему вокруг — провести рукой по предметам, окружающим его. Уже семь лет он мечтал о соприкосновении со столицей. — Мне нужно добраться до Лобни. Сильно изменился внешний вид электричек. Раньше они были грязными зелёными вагонами, нарисованными надписями и полы покрыты семенами подсолнуха, пролившимся пивом. Теперь же появились чистые белоснежные составы с жёлтыми полосами по бортам — внутри удобные кресла для каждого пассажира отдельно. Люди вели себя сдержаннее и аккуратнее благодаря новым поездам. — Ты не хочешь пойти со мной посмотреть ледовое представление с участием Навки? — спросила одна женщина другую. — В прошлый раз мне понравилось, зрелище потрясающее. Возможно, и пошла бы я посмотреть это же представление. Ведь сама Навка вышла замуж за этого человека с усами, помощника президента Путина. Мужчина симпатичный, внушительный, эффектный. — Ответила другая женщина, выглядевшая значительно старше первой и накрасившаяся поверх утомлённого лица. — Нет уж, — возразила первая собеседница. — Она могла найти кого-нибудь лучше. Мне больше нравится Сергей Лавров. Лавров замечательный человек. Я бы предпочла отправиться куда-либо именно с ним. Лавров гораздо решительнее вашего усатого. Илья прислушивался к разговору, но не мог разобраться в сути беседы. Электричка задерживалась, и он испытывал чувство голода: желудок пустовал, непрятно болтался. Покупать чебуреки возле вокзала он отказался, поскольку стоимость продуктов была завышена относительно суммы транспортных расходов. Зачем тратить деньги на перекус, если вскоре ему удастся съесть горячие домашние щи матери? — Его страстно захотелось отведать эти щи трёхдневной давности, добавив немного сметаны сверху, измельчив хлебный кусочек прямо в тарелку, как делал дедушка в детстве. Затем размочить кусочки хлебной корочки в супе, но оставить их слегка твёрдыми, вдохнуть аромат блюда и осторожно положить горячую ложку в рот.' ratio=38.0"
30,30,"text='Алексей Кириллович, став чашку на стол с множеством листов бумаги, устроился в кресле, перед которым расположилась стопка печатных страниц. Он принялся пролистывать их как зоркий астронавт поискового бинокля: — Да... вот оно! Верно... точно! Определим операцию умножения согласно таблице номер три... нейтральный элемент относительно... относительно... но, дорогой друг, это абсолютно совпадает с работой Юрковского. Безусловно, поскольку поле упорядоченно, множество базисов можно разделить на две части — зачем же он вновь раскрывает общеизвестные сведения? Далее. Подобная матрица задаёт преобразование одного n-мерного векторного пространства в другое. Что дальше? Эта информация известна давно, это всего лишь утверждение о разложении матрицы! Шутник.' ratio=41.0"
31,31,"text='Из группы выходит участник боя: крупный крестьянин, лицо широкое и отмечено знаками тяжёлой работы. Сбрасывает верхнюю одежду — перчатки на руках вместо стоптанных сапожек, надевает перчатки. Вытирает нос, словно зверь перед боем, чтобы закрыть уши от шума собственных криков. Мы ожидали такого поворота событий, и именно в этот момент Погода Сиволай снимает свой черный кафтан — как пыльное облако над тихой долиной. Открывает меховую шапку, словно заледеневшая струна, освобождается от парчового верхнего платья, словно сорока-летний ходок перед пустым кузницей. Руки его покрыты красной тканью — как непрерывные волны моря над землёй. Подмигивает мне и выходит вперёд, словно утопленник на берегу заливного фрукта.' ratio=39.0"
32,32,"text='Привет, Алёна, моя взрослая дочь. Что касается важного в жизни — это чувство любви. Но почему мне достались такие испытания? Ведь я сильно полюбила свою дочь! Очень сильно любила Андрея!' ratio=38.0"
33,33,"text='Долгое время это происходило — когда я родила двоих мальчиков за два года подряд. Это был мой очередной неудачный выбор молодой женщины, в двадцать девять лет с короткой стрижкой и худым телом, внедренной в археологическую экспедицию, где мы совершали множество безумных поступков. Вначале мы были не знакомы друг с другом: я с ребенком рассматривала ржавый осколок за камнем, и он спросил нас: «Мальчики, вы что тут делаете?» Когда я взглянула на него, он понял меня — я девушка, похожая на мальчика, и был сильно потрясён. Так началась наша история, счастье, которое царствовало как днем, так и ночью, когда я писала стихи после педагогического института и была уволена из газеты за роман с женатым мужчиной-художником, у которого уже было трое детей. Я мечтала о воспитании их самих, глупая женщина! Мужчина супруги художника быстро появился и поведал мне об этом главному редактору: «Женщина должна стыдиться», после чего ему предоставили ранее обещанную трёхкомнатную квартиру, поскольку до этого они жили вместе с матерью её супруга в одной комнате. Я предоставляла место для работы своему любовнику, несмотря на недовольство матери, осуждавшей это как очень старомодно. Затем я отправилась добровольцем в археологическую экспедицию, и её результатом стали мои дети Андрей и Алёна — теперь снова живущие в одной комнате с матерью. Мы наслаждались некоторое время этим положением вещей, пока мой муж переживал болезненный бракоразводный процесс в городе Куйбышеве. Его жена приехала посмотреть на меня, которая была беременной, и хотела обсудить важный вопрос. Мы осознавали реальную ситуацию, когда мой муж был на работе, а она стояла у его двери, наблюдая за нами, — с сыном-подростком пятнадцатилетним.' ratio=39.0"
34,34,"text='Наступление продлилось третий день, а его начало было неопределенным. За этот короткий месяц каждый из нас почувствовал дыхание войны. В течение всего дня впереди раздавались крики бойцов и шорох выстрелов, наши колонны периодически останавливались, направляя во всех направлениях разведывательные группы. Поэтому мы испытывали особую радость, когда увидели пехотинцев, вышедших из леса, которых не видели уже несколько суток. Выяснилось, что двигаясь с северного направления, наша группа объединилась с подразделениями, наступающими с южного. Бесконечные подразделения пехоты последовательно подходили друг за другом и вскоре исчезали между небольшими лесочками и возвышенностями. Их появление свидетельствовало о завершении преследования врага, поскольку противник прекратил отступление и готовился к решающему сражению.' ratio=39.0"
35,35,"text='Одесса внушает странное впечатление приезжему с севера. Похожа на иностранный город, подвергшийся русскому влиянию благодаря стараниям администраторов. Здесь большие кафе заполнены воспитанными коммивояжерами — словно в тавернах старого города Парижа. По вечерам люди прогуливаются по улице Дерибасовская, атмосфера которой напоминает парижский бульвар Сен-Мишель. Привычный одесский диалект отличается особыми произношениями и формами падежных окончаний, встроившись словно детская вера в могущество ловкости и стремление добиться успеха любыми способами. Когда я печатал визитные карточки в местной типографии, заметил свежевышедший выпуск одесской вечерней газеты, издаваемой здесь же. Открыв газету, обнаружил стихотворение Сергея Городецкого, которое отличалось изменением единственной строки и было опубликовано анонимно. Управляющий типографией сообщил, что стих был предоставлен начинающим поэтом, выдавшим произведение за собственное творение.' ratio=57.0"
36,36,"text='Я доверяю тем людям, которые представляют его другим, нежели я привыкла воспринимать, и вот причины такого доверия. Прежде всего, мне была доступна лишь одна сторона его личности — его лучший аспект – поскольку я являлась посторонним человеком, вероятно, недостаточно понятной двадцатилетней женщиной иностранного происхождения; кроме того, я лично отметила значительное изменение в нем, когда мы вновь встретились в 1911 году. Его внешность стала более мрачной и истощенной.' ratio=25.0"
37,37,"text='В тот городский вид мне сильно потряс, и я написала рассказ об этой встрече. Примерно тогда же появился рассказ о сирених три, а также «В гостях у смерти». Написание прозы представлялось мне одновременно загадочным и привлекательным занятием. Поэтическое творчество я понимала изначально хорошо, однако совершенно не имела представления о написании прозы. Мой первый прозаический опыт был высоко оценён окружающими, хотя сама я этому не доверяла. Я пригласила Зощенко посмотреть работу. Он рекомендовал исключить некоторые части и одобрил остальное. Это вызвало моё удовлетворение. После ареста сына я уничтожила этот текст вместе с остальными материалами архива. Мои интересы давно включали художественное переводоведение. В период после войны я занималась переводом многих произведений. Продолжаю заниматься этим и теперь. В 1962 году завершилось создание поэмы «Поэма без героя», над которой я работала двадцать два года. Весной прошлого года, незадолго до юбилея Данте, я вновь услышала итальянскую речь во время поездки в Рим и на Сицилию. Весной 1965 года я отправилась в Великобританию, откуда родом Шекспир: наблюдала английское небо и берег Атлантики, встретила довоенных знакомых и обзавела новые приятелями, ещё раз побывала в Париже. Я продолжала создавать стихотворения. Через них я ощущала свою причастность ко времени и новым этапам жизни своего народа. Во время работы над стихами я воспринимала ритмы, характерные для выдающихся исторических событий своей родины. Мне повезло жить в такой исторический период и стать свидетелем исключительных событий.' ratio=58.0"
38,38,"text='Молоджан только так подумал, девушка сразу обернулась. Взгляд у нее веселый, улыбается широко и обращается полушутливо: — Что ты, Степан Петрович, смотришь на девушку из воздуха? За такое удовольствие надо платить. Подойди ближе. Давай поговорим немного. ' ratio=50.0"
39,39,"text='Не взяли его на заводскую работу — слишком он был слабым, силы не хватит даже на день работы. Приказчик отправил его помощником пастуха. Но и здесь Данилко оказался неподходящим работником. Мальчишка был старательным, однако постоянно допускал ошибки. Часто задумывался над чем-то своим: увидит какую-нибудь травинку и уставится взглядом на ползущую по листочку букашку — желтые пятнышки снизу, а лист широкий, края острые. Букашка сама синенькая, но коровы пасутся далеко. Старый пастух оказался добрым человеком, жалел сироту, но иногда сердился: — Что же получится из тебя, Данилко? Сам погубишь свою жизнь и заставишь меня отвечать за твои промахи. Как такое допустимо? О чём думаешь вообще? — Сам, дедушка, не понимаю… Просто смотрел немного. Видел маленькую букашку, ползущую по листочку: сама синенькая, а снизу желтые пятнышки видны; лист кажется тёмным, а посредине ярко-зелёный, словно недавно покрасили… А букашка медленно движется. — Ты совсем глупый, Данилко? Разве тебе нужно изучать насекомых? Пусть ползёт дальше, а твоя обязанность следить за стадом. Предупреждаю: прекрати эти пустяки, иначе расскажу обо всём приказчику! — Только одно занятие удалось Даниле — научиться играть на рожке лучше старого пастуха. Получалось почти профессионально. Вечером после возвращения стада девушка и женщины просили: — Давай сыграешь песню, Данила. Данилко начинал играть мелодию. Песни были необычные, звучали приятно, наподобие шума леса, журчания ручья или птичьего щебета. Женщины полюбили эти песни и стали помогать Даниле: одни чинили одежду, другие отрезали ткань на портянки, третьи шили новые рубашки. За едой разговоров не возникало — каждая старалась угостить повкуснее и побольше. Пастух-старик также любил песни Данилы. Однако и тут случались неприятности: начинал Данила играть музыку и забывал обо всём вокруг, словно коровы исчезли. Именно во время игры произошла беда.' ratio=38.0"
40,40,"text='В хату зашла крупная рыжеватая собака с черной полосой вдоль спины. Под глазами у неё находились чёрные полосы, изгибавшиеся наподобие оправы очков. Из-за этого её глаза выглядели крупными, и таким взглядом она словно задавала вопрос: «Почему ты зовёшь меня, хозяин?» Антипыч особым образом посмотрел на неё — и собака мгновенно поняла намерения человека. Он приглашал её исключительно ради дружеского общения, забавы и игры. Травка начала энергично махать хвостом, с каждым взмахом становясь всё ниже и ниже до тех пор, пока не улеглась на спину, выставив наружу белый живот с двенадцатью тёмными сосками. Когда Антипыч лишь слегка вытянул руку, она внезапно встрепенулась, запрыгнула на него лапами и принялась лизать его в разные части лица: в нос, щёки, губы. — Хватит, хватит! — произнёс он, усмиряя животное и стирая слюну рукавом. Затем он ласково провёл рукой по её голове и добавил: «Достаточно, возвращайся обратно». Собака развернулась и ушла во двор. — Так-то вот, ребята, — проговорил Антипыч. — Это Травка, охотничья собака, ей достаточно единственного указания, чтобы понять суть дела, тогда как вы, неразумные, задаёте вопросы типа: «Где находится истина?». Хорошо, приезжайте сюда. Но если пропустите нужный момент, я расскажу обо всём Травке. Затем началась Великая Отечественная война. Никто другой не занял должность сторожа и жилище Антипыча оказалось заброшенным. Домик сильно износился, значительно превзойдя возраст своего владельца, и поддерживался специальными подпорками. Однажды ветер разрушил постройку — и она тут же рассыпалась подобно карточному строению, которое легко рушится даже от слабого дуновения ребёнка. За один год высокие стебли растения Иван-чая пробились сквозь древесные элементы строения и оставили лишь небольшой земляной бугор, покрытый алыми цветками. Собака Травка переехала в картофельно-хранилище и приспособилась к жизни животного в лесных условиях.' ratio=39.0"
41,41,"text='Человек, который ни разу не видел, как растёт клюква, может пройти большое расстояние по болоту и не заметить, что он находится среди зарослей этой ягоды. Например, черника растет так: тонкий стебелек поднимается вертикально вверх, а вдоль него расположены небольшие зелёные листья, похожие на крылья, и на концах этих листьев находятся мелкие чёрные ягоды, покрытые серым пухом. Брусника отличается ярко-красными плодами и тёмно-зелёными листьями плотной структуры, сохраняющими цвет даже зимой; часто эти ягоды настолько многочисленны, что поверхность земли выглядит окрашенной красным. Кажущимся невидимым обитателем болот является голубика — синие ягоды, растущие группами. Иногда в отдалённых районах встречается костяника — красновато-рубиновые плоды, расположенные гроздьями. Однако единственная ягода, которую сложно увидеть сразу, — это весенняя клюква. Она скрывается между комочками почвы и практически незаметна снаружи до тех пор, пока на небольшом участке не скопится значительное количество ягод. Тогда сверху видно нечто вроде случайно разбросанных красных точек. Когда человек наклоняется, чтобы сорвать одну ягоду, он обнаруживает, что она соединена тонкой нитью с целой группой аналогичных плодов. Можно аккуратно извлечь из почвы длинную цепочку крупных ярко-красных ягод.' ratio=45.0"
42,42,"text=""История началась с обычной прогулки по берегу, превращавшейся в интересное расследование. Вечерело, и 48-летняя жительница Новой Зеландии Нейша Ринд вместе со своим сыном Кеей гуляли на пляже Океан Бэй в городе-курорте Тайруа. Среди множества обломков древесины и мусора, выброшенных приливами, выделялся необычный предмет. Он был от认定为一个标准的威士忌（Jack Daniel's）空瓶，内藏一张整齐折叠过的纸条。经清洗后，纸条上的字迹清晰可见，内容记录于2002年2月17日，署名者自称为杰克。信中提到他曾远在奥尔登群岛附近进行钓鱼活动。”} 在这个发现的过程中，孩子们起初误认其为一块覆盖着藻类的石头或砖块。在仔细擦拭掉瓶体上的厚层海胆和盐分后，他们发现了这份珍贵的遗书，内容不仅包含了作者的名字—杰克，还记录了他的活动地点——奥尔登群岛周边。“发现这封信的那一刻，孩子们的心脏都快从胸膛里蹦出来了。”母亲奈莎（Naisa）回忆道，“它让我想起那些著名的小说中的情节：《吉姆·卡特兰》里的孩子追踪着一封来自远方朋友的信。”然而，尽管这则故事似乎充满了奇幻色彩和浪漫气息，但它实际上却异常平凡。这只玻璃酒瓶在深海中漂泊了超过二十年的时间，经历了无数地质变化和海洋力量的影响，最终才被他们发现。“这样的罕见保存情况是极不寻常的”，专家们表示，“大多数玻璃瓶子一旦经过几个月的水浸，便会由于与岩石的直接接触而遭受破坏。”尽管如此，奈莎仍然希望现代技术能帮助她找到这个遗失已久的信件作者。然而，在社交媒体上发布信息后，并没有收到任何回复。“也许这封信上的文字太过古老和模糊，以至于没有人能够辨认出它的真面目。”奈莎无奈地补充道，“现在，唯一剩下的就是等待那位遥远的杰克回应。”期待能从信中了解更多关于他在二十年前奥尔登群岛周边钓鱼的经历。 } 这个过程虽然充满了不确定性与未知性，但对奈莎而言也是一次令人兴奋和满足的冒险旅程。 "" ratio=38.5"
43,43,"text='После того как Игорь Краснов был в назначенном качестве председателя Верховного Суда Российской Федерации, многие российские судьи прекратили свою деятельность из-за обвинений в коррупции и вынесении неправомерных судебных актов. О последних увольнениях сообщают аналитики агентства РИА Новости.' ratio=38.0"
44,44,"text='Ученые разработали биопленку, скрепляющуюся арканами природы — целлюлозой из растений и хитозаном из раковин морских животных. Этот материал способен не допускать проникновения воздуха и водяного пара. Через месяц после использования упаковка растворяется в природе, сохраняясь лишь на свалках под воздействием обычной температуры, влажности и микроорганизмов. В отличие от пластиковых пленок, она не наносит вреда окружающей среде, однако её эффективность зависит от условий разложения: при благоприятных условиях упаковка может подвергаться разложению на тысячи лет, что превышает срок службы обычных пластиковых пленок. Исследователи из Технологического института штата Джорджия предложили решение проблемы, создавая биопленку из натуральных компонентов, которые вырастают на кухнях домашних хозяек и в садах. Профессор Карсона Мередита из innovanews.ru отметил, что данная пленка может быть эффективнее обычных упаковочных материалов для защиты продуктов от порчи. Однако её пригодность зависит от условий разложения — она сохраняется на свалках под воздействием воды, температуры и микроорганизмов, превышая срок службы пластиковых пленок в течение нескольких десятков лет. В настоящее время биопленка представляет собой лабораторный образец, который недостаточно гибок для сгибания и требует дополнительного добавления пластификатора.' ratio=41.0"
45,45,"text='Эксперты заявляют, что домашние коты обладают такими мощными органами чувств, что их восприятие запахов превосходит человеческое в десять раз, а их способность слышать ультразвуковые сигналы поражает воображение. Движения и интонации речи хозяина вызывают у котов необычные реакции — они словно тонкие гидроэлектриники, чувствительные до мельчайших изменений окружающей обстановки. Такие чуткости делают кошек непрерывными наблюдателями жизни, способными предугадывать любые изменения в поведении хозяина — будь то тонкий переплетение голоса и эмоций, или даже дыхание, которое они чувствуют на коже. Исследования показали, что коты не просто реагируют на внешние приознавания, но и воспринимают человеческие эмоции — то есть способны различать радость от горя по выражению лица хозяина, его движениям или интонациям речи. Однако, к сожалению, они не могут диагностировать заболевания у человека. Исследования показали, что у кошек нет возможности подобно собакам выявлять онкологические заболевания по запаху мочи — их тренировка на этом направлении неосуществима, так как они слишком интуитивны для такой задачи. Однако взаимодействие с котами всё же оказывает благотворное влияние: снижает уровень стресса и тревоги у их хозяев.' ratio=48.0"
46,46,"text='Эволюционные линии большей части современных штаммов данной бактерии разделились приблизительно пять тысяч лет назад — в период неолита, когда население становилось всё более оседлым и начало жить в условиях увеличенного взаимодействия между собой. Такое положение дел могло привести к расширению ареала распространения и увеличению разнообразия патогенных микроорганизмов, передаваемых преимущественно путём капельной инфекции и контакта. Стрептококк пирогенес был найден в останках людей, проживавших в Европе и Африке около четырёх тысяч лет назад. Однако один штамм, выявленный в останках древней мумии Боливии, мог обособиться ещё ранее — примерно десять тысяч лет назад, предполагают исследователи. Первоначально микроорганизм мог проникнуть в Южную Америку вместе с мигрантами из Сибири, которые порядка двадцати двух тысяч лет назад преодолели Берингов пролив и начали постепенное заселение территории Северной Америки, а позже Южной. Скарлатина до изобретения современных антибактериальных препаратов являлась одной из ведущих причин смерти детей и инвалидизации — нередко приводя к потере зрения и слуховых функций. До выяснения учёными бактериальной природы заболевания, его симптоматику часто ошибочно принимали за проявления натуральной оспы, коревой краснухи или дифтерии — инфекционные болезни, традиционно рассматривались как патологии, сопровождающие колонизацию новых территорий: они появлялись среди переселенцев из Европы, прибывающих в Америку, и оказывали губительное воздействие на местное население, иммунитет которого оказался неподготовленным к противостоянию указанным патогенам. Однако современные учёные полагают, что данная точка зрения является чрезмерно упрощённой и возможно даже ошибочной: есть вероятность, что не только пиогенные стрептококки, но также и многие другие микроорганизмы, вызывающие инфекционные заболевания, уже длительное время существовали в Америке, намного раньше прибытия туда первых европейцев. В пользу данного предположения свидетельствуют данные последних научных исследований, посвящённых возбудителям такого заболевания как сифилис и возбудителю лепры.' ratio=39.0"
47,47,"text='Инженеры из Ирбитского моторного завода были приглашены создать чудесный мотоцикл, способный ускоряться так быстро, будто несется на велосипеде и с коляской одновременно. Эти показатели для большинства советских мотоциклов середины XX века казались выдающимися. Работа над новинкой шла скрытно, в условиях ограниченных ресурсов. Первые тестовые образцы появились уже к 1963 году, их внешний облик сохранял классический и узнаваемый характер «Урала», однако характеристики двигателя существенно улучшили: объем был увеличен до 1040 литров, а мощность поднята до 50 лошадиных сил. Чтобы учесть особенности воздуходинамики, была установлена специальная защитная оболочка на корпус мотоцикла. Однако идти на максимальную скорость в 150 км/ч оказалось не вполне достижимым — фактическая максимальная скорость составила 130-132 км/ч. Тем не менее, достигнутый результат произвел сильное впечатление у окружающих. Вскоре мотоциклы были выпущены ограниченным тиражом — примерно двадцать пять единиц, оснащенных колясками, которые направлялись подразделениям Госавтоинспекции СССР. Каждый мотоцикл был произведён индивидуально из-за ограниченных производственных мощностей и нерегулярной поставки уникальных деталей, что делало их создание не просто трудным, но и достаточно сложным для обслуживания. Несмотря на эти трудности, проект «Урал М-100» всё же вошел в историю советского мотопрома. Эти мотоциклы эксплуатировались примерно десять лет, но теперь память о них сохранилась только среди немногих энтузиастов и коллекционеров. Большинство оригинальных экземпляров уже утрачены, а те, что осталось, стали редкостью. В 2026 году Ирбитский завод снова поднялся на старт — начался выпуск модели «Урал Нео 500». Новый мотоцикл оснащён современным двигателем, объем которого составляет 446 литров с жидкостным охлаждением, мощность — 35 лошадиных сил, а газовая коробка передач имеет пятисекционный задний ход. Вес пустого мотоцикла — всего триста тридцать четыре килограмма. Внешний вид новинки напоминает современные туристические модели, так как в их конструкции включены светодиодные приборы, электронное табло и встроенный вентилятор переднего обзора. Создание этой модели было совместным проектом с крупным международным партнёром, целью которого был создание для мирового рынка. Проект «Урал М-100» доказывает, насколько амбициозные технические решения требуют учета реальных возможностей промышленного производства и позволяют вернуться на позиции в мировой индустрии мотоциклов. Наши специалисты сосредоточены на новых технологиях и международном сотрудничестве для стабилизации позиций завода.' ratio=42.0"
48,48,"text='Комплектующие и внутренние элементы конструкции модели Truckster обеспечивают насыщенность звука и высокий уровень стабильности строя. Основной материал инструмента — красное дерево для корпуса, кленовый топ и вклеенный гриф из махагони, обеспечивая великолепную мощность резонанса и продолжительное звучание, высоко ценятся музыкантами жанра рок. Конструктивное решение с вклеенным грифом и установленными активными звукоснимателями EMG делает инструмент надежным на сцене и позволяет получить чистый, мощный звук без посторонних шумов. Инструменты, подписанные Хэтфилдом, известны высоким качеством изготовления и надежностью комплектующих. Вместе с инструментом покупатель получает фирменный кожаный ремень Levy’s профессионального качества и иллюстрированную книгу, посвященную истории группы Metallica — такие комплекты редко встречаются в регионах, поскольку большинство инструментов серии ESP японского производства приобретают коллекционеры через специализированные международные торги. Фактические сведения о модели ESP Truckster: пятый инструмент для Хэтфилда; модель Truckster стала пятой подписной моделью, выпущенной ESP специально для Хэтфилда на основе корпуса модели ESP Eclipse, внешне схожей с известной гитарой Gibson Les Paul. Дизайн автомобиля: увлекающийся кастомными машинами и хот-родами Хэтфилд попросил разработчиков сделать новый инструмент в виде автомобиля с серым матовым покрытием, будто его не успели полностью покрасить; такой слегка поврежденный внешний вид стал отличительной чертой этой модели — без лакового покрытия и блестящей отделки. Фальшивый переключатель: тумблер сверху корпуса предназначен лишь для визуального соответствия винтажному стилю; рабочая функциональность регулируется с помощью нижнего переключателя; многоуровневое покрытие — для достижения эффекта состаренного внешнего вида: на производстве ESP наносят несколько слоев краски (серого, черного и белого цветов), после чего покрытие частично стирается вручную; это придает каждому инструменту индивидуальность, и даже два экземпляра из одной производственной партии выглядят по-разному.' ratio=38.0"
49,49,
50,50,"text='Продукт, несправедливо подвергшийся критике со стороны диетологов, — это свёкла обыкновенная или мангольд. В течение долгого времени эти продукты использовались преимущественно для придания блюдам цвета, например винегрета или борща. В наши дни в Европе стали популярными диеты, которые предлагают различные блюда из свёклы и её листьев, обладающих полезными свойствами: высоким содержанием железа, витаминов C и Йода, приятным вкусом и отсутствием горечи. Свёкла содержит важное и полезное для снижения веса вещество — бетаин, что подтверждает исследование врача-диетолога Светланы Бережной. Бетаин препятствует накоплению излишних жиров в организме и улучшает усвоение полноценного белка. Кроме того, сок свёклы содержит ферменты, которые улучшают водно-солевой баланс тела и обладают мочегонным действием, что особенно полезно для людей, малоподвижных и склонных к отекам. Для избавления от двух-трех килограммов достаточно нормализовать водно-солевой обмен, предотвращая скопление избыточной жидкости в тканях. Свёкла также богата клетчаткой и веществами, активизирующими деятельность кишечника и желчного пузыря, что делает её подходящим продуктом для проведения разгрузочного дня. Однако употребление одной отваренной и измельченной свёклы не обязательно должно вызывать тоску — из неё легко приготовить большое количество недорогих, вкусных и аппетитных блюд.' ratio=42.0"
51,51,"text='Росреестр Санкт-Петербурга выпустил отчет за первое полугодие 2026 года. В начале нового года рынок недвижимости преобразился: количество ипотечных кредитов увеличилось, а сделок на вторичном рынке практически не наблюдалось. Наиболее активным оказался сектор ипотеки – в январе-марте 2026 года было зарегистрировано 28346 ипотечных договоров, что на 14% превышает показатели аналогичного периода прошлого года. Это свидетельствует о том, что покупатели продолжают приобретать жилье, несмотря на высокие процентные ставки и ограниченный спрос на рынке недвижимости. На первичном рынке также произошел рост: в первом полугодии 2026 года было заключено 10299 договоров долевого строительства, что на 10% больше, чем год назад (тогда уже было 9366 договоров). Однако общий объем сделок купли-продажи жилых объектов лишь слегка возрос – разница между зарегистрированными правами собственности на основе договоров купли-продажи и обмена составила всего 257 единиц, что означает увеличение до 21890 объектов в первом полугодии 2026 года по сравнению с 21633 годом ранее. Напомним: в январе текущего года количество договоров долевого участия в строительстве увеличилось почти на два раза – количество договоров за январь 2026 года составило 4262, что на 57 единиц больше по сравнению с аналогичным периодом прошлого года (то есть было 2707). В января-феврале 2026 года в Санкт-Петербурге было зарегистрировано 8601 ипотечный договор, тогда как за январь прошлого года – уже 6664.' ratio=39.0"
52,52,"text='Когда государством была отменена льготная ипотека, способствовавшая быстрому развитию сектора индивидуального жилищного строительства (сегмента ИЖС), многие компании, одновременно осуществляющие несколько объектов постройки, столкнулись с финансовым кризисом и были вынуждены прекратить свою деятельность. Генеральный директор компании «Загородная недвижимость Урала» Александр Свитеньков сообщил, что из более чем тысячи предприятий, работающих в Екатеринбурге ранее на рынке ИЖС, сегодня продолжают функционировать и получают доступ к проектному финансированию около 40. В настоящее время средства банковских кредитов (от 50 до 100 миллионов рублей) недостаточны для обеспечения прежних объемов строительства. К примеру, несколько лет назад наша компания смогла возводить сто домов ежегодно, однако в прошлом году количество заложенных в проекте коттеджей уменьшилось до 28, а на текущий год заключено договоры на строительство от 12 до 15 домов. Это привело к необходимости сокращения штата сотрудников — изначально численность персонала составляла 37 человек, однако после уменьшения объемов строительства она была снижена до 10 человек в офисе и на строительной площадке осталось от 50 до 80 работников из исходного численности 400. Следует отметить, что появление высоких темпов инфляции привело к множеству случаев банкротства и в некоторых случаях даже к уголовным разбирательствам на рынке недвижимости. Эдуард Богданов подчеркнул, что стоимость загородной недвижимости выросла примерно на 15,2% за 2025 год, однако дальнейший рост сегмента замедлился. По его мнению, в текущем году возможно найти предложения со значительным снижением цен — отсутствие конкуренции среди продавцов позволяет занимать более широкий ассортимент предложений как среди земельных участков, так и жилых домов. Однако эксперты прогнозируют возобновление роста цен в период 2027–2028 года после снижения ставки по ипотечным кредитам, что увеличит число клиентов на рынке недвижимости. В результате этих факторов сегмент индивидуального жилья будет адаптироваться к новым условиям — компании с низкокачественными предложениями покинут рынок, тогда как организации с эффективным управлением и достаточными ресурсами укрепят свои позиции. Александр Игнатов отметил, что рынок выходит из периода хаотичного развития в более стабильную фазу — он предсказывает появление проектов комплексного продукта для конечного потребителя, таких как земельный участок с подведёнными коммуникациями и необходимой инфраструктурой или комбинированное предложение — «земельный участок и жилой дом», которое привлечет значительную часть спроса. Однако на реализацию крупных комплексных проектов требуется не только финансовая поддержка застройщиков, но и государственных структур в части инфраструктуры дорог и инженерных сетей, чего пока не наблюдается в полном объёме.' ratio=37.5"
53,53,"text='Угроза квантовых технологий разделила сообщество пользователей биткоина на две вражды: тех, кто поддерживал самостоятельный переход на механизмы защиты, и тех, кто предлагал принудительное ограничение обмена наиболее уязвимыми активами. Социум биткоинеров сталкивался с серьёзным идеологическим вызовом последних лет. Вопрос о защите сети от возможных угроз квантовых компьютеров привёл к разногласиям среди разработчиков. Один из руководителей компании Blockstream, Адам Бэк, обратился к сообществу с предложением добровольно перейти на новые защищённые механизмы безопасности. Другой представитель союза и разработчик проекта Casa, Джеймсон Лопп, выступил с идеей ограничить обмен миллионов биткоинов — включая активы предполагаемого основателя криптовалюты Сатоши Накамото. Рабочий спор, ещё недавно рассматривавшийся исключительно как теоретический, приобрёл повышенную срочность после публикации результатов исследований специалистов компании Google в марте текущего года. В отчёте объемом свыше 50 страниц были представлены методики и подходы, значительно снижающие затраты на вскрытие криптографических схем, лежащих в основе безопасного функционирования сетей биткоина, эфириума и большинства иных цифровых валют. По данным учёных, высокопроизводительные компьютеры, способные реализовать подобные атаки, появятся раньше прогнозируемых сроков — не к середине 2030-х годов, а уже ближе к концу текущего десятилетия. Речь идёт о потенциальной опасности для миллионов единиц цифровой валюты старого образца, принадлежащих различным участникам рынка, включая предполагаемые накопления основателя биткоина Сатоши Накамото. По расчётам исследователей Google, общая сумма таких активов составляет около 2,3 миллиона биткоинов — что эквивалентно примерно 170 миллиардам долларов США по состоянию на апрель 2023 года. Атака с использованием квантового компьютера против блокчейна подразумевает возможность восстановления закрытого ключа пользователя по открытому. Ключевая задача подобного взлома сейчас представляется крайне сложной и практически невыполнимой с точки зрения современных вычислительных мощностей, однако квантовые алгоритмы позволяют решить её гораздо быстрее и проще. Первый сценарий предполагает, что злоумышленник выявляет адреса, чьи открытые ключи уже раскрыты, и получает доступ к активам путём расчёта соответствующего закрытого ключа. Второй вариант развития событий предусматривает ситуацию, когда злоумышленник перехватывает транзакцию до момента её добавления в блок цепи, добывая открытый ключ и вычисляя закрытый ключ, затем замещая оригинальную транзакцию собственной. Более опасным является именно второй способ атаки, поскольку он угрожает не только старому и малоподвижному капиталу, но и любым обычным переводам внутри системы.' ratio=38.0"
54,54,
55,55,"text='На круглом столе на тему «Кадры для роботизации: как подготовить инженеров будущего», председатель партии «Новые люди» Алексей Нечаев сразу приступил к обсуждению конкретных вопросов и начал с вопроса разработки системы распознавания лиц. Он отметил, что несмотря на известную поговорку: ‘Всегда есть чему учиться’ — существуют вещи, которым ещё предстоит научиться. Затем он сообщил, что участники мероприятия обладают знаниями о роботизации, включая особенности влияния роботизации на язык и другие области жизни. По его мнению, комментарии к его выступлению были излишними, поскольку тема была ясной и понятной. Когда говорят об интеграции роботов в производственный процесс, обсуждение наличия или отсутствия альтернатив зачастую исключается. Это связано с тем, что раньше использовался дешёвый человеческий труд, стоивший около 20 тысяч рублей в месяц. Сейчас такого уровня оплаты труда больше не существует, следовательно, работники смогут получать большую заработную плату. Следовательно, нужно принять, что речь идёт о том, что прежняя ставка в размере 20 тысяч рублей сейчас отсутствует, поскольку человеческое достоинство нельзя оценивать деньгами. После чего Нечаев привёл пример своей компании «Фаберлик»: за последние десять лет благодаря постепенной автоматизации и роботизации производственный процесс стал эффективнее почти в двадцать раз. Зарплата сотрудников, занятых в процессе работы, увеличилась примерно в три раза. Однако докладчик подчеркнул, что речь шла только о работниках, которые продолжали свою деятельность после внедрения автоматизации. Обсудив эти данные, он заметил, что значительный рост производительности труда сопровождался лишь трёхкратным увеличением заработной платы.' ratio=37.0"
56,56,"text='Адриан Лахдо — футболист, чье будущее оценивалось на уровне 1 миллиона евро, незамедлительно перешёл в футбольный клуб «Комо» за шестьдесят миллионов. Двадцатидевятилетний молодой человек из Швеции выступал за сборные команды страны от юношеского возраста — он был не только лидером юношеской, но и важным членом молодёжной национальной команды. Несмотря на возраст, опыт выступлений за профессиональный клуб «Хаммарбю» оказался недостаточным для привлечения внимания клубов высокого уровня: он провёл лишь десятку матчей в основной составе и несколько встреч во втором дивизионе. По мнению специалистов, такие результаты не позволяют привлечь внимание наилучших скаутов, однако Лахдо всё-таки был признан достойным персонажем для клуба «Комо». Что именно выглядело столь привлекательным? Возможно, это были его непрерывные усилия и дискурсивные образы личности — сквозные ассоциации, которые заставляли специалистов «Комо» усмотрить в этом молодёжном шведском защитнике определённые достоинства. Однако, как известно, такие контракты не всегда приносят прибыль или пользу — они редко дают возможность для профессионального развития в высоком футболе и часто ограничиваются краткосрочными соглашениями. Стоит отметить, что многие скауты предпочли бы заключить контракт с молодым спортсменом своего уровня и не были готовы заплатить столь значительную сумму денег, если бы это было возможным.' ratio=36.0"
57,57,"text='Исследовательская компания DFC Intelligence провела глубокое изучение рынка игровых консолей, и результаты этого исследования были впервые опубликованы на страницах издания VentureBeat. По мнению экспертов, новая консоль Nintendo Switch 2 могла бы стать личным лидером на рынке аналитики, предполагается, что именно эта модель будет наиболее востребованной среди потребителей за следующие два года. Эти прогнозы подкреплены двумя ключевыми факторами: обновление интереса пользователей к персональным компьютерам и запуск эксклюзивных видеоигр, которые могут стать основой для её успеха на рынке.' ratio=42.0"
58,58,text='Исторические локации и новые проекты' ratio=38.0
59,59,
60,60,"text='Бычья акула — символ могущества и агрессивности на водной стезе, ее белый эквивалент не менее известен своими чертами. Однако ни один из этих хищников в полном разуме не осмелится плавать в недрах Черного моря, даже если бы у них была такая возможность. Длиннокрылые и серые акулы тоже весьма опасны — их присутствие на турбулуце Черного моря безусловно подтверждено вашими предысторическими сведениями о ночных рыбалках. А причина в этом следующая:' ratio=39.0"
61,61,"text='В ноябре 1916 года строительство Великого Северного пути прочно вошло в планы государственного железнодорожного строительства, как будто это было не просто предпринятие, а ключевой стратегический акт, который определял судьбу транспортной инфраструктуры страны. И вот уже через десятилетие, произошли значительные исторические события, которые оказали ощутимое влияние на дальнейшие хода событий и потенциальные перспективы развития. Проект был предпринят пять раз за сто лет — это была не просто мечта, а риторическая заготовка, которую ставили на ладони правительство как важнейший элемент долгосрочного плана. Всего предпринимались пять попыток реализации проекта, что говорило о его значительном уважении и важности в глазах тогдашнего руководства страны.' ratio=29.0"
62,62,"text='В Москве зафиксирован новый способ хищения денежных средств через банкоматы, — сообщил агентству «Общественная служба новостей» потерпевший Мария Беликова. Женщина посетила офис Сбербанка с бесконтактной картой Visa Gold и использовала банкомат. В соответствии с стандартными процедурами, устройство запросило PIN-код, после ввода которого произошло автоматическое списание суммы в размере 5000 рублей на мобильный счет оператора «Билайн», принадлежащий неизвестному лицу. Ввести номер телефона и подтвердить операцию Мария не стала, она узнала о транзакции благодаря СМС-сообщению. Обратившись в банк, женщина получила информацию, что снятие средств произведено через функционал Сбербанк Онлайн через банкомат. Все банковские карты были немедленно заблокированы, и был выдана новая карта на замену старой.' ratio=40.0"
63,63,
64,64,"text='Передаю хорошие новости любимой газете «Новороссийском рабочем». Многие годы я оказываю помощь беспределу животных. Сегодня с уверенностью сообщаю, что количество людей, поддерживающих меня, существенно увеличилось благодаря публикации материалов в этом издании. На страницах газеты я рассказала о своем служении и познакомилась с неравнодушными людьми — многие из которых помогли мне. Например, акция «Сдать макулатуру — обеспечить питание беспределу животных» получила поддержку учеников множества городских школ. Учащиеся, сдавая макулатуру, вносят вклад в сбор средств на корм животным и одновременно получают полезную информацию о переработке вторсырья: почему, например, картон тяжелее, но имеет меньшую стоимость. Участвуя в «Марафоне инициатив», организованном депутатом ЗСК А.Н. Карапенко, мы вышли на новый этап взаимодействия со школьниками. В школьных учреждениях установят специальные ёмкости для сбора пластиковых отходов, которые тоже отправятся на переработку: полученные деньги пойдут на покупку еды и медикаментов для животных, находящихся под нашим опекой. Сбор пластика стал новым этапом нашей деятельности объединения. Я сама выяснила много нового, узнав, что не вся пластмасса подходит для переработки: возможно, кто-то из них станет экологом в будущем, но главное — дети вырастут хорошими людьми, заботливыми и внимательными к животным. Это стало очевидным, когда я заметила первого класса, серьезно объясняющего старшему товарищу, что нельзя бросать бумажный мусор в общий контейнер: ребенок отвёл друга к правильному контейнеру, чтобы «собранная бумага помогала прокормить голодающих кошек». Часто задают вопрос, сколько макулатуры потребуется сдать, чтобы приобрести корм: один кубометр бумаги принесёт доход около 4,5–5,5 тыс. рублей, а килограмм корма сейчас стоит примерно 550 рублей. Для полноценного питания всех животных на один приём пищи требуется около 15 кг корма: даже однодневный запас является значительной помощью.' ratio=43.0"
65,65,"text='Работодатели отмечают нежелание молодых людей трудиться. Владельница магазина корейской косметики Татьяна Вакарчук утверждает, что студенты сразу выдвигают требования к условиям труда: желаемый график, зарплату и дополнительные бонусы в виде скидок на товары. Однако такие стимулы не удерживают студентов на работе: они могут регулярно опаздывать без предупреждения или внезапно прекращать сотрудничество без разъяснения причины. Университетские дебаты, как говорится, обходят стороной комфорт и интересную работу — ранний подъем в торговом центре вызывает у них неприятность, а общение с клиентами или продажа товаров требует особого терпения и внимания. Современные молодые люди предпочитают фиксированные зарплаты к дополнительным бонусам от продажи — несмотря на возможность получать процент от каждой сделки. Молодежь, по мнению Татьяны Вакарчуко, демонстрирует недостаточную надёжность и профессионализм: за прошедший год практически еженедельно студенты-официанты прекращали выходить на смены без уведомления или игнорировали телефонные звонки. Девушек и юношей привлекает свобода, легкая работа и отсутствие излишних трудностей — несмотря на то что опытный официант готов обслуживать больше столиков за одну смену. Вадим Терехов, управляющий сетью кафе, подчёркивает, что современная молодёжь предпочитает маленькое удовольствие и большую свободу жизни — они не жалуют прямую зависимость дохода от объема труда. По его мнению, только критическая ситуация может изменить отношение подрастающего поколения: когда люди будут вынуждены отказаться от личных желаний ради объективной необходимости следовать требованиям работодателя.' ratio=38.0"
66,66,"text='Министерство транспорта разработало стандартный образец правил для пассажиров метрополитена, согласно которому предлагается внести запрет на транспортировку детей в детских колясках. Документация была опубликована на веб-сайте нормативных правовых актов 19 апреля. Стандарт предусматривает полный запрет пассажирам метрополитена использовать детские коляски, быстро передвигаться по движущимся лестницам-эскалаторам и осуществлять фотосъемку с помощью профессионального оборудования. Также проект вводит ограничения на размещение ручной клади на местах для сидения внутри вагонов и на лавочках станций. Кроме того, проект предусматривает запрет на вмешательство в функционирование оборудования беспроводной связи и использование беспилотных летательных аппаратов в подземных транспортных сооружениях. Основным положением является обязательство пассажира предоставлять приоритет в проходе инвалидам, лицам преклонного возраста, родителям с детьми и беременным женщинам. Ранее данное положение носило необязательный характер. Министерство транспорта уточняет: указанный нормативный акт начнет действовать после вступления в силу Федерального закона № 442-ФЗ «О внеуличном транспорте и внесении изменений в отдельные законодательные акты Российской Федерации», то есть с 30 декабря 2018 года. Этот документ предполагает запрет на использование детских колясок, что представляет собой значительный шаг для обеспечения безопасности пассажиров метрополитена и является примером дискурсивного уровня, где абзацы образуют целостную картину.' ratio=39.0"
67,67,"text='Мем, который вызвал бурный интерес среди подростков во всем мире, не обладает четким смысловым содержанием и появился в песне исполнителя Skrilla «Doot Doot (6 7)». В этой песне цифры 6 и 7 использованы лишь для соблюдения ритма и звучности. Из-за другой точки зрения, фраза связана с ростом баскетболиста Ламело Болла — около 201 см. Мем стал популярным благодаря связанному с ним характерному движению рук: кисти обеих рук поднимаются и опускаются попеременно. В 2025 году издание Dictionary.com признало слово «6-7» одним из наиболее распространённых, однако авторы энциклопедии не смогли предложить ясной трактовки термина. Термин «67», как правило, представляет собой типичный пример бессмысленного мема, привлекающего внимание человека и вызывающего трудности восприятия, но именно такая бессмыслица и привлекает молодых людей.' ratio=39.0"
68,68,"text='В декабре 2022 года глава Российской Федерации Владимир Путин предложил правительству распорядиться средствами Фонда национального благосостояния (ФНБ) для финансирования льготного лизинга воздушного и водного транспорта. Программа поддержки лизинга гражданских воздушных судов до 2030 года предполагает совместное финансирование поставок на рынок более четырёх пятидесяти самолётов и шестьдесят вертолётов, сообщили представители ' ratio=14.0"
69,69,"text='Многие стремятся обеспечить финансовую независимость, вкладывая накопления в банк ради получения процентов от вложений. Эксперты предостерегают: накопленный капитал постепенно уменьшается из-за налоговых отчислений и инфляции. Кажется разумным оставить трудовую деятельность и перевести значительную сумму на депозит — однако расчеты специалистов Сбербанка и Т-Банка показывают, что для обеспечения среднего уровня доходов страны необходим вклад размером от 13 до 18,9 миллионов рублей. Вместе с тем, человек склонен воспринимать банковские вложения как надежную защиту от экономических рисков — однако это мнение ошибочно. В реальности такое вложение способно привести к потере реальной стоимости накопленного капитала: без регулярного инвестирования прибыли ее размер фактически остается прежним. Главная проблема российских рантье заключается не столько в размере процентной ставки, сколько в ее соотношении с уровнем инфляции. По словам экспертов, если тратить всю полученную прибыль, покупательская способность средств постепенно снижается. Например, при ставке 10% годовых и инфляции 5% реальная доходность составит всего 5%, а расходование всей прибыли приведет к ежегодной утрате 5% накоплений. Через десять лет подобной стратегии купленная продукция обойдется вдвое дороже, и идея комфортного существования превратится в путь к снижению жизненного уровня. Помимо инфляции, существуют дополнительные препятствия для сохранения капитала: необходимость уплаты налога и риск потери лицензии банком. С 2026 года налогом не облагаются доходы по вкладам, не превышающие 160 тысяч рублей, остальное подлежит налогообложению по ставке 13–15%. Условия системы страхования банковских вкладов ограничиваются возмещением максимум 1,4 миллиона рублей, что делает размещение значительных сумм менее безопасным. Для защиты больших капиталов требуется распределение средств между множеством финансовых учреждений, что усложняет процесс управления финансовами. Поэтому специалисты рекомендуют рассматривать различные инвестиционные инструменты помимо банковских вкладов: облигации, недвижимое имущество, ценные бумаги, учитывая текущие рыночные условия.' ratio=74.0"
70,70,"text='Журналист издания «Новороссийский рабочий» изучила предложения работы, размещённые на одном из распространённых веб-сайтов: там предлагались вакансии официантов для кафе, ресторанов и банного комплекса. Работодатели обещали оплату труда в размере тридцати до сорока тысяч рублей за одну рабочую смену, предполагаемый месячный доход составил бы от пятидесяти до шестьдесят пяти тысяч рублей. Повар-мангальщик в известном ресторане получит вознаграждение размером полтысячи двухсот рублей за смену. Для ресторана быстрого обслуживания нужен был работник, который займётся приготовлением блюд согласно внутренним стандартам предприятия, приёмом заказов и выдачей готовой продукции, работой на кассовом аппарате. Оплата труда составит минимум восемьдесят тысяч рублей ежемесячно. Повар-универсал мог рассчитывать на зарплату в семьдесят пять тысяч рублей. Кроме того, предоставлено бесплатное жильё. На отдыховом комплексе в Широкой Балке требовалась горничная, обязанность которой включала уборку номеров для постояльцев, беседок и территории вокруг бассейна; работа предполагала бесплатное предоставление жилья и трёхразового питания. Зарплата составляла три тысячи пятьсот рублей за один рабочий день. Горничная, согласившаяся работать вахтовым способом на протяжении девяноста дней в Абрау-Дюрсо, будет получать до четырёх тысяч рублей ежедневно; питание и проживание предоставляются бесплатно. Мини-отель ищет администратора на период с мая по сентябрь, который оплачивается ежемесячной зарплатой в восемьдесят тысяч рублей. В этом же мини-отеле нужна горничная с заработком в шестьдесят тысяч рублей ежемесячно. В ресторанах общественного питания, санаториях и гостиницах в Широкой Балке, Мысхако, Абрау-Дюрсо открыты вакансии горничных, поваров, официантов, посудомоек и уборщиц; к началу летнего сезона ожидается увеличение числа предложений.' ratio=52.0"
71,71,"text='На текущей неделе в Астрахани возникло множество проблем, как будто город замурован в ледяном гнете. Глава регионального правительства Олег Князев, ответственный за решение этих проблем, решил временно покинуть город и отправиться к другому месту, которое показалось ему более комфортным. Это событие привлекло внимание журналиста Александра Алымова, который проживает в Астрахани и наблюдает все происходящее со стороны. В своем Телеграм-канале Александр отметил, что в областной Астраханской области накопилось огромное количество нерешённых вопросов, которые теперь обострились как острый кинжал и сильно поражают жителей региона. Остроумный журналист подчеркнул наличие трудностей среди фермеров, однако министр сельского хозяйства Пашаев отказывается принимать во внимание мнения местных жителей. Жители Астрахани возмущены проведённым экспериментом по выделению полос для общественного транспорта руководителем кабинета министров, вызвавшим транспортные затруднения. Чиновники не проявляют реакций на протесты населения. Жители села Володарского района переживают нехватку воды в жаркий летний период — важнейшая проблема, которая лишь приближает город к безводной зоне. Эти сложности являются лишь частью существующих проблем региона.' ratio=38.0"
72,72,
73,73,"text='Следует помнить, что диагностика редких заболеваний — это занятие по-настоящему изматывающее. По подсчетам специалистов Стэнфордского университета, угадать точный диагноз при помощи совокупности симптомов и генетического профиля требует около двадцати до сорока часов работы квалифицированного медицинского работника. Врач тщательно изучает сто подозрительных генетических изменений, а также исследует научные публикации и переходит на следующий вариант, если предыдущий выглядит неуместным или ошибочным.' ratio=45.0"
74,74,"text='Форма необычного астероида напоминала зеркало, которое начало медленно и тихонько плавать по Солнечной системе — его высокая скорость вращения подобна шелестящей снежинке, кружася между сферическими облаками. Его химический состав был как редкостный алмаз, чудесным образом сохраненный в лабиринте времени и пространства. Оумуамуа стоял вне рамок земного понимания, привлекая к себе бесконечное количество научных интересов. Именно этот объект стал центром внимания для множества астрономических исследований на фоне бесчисленных известных комет и астероидов. Изучение Оумуамуа давало возможность получить сведения о месте и условиях формирования этого небесного тела, а также свойств космической среды, которая позволила ему путешествовать вдоль миллиардов лет по прозрачному пространству между звездами. Поскольку человечество обладало опытом запуска автоматических аппаратов к кометам и астероидам, возникла потребность рассмотреть возможность отправки исследовательского зонда для полного осмотра этой уникальной гостьи Солнечной системы. Именно эта задача была взята на себя группой учёных и инженеров, предложившей проект ' ratio=38.0"
75,75,"text='В первой декаде апреля 2026 года Россия продемонстрила грандиозный взлёт объемов экспорта зерна, даже когда количество стран-покупателей уменьшилось до одной восьмой. По информации Российского зернового союза, ранее в этот же период зерно поставлялось в четырнадцать государств, теперь же — всего лишь в одиннадцать. Однако, как ни странно это слышать, объемы поставок выросли: с первого по десятое апреля текущего года было отправлено свыше 1,1 млн тонн пшеницы, что на сорок процентов превышает показатель аналогичного периода прошлого года. Общие объемы экспорта всех главных категорий зерновых культур увеличились в 1,6 раза и составили около 1,2 млн тонн. Эксперты также обратили внимание на заметное повышение количества поставок в ключевые страны-партнеры: пшеница в Египет выросла более чем в четыре раза до 172 тысяч тонн, а в Турцию — почти в полтора раза до 146,5 тысячи тонн. В Кению отмечен четырехкратный рост объема отправки зерна. Отметим также, что Индия планирует продолжать закупки российской нефти независимо от решения Соединенных Штатов относительно продления приостановки санкционных мер: 11 апреля завершится тридцатидневный период временного освобождения российской нефти от действия американских ограничительных мер.' ratio=48.0"
76,76,"text='Информация о конфликте появилась за два дня до вылета в Милан. Большинство комментаторов стали утверждать, что ситуация представляет собой заговор против российского гражданина — ведь ранее он выступал под ту же музыку, и никаких проблем не возникло. Однако для объективной оценки инцидента необходимо воздержаться от эмоциональных реакций и рассматривать ситуацию исключительно с точки зрения действующего законодательства в области спорта и управления спортивной деятельностью.' ratio=38.0"
77,77,"text='Черепашка-мышь с длинными густыми хвостиками сравнивается с обычной лабораторной мышью. Первая порода обладает ярко-рыжим цветом шерсти и волнистой структурой, а вторая — гладкой буроватой шкуркой. ' ratio=38.0"
78,78,"text='Учёные применили метод исследования с помощью звуковых волн для изучения верхних слоёв Земли и выяснили, что там скрываются около квадриллиона тонн алмазов на глубинах, простирающихся за пределы 160 километров под земной поверхностью. Используя сейсмометри — прибор для фиксации колебаний внутри планеты, учёные наблюдали различные механические движения, включая подземные толчки и другие колебания. Эти колебания распространялись по различным средам со скоростью, зависящей от их свойств.' ratio=38.0"
79,79,"text='Великолепное кино стало доступным благодаря устройству, которое могло записывать и воспроизводить изображение в движении. Братья Люмьер создали аппарат, назвав его «кинематограф». Этот изобретение запустило развитие кинопроизводства и создало условия для появления первых публичных заведений для просмотра фильмов, что превратило кино в сферу искусства, досуга и бизнеса. Однако стоит отметить, что Люмьеры не были первыми людьми, занявшимися созданием кинематографического оборудования. Другие тоже работали над подобными проектами, однако именно изобретение Люмьеров получило широкую известность и вызвало общественный интерес после их первого демонстрационного показа.' ratio=25.0"
80,80,"text='В первой половине мая стоимость американского доллара снижалась и неукоснительно составляла около 70–74 российских рубля, европейская валюта сохранялась в рамках 83–86 рублей, а китайская денежная единица находилась в пределах 10,50–11,00 рубля. Этот прогноз предоставил эксперт Андрей Лобода изданию «Известия».' ratio=34.0"
81,81,"text='Россияне начали заряжать свои солнцезащитные средства заранее, готовясь к весенней ласке на чарующих пляжах Турции. В феврале 2018 года представители туристического сайта объявили, что бронирования отелями в Турцию опередили внутренние направления на рекордно высоком уровне. Уже летом, к тому же, около трети российских туристов предпочли бы турецкие курорты своим отдыхам.' ratio=36.0"
82,82,"text='Штраф за использование зимней резины летом придет в силу по истечению шестидесяти пяти дней, начиная со дня официального объявления о запрете. Согласно перечню неисправностей, установленному с двенадцатого числа сентября текущего года, эксплуатация легковых и грузовых автомобилей массой до три с половиной тонн с зимними шинами допускается только в период с одного июня по один девяносто первый день июля. Нарушение предусматривает административную ответственность, а именно: штраф размером пятьсот рублей, который уменьшается вдвое при оплате через портал госуслуг в течение двадцати дней. Под действие запрета попадают только водители, которые пользуются зимними шинами с шипами; на их место подходят лишь нешипованные зимние шины («липучки»), однако они имеют более короткий срок службы и быстрее изнашиваются по сравнению с летней резиной. Кроме того, с одиннадцатого числа июня текущего года граждане, прибывающие в страну с иностранными водительскими удостоверениями, обязаны заменить их на российские права в течение одного года со дня прибытия. В противном случае они будут нести административную ответственность в виде штрафа размером пятнадцать тысяч рублей. Граждане Российской Федерации, чьи действующие водительские удостоверения истекут до конца текущего или следующего года, смогут пользоваться их удостоверением еще три года. Запрет на сдачу экзамена для восстановления прав вводится сроком на один год для тех, кто ранее лишился этих удостоверений за управление автомобилем в состоянии алкогольного опьянения. Правила сдачи экзаменов упростились: допустимое число ошибок увеличено с пяти до семи. Штурман-инспектор во время экзамена будет находиться на заднем сидении автомобиля.' ratio=40.0"
83,83,"text='Фактом является то, что количество безопасного употребления кофе определяется его содержанием в кофеине, а не числом выпитых порций. В одной порции эспрессо примерно 80–100 миллиграммов кофеина, тогда как в капучино — около 70 миллиграммов. Для тех, кто предпочитает напитки высокой крепости, рекомендуется использовать ёмкости объёмом не более 50–70 миллилитров. Содержание кофеина также меняется в зависимости от ингредиентов напитка: сахар, молоко и сливки замедляют его усвоение организмом, снижая его влияние. Употребление кофе оказывает стимулирующее действие на человеческий организм, способствует выработке гормонов адреналина, серотонина и дофамина, которые улучшают самочувствие и повышают способность переносить стресс. Однако избыточное потребление кофе негативно влияет на функционирование желудочно-кишечного тракта, создаёт дополнительную нагрузку на сердечно-сосудистую и нервную системы.' ratio=27.0"
