,index,idiomatic_version
0,0,"text='Пустынными петербургскими улицами скользили слабо освещённые неясные облака; клочья их сменялись друг за другом как бы в невнятном танце. Некий тусклый светящийся объект неопределённой формы шёл по небу, но его фигура оставалась неясно и бесцветна; небо приобрело слабое сияние, как будто в него просачивались последние отзвуки дня. От этого заблестели металлические крыши и дымовые трубы — словно стекло утреннего рассвета, бликовавшее на ночном море. Вдоль реки Мойки, которую ярко окрашивала зелёная шапка берегов, протекал трёхэтажный дом с пятью белыми колоннами — как будто сама природа не могла найти точного параллеля для столь роскошной архитектуры. Аверхийские своды поднялись над мостовой, и там выступали архитектурные элементы — как будто небо самим собой возвышается над городом. Вокруг сползала тень, но из глубин её вырывались огоньки: солдат Её Величества шёл молча по набережной в блестящем шлеме с позолотой — как будто на его голове расправился голубь, прорываясь сквозь тень. Николай Аполлонович предварительно использовал парфюм и убрал щетину; он окутался меховым пальто, закрывшись от ночных холодов — словно сама капля дождя проникающая в сердце человека. Голова его скрылась в воротнике одежды, и лишь глаза необычайно отражали свет, словно два зеркала, выпустившиеся из тьмы. Внутри он испытывал волнения без определённого названия — как будто внутри него поднималась сила, способная вывести его за пределы обыденной реальности: одновременно страшные и приятные ощущения впивались ему в душу, словно корни растения тонко проникающие в землю. Он размышлял, возможно ли, что это чувство является любовью? В памяти всплывало воспоминание: однажды ночью он покрытый туманом выскочил из указанного подъезда и поспешил к чугунной петербургской переправе — как будто бегство было не только необходимым, но и отвлечённым. Вдруг дрогнуло: пролетел мимо в темном ночной тьме светящийся объект — как будто на Мойке разыгралась сцена из какой-то древней пьесы: чёрная императорская повозка проносилась рядом с окнами хорошо освещенного дома, освещаясь своими ярко-красными фонариками — как будто они были священными светильниками, искрящимися в тумане ночи. Расплывчатое очертание головного убора слуги и форма края верхней одежды промелькнули вместе со светом — словно две маленькие звёзды исчезая под покровом тьмы, чтобы вновь возникнуть на другой стороне. Как будто небо само было хранителем этой сценарной репетиции: любые события могли идти своим чередом, но они всегда были частью большой истории.' ratio=38.0"
1,1,"text='На указанном месте возвышался роскошный дворец, своей верхней частью напоминающий странной формы замок — кирпично-розовый, массивный каменный, словно уютная пещера для дракона. Это происходило давно, и сейчас монарха, жившего здесь тогда, больше нет. Кирпично-розовый дворец возвышался среди голых ветвей деревьев, подобно могучему лесному старцу, который с силой потрясая своими корнями, пытался ухватить тихие порывы ветра. Резко взметнулась вверх ворона, словно гигантский крыльчатый мышь, заставляя деревья задрожать от её крика. Поднявшись высоко, она некоторое время парила над облаками, как белая фея на воздушной лодке, после чего снова стремительно спустилась вниз. Экипаж проезжал через этот район; густые ветви деревьев словно тонны льда шептались под его колёсами. Конная скульптура отчетливо выделялась на фоне площади, как рука Микки-Мауса на огромном экране — гости города редко обращают на неё внимание, хотя эта фигура величественна. Сам монарх воздвигнул памятник своему знаменитому предку; он проживал во дворце красного кирпича, словно в огромной коробке для хранения драгоценностей. Прожил недолго. Возможно, неоднократно показывались фигуры — круглая белая голова с завитушками волос возле узкого проёма окна, словно мечта о детстве в книге для первоклассников; человек внимательно смотрел сквозь стекло, словно бы пытаясь найти в нём отражение своей судьбы. Взгляд либо терялся в мягких оттенках заката, либо фиксировался на серебристом мерцании света месяца среди густой листвы деревьев. У входа дежурил солдат в треугольной шляпе с полями и отдавал честь, когда золотым грудью генерал проходил мимо, направляясь к украшенной картинами повозке; рядом находился высокий возница, сидящий на высоком сиденье экипажа, словно жесткая струя усталости течёт из его глаз. Сзади стояли черные слуги, словно гигантские крабы захваченного врагом корабля. Павел Петович вновь смотрел вокруг себя и возобновлял беседу с изнеженной фрейлиной, одетой в прозрачную ткань — дама улыбалась, словно розовый лук в корзине, напоминающий о весне. На щеках стали заметны небольшие впадины — родинки, словно маленькие косточки на поверхности зеркала. В ту ночь пространство заливал свет луны — как если бы из неё вырвалась звездная пыль, освещавшая предметы интерьера императорских покоев, словно вихрь полетающихся снов. На подушке уже ясно виднелась форма человека лежавшего ранее — словно костяшка игрушечного куклы на салфеточной тарелке. Откуда-то раздавались удары часов; вскоре послышались чьи-то приближающиеся шаги — как если бы кто-то звал тебя по имени, словно твой давний друг возвращается домой. Прошло лишь несколько секунд — и постель оказалась помятой: простыни ещё сохраняли тепло тела, словно бы изменившиеся цвета трав на поле битвы. Покойника уже не было видно; группа молодых офицеров с обнажёнными саблями склонилась над пустым изголовьем кровати — как если бы кто-то вставал, чтобы заполонить комнату, словно магический шар, брошенный на пол. Кто-то пытался открыть дверь — как если бы ключ резко оборвался и исчез в темноте, словно бы подросток из чужого мира тихо сел на корточки у вашей кровати. Слышался плач женского голоса — как будто кто-то держит маленькое деревце за корни и старается его обнять, словно плаксивый детеныш в приюгеническом забытье. Бледнолицый офицер поднял край шторы — как будто кто-то тихо произносит слова «Помогите», словно бы они были заклинанием, исписанным на обрывке бумаги в углу своего дома. За прозрачной тканью окна проявилось смутное очертание дрожащей тени — как будто кто-то смотрит из невидимой лодки на мир изнутри, словно бы морской прихлебательник в полуденном зеркале. Откуда-то доносились звуки боя часов — как если бы тихий ручеек разливался по каменной стене дома, словно бы он был песчинкой на его пути. Неподалёку звучали удаляющиеся шаги — как если бы кто-то шёл в обратном направлении по улице, словно бы он был последним волком на воле.' ratio=39.0"
2,2,"text='Вечерний мир витает вокруг нас как легкая дымка, скрывающая небесный шар от нашего восприимчивого взгляда. В древности верили, что над облаками обитал главный бог — равнодушный наблюдатель всего живого на Земле и вовне. Сегодня же мы убедились, что выше облаков лишь прозрачная синева и пустота безграничного космоса. И вот я теряюсь в догадках относительно того, что скрываетсь за пределами нашего видимого мира. Мы больше не можем быть полными убеждённостью — знание перестало быть абсолютным и теперь является лишь частью сложного тайнового гнозиса. Полностью убежденное знание эквивалиснтно верованию, а полные убеждения — скорее всего, ложь. В древности я был уверен в своей правоте во всём касающемся меня самого, но сейчас я понимаю, что не только отражение моё, но и само сознание. Передо мной человек с чёрными ровными бровями — ранее я их не замечал. Серые глаза имеют стальной оттенок, под ними темные круги от бессонницы, а по моему взгляду не видны настоящие чувства и переживания, которые ранее были мне неизвестны. Изнутри сознания я вижу себя как чужака — человеком кого-то другого, что само по себе невероятно странно и необычно. В моём случае это непостижимо: я сам создаю эту реальность под своей персоной, а теперь могу видеть её от первого лица. Мне казалось, что всё понятно и предсказуемо, но теперь я вижу свои собственные границы как тонкую линию бывшего космоса. Настоящий же я — это другой человек, который не мог бы быть таким без меня. Такой мир полна неясности и неуместных переживаний, которые возникают после употребления отравляющих веществ. Не важно, какого именно. Записываю все эти вещи исключительно ради демонстрации того, насколько логично способен ошибаться разум человека в бесконечности и неизвестности. Разум, способный объяснить непонятную древним бескрайнюю даль, благодаря использованию числовых обозначений, всё ещё остается сложным и требующим дифференцированного понимания.' ratio=38.0"
3,3,"text='Она была облачена в костюм времен древности: тесное чёрное платье подчёркивало белизну обнажённых плеч и груди, а также выделяло светлые зубы — те самые, которые казались чрезмерно яркими. Девушка заняла своё место и начала играть, её исполнение раскрывало хаотичность и нервозность тех эпох, когда она жила. Её выступление было беспорядочным, без какой-либо структурированности: остальные рядом были согласны друг с другом, весело смеялись. Однако у некоторых присутствующих возникали сомнения, и я тоже задумался над причиной своего смеха. Эпилепсия — это психическое заболевание, вызывающее страдания: боль постепенно усиливается и становится всё более интенсивной. По мере того как она приходит осознание болезненности происходящего, в её сознании начинает проявляться ощущение яркого солнечного света, который резко отличался от обычно спокойного освещения. Это чувство заставило снять одежду и разорвать её на куски. Человек, сидящий рядом со мной, посмотрел в мою сторону и усмехнулся; запомнилось одно обстоятельство: я заметил маленький пузырёк слюны, который появился и тут же исчез на его губах. Наблюдение этого явления вернуло мне ясность сознания. Подобно остальным присутствующим, я воспринял лишь бессмысленный шум струн музыкального инструмента, улыбался и чувствовал облегчение в спокойствии. Лекционный материал дал реалистичное представление о событиях тех эпох, что вызвали смех слушателей: они воспринимали современную музыку, демонстриемющуюся специально для сопоставления со старыми произведениями. Удовольствие доставляли чёткость структуры этих музыкальных произведений, построенных по строгим научным принципам, включающим элементы математики и физики; ощущалась мощь порядка и гармонии современной музыки, которая противопоставлялась примитивному искусству прошлого — без каких-либо ограничений, кроме собственных вымышленных представлений авторов. Все покинули зал в парах по четыре человека: двигаясь организованно через большие выходы, мимо прошёл знакомый человек с необычной фигурой, выгибающейся в двух направлениях одновременно; я уважительно приветствовал его кивком головы.' ratio=53.0"
4,4,"text='Всё это Рутилов произносил, как обычно, с бодрым и оживленным голосом, улыбаясь, однако он был худым человеком, производящим впечатление слабого и болезненного, несмотря на новую и модную шляпу, из-под которой были видны редкие светлые коротко стриженые волосы. — Ну, разве же втрое! — слабо возразил Передонов, снимая и вытирая золотые очки. — Но это же правда! — вскричал Рутилов, — Ты смотри внимательно, пользуйся моментом, пока я жив, потому что после моей смерти станет сложнее найти невесту, подходящую именно тебе. Каждая из моих дочерей охотно согласилась бы выйти за тебя. — Здесь действительно многие испытывают ко мне симпатию, — угрюмо похвалился Передонов. — Вот видишь, значит используй ситуацию, — советовал Рутилов. — Самое важное для меня, чтобы девушка не была худощавой, — с грустью в голосе сказал Передонов. — Лучше пусть будет полной. — Тебе совершенно не стоит волноваться по этому поводу, — энергично уверял Рутилов, — Сейчас мои дочери уже достаточно полноваты, а если кто-то ещё недостаточно полная, это временно. После замужества они станут ещё пышнее, посмотри хотя бы на мою старшую дочь Ларису. — Я бы хотел вступить в брак, — сказал Передонов, — но опасаюсь, что моя жена Варя устроит крупный конфликт. — Поскольку боишься конфликта, поступи так: сегодня же заключай брачный союз, лучше сделать это немедленно. Вернешься домой с молодой супругой, проблема разрешится сама собой. Действительно, хочешь, я всё организую прямо завтра вечером? И выберешь любую девушку. Передонов внезапно начал громко и резко смеяться. — Значит, соглашаешься? Заключаем сделку? — поинтересовался Рутилов. Передонов также внезапно прекратил смех и мрачно прошептал тихим голосом: — Она расскажет обо всём, эта негодяйка. — Ей нечего рассказывать, ничего, о чем стоит рассказывать, не произойдёт, — успокаивал Рутилов. — Или отравит, — испуганно бормотал Передонов. — Просто доверься мне во всех вопросах, — убедительно настаивал Рутилов, — я обеспечу всё аккуратно и продуманно. — Без приданого я вступать в брак не намерен, — раздражённо выкрикнул Передонов. Новое резкое изменение темы разговора не смутило Рутилова. Он ответил столь же вдохновенно: — Странный человек, разве мои дочери лишены приданого? Так что, согласен ты или нет? Я пойду заниматься подготовкой. Запомни, нельзя говорить кому-либо об этом деле, понял?' ratio=42.0"
5,5,"text='Вспоминаю ситуацию из жизни простую и непритязательную, превращаю ее в привлекательную историю, являясь поэтом. Сохраняй ясность мысли, однако не позволяй случайности определять развитие событий — целесообразнее начинать с достойных восхищения аспектов человеческого опыта, либо, по крайней мере, эстетичных и доставляющих удовольствия явлений. Красивыми качествами человека являются здоровье, юность и жизнерадостность; красивыми явлениями природы — прозрачный свет воды, солнечный свет и теплое летнее время года. Был летний день ясный и жаркий, на реке Скородень сверкала прозрачная вода, яркий свет и летняя погода, принося ощущение радости благодаря теплу солнца, открытости пространства, дуновению ветра издалека, разливанию веселых звуков птиц и двух молодых девушек. Елисавета и Елена, родные сестры, купались в реке Скородень, их образ вызывал радость благодаря хорошей погоде и тому, что девушки выглядели более привлекательными обычным образом. Они испытывали приятные ощущения: прохладу воды, желание активно двигаться, улыбаться и развлекаться. В беседе они упомянули мужчину, который был предметом их фантазий.' ratio=48.0"
6,6,"text='Дом находился на берегу города, в одном из улочков, заселённых дачистыми особняками под названием Расчески. Жители здесь активно играли на длинных стадионах, разбитых между высокими кирпичными домами с однотипным обликом. Эти пустыри приковывали взгляды детей больше, чем сами дома. Между жилыми массивами и безлюдной землёй находился отдельный строительный объект под названием Серый. Это был старый дом — последняя рука, когда-либо построенных здесь, переделанный в нечто своё собственное. От него были отчуждены другие здания, увенчанные кирпичными стенами и крышей с антенной на ней. Изначально он был белым, но теперь оказался серым снутри, в то время как снаружи — желтым. Непрекращающиеся трещины и мелкие пятна от штукатурки придавали стенам внешнего облика изношенности. Рядом со строением стоял ряд гаражей, подсобных помещений, контейнеров для бытового мусора и даже будок для собак — в общем-то, всё было заброшенным. Перед фасадом домика не было ни одного украшения, а его стенам придавалась тёмная окраска.' ratio=28.0"
7,7,"text='Оказалось, что каждый человек, стремящийся обратить на себя внимание, окажется эгоистичным существом с отрицательными качествами, способное совершать любые поступки и наделять собственные достоинства чрезмерной важностью, тогда как в действительности этот человек практически незначителен. Самоуверенный и завидующий дьяволом. Сип прочитал рассказ о птице, стремящейся казаться более великолепной, чем есть на самом деле, а затем прочитал стихотворение об утонувшем животном из-за собственного невежества и безрассудства. После этого он захотел написать ещё одну песню такого же содержания, но теперь уже никто не слушал его. Лицо Сипа помрачнело от гнева, он заплакал и умолк. Его поблагодарили, дали салфетку, прикрыли учебником и предложили другому ученику продолжить выступление.' ratio=38.0"
8,8,"text='Недавно он был бодрым и энергичным человеком — словно юный титан на фестивале стиля жизни, легко стоящим на руках и поднимавшим вверх ногами целые деревья, словно парус. Зубами мог поднять даже самый грубо сделанный стул и порвать канат с мощью рук. Его тело бурлило энергией — такая же энергия, как стремление прыгнуть через ограду или раскачать столб, словно палач разума подростковой фантазии. Сейчас что-то изменилось, словно механизм слегка испортился: он начал сутулиться и признаваться другу Подтягину, что мучается бессонницей — как будто возвращался к детским ночным кошмарам. Ночью накануне понедельника плохо спал, проводя двадцать минут компании непристойного человека в остановившемся лифте, словно уютная поездка на субботний фестиваль. Утро следующего дня началось тяжело: долгое время он сидел голым, держа вытянутые руки между коленями, пораженный осознанием, что снова должен будет одеть рубаху, носки и брюки — вещи пропитанные потом и грязью, словно пыльные лошади перед сражением. Подобное чувство вызывало у него воспоминание о цыганском пуделе в человеческой одежде — образ страдающего создания, словно монстр в зеркале подросткового фантазирования. Частично апатия объяснялась отсутствием работы: за прошедшую зиму удалось скопить небольшую сумму денег — около двухсот марок, потому что последние месяцы были затратными. В предыдущем году, прибыв в Берлине, он быстро устроился на работу и продолжал трудиться вплоть до января, испытывая тяжесть утренних поездок на завод или чувствуя боль после десяти километров беготни с подносом среди ресторанных столов заведения «Пир Горой». Занимался также посредничеством, предлагая любые товары, что попадались под руку — будь то грифели для укладки волос или драгоценности. Он ничего не отвергал: неоднократно зарабатывал продажей собственной тени как многие из нас, словно певец в цирке, подставляющий лицо прожектору яркого света, создавая ощущение дискомфорта и стыда. После завершения съемки контракт считался выполненным, и заработанная сумма расходовалась, словно венчание на трагедии молодежного кинематографа.' ratio=45.0"
9,9,"text='Весь день лежащий на кровати кажется, будто движешься к ясному солнечному небу — и приподнявшись, можно увидеть корни деревьев, ярко освещённые жёлтым светом солнца. Вдоль тротуара виднеются тонкие провода, местом отдыха птиц, а над входом красного цвета — деревянный навес. Издали слышатся приятные звуки природы: пение птиц, отдалённый собачий лай и поскрипывание водяного насоса. Лежишь неподвижно, погружён в размышления о предстоящем подъёме. Вокруг — тонкие лучи солнца, играющие на поверхности стола. Нити соскальзывают с коленей сидящей рядом матери и постепенно перекатываются по гладкому деревянному полу. Именно здесь, в данной комнате, когда Ганин находился на выздоровлении в возрасте шестнадцати лет, сформировался мысленный образ счастья и девушки, которого он позже увидел в реальности. Этот процесс формирования образа происходил благодаря совокупности факторов окружающей обстановки: картинам на стенах, звукам природы за окном, изображению Хрина в киоте и журчащей воды в раковине. Частью развивающегося образа стала атмосфера солнечного света в помещении — без этого воздействия такого образа быть не могло. По сути, это были лишь обычные ощущения юности: мечтательные переживания, однако сейчас Ганину представлялось, что такой идеальный подход к совпадению мыслей и действительности ранее не происходил столь идеально. Вместе с тем, он переходил из одного сада в другой, посещал различные кафе и воспоминания постоянно увлекали его вперёд, подобно движущимся облакам весеннего неба в Берлине. Посетители кафе думали, что мужчина, внимательный к дальновидному изучению, переживает какую-то глубокую печаль. А на улицах он случайно сталкивался с прохожими, один раз водитель автомобиля резко остановился и выразил недовольство, чуть не столкнувшись с ним. Ганин чувствовал себя творцом, восстанавливающим утраченный мир. Постепенно он возвращал детали исчезнувшего мира ради женщины, которой ещё не решился придать место в мире — пока восстановление не завершится целиком. Однако мысль о ней, ощущение её присутствия, почти забытое воспоминание прошлых впечатлений вынуждали его завершить создание образа окончательно — хотя он сознательно откладывал появление этого образа, поскольку хотел приблизиться к нему поэтапно, следуя определённой последовательности шагов. Стараясь избежать путаницы среди ярких образов прошлого, он аккуратно реконструировал события своей жизни, иногда останавливаясь на незначительных деталях, избегая преждевременного перехода к последующим этапам. Бродя по Берлину тёплым майским днём, он действительно выздоравливал физически, испытывал первые признаки восстановления после болезни — слабость в ногах и рассматривал своё отражение в зеркалах. Одежда выглядела особенно чистой, свободной и слегка непривычной. Медленно продвигаясь по широкому парку, окруженному деревьями, он замечал небольшие земляные бугорки чёрного цвета, образовавшиеся в результате деятельности животных. Он надел белую нижнюю одежду и светло-фиолетовые носки. У него была мечта встретить кого-либо в парке — но конкретного представления о том, кто именно должен встретиться, у него не было.' ratio=38.0"
10,10,"text='Я появился на свет подобно дыму, сотканный из древних струй лесных рек, который смертным веком стремительно затягивает в бесконечные морды времени центральной России. Мы не осознаём момента нашего рождения и ухода из жизни — это так же непроницаемо, как тайны бродячего солнца, пересекающего границы лунных ночей в бесконечном полумраке необитаемого острова. Такой пустоты и гипноза, окутывающей каждого из нас, не знающий ни времени, ни смерти — он видит мир через приетические зерна света, будто нимб освещает каждый шаг в вечности. Впрочем, может быть, это его счастье или скорее несчастье: быть без тени предчувствия, как дикий лев на свободной холмистой равнине, где не видно следов погибших бродяг, лишь их воспоминания ветра и неба. Жизнь для него — это миг страстного ритма бытия, где каждое дыхание отдано радужным танцам и веселью, а смерть — забытый скрип трубы на фоне озерных ночей. Каким же будет его отношение к предстоящему исчезновению? Могут ли мечты о смерти быть поворотом в непрерывном круговороте жизни, или они лишь признак слабого ума, не готового принять чужой лёгкий шедевр — вечность? Ясно одно: он не знает ответов на эти вопросы. Его род Арсеньевых — это древний рунический знак, под которым скрывается множество тайн и мистических сокровищ. О них недостаточно информации — как утёкший дым в полумраке ночи, что-то осталось лишь в воспоминаниях предков, среди которых Авраам, неизвестный паломник, тайно затаивший свои знания в глубинах веков. В празднике Троицы православная церковь предлагает нам молитву к усопшим: «Господи, успокои души рабов твоих в небесной обители твоей и покои их в лоне Авраама всех предков наших и близких родственников, служивших тебе истинно от времен Адама до сегодняшнего дня». Это молитва — как жемчужина на кольце истории, затаившаяся в сердцах старых деревьев, где она вырвётся лишь при лунном свете, чтобы сиять искрящимися песчинками ветра. Отношение его ко всему этому — это не просто память о прошлом, но и бурный поток мыслей о будущем, где каждое слово превращается в живой камень, скрепляющий вечность в вечном круговороде жизни и смерти.' ratio=36.0"
11,11,"text='Весь день для меня пролетел словно через туманные просторы, сопровождаемый постоянным напряжением: снова состоялись поминальные службы, собралось большое количество людей — избранных, прибывших и отъезжавших соседей. Дети играли беззаботно в закрытой, светлой комнате под наблюдением няни, периодически слышимой ее тихого всхлипывающего звука. Вновь начало темнеть, и люди приходили в зал, словно сговорившись обсудить скорбные темы. Священники появились, затем наступило молчание. свечи были зажжены — в тишине, а затем началось таинство подготовки к богослужению: первое размахивание кадилом и первое произнесенное слово, которые казались мне настолько важными, что я больше не мог смотреть вперед. На этот разделяющий нас гроб, соединенный столами, покрытый золоченым покровом с жемчужной иконкой и белой подушкой, словно погружено было в мрачную тьму вечного покоя — лицо умершего человека имело черные впадины вокруг глаз, отражая металлический отблеск через слабый свет дыма, который мерцал жарким блеском. В этом заключительном вечере для усопших, я ощущал, как мир тонет в глубоком безумии скорби.' ratio=38.0"
12,12,"text='Приказания прокуратора были выполнены с таким мастерством и ловкостью, как будто сама ярмарка света не успела еще выйти за полдневное время над Ершалаимом, когда на верхней площадке садовой террасы возле статуй двух белых мраморных львов состоялась встреча между прокуратором и исполняющим обязанности председателя Синедринона, Иосифом Каифой. Сад был тихий — лишь прикосновения пальм, которые словно дышали солнцем, создавая ощущение зазеркальной гармонии, отражали городской шум внизу: ходили люди, искренне обеспокоенные событиями недавнего времени. Вокруг стены города слышались легкие голоса торговцев водой, словно плеск воды на камнях, когда они поднимали свои бочки. А прокуратор воспользовался этим шумом как сигналом к тому, что внизу уже формировалась небольшая толпа из обеспокоенных жителей, которые ожидали решения суда и готовы были слушать каждый звук, чтобы понять, скрывается ли за этим глубокая мольба или просто беспомощность. Величественный храм, укрытый золотистыми плитками, словно возвышался над всеми заботами и сомнениями жителей, будто обещая им спасение во всей их тоске.' ratio=51.0"
13,13,"text='Возможно, внешность прокуратора была перетернована изменениями наступивших сумерек. Его лицо стало постаревшим и резко опустилось, а взгляд наполнился тревогой. В одно мгновение он развернулся и неожиданно вздрогнул, глядя в пустующее кресло с обнаженной спинкой, покрытой плащом. Праздничная ночь пришла, стала темной, и прокуратору, измученному дневными трудностями, показалось, что кто-то постучал в кресло. В то время как он опустился на колени и ласково укутался тканью плаща, его внутренний голос продолжал подниматься и звучать: «Идиот, — шептал он себе, оставляя плащ на кресле. — Твой дневной приговор был слишком грустным, а вот эти вечерние поступки могут быть полезными, если ты будешь их совершать с усердием и тщательностью». Однако прокуратор так и не смог преуспеть в этом самоблуде. И когда он, наконец, вышел на балкон с мозаиками за краями стола, он почувствовал, как его собственная душевная грусть сопровождает его — словно тень, тянущаяся вслед. Затем он принялся беспокойно ходить по балкону, теребя свои ладони и пытаясь вглядеться в мозаику, надеясь найти там какое-либо приглашение к действию».' ratio=38.0"
14,14,"text='Конференция, омываемая политехническими террактами, обрела свой риторический сцену в самом центре института, где светлое будущее позади и мрачное настоящее на пороге. Спустя пятнадцать минут я сумел прокалывать нужную информацию — как неприметный удав на волчьей шкуре, выскальзывающий из засады для завершения дублерованных обещаний. Принесённые мной данные были тщательно перелистаны и отданы в секретариат — там, где квадратная сортировка лежит на первом месте, и приказы имеют силу закона. Вскоре раздался зов нового блюдоцелого: Туронок, обладающий превосходством в вежливости и сладковатой беседе. Обычно этот человек был скромным аутсайдером, но сейчас взрывался от сильного воспаления — будто манекен на ковре, испускающем последний дыхание перед переворотом:' ratio=39.0"
15,15,"text='В этой повести отсутствуют идеальные герои и абсолютные злодеи — здесь нет ни добродетельных персонажей, ни преступников. Таких людей вообще не бывает в реальной жизни. Уже несколько лет я веду наблюдения... Среди наших героев лишь скрытые аморалии и непонятные поступки — как природные явления вроде дождя или снега. Попытки разобраться в поведении персонажей выглядели полной безмыслием, словно пытались объяснить, почему наше небо иногда идет, а иногда гуляет по земле... Один редактор сказал мне следующее: ' ratio=39.0"
16,16,"text='Утверждалось, что в Благодатном не было ничего необычного: знаменитый бородинский дом был обычным, возможно, даже с недостатком — одна из его сторон заметно перестроена после пожара, а сад был старым и тенистым, таковы были такие сады в России; поля были широкими, лес благородным, хотя это было привычное явление. Жители оказались неплохие: они жили бедно, земель недостаточно имели, ранее переселялись и потом вернулись обратно. Во время волнений, несмотря на то что дом их не подожгли и лошади не лишили зрения, как произошло у соседа Бессонова, слухи о намерении поджечь дом стали ходить; жители вынуждены были прикрывать эти опасения, хотя они были безоснованными. Петра Николаевича, когда говорили о странностях его, утверждалось невероятное, что стыдно повторять. В итоге всех просили избегать посещений Благодатного независимо от обстоятельств: место было неблагоприятным.' ratio=37.0"
17,17,"text='Все детки обладали прекрасным здоровьем, будучи не прочь порыться на снегу ради веселья и азартности — поглощая его в полёте зимой без шубок, поедать мух, чтобы заболеть и избежать уроков гимназии, подделываться над засушенными просфорами, на которых плесень, за которыми их кормили бабушки с обещанием не страшиться грозы. Постоянно в проруби они играли, натираясь мокрыми ладонями и стонающими от холода. Только Женя из всех выделялся: после перенесённых Колей заболеваний — скарлатины и кори — он заразился дифтеритом и временно лишился зрения. Состояние налаживалось со временем, но он регулярно испытывал сильные головные боли, похожие на молниеносные стонающие стоны — между бровей и по вискам. Когда боль начиналась, Женя сильно страдал и плакал громко, почти непрерывно издавая звуки, подобные прокатившимся стенаниям. По ночам он выходил на крыши домов, срывалшись по карнизам, — подчас проводя часы в этом таинственном забвении. В детстве, когда боль рвалась наружу, Женин мальчишка укладывали рядом с мощами святых, и дома у Вареньки в иконостасе находились специальные предметы — бархатные варежки и шапочка, соприкасавшиеся с этими святыми останками. Они были использованы для чистки его лица. Иногда девочку Прасковью отправляли вместе с ним в Боголюбовский монастырь к священнику-отшельнику отцу Глебу молиться об избавлении от страданий, после чего наблюдалось некоторое облегчение его состояния. У Жени взгляд часто выглядел печальным — и он редко участвовал в драках; но если его разозлить, он действовал решительно.' ratio=39.0"
18,18,"text='Вавилен Татарский появился на свет задолго до исторического события, связанного с победой красного цвета над другим. По этой причине он оказался представителем поколения «П», хотя долгое время ничего об этом не знал. Если бы кто-то сообщил ему тогда, что впоследствии он будет копирайтером, вероятно, он сильно удивился бы настолько, что случайно пролил бы напиток «Пепси-колы» на нагретый песок пляжа. В указанный период дети обычно мечтали стать пожарниками или врачами. Даже такое простое понятие как «дизайнер», воспринималось тогда как малопонятное заимствование, временно закрепившееся в русском языке вплоть до возможного ухудшения международных отношений. Однако в те времена русский язык и повседневная жизнь были полны необычных явлений и непонятных вещей. Например, свое собственное имя «Вавилен», данное отцом, Татарскому казалось весьма необычным. Это имя было искусственно создано путем объединения фамилий писателя Василия Аксёнова и политического деятеля Владимира Ленина. Вероятно, отец Татарского представлял себе типичного приверженца идей Ленина, осознававшего важность свободной любви благодаря произведениям Аксёнова, либо эстета и поклонника джаза, внезапно убеждающегося в неизбежности победы коммунистического строя после прослушивания длинной мелодии, исполненной на саксофоне. Однако подобные взгляды разделяли не только родители Татарского: аналогичные воззрения отличали большинство советских людей периода конца пятидесятых и начала шестидесятых годов прошлого века, которые прославились созданием жанра любительской песни и запустивших в космическое пространство первый спутник Земли. Этот символизировавший собой несостоявшееся будущее период стал известен под названием «золотой век» благодаря достижениям в науке и технике, которые казались тогда безграничными.' ratio=45.0"
19,19,"text='Тверской бульвар выглядел почти как два года назад, когда я последний раз его осматривал – снова наступил февраль, пришедшие снеги скрывали улицы от света, лишь черные ветки деревьев изредка прорывались через тёмную пелену. Там же, как и прежде, сидели такие же пожилые женщины, ожидающие бездейственно; сверху среди увядших чёрных веток проникало то же мрачное небо. Однако появились новые детали: зимний ветер стучал по брусчатке снежными порциями, словно диким холодающим демоном, который мог бы перенестись из открытых просторов на встречу к нам; я бы не был удивлен, если бы встретил парочку зверёчков. Бронзовая статуя Пушкина выглядела несколько печальнее обычного – его красовалась лужица с надписью «Да здравствует первая годовщина революции»; на ней висел красный фартук, напоминающий шёпотные дни, когда слово «революция» пришло из устаревшей глагольной формы. Я бы не стал оскорблять статуэтку критикой за ошибки в названии революции и лозунге: недавно я убедился, что такие провокации могут быть опасны; я видел их в деле, когда подобные фразы были использованы неуместно.' ratio=40.0"
20,20,"text='В этот период открылась дверь, и Вощев заметил ночью работавшего косаря с чайником для группы рабочих: вода закипала на плите, которую растопили во дворе общежития; период сна завершился, наступила пора завтракать перед началом трудового дня… Деревянные сельские часы висели на стене и исправно работали благодаря силе тяжести маятника; механизм часов украшал рисунок цветка, предназначенный успокаивать любого человека, смотрящего на них. Рабочие расположились вдоль длинного стола, косарь, исполнявший обязанности повара в общежитии, разрезал хлеб и раздал каждому по кусочку, дополнительно дав каждому небольшой кусок вчерашнего холодного мяса. Рабочие приступили к еде с серьёзным настроением, воспринимая поступающую еду как необходимое действие, не испытывая удовольствия от приема пищи. Несмотря на осознание смысла жизни, что является условием абсолютного счастья, их лица выглядели мрачными и истощёнными, вместо удовлетворения жизнью они испытывали утомление. Вощев смотрел на этих печальных людей, способных сдержанно помнить об истине, и испытывал слабую надежду и страх потери; он уже чувствовал удовлетворение даже тем фактом, что правда существовала в сознании ближнего к нему человека, недавно говорившего с ним, следовательно, достаточно находиться рядом с таким человеком, чтобы обрести выносливость и работоспособность. — Пойдем вместе поедим! — пригласили Вощевым рабочие. Вощев поднялся и, ещё не уверенный окончательно в целесообразности существования окружающего мира, направился есть, ощущая неловкость и тревогу.' ratio=38.0"
21,21,"text='Машинист-наставник наблюдал, как Захар Павлович аккуратно очищал топки локомотивов, проникнувшись невесомостью металла под кропотливой его рукой. Однако он никогда не хвалил его за то, что работа машины больше зависела от внутренних свойств материалов и законов физики, нежели от знаний и мастерства человека; участие человека было минимально. Природные ресурсы, энергия и материалы позволяли людям достигать успеха без значительных усилий. Даже неумелый работник способен зажечь огонь в топке, после чего двигатель заработает само собой, а рабочий будет лишь пассивным наблюдателем. В случае дальнейшего упрощения эксплуатации техники люди потеряют ценность вследствие ненадёжности достигнутых результатов и станут бесполезны — подобно коррозии металлов. Машинам же предстоит заменить людей и получить свободу в работе, — подчеркивал наставник. Тем не менее он критиковал Захара Павловича реже остальных машинистов, поскольку последний использовал инструменты осторожно, не проявлял грубости и небрежности во время работы на локомотиве.' ratio=38.0"
22,22,"text='Городок Федор-Кузьмичск — это уныло окружённое землями и неизведанными пространствами, возвышающееся на семи холмах и окутываемое обширными полями. К северу от него тянутся густые леса — бескрайние заросли, населённые кысью — чудовищным существом, которое прячется на ветвях деревьев и издает странное рыка: кы-ысь! В этих лесах, как говорят старожилы, кысь жаждет крови. Смертельная хватка кыси сбивает человека с ног, разрывает позвоночник и кровеносный сосуд — так что потерпевший теряет рассудок. После этого человек возвращается домой уже не то, что он был прежде — его взгляд становится бессмысленным, движения беспорядочными, словно сомнамбулица. Родственники, часто ради забавы, приводят такого человека домой, имитируя прием пищи — они дают пустые тарелки и ложки, чтобы он выполнял механические движения, будто ест, хотя на дне ничего нет. Терпящий не в силах ни заботиться о себе, ни следить за гигиеной — его постоянно требуют ухода. Более того, некоторые заботливые родители или супруги отводят его в специальное помещение; если же помощи нет, он умирает от разрыва мочевого пузыря.' ratio=39.0"
23,23,"text='Вы мне симпатичны, Александрочка, особенно на фотографии, где у вас такой красивый контур лица. На другой — вы отклоняетесь головой назад и улыбаетесь, демонстриируя отличные зубы. И еще, где вы изображаете раздраженность, а рука ваша расположена на затылке так, что кружевные украшения умышленно соскользнули с вашего локтя. Моя душа привлекается вашей обыденной жизнью, прошедшей незамеченной и быстро закончившейся юностью, полной умерших поклонников и бывших супругов, последовавших друг за другом по порядку. Эти лица, встреченные вами и исчещею из вашей жизни — каждый человек, встретившийся вам и исчезнувший навсегда. Я буду регулярно посещать вас и привозить молоко и полезную для зрения морковь. Открывайте старые альбомы из темно-коричневого бархата, чтобы снова вспомнить о милых девушках-гимназистках, мужчинах средних лет с бородами и усами, о смелом мужчине по имени Иван Николаевич. Не беспокойтесь, Александра Эрнестовна! Вечером — я пошлю фотографию Ивана Николаевича, подержите ее в руках: она плоская и прохладная, слегка блестящая. Края обложки покрыты тонким слоем золота, бумага немного пожелтела. Слушайте меня внимательно — она приняла решение ехать. Теперь она точно собирается отправиться туда, прекратила колебания окончательно, и готова к встрече с вами. Пора принимать решение! Но ведь вы уже давно приняли его? Видите ли, фотография здесь — дотроньтесь до неё рукой и увидите это самому. Возьмите фотографию Ивана Николаевича: она плоская и прохладная, слегка блестящая. Края обложки покрыты тонким слоем золота, бумага немного пожелтела. Обещание поездки было ложью — неправильно утверждать, будто она отказалась. Желание возникло и вещи были заранее упакованы: легкие белые наряды аккуратно сложены внутри закрытого деревянного контейнера, футляр из кожи скрипит. На дне лежит шкатулка, расположенная вверх ногами — она полна мелкими предметами: заколоки, расчесок, тонких лент из шелковой ткани, мельчайших крупиц кристаллических камней. Джефф с запахом жасмина помещён в герметично закрытую бутылочку стекла — она может отражать лучи и создавать радугу. Готовность путешествия была обеспечена, однако что препятствовало ее осуществлению? Возможно, обычные причины: сомнения, нерешительность или просто нехватка времени. Но чаще всего это связано с устоявшимися привычками и связями — ведь на пути Александры Эрнестовны к любимому человеку лежат различные препятствия.' ratio=43.0"
24,24,"text='Он упал лицом в превращенную под его щеку пыль травы и сжал зубы от раздражения, потому что оказался неудачливым. Лежал неподвижно, рассчитывая, что опасность сама собой минует, хотя осознавал неизбежность неудачи. Температура увеличивалась, было жарко и влажно, пот струился в глазах, и лишь после этого Рэдрик громко предупредил Арчибальда: «Не двигайся! Терпи!» Сам тоже терпеливо ожидал дальнейшего развития событий. Возможно, ситуация разрешилась бы относительно удачно без существенных последствий, однако первым сдался Арчибальд. Вероятно, он либо не услышал предупреждения Рэдрика, либо настолько испугался, что позабыл правила поведения и инстинкты самосохранения, либо внезапно ощутил боль сильнее, чем Рэдрик. В результате он потерял способность контролировать себя и необдуманно бросился вперёд, пригнувшись и издавая нечленораздельный звук, движимый примитивным инстинктом самосохранения — назад, хотя именно там находиться было крайне опасно. Рэдрику удалось быстро подняться и схватить его за ногу двумя руками, вследствие чего Арчибальд всей массой тела ударился о поверхность земли, подняв облако золы, вскрикнул странным высоким голосом и резко пнул Рэдрика другой ногой прямо в лицо, начал беспорядочно извиваться и брыкаться. Несмотря на мучительную боль, Рэдрику удалось выдерживать, но всё же он не мог сдержать эмоции и громко прокричал: «Тихо лежать, негодяй! Если убью...» Он больше не мог сдерживать эмоции и издал мрачный вопль. Ночь погружала всё в темноту — зола, потемневшие лица и расплавленные одежды Рэдрика и Арчибальда.' ratio=38.0"
25,25,"text='Хотел бы я узнать итог всего происходящего — десять лет назад я был абсолютно уверен в результате, как будто над планетой моей существовала непроходимая граница, состоящая из пятидесяти километров полосы, где находились исключительно учёные и военные. Опасная область должна была быть надежно блокирована — казалось, большинство разделяло мою точку зрения. Звучали выступления и были выдвигались законопроекты, чтобы защитить людей. Теперь невозможно вспомнить, каким способом прежняя твёрдая уверенность неожиданно исчезла — одна позиция верна, но и другая также справедлива. Вероятно, процесс начался, когда сталкеры впервые принесли из опасной зоны необычные предметы, именуемые батареями, выяснилось, что данная территория представляла собой не угрозу, а кладезь ценных ресурсов. Сейчас уже никто точно не осознаёт природу этой области — люди используют ресурсы постепенно. Уже десять лет продолжаются исследования, потрачено огромное количество денег, однако эффективная система добычи пока не создана. Каждый человек ведёт собственную небольшую коммерческую деятельность — учёные авторитетно заявляют: учитывая определённые аспекты, следует принять одну позицию, одновременно признавая обоснованность противоположной точки зрения. Это происходит потому что конкретный объект после воздействия рентгеновского излучения под заданным углом испускает квазитепловые электроны — и это не важно. Всё равно я не смогу дожить до завершения ситуации.' ratio=38.0"
26,26,"text='С самого начала дня возникли проблемы: прекратилась работа интернета. Сонный Матвей сел в компьютерное кресло и коснулся клавиш клавиатуры почти случайно, обнаружив неприятную новость: соединение отсутствует. Позвонив своему поставщику услуг, он получил следующий ответ: — Произошла авария на магистральной линии связи. Вероятно, неполадка будет устранена примерно за двадцать четыре часа.' ratio=38.0"
27,27,"text='Открыв дверь салона красоты, Лена замерла, увидев студентку Марину, погруженную в одежду рабочего халата. Ее ноги ослабели до такой степени, что она едва не рухнула на пол. Она снова допустила ошибку: вместо пятницы — настоящий рабочий день для всех остальных студентов. И из-за этой непонятной ошибки Лена лишилась работы сегодня и зарплаты. Вот как обстояло дело: уборка в салоне осуществлялась Мариной, тогда как Лена выполняла эту работу по вторникам и пятницам. ' ratio=38.0"
28,28,"text='Артем медленно поднялся с места возле костра, перекручивая оружие со спины на грудь, и направился в темноту. Остановившись у границы освещаемой зоны, он громко щёлкнул затвором автомата и хрипло прокричал: – Стойте! Назовите пароль! Из тьмы, где несколько минут назад слышались необычные шумы и приглушённые голоса, послышались быстрые шаги. Кто-то поспешно удалялся глубже в туннель, испуганный резким голосом Артема и звуками его оружия. Артем быстро вернулся к костру и сказал Петру Андреевичу: – Нет, мне действительно не показалось. Человек не назвал себя и убежал. Ты глупец! Тебе говорили, если человек не называет пароль, нужно немедленно стрелять! Откуда тебе известно, кем был этот человек? Возможно, это были враждебные люди, приближающиеся скрытно! – Нет… Мне кажется, это вовсе не люди… Шумы были очень необычными… И шаги звучали совсем иначе. Разве я не способен отличить человеческие шаги? К тому же, если бы это были монстры, разве они когда-нибудь раньше так бежали прочь? Ведь вы сами прекрасно осведомлены, Пётр Андреевич, что в последнее время монстры сразу атакуют открыто — некоторые нападения совершались безоружными, другие шли прямо к пулемету, не скрываясь. Но этот незнакомец сразу сбежал… Похоже, он боялся.' ratio=38.0"
29,29,"text='На третий Транспортный кольцо Медленно струился поток миллионов машин, пронизанного ярким дневным светом освещённых фар. Пыль от их колес висела в воздухе, словно таинственные тени, а город выглядел живым и полным событий. Илья испытывал неистовый жажда к прикосновению ко всему окружающему — желание провести рукой по предметам, будто они обладали сверхъестественной силой. Семь лет он мечтал о слиянии с Москвой, как волшебный момент привидения, когда ты наконец погружаешься в её мир. — Мне нужно добраться до Лобни. Такие дороги редкость для нас, и каждая из них словно поэтическая метафора перехода.' ratio=39.0"
30,30,"text='В помещении Алексей Кириллович поставил чашку на стол, покрытый множеством листов бумаги, расположился в кресле, поместил перед собой стопку печатных страниц и начал пролистывать их. — Да... вот оно... верно... точно! Определим операцию умножения согласно таблице номер три... нейтральный элемент относительно... относительно... но, дорогой друг, это абсолютно совпадает с работой Юрковского. Безусловно, поскольку поле упорядоченно, множество базисов можно разделить на две части — зачем он вновь раскрывает общеизвестные сведения? Далее. Подобная матрица задаёт преобразование одного n-мерного векторного пространства в другое. Что дальше? Эта информация известна давно, это всего лишь утверждение о разложении матрицы! Шутник.' ratio=37.0"
31,31,"text='То, что случилось дальше, было поистине изумительным зрелищем: крупный работник скотного двора вышел из компании бойцов — лицо у него было широкое и необычно крепкое. Он сбросил верхнюю одежду и надел перчатки, затем вытер нос своей грязной ладонью. Мы ждали именно такого поворота событий: Погода Сиволай тоже изгнал свою черную кафтановую куртку, а также шапку с меховой отделкой, расстегнул парчовое верхнее платье. Его руки были обтянуты красной тканью — такая же окраска как и его лицо. Вместе с этим он подмигивал мне издалека и выезжал вперёд, не теряя ни мгновения времени. В кулачных боях Погода демонстриционно уступал противнику — хотя на первый взгляд казалось что-то совсем другое. Словно в шутку он открыл свой черный кафтан, расстегнул парчу и покинул место для сражений, оставив его себе. И всё же, по сути, он значительно превосходил своего оппонента: высокий рост, широкие плечи, крепкий костяк, быстрый телодвижения и проворенность — вот что отличало его от остальных. Для того чтобы нанести удар по лицу его противнику было крайне трудно; а получить от него какой-либо удара было на удивление легко.' ratio=53.0"
32,32,"text='Привет, Алёна, моя взрослая дочь. Я полагаю, что важнейшее в жизни — это чувство любви. Однако почему мне выпали такие испытания? Ведь я очень сильно любила свою дочь! Сейчас моя жизнь погружена в тенистый шале, несмотря на то, что я выгляжу младше, как девушка-подросток. Однажды незнакомый мужчина принял меня сзади за молодую девушку, когда спросил дорогу: ' ratio=38.0"
33,33,"text='Это случилось давно — когда я родила двух детей за два года подряд. Это был мой очередной неразумный выбор, когда молодой женщине в двадцать девять лет с коротко стриженными черными волосами предстояло участвовать в археологической экспедиции, где мы совершали множество беззаботных поступков. Вначале наши пути были неприметны: я, ребенок и он рассматривали ржавый осколок за камнем. Он спросил нас: «Мальчики, что вы тут делаете?» Когда я взглянула на него — удивление на его лице было очевидно. Так началась наша история — счастье ночью и днем, когда я работала поэтом после педагогического института, а затем была уволена из газеты за роман с женатым мужчиной-художником, у которого уже было трое детей, которых я мечтала воспитывать сама. Глупая женщина! — оскорбительный приговор от жены художника, который быстро пришла на выручку своей матери и сообщила об этом главному редактору, после чего получил трёхкомнатную квартиру в центре города. Вместе с матерью своего супруга она устроилась тут же, а я оставалась жить с любовником, несмотря на недовольство матери, которая осуждала его за то, что он живёт под моё имя и в мою собственность. После чего я отправилась добровольцем в археологическую экспедицию, результатом которой стали мои дети Андрей и Алёна, теперь снова вместе с мамой, настойчиво требующей от них ответственного отношения к жизни. Мы пожили несколько месяцев, осознавая реальность ситуации: муж в Куйбышеве переживал болезненный бракоразводный процесс, его жена приходила посмотреть на беременную меня — именно так она оценила ситуацию, предполагая важный разговор. Это было время, когда я была в полном раздрае: воспитывала детей с мужем и любовником под одной крышей, а также должна была бороться за свою собственность и убеждать родных о том, что мой выбор был абсолютно правильным.' ratio=39.0"
34,34,"text='Наступление продолжалось третий день, и начало его было неопределенным. В течение всего дня впереди постоянно раздавалась стрельба — как будто душа земли дышала кровью. Наши колонны периодически останавливались, направляя во всех направлениях разведывательные группы — словно хвосты танка, которые ищут нору в темноте. Поэтому мы испытывали особую радость, когда увидели пехотинцев, вышедших из леса, которых не видели уже несколько суток — как будто обещанный сюрпри после долгого ожидания. Выяснилось, что двигаясь с северного направления, наша группа объединилась с подразделениями, наступающими с южного направления — словно два полумесяца скрещивались в небе. Бесконечные подразделения пехоты последовательно подходили друг за другом и вскоре исчезали между небольшими лесочками и возвышенностями — как будто мелодия звука теряла свои ритмы. Их появление свидетельствовало о завершении преследования врага — как если бы унылое плещение воды прекратилось после долгого литья.' ratio=25.0"
35,35,"text='Одесса приет странное впечатление у северян. Она напоминает иностранный городок, охваченный влиянием России. Здесь — большие кафе, где встречаются образованные коммивояжеры. По вечерам люди прогуливаются по улице Дерибасовской. Атмосфера напоминает парижский бульвар Сен-Мишель. Привычный одесский диалект содержит необычные произношения, нестандартные формы падежных окончаний и редкие слова. Этот способ речи отражает психологию города: детские надежды на ловкость и стремления добиться успеха любыми способами. Когда я печатал визитные карточки в типографии, заметил свежевышедшую одесскую вечернюю газету, издаваемую тут же. Открыв газету, обнаружил стихотворение Сергея Городецкого — изменения лишь в одной строке, которое было опубликовано анонимно. Об этом сообщила типография: автор — начинающий поэт, выдавший произведение за собственный творчество.' ratio=43.0"
36,36,"text='Я доверяю тем людям, которые подают светлый лик другим, в то время как я привыкла воспринимать их с другой стороны иначе, и вот причины такого доверия: я могла лишь замечать одно его достоинство (самое важное) – поскольку я была посторонним человеком, вероятно недостаточно понятной двадцатилетней женщиной иностранного происхождения; кроме того, мне пришлось увидеть значительное изменение в нем, когда мы вновь встретились в 1911 году. Его внешность стала более мрачной и истощенной, словно отражением внутреннего горя и потери. В десятом году я видела его крайне редко, всего несколько раз, однако он продолжал писать стихи каждую зиму, нередко отправляя их мне в качестве подарка или заступничества — хотя сам по себе не считал это необходимым.' ratio=62.0"
37,37,"text='Вид города, как будто потряс меня до глубин души, и я захватила его сюжет для своего рассказа. Примерно тогда же появились «Три сирени» и «В гостях у смерти». Написание прозы представлялось мне одновременно загадочным магнитом, привлекавшим к себе настолько, что казалось будто каждое слово втягивает тебя внутрь истории. Поэтическое творчество я понимала изначально хорошо, однако написание прозы выглядело для меня неведомым морем. Мой первый прозаический опыт был высоко оценён окружающими, но сама я этому не доверяла. Я пригласила Зощенко посмотреть мою работу: он рекомендовал исключить некоторые части и одобрил остальное, что вызвало мое удовлетворение. После ареста сына я уничтожила этот текст вместе с материалами своего архива.' ratio=42.0"
38,38,"text='Парень только так подумал, девушка сразу обернулась. В ее взгляде горел веселый огонек, улыбка на губах не была обычной искренностью — скорее это был полушутливо-наивный призыв: — Что ты, Степан Петрович? Смотришь на девушку бесплатно? За такое удовольствие надо платить. Подойди ближе, давай поговорим немного. Парень испугался, конечно, но не выдавал себя ни при каком обличье — держался уверенно и крепко. Хотя девушка была загадочной и сильной женщиной, она всего лишь женщина. А парню неловко было проявлять робость перед девушкой, поэтому он ответил: — Нет времени общаться. Мы уже проснулись позже положенного, теперь идём искать нужную траву. Девушка снова рассмеялась, и в ее глазах отразились смех и надежда: — Перестань притворяться. Я серьезно говорю — подойди сюда, есть важное дело.' ratio=38.0"
39,39,"text='Не взяли его на заводскую работу — слишком он был слабым, сил у него не хватило даже на одну неделю. Приказчик отправил его помощником пастуха. Но и здесь Данилко оказался неподходящим работником: старательный мальчишка допускал ошибки — часто задумывался над чем-то своим, увидит какую-нибудь травинку и будет в неописуемой растяжке взглядом. Коровы же пасутся дальше — уставший старый пастух был добрым человеком, жалел сироту. Но иногда сердился:— Что же получится из тебя, Данилко? Себя и отстанешь, заставишь всех расхлёбывать твои промахи. Как такое допустимо? О чём думаешь вообще? — Сам погубишь свою жизнь, и приходится мне отвечать за всё! — Взъерошь ещё раз:— Ты совсем глупый, Данилко? Разве тебе нужно изучать насекомых? Пусть ползёт дальше, а твоя обязанность следить за стадом. Предупреждаю, прекрати эти пустяки — иначе расскажу обо всём приказчику!— Сам не понимаю, дедушка… Просто смотрел немного: маленькую букашку на листочке ползущую. Она сама была синенькая, а снизу — желтые пятнышки видны, лист огромный — края острые, похожи на узор. Здесь же лист казался тёмным, а в середине ярко-зелёным, словно недавно покрасили…— Ты совсем глупый, Данилко? Разве тебе нужно изучать насекомых? Пусть ползёт дальше — а твоя обязанность следить за стадом. Предупреждаю: прекрати эти пустяки — иначе расскажу обо всём приказчику!— Вот одно занятие Даниле удалось: научиться играть на рожке лучше старого пастуха. Получалось почти профессионально. Вечером после возвращения стада девушка просила сыграть песню, и он начинал играть мелодию. Песни были необычные — наподобие шума леса, журчания ручья или птичьего щебета. Женщины полюбили эти песни — стали помогать Даниле: чинить одежду, отрезать ткань на портянки, шить новые рубашки. За едой разговоров не возникало — каждая старалась угостить повкуснее и побольше. Пастух-старик также любил песни Данилы. Однако и тут случались неприятности: начинал он играть музыку — и забывал обо всём вокруг, словно коровы исчезли. Именно во время игры произошла беда.' ratio=65.0"
40,40,"text='В хату зашла крупная рыжеватая собака с черной полосой вдоль спины, чёрные полосы изгибалась, словно оправа очков. От этого её глаза выглядели крупными — как будто она задавала вопрос: «Почему ты зовёшь меня хозяин?» Антипыч осмотрелся и понял намерение человека: он приглашал её исключительно ради дружеского общения, забавы, игры. Травка начинала энергично махать хвостом — словно она подстраховывала свой путь, чтобы упасть вплотную к коленам старика и устроиться на спину. Даже когда Антипыч лишь вытянул руку, чтобы почесать её белый живот с двенадцатью тёмными сосками, она внезапно встрепенулась, лизая его в разные части лица: в нос, щёки и губы. — Хватит, хватит, — произнёс он, учиняясь над животным и стирая слюну рукавом. Затем добавил: — Достаточно, возвращайся обратно. Собака развернулась и ушла во двор. — Так-то вот, ребята, — проговорил Антипыч. — Это Травка, охотничья собака, ей достаточно одного указания для понимания смысла, тогда как вы, неразумные, задаёте вопросы типа: «Где находится истина?» Хорошо, приезжайте сюда. Но если пропустите нужный момент, я расскажу обо всём Травке.' ratio=25.0"
41,41,"text='Человек, никогда не видевший, как растет клюква, может пройти огромное расстояние по болоту без осознания её презрительной присутствия среди мхи и лишайников. Например, черника смотрится так: тонкий стебель поднимается вертикально вверх, за ним расположены маленькие зелёные листья, похожие на крылья, а вот на концах этих листьев — мелкие чёрные ягоды покрытые серым пухом. Брусника отличается густыми красными плодами и тёмно-зелеными листьями, сохраняющими цвет даже зимой; часто эти ягоды настолько многочисленны, что поверхность земли выглядит окрашенной кровью. Ещё один типичный обитатель болот – голубика, обладающая крупными синими плодами, растущими группами. Иногда встречается костяника — красновато-рубиновые плоды, расположенные гроздьями. Однако единственная ягода, которую сложно заметить сразу, – это весенняя клюква. Она скрываетсь между комочками почвы и практически незаметна снаружи до тех пор, пока на небольшом участке не скопится значительное количество ягод. Тогда сверху видно нечто вроде случайно разбросанных красных точек. Когда человек наклоняется, чтобы сорвать одну ягоду, он обнаруживает, что она соединена тонкой нитью с целой группой аналогичных плодов. Можно аккуратно извлечь из почвы длинную цепочку крупных ярко-красных ягод.' ratio=48.0"
42,42,"text=""События начались с обычной прогулки по берегу, медленно превращаясь в интересное расследование. Наша героиня — 48-летняя жительница Новой Зеландии Нейша Ринд, вместе со своим сыном Кеем десяти лет, гуляли по пляжу Ocean Beach в городе-курорте Тайруа. Серферы давно регулярно посещали этот участок побережья на восточном берегу полуострова Коромандел, однако тот день стал отличным случаем для необычной находки, гораздо более ценной, чем хорошая волна. Находка оказалась среди множества обломков древесины и морских отходов, которые приливы выбрасывают на берег. Кея заметил необычный предмет, который семья приняла за покрытый водорослями камень или кирпич до очистки. После удаления слоев ракушек и соли выяснилось, что это была стандартная бутылка объемом один литр из-под виски Jack Daniel's. Внутри находился аккуратно скомканый бумажный лист."" ratio=39.0"
43,43,"text='После того как Игорь Краснов был утвержден председателем Верховного Суда Российской Федерации, многие российские судьи пришли в изнеможение по причине обвинений в коррупции и вынесения некорректных судебных решений. Подтверждают эти слухи аналитики агентства РИА Новости. Сообщается, что первым шагом стала увольнительная мера против судьи Виктора Мамотова, чья полномочия были прекращены решением Верховного суда. Из его собственности было изъято девятьдесят семь объектов стоимостью около девяти миллиардов рублей. Журналисты подчеркивают, что за шесть месяцев с должностей судей были уволены несколько десятков человек в разных уголках страны. Напомним, ранее президент России Владимир Путин предложил Совету Федерации кандидатуру генерального прокурора Игоря Краснова для избрания на пост председателя Верховного суда. Должность руководителя Генеральной прокуратуры занял Александр Гуцан, являющийся полномочным представителем президента Российской Федерации в Северо-Западном федеральном округе. В свою очередь Игорь Краснов подчеркнул, что судебное решение не должно служить благословением для мошенничества: ' ratio=51.0"
44,44,"text='Ученые разработали биопленку, как будто она была сотворена из живых клеток: не позволяющей воздуху и водяному пару проникнуть внутрь. Через месяц после использования такой упаковки все то, что в ней было заморожено или постное, уже стало быстрым добытом природы — переставая существовать. В мире сегодня полным ходом используется пластик, который через некоторое время после утилизации оказывается на свалках и даже погружается в океаны, где его разложение требует веков. Это представляет собой серьёзную экологическую проблему. Ученые стремятся создавать пленки из биосовместимых материалов, которые природой сами будут восстановляться. Обычно такие упаковки недостаточно эффективно защищают продукты от воздействия влаги и воздуха, однако без такой защиты невозможно обеспечить сохранность продуктов. Специалисты из Технологического института штата Джорджия предложили решение проблемы: создать биопленку, состоящую из элементов, выращиваемых в садах и лесах, а также остающихся на кухонных столах после приготовления пищи. Для этих целей использовались такие компоненты, как основной структурный компонент растительных тканей — целлюлоза, плавящийся в раковинах — хитозан, а также выделяемая из цитрусовых фруктов — лимонная кислота. Эти элементы при обработке преобразуются в тонкий слой пленки. Полученная таким образом биопленка не допускает проникновения воздуха и водяного пара, а также быстро разлагается под воздействием окружающей среды. Процитировав слова профессора Карсона Мередита, ресурс innovanews.ru отметил, что эта пленка иногда оказывается эффективнее обычных пластиковых упаковочных материалов для защиты продуктов от порчи. Тем не менее, для полного разложения она требует определённых условий: определённой температуры, уровня влажности и наличия микроорганизмов. На обычных свалках биопленка остается неизменной столько же времени, сколько и обычная пластиковая упаковка. В настоящее время разработка существует лишь в виде лабораторного образца, пригодного исключительно для опытов. Для создания реальной упаковки из такого материала потребуется добавление пластификатора, чтобы обеспечить достаточную гибкость при сгибании.' ratio=38.0"
45,45,"text='Эксперты утверждают, что у кошек столь же острое обоняние, как бы оно не выражалось в двадцатикастенных разницах с человеческим. Они непостижимым образом способны воспринимать ультразвуковые сигналы и видеть мельчайшие изменения окружающего мира даже через туман, создаваемый эмоциональными порывами хозяина. Каждое вздохение, каждая тревожная интонация — все это они переносят на позитивный фронтир, который у них включает и голос владельца, и жесты его тела, а также дыхание и движения его глаз. Это делает их не просто наблюдателями, но и эмпатичными зеркалами, отражающими внутренний мир человека. Впрочем, кошки предпочитают не ломать голову над диагнозами, а просто реагировать на изменения в поведении хозяина. Вот почему они неумолимо расползаются по всему телу владельца при полномочных хирургов тепла: когда область их добра становится слишком горячей и светится жаркой пылью, они стремятся к теплу, ощущаемому как дополнительный источник в теперешнем мире. Это не является медицинским чудом, но лишь указывает на их способность распознавать близость к созиданию — к тому месту, где потоки крови и эмоции текут беспрепятственно. Вместо этого кошки предпочитают выдавать себя за приположительных диагностикировщиц, не обучающихся на специальных курсах по инкапсуляции запаха онкоматоза у людей. По большей части их деятельность сводится к тому, чтобы ослабить уровень стресса и тревоги хозяев, создавая неповторимый мир гармонии, где каждое прикосновение вызывает радость.' ratio=39.0"
46,46,"text='Эволюционные пути большинства современных сортов данной бактерии разошлись примерно пять тысяч лет назад — в неолитическое время, когда население становилось все более постоянным и начало активнее взаимодействовать между собой. Такое положение дел могло привести к расширению их ареала распространения и увеличению разнообразия патогенных микроорганизмов, передаваемых преимущественно через капельную инфекцию и контакт. Стрептококк стрептококкус пирогенес был обнаружен в останках людей, живших в Европе и Африе около четырех тысяч лет назад — именно тогда, когда население там стало всё более оседлым. Некоторый штамм этого микроорганизма мог выделиться ещё раньше — примерно десять тысяч лет тому назад, когда в Южную Америку проникло несколько сотен предков современного населения, переселившихся из Сибири и преодолевших Берингов пролив. Впоследствии эти мигранты начали постепенно заселять территорию Северной Америки и затем — Южную. До изобретения современных антибактериальных препаратов скарлатина служила одной из самых серьёзных причин смерти детей, а также их инвалидизации, часто приводя к потере зрения и слуховых функций. В то время как учёные только начинали осознавать бактериальную природу заболевания — его симптоматику часто подвергали ошибочному диагнозу натуральной оспы, коревой краснухи или дифтерии, что было характерно для инфекций, ассоциировавшихся с колонизацией новых территорий. Учёные считают, однако, что данная точка зрения чрезмерно упрощённой и, возможно, даже ошибочной. Имеется вероятность, что не только пиогенные стрептококки, но и множество других микроорганизмов, вызывающих инфекционные заболевания, существовали в Америке очень早就 и значительно раньше прибытия европейцев туда. Эти данные подтверждают результаты последних научных исследований, посвящённых возбудителям сифилиса и лепры.' ratio=40.0"
47,47,"text='Инженеры из Ирбитского завода мотоциклов были поручены создать образец двухколесника, способного выдавать скорость в 150 км/ч без сопровождения коляски и лишь на 120 км/ч при ее наличии. Такие достижения были весьма редкими для советских мотоциклов середины ХХ века. Разработка нового экземпляра проходила под тщательным шифрованием, что обусловило ограничение доступных ресурсов. Первые прототипы были созданы в 1963 году и, хотя внешний вид оставался типичным для «Урала», его технические характеристики значительно усовершенствовались: объём двигателя увеличился до 1040 куб.см, а мощность выросла до 50 лошадиных сил. Для обеспечения более эффективного воздушно-транспортного эффекта была установлена специальная защитная решетка на корпусе. Однако максимальная скорость новинки не превышала предела в 130–132 км/ч из-за недостаточности производственных мощностей и нерегулярных поставок уникальных деталей, что делало ее эксплуатацию трудной и сложной. При этом достигнутый результат впечатлил окружающих — несмотря на неудачи при достижении максимальной скорости, проект был значительным достижением в истории советского мотопрома.' ratio=40.0"
48,48,"text='Комплектующие и внутренние элементы конструкции модели Truckster обеспечивают насыщенность звука и высокий уровень стабильности строя, как будто каждый агрегат винтоманенелюке. Главный материал — красное дерево для корпуса, кленовый топ и вклеенный гриф из махагони, обеспечивающие мощность резонанса и продолжительное звучание, которое высоко ценится музыкантами жанра рок, как будто это сердце инструмента. Конструктивное решение с вклеенным грифом и установленными активными звукоснимателями EMG делает инструмент надежным на сцене, позволяя получить чистый, мощный звук без посторонних шумов — как будто музыкант играет в ансамбле и не мешается. Инструменты, подписанные Хэтфилдом, известны высоким качеством изготовления и надежностью комплектующих, как будто каждую деталь пришито к рукам мастера-ремесленника. Такие комплекты редко встречаются в регионах, поскольку большинство инструментов серии ESP японского производства приобретают коллекционеры через специализированные международные торги. Фактические сведения о модели ESP Truckster: пятый инструмент для Хэтфилда — модель Truckster стала пятой подписной моделью, выпущенной ESP специально для Хэтфилда, базой послужил корпус модели ESP Eclipse, внешне схожий с известной гитарой Gibson Les Paul. Дизайн автомобиля: увлекающийся кастомными машинами и хот-родами Хэтфилд попросил разработчиков сделать новый инструмент в виде автомобиля с серым матовым покрытием, как будто его не успели полностью покрасить — именно такой слегка поврежденный внешний вид стал отличительной чертой этой модели — без лакового покрытия и блестящей отделки. Фальшивый переключатель: тумблер сверху корпуса предназначен лишь для визуального соответствия винтажному стилю, рабочая функциональность — регулировка осуществляется с помощью нижнего переключателя. Многоуровневое покрытие: для достижения эффекта состаренного внешнего вида на производстве ESP наносят несколько слоев краски (серого, черного и белого цветов), после чего покрытие частично стирается вручную — это придает каждому инструменту индивидуальность, даже два экземпляра из одной производственной партии выглядят по-разному, как будто каждый инструмент уникален и в каждом своем шраме хранит историю мастерства.' ratio=41.0"
49,49,
50,50,"text='Продуктом, обречённым на критику со стороны диетологов, стал обыкновенный или мангольд — свёкла, в своё время использовавшийся преимущественно для придания цвета блюдам, таких как винегрет и борщ. В настоящее время в Европе стали популярны различные блюда из свёклы и её листьев, которые обладают полезными свойствами: высоким содержанием железа, витамина C и йода, приятным вкусом и отсутствием горечи. Светланой Бережной, врач-диетолог, было установлено, что бетаин, содержащийся в свёкле, играет важную роль в снижении веса: он препятствует накоплению излишних жиров и улучшает усвоение полноценного белка. В соке свёклы присутствуют ферменты, улучшающие водно-солевой баланс организма и имеющие лёгкое мочегонное действие, что особенно полезно для людей малоподвижных и склонных к отекам. Чтобы избавиться от двух-трех килограммов, достаточно нормализовать водно-солевой обмен, предотвращая скопление избыточной жидкости в тканях. Свёкла также богата клетчаткой и веществами, активизирующими деятельность кишечника и желчного пузыря, а её слабительное воздействие позволяет легко выполнить разгрузочный день. Для проведения такого дня одной отваренной свёклы вполне достаточно — она не вызывает ни унывания, ни тоски. Из свёклы можно приготовить большое количество недорогих и вкусных блюд; в сто граммов этой продукции приходится всего сорок калорий, что делает её отличным выбором для диетического питания. Свёкла сочетается идеально с селёдкой и зеленью, но менее хорошо со сладкими и копчёными продуктами.' ratio=38.0"
51,51,"text='Росреестр Санкт-Петербурга представил отчет за первый квартал 2026 года, где начальный этап нового года оказался на удивление разнообразным для рынка недвижимости: увеличилось количество ипотечных кредитов и договоров долевого участия, но сделок на вторичном рынке практически не наблюдалось. Наиболее активно развивался сектор ипотеки — в период января-марта 2026 года в Санкт-Петербурге зарегистрировано 28 346 ипотечных договоров, что на 14% превышает показатели аналогичного периода предыдущего года (24 943 договора). Увеличение числа ипотечных займов свидетельствует о том, что покупатели продолжают приобретать жилье, несмотря на высокие процентные ставки и ограниченный спрос. На первичном рынке также отмечен рост — согласно предоставленным Росреестром Санкт-Петербурга сведениям, в первом квартале 2026 года заключено 10 299 договоров долевого строительства, что составляет увеличение на 10% относительно первого квартала 2025 года (9366 договоров). Однако общий объем сделок купли-продажи жилых объектов увеличился незначительно: разница между количеством зарегистрированных прав собственности на основе договоров купли-продажи и обмена составила всего 257 единиц — в первом квартале 2026 года права на 21 890 объектов, годом ранее — на 21 633. Напоминаем: в январе текущего года количество заключенных договоров долевого участия в строительстве увеличилось почти в полтора раза. Количество договоров долевого участия за январь 2026 года достигло показателя 4262, увеличившись на 57 договоров по сравнению с аналогичным периодом прошлого года (2707 договоров). За январь-февраль 2026 года в Санкт-Петербурге зарегистрировано 8601 ипотечный договор, в то время как за январь прошлого года — 6664. ' ratio=39.0"
52,52,"text='В то время как государство сократило льготную ипотеку, способствовавшую развитию сектора индивидуального жилищного строительства, многие компании, одновременно возведя несколько объектов, столкнулись с финансово-политическими преградами и были вынуждены прекратить свою деятельность. В качестве примера можно привести Генерального директора компании «Загородная недвижимость Урала» Александра Свитенькова, который сообщил: в Екатеринбурге из более чем тысячи предприятий, ранее активно работающих в сегменте индивидуального жилищного строительства (ИЖС), сегодня продолжают функционировать и получают доступ к проектному финансированию лишь около 40. Сегодня средства банковских кредитов (примерно от пятидесяти до ста миллионов рублей) не могут обеспечить предыдущие объемы строительства.' ratio=38.0"
53,53,"text='Угроза квантовых технологий разделила сообщество пользователей биткоина на две группировки: тех, кто решил добровольно переключиться на защищённые механизмы, и тех, кто выступил с идеей принудительного ограничения обращения наиболее уязвимых активов. Среди разработчиков впервые появился серьёзный идейный конфликт из-за вопроса безопасности сети от возможных квантовых угроз. Адам Бэк, руководитель компании Blockstream, обратился с предложением перейти на новые защищённые механизмы, предлагая пользователям стать участниками добровольного перехода. Джеймсон Лопп, разработчик и основатель проекта Casa, выступил со своей инициативой ограничить обращение миллионов биткоинов, включая активы Сатоши Накамото.' ratio=38.0"
54,54,"text='Семь знаменитых сталинских башен привлекает внимание жителей Москвы, российских и зарубежных туристов. Во время экскурсии по столице с ее семью холмами увлекательно рассказывают о том, как трудились архитекторы и рабочие, сотрудничали властные структуры, особенности оформления парков и фонтанов, а также об особенностях установки датчика Гейгера. По словам руководителя туристической компании ' ratio=35.0"
55,55,"text='На круглом столе на тему «Кадры для роботизации: как подготовить инженеров будущего» председатель партии «Новые люди» Алексей Нечаев сразу приступил к обсуждению конкретных вопросов и начал с разработки системы распознавания лиц. Он отметил, что несмотря на известную поговорку: ' ratio=27.0"
56,56,"text='Адриан Лахдо — юный футболист шведского происхождения, признанный центральным защитником футбольной команд. Назначенный в возрасте 18 лет и выступающий за сборную команду своих земляков, он уже был лидером подростковой сборной и сейчас играет ключевую роль в составе молодёжной национальной армии. Впрочем, его опыт игры в профессиональном клубе «Хаммарбю» пока не слишком обширен — всего около двадцати матчей за основной состав команд и несколько встреч с вторым дивизионом. За сезон 2025 он провёл значительное количество игр как за основной состав, так и за его подотчётные команды. Ввиду таких показателей, специалисты «Комо» — итальянского футбольного клуба, известных своей традицией заключения контрактов с молодыми европейскими игроками, — не могли обойти его стороной, хотя бы лишь для того чтобы привлечь внимание. Отметим, что в сравнении с предыдущей ценностью футболиста (один миллион евро) стоимость перехода достигла двенадцати миллионов. Что же касается Кадера Мейте — юного шведского форварда, условная цена которого была определена в десять миллионов евро. В своём переходе он не удивляет из-за приюридической традиции покупки игроков саудовскими клубами, где фанаты и болельщики приветствуют такие сделки. За юношу были проведены тренировки в футбольной академии французского клуба «Ренн» с пятнадцатилетнего возраста, и он постепенно продвигался от младших команд до первой команды. При этом его мастерство выявлялось не только за основной составом клуба, но и в роли нападающего: эффективность, дисциплина, техника контроля мяча на уровне корпуса и устойчивость к давлению соперников — всё это стало достоянием форварда. Кроме того, его навыки поддержания игровой хода заметно повышались ежемесячно. По результатам этого процесса он уже начинал выступления за молодёжную сборную Франции до 21 года. Специалисты «Комо» заметили в юноше потенциал и готовы к нему были заплатить, несмотря на то, что условия профессионального роста в саудовском клубе «Аль-Хиляль» предстают менее благоприятными. Видимо, молодому игроку пришла пора отвлечься от возможностей дальнейшего спортивного роста и обратить внимание на финансовые выгоды.' ratio=38.0"
57,57,"text='Исследование рынка игровых консолей, проведённое компанией DFC Intelligence и опубликованное изданием VentureBeat, поразительно обрисовало будущее отрасли. По мнению экспертов, новая модель Nintendo Switch 2 способна установить лидерские позиции на рынке анализируемых данных указывают, что в течение ближайших двух лет именно эта консоль будет наиболее востребованной у потребителей. Эта тенденция объясняется двумя ключевыми факторами: повышением интереса пользователей к персональным компьютерам и запуском эксклюзивных видеоигр, которые являются прямым конкурентом для Nintendo Switch. Эксперты прогнозируют, что новинка будет иметь отличные рыночные перспективы благодаря громадному спросу на компактные игровые устройства в мире. Оригинальная модель Nintendo Switch выделяется среди основных конкурентов — компаний Sony и Microsoft. Важно отметить, что у неё нет аналогичных компактных моделей схожего уровня. Специалисты также обратили внимание на высокое качество программного обеспечения, разработанного специально для Nintendo Switch: более 80% игр для этой платформы создаются непосредственно компанией либо её подконтрольными студиями. Противопоставляется примерно 85% игр для PlayStation, созданных независимыми разработчиками. Авторы исследования также отметили высокий уровень привлекательности Nintendo Switch среди пользователей персональных компьютеров: согласно опубликованным данным, у 44% владельцев ПК есть консоль Nintendo.' ratio=38.0"
58,58,"text='Исторические локации и новые проекты: Компания «Балтийская коммерция» купила участок площадью примерно 5,5 тыс. м² на Новгородской улице, 14 весной 2024 года. До этого в этом месте находился бизнес-центр класса С, а рядом был построен жилой комплекс «Форсайт», принадлежащий той же компании. Компания «Балтийская коммерция» занимается строительством на историческом центре Санкт-Петербурга с конца 90-х годов. Последние реализованные проекты включали реконструкцию советского лицея на пр. Представителя Римского-Корсакова и строительство премиального жилого квартала возле станции метро «Чкаловская». Район Песков считается одним из наиболее престижных районов города, однако после 2010 года здесь начали появляться не только элитные новостройки, но и бизнес-класса. Жители района ценят спокойствие и отсутствие шумной туристической активности: район ещё содержит промышленные зоны, доставшиеся городу от ранее расположенной промзоны. Эксперты подчеркивают, что здесь находятся процветающие рынки элитного жилья и перспективы развития. С начала 2024 года в центральной части города появились два новых жилых комплекса общей вместимостью 448 квартир: премиальный «Моисеенко 10» и объект бизнес-класса N8. Кроме того, реализуется ряд других проектов, среди которых ЖК ПСК и реконструкция Мытного двора. Свободных земельных участков для нового строительства в центре практически не осталось: спрос на элитное жильё остаётся высоким. Брокеры указывают, что единичные свободные участки ещё сохраняются в районе площади Возрождения и улицы Черняховского. Основной потенциал для расширения центра находится между Синопской набережной и Новгородской улицей: компания «ТГК-1» планирует реализовать крупный проект редевелопмента Центрального теплового энергетического комплекса. Проект предполагает создание общественного пространства, связанного с городской застройкой и набережной. Уже одобрен первый этап, включающий зону отдыха и заведения общественного питания.' ratio=38.0"
59,59,"text='В мире три основные команды претендуют на звание чемпионов – и вот мы уже на пороге этого титула. Сборная Швейцарии, как рояльный жемчуг среди хоккеистов, стягивает все лучшие сапожки своего родного королевства в грядущий финал. Эта команда уже несколько лет пытается пробиться в шахматы величины мира, и на предстоящем турнире она будет играть почти всем известными мальчикам Швейцарии. Даже если учесть преимущество игры на льду, как будто ты держишься за балансир в подобной ситуации, шансы ставить копилку все равно высокие.' ratio=40.0"
60,60,"text='Бычья акула — образчик абсолютной агрессивности. У белого вида вы уже определили всю необходимую информацию. Однако ни один из этих опасных существ не кроется в черном море, при условии его наличия там. Даже с учетом возможностей этого таинственного оазиса. Итак, проникновение бычьих акул в Черное море неизбежно исключено — их патологическая любовь к теплу не позволяет им там обитать. К тому же, как вы уже знаете, и белые акулы предпочитают острые условия более комфортным для себя водам. Причины этого налицо: морская температура в Черном море обычно низкая, особенно зимой, что приводит к избеганию холодных сред от многих видов акул. Отсутствие в Черном море большого количества рыбы также является причиной, так как многие хищники не могут существовать без запаса пищи. Низкая соленость воды и ее бедная концентрация сероводорода — еще одна причина отсутствия акул в этих коварных мелководьях. А именно: воды Черного моря на 90% состоят из сероводорода, что неукоснительно негативно воздействует на их обитание. Не говоря уже о том, что жизнь там уходит вглубь — ни одна акула не может существовать глубже 100 метров, и это без специальных условий. Важнейшим фактором остается экологическая деградация Черного моря: его условия становятся всё более неприимчивыми к существованию любых видов акул. Меньше всего здесь охотится за жертвой даже самая агрессивная из них — бычья, и то лишь при условии присутствия Босфора. Впрочем, черноморская среда также обитает небольшие виды — декоративные акулы: катран и кошачья — которые, несмотря на свою внешнюю похожесть, представляют собой более безопасный вариант для человека.' ratio=39.0"
61,61,"text='В ноябре 1916 года строительство Великого Северного пути включили в программу государственного железнодорожного строительства. {Семантический} Краткая история русской инженерной мысли переплелась с судьбой страны, формируя кульминационные моменты национальной истории. Всего предпринимались пять попыток реализации проекта за сто лет — и каждый шаг был полон неожиданностей и прецедентов, которые трансформировали его в сказку-историю. {Дискурвив} Пути были названы «каждой эпохе» — от русского величия до советской могучести. У каждого попытка был свой герой и свой анекдот, а иногда, как в случае с первой попыткой, лишь имя заставляло задуматься: Великого Северного пути придавали жизнь в 1920-х годах, когда новое правительство вернулось к проекту. {Многословный} Недостаток финансовых ресурсов был решен иной формой — привлечением иностранного капитала, в качестве оправдания ставилась важность северного транспортного коридора. Провели анализ ситуации и приняли решение — приостановить работы на полгода. Многие люди с трудом справились с перекосом между экономическим положением страны и честолюбивыми планами. {Прагматический} Слова «высокий» и «низкий» по отношению к уровню развития техники стали метафорой для понимания состояния строительства: то была высокая надежда на успешное завершение, но биография многих участников проекта — это история о том, как высоко поднятые планы сдулись. Великое Северное пути обрело новую жизнь в 1930-е годы. {Дискурвив} Прекрасным примером нового времени стало строительство Байкало-Амурской железнодорожной магистрали — огромная артерия, которой подчинились лесные чудовища и дикое волшебство Сибири. Железнодорожные пути стали не просто транспортным средством, но и инструментом для военных целей: в ходе оборонительных действий под Сталинградом они обеспечивали поставки боеприпасов и войск. В 1941 году рельсы были демонтированы и отправлены на передовые позиции, где служили новыми сценариями в истории. Железнодорожные пути Сибири стали источником материалов для нужд обороны государства: каждый километр путей — это золото войны и мирных времён. {Дискурвив} В 1950-е годы предпринята серьезная попытка построить Трансполярную железную дорогу от Салехарда до Игарки, но природные условия не давали шансов на успех: вечная мерзлота, болотистые равнины и климатические особенности создавали настоящий ад для российских инженеров. {Дискурвив} Великое Северное пути осталось нереализованной в 1970-е годы, когда проект был официально назван важнейшей стройкой десятилетия и частью Байкало-Амурской железнодорожной магистрали. {Дискурвив} К настоящему времени — концу 2025 года — специалисты представили отчет о дальнейших перспективах строительства этого уникального проекта, но стоимость проекта составляет около 50 триллионов рублей. И в современных экономических условиях реализация проекта признана несвоевременной, что стало дополнительным штрихом к истории Великого Северного пути.' ratio=38.0"
62,62,"text='В столице засвиделен новый метод мошенничества посредством банкомата, обнародовала потерпевшая Мария Беликова агентству «Общественной службой новостей». Мария наведал офис Сбербанка и применила бесконтактную карту Visa Gold в банкомате. По стандартной процедуре устройство запросило PIN-код, после его предъявления произошло автоматическое списание суммы в размере пяти тысяч рублей на мобильный номер «Билайн», принадлежащий неизвестному лицу. Ввод номера телефона и подтверждение операции потерпевшей не осуществлялся, о факте транзакции она узнала благодаря поступившему СМС-сообщению. Сообщив банку о произошедшем, Мария получила информацию, что списание средств было проведено посредством функционала Сбербанк Онлайн через банкомат. Все банковские карты женщины были немедленно заблокированы, выпущена новая карта взамен старой.' ratio=38.0"
63,63,"text='В наши дни мы наблюдаем серьезную проблему в области информационных потоков, что прямо касается структуры управления школами. Совершенно очевидно, что общественные институты получают огромное количество разнотипной информации, однако беседы по этой теме часто сводятся к поверхностному обсуждению понятий подобного рода как «цифровизация», вовлеченным в эти процессы руководители неистинно осознают значение такого словосочетания. Такое поверхностное общение способствует использованию финансов, выделенных на устранение проблемы.' ratio=27.0"
64,64,"text='Передаю хорошие новости любимой газете «Новороссийскому рабочему». Многие годы я предоставляю помощь бесприожорным животным. Сегодня с уверенностью подтверждаю, что количество людей, поддерживающих меня, существенно увеличилось благодаря публикации материалов в газете.' ratio=38.0"
65,65,"text='Работодатели неистово критикуют молодых людей за их отсутствие желания трудиться. Владельница магазина корейской косметики Татьяна Вакарчук утверждает, что студенты сразу же выдвигают требования к условиям труда — они хотят иметь комфортный график работы и приличную зарплату, а также доступные скидки на товары. Однако такая мелочь не способна удержать их на работе: студенты могут регулярно опаздывать без предупреждения или внезапно прекращать сотрудничество без разъяснения причин. Им важны удобства и интересные задачи, вроде раннего подъема, длительной смены в торговом центре и общения с клиентами. Они предпочитают зарабатывать процент от продаж, несмотря на реальную возможность получать фиксированную зарплату. Им хватает средств лишь на питание; их мир состоит в основном из принципа: лучше не работать, чем заниматься деятельностью, вызывающей дискомфорт.' ratio=20.0"
66,66,"text='Министерство транспорта проникновенно разработало стандартный образец правил для пассажиров метрополитена, предлагая внести запрет на транспортировку детей в детских колясках. Документация была опубликована на веб-сайте нормативных правовых актов 19 апреля. Проект предложил приостановить использование детских колясок, стремительно бегать по движениям лестниц-эскалаторов, снимать фото и видео с помощью профессионального оборудования или стационарных устройств. Кроме того, планировалось ограничить размещение ручной клади на местах для сидения внутри вагонов и на лавочках станций. Проект также предложил запретить пассажиру участвовать в функционировании беспроводной связи, а также использовать беспилотные летательные аппараты в подземных транспортных сооружениях. Министерство транспорта настоятельно рекомендовало пассажиру предоставлять приоритет в проходе инвалидам, лицам преклонного возраста, родителям с детьми и беременным женщинам, что ранее было носило необязательный характер. Министерство транспорта уточнило, что указанное нормативное акт начнет действовать после вступления в силу Федерального закона № 442-ФЗ «О внеуличном транспорте и внесении изменений в отдельные законодательные акты Российской Федерации», то есть с 30 декабря 2018 года.' ratio=39.0"
67,67,"text='Привлекший внимание миллионов подростков мем «6-7» не обладает чётким смысловым содержанием, словно бы на его создание влияли исключительно ритм и волшебная окраска звуков. В одной песне, названной так же, исполнитель Skrilla пытался подстроиться под музыку, используя цифры шесть и семь без намёка на их связь с конкретным баскетболистом Ламело Боллом, чей рост приблизительно равен двадцати одинему сантиметру. Мем привлёк к себе внимание благодаря необычной манере рукопожатий — правая и левая рука поднимались и опускались взаимно, вызывая улыбки или недоумение в зависимости от восприятия происходящего. В 2025 году издание Dictionary.com признало слово «шестёрок семь» одним из самых распространённых, однако редакторы энциклопедии не смогли предложить ясной трактовки его значения. Термин «6-7» служит типичным примером бессмысленного мема, который сбивает со струны и вызывает трудности в понимании, но именно такая несуразица привлекает молодёжь и уводит её на сторону от нормальных форм коммуникации. Мем «6-7» приносит значительные проблемы в образовательных учреждениях, вызывая хаотичное поведение подростков, которые пристраиваются к звукам слов «шестёрок-семерок» и телодвижениям рукопожатия. В США преподаватели уже предпринимают меры, чтобы урегулировать подобные шутки, выстраивая с учениками разъяснительные беседы. В России ситуация осложняется, когда мем перекочевывает из виртуальной среды в реальный мир, приводя к беспорядкам: в Саратове подростки начинают звонить жителям домов с номерами шестидесяти семи и выкрикивать «шестёрок-семерок», вызывая гнев или даже видеофиксацию реакций, несмотря на то что это обычная шутка. В связи с этим Лига безопасности интернета уже заявила о необходимости принять меры по борьбе с подобными шутками и провела разъяснительные беседы в отделении образования Перми для учеников.' ratio=38.0"
68,68,"text='В декабре 2022 года президент Российской Федерации Владимир Путин предложил правительству использовать средства Фонда национального благосостояния (ФНБ) для финансирования льготного лизинга воздушного и водного транспорта. Программа поддержки лизинга гражданских воздушных судов рассчитана до 2030 года и предусматривает совместное финансирование поставок на рынок более 450 самолётов и 460 вертолёров, сообщили представители ' ratio=19.6"
69,69,"text='Многие стремятся обеспечить финансовую независимость, размещая свои сбережения в банк ради получения процента от инвестиций. Однако эксперты предостерегают: устойчивый капитал постепенно падает из-за налоговых отчислений и инфляции. Если оставить трудовую деятельность и переключиться на депозит, расчеты специалистов Сбербанка и Т-Банка показывают, что для обеспечения среднего дохода страны требуется вклад размером от 13 до 18,9 млн рублей, причем с учетом различных условий размещения средств. Однако люди склонны воспринимать банковские счета как надежную защиту от экономических рисков — это мнение ошибочно. На самом деле такое вложение способно привести к потере реальной стоимости накопленного капитала: без регулярных инвестирований размер прибыли фактически остается неизменным, а если все ее тратить, покупательская способность средств постепенно снижается. Статья в 10 лет обойдется вдвое дороже, и идея комфортного существования превращается в путь к снижению жизненного уровня.' ratio=38.0"
70,70,"text='Журналист издания «Новороссийский рабочий» изучила предложения работы, размещённые на одном из распространённых веб-сайтов и выявил следующее: в кафе, ресторанах и банном комплексе приглашают постичь роль официанта с зарплатой за одну рабочую смену, которая колеблется в пределах 3–4 тысяч рублей. Предполагаемый месячный доход для таких должностей окажется от 50 до 65 тысяч рублей. Повар-мангальщик известного ресторана получит вознаграждение размером 5200 рублей за смену, а сотруднику ресторана быстрого обслуживания придётся выполнять множество обязанностей: приготовление блюд согласно внутренним стандартам предприятия, прием заказов и выдача готовой продукции, работа на кассовом аппарате. Зарплата составит минимум 80 тысяч рублей ежемесячно. Повар-универсал может рассчитывать на ежемесячную зарплату от 75 тысяч рублей. Благодаря дополнительным мерам поощрения, работнику предоставляется бесплатное жильё. На отдыховом комплексе в Широкой Балке требуется горничная с обязанностями уборки номеров для постояльцев, беседок и территории вокруг бассейна. Обязанности трудящегося включают бесплатное предоставление жилья и трёхразового питания. Зарплата составляет 3500 рублей за один рабочий день. Горничная, которая согласилась трудиться вахтовым способом в Абрау-Дюрсо на протяжении 90 дней, будет получать до четырёх тысяч рублей ежедневно, а питание и проживание будут предоставлены бесплатно. Мини-отель ищет администратора с ежемесячной оплатой труда от 80 тысяч рублей в период с мая по сентябрь. В этом же мини-отеле нужна горничная с заработком от 60 тысяч рублей ежемесячно. В ресторанах общественного питания, санаториях и гостиницах в Широкой Балке, Мысхако и Абрау-Дюрсо открытые вакансии для горничных, поваров, официантов, посудомоек и уборщиц. К началу летнего сезона ожидается увеличение числа предложений.' ratio=50.0"
71,71,"text='На текущей неделе жители города Астрахани настойчиво обратились к журналисту Александру Алымову с сообщением о множестве нерешённых проблем, а не только одних лишь неполадок в системах городского хозяйства. Глава регионального правительства Олег Князев, который нес ответственность за устранение этих трудностей, был вынужден временно покинуть своё здание и отправиться в другое место — условия которого казались ему более комфортными, чем те, что он собирался исправить. Это обстоятельство привлекло внимание Александра Алымова, который проживает в Астрахани. В своем Telegram-канале журналист отметил, как непростая ситуация вызвала к жизни ряд проблем среди жителей региона: в частности, он упомянул несчастный случай с фермерами, а также транспортное затруднение, вызванное провозглашённым экспериментом руководителем кабинета министров. Кроме того, жители Астрахани были крайне недовольны тем, как чиновники игнорировали их обращения о нехватке воды в период летнего зноя, а также проводили реформы с выделенными полосами для общественного транспорта, которые нередко вызывали задержки. Вся эта ситуация стала лишь отражением большей картины существующих проблем региона. Решение этих вопросов входит в компетенцию главы регионального правительства, которому подчиняются соответствующие министры. Однако сам руководитель кабинета министров Олег Князев был вынужден уйти на отдых, что вызвало недоумение и разочарование у Александра Алымова. ' ratio=38.0"
72,72,"text='Цена яичной продукции в Астрахани неизменно растет, подобно невесомому камню на дне озера, набирающему скорость по мере снижения уровня воды вокруг. На прошлой неделе стоимость десятки яиц достигла рекордных 79,55 рублей, и в некоторых продовольственных лавках цены переполошились уже выше этой отметки. Причина этого колоссального роста остается неясной — хотя известно о существующих в регионе нескольких птицефабриках. Подобная картина напоминает ноябрь 2013 года, когда оптовая цена на яйца увеличилась зафиксированного предела на 116%, а розничная — на еще большее 125%. Тогда губернатор Астраханской области Александр Жилкин выступил с требованием к продавцам и производителям урезать цены, пригрозив применить административные меры. Для реализации этого плана была предпринята такая стратегическая мера воздействия. Информация из Astrakhanpost.ru ранее детально разбиралась в этих событиях. В перспективе же, к сожалению, текущий скачок цен на яйца подхватил и другие продукты питания — помидоры подорожали на 3,5%, а бананы — на 3,2%. При этом некоторые овощи и фрукты стали немного доступнее: лук, капуста, морковь, яблоки и картофель вернулись в список товаров, цена которых снизилась. Словно ритмичный музыкальный аккорд в дивном хороводе цен, этот калейдоскоп рыночных тенденций продолжает вызывать головокружение у потребителей и экономистов.' ratio=45.0"
73,73,"text='Диагностика редких болезней — это дело требующее немалых временных затрат. Согласно данным специалистов Стэнфордского университета, для постановки точного диагноза пациенту, основываясь на совокупности симптомов и генетического профиля, требуется примерно 20–40 часов работы квалифицированного медицинского работника. Врач тщательно анализирует приближающуюся до ста подозрительных генетических изменений, выявляет возможные причины патологии и изучает научные публикации. Затем он переходит к следующему варианту, если предыдущий оказался неверным — такова сложная процесс диагностики.' ratio=38.0"
74,74,"text='Окупающий воображение необычный астероид, с его ускоренной астронавтомикой и изнурительным химическим составом, вызывает безмерное научное подспорье для первой попытки окунуться в мир космических веществ, несущихся из межзвездных пространств. Из всех известных среди науковых астероидов именно Оумуамуа стучит глубоким энтузиазмом во все астрономические души. С целью распознать и понять его происхождение, наше знание о космических телах, включая запуск кометоносных аппаратов, выходит за пределы обычности. Исследование Оумуамуа может предоставить ученым полное виденье места и условий, из которых он образовался, а также характеристики космической среды, через которую он двигался миллионы лет. Поскольку человечество обладает опытом отправки аппаратов к кометам и астероидам, возникает настоятельная необходимость рассмотреть возможность зонда к Оумуамуа.' ratio=45.0"
75,75,"text='В первой декаде апреля 2026 года Россия демонстрициями вывоза зерна подтверждала свое превентивное увеличение объемов, несмотря на уменьшение количества стран-покупателей. По информации Российского зернового союза, в этот же период зерно было отправлено из страны во все четырнадцать государств, но теперь только в одиннадцать — это снижение композициональности выраженного объема. Согласно данным этого года, с первого по десятое апреля был отправлен свыше 1,1 миллиона тонн пшеницы, что на сорок процентов превышает показатель аналогичного периода прошлого года. Общие объемы экспорта всех главных категорий зерновых культур увеличились в шестьсот семидесяти процентов и составили около 1,2 миллиона тонн — явный рост, который не может быть столь внушительным без учета снижения композициональности. Эксперты также обратили внимание на заметное повышение количества поставок в ключевые страны-партнеры: например, поставки пшеницы в Египет выросли более чем в четыре раза (до 172 тысяч тонн), в Турцию — почти в полтора раза (до 146,5 тысяч тонн). В Кению также отмечен четырехкратный рост объема отгрузки зерна. Кроме того, появилась информация, что Индия планирует продолжать закупки российской нефти независимо от решения Соединенных Штатов относительно продления приостановки санкционных мер. Отмечается, что 11 апреля завершится тридцатидневный период временного освобождения российской нефти от действия американских ограничительных мер — это демонстрация превентивного увеличения объемов экспорта в ключевые страны-партнеры. }' ratio=48.0"
76,76,"text='Информация о конфликте стала известна за два дня до вылета в Милан. Большинство комментаторов утверждало, что ситуация свелась к заговору против российского гражданина — ведь ранее он выступал под ту же музыку, и никаких проблем не возникало.' ratio=38.0"
77,77,"text='Мышь с ярко-рыжими волосами в сравнении с обычной лабораторной мышью выглядит как карикатурная копия. Первый тип отличается от второго не только цветом шерсти, но и её густой, волнующей структурой — волны которой напоминают узоры на облаках, а волосы имеют чёткую форму, словно они были выкованы мастером по золоту. Второй тип, как известно из древних легенд, был создана искусным образом для демонстрации красоты и удивительной гладкой шкурки, на которой не видны даже самые мелкие вши. Исследователи подошли к вопросу с оптимизмом и рациональностью: вместо того чтобы воспроизводить внешний вид мамонта путём прямого переноса генов, они решили тщательно исследовать их влияние на организм мыши. Это было похоже на то, как мастер карандаша, придавливая розовые кружочки и пятнашечки, создаёт впечатляющую картину из простых элементов — так же они проводили эксперимент, изучая влияние множества генов на внешность мыши. Им удалось добиться такого великолепия, как будто они приблизились к тайнам, скрывающимся в глубинах мозговых нервов, и обнаружили, что некоторые из них имеют схожие структуры с аналогичными генами мамонта. После этого они разработали метод одновременного редактирования множества элементов — этот процесс был как будто космическое путешествие на корабле времени, в ходе которого исследователи могли мгновенно прокрутить время назад и туда, где у мамонтов были именно те же изменения. Итогом их усилий стало создание мышей с особенно густой шерстью — столько, что её можно было бы использовать в качестве защитного слоя для крипторейса. Это был результат не одного или двух изменений, а множества: они обновили семь различных участков генома, однако одна из них была несколько раз модифицирована по два раза, так что образовалась шерсть особой жесткости и плотности. Это как будто мыши получили руку мастера волшебника — они стали намного более заметными на фоне обычных лабораторных животных, словно их природные особенности были искусственно усилены. Эти модификации не привели к появлению отрицательных последствий: животные не испытывали никакого дискомфорта или ухудшения здоровья, наоборот — исследования показали, что их внешний вид вызвал восторг среди участников проекта. Проект Colossal подчеркивает важность тщательного контроля и тестирования всех изменений: каждый шаг был как будто проверен с помощью микроскопа или лупы, чтобы убедиться, что все изменения происходят по правильному пути. Более того, исследования показали, что ген FGF5, отвечающий за рост волос, был замедлен в течение цикла роста — так как он является ключевым игроком в сценарии обновления шерсти, его подавление привело к тому, что волосы стали более длинными и густыми. Эти изменения были ещё больше усилены за счет того, что некоторые гены, такие как FAM83G или TGM3, оказались ненужными в процессе формирования шерсти — они вызвали структурные изменения, создающие необычный эффект завитков на волосах. Таким образом, мыши с особой густой шерстью стали примером того, как человечество может использовать науку для восстановления отдельных функциональных особенностей — и хотя они не могут полностью повторить внешний вид мамонта или другие вымершие виды, благодаря их усилиям мы можем приблизиться к пониманию того, как это могло бы происходить.' ratio=38.0"
78,78,"text='Ученые применили звуковой метод исследования верхних слоёв мантии Земли и получили результаты, указывающие на наличие квадриллионов тонн алмазов на глубинах свыше 160 километров под земной поверхностью. Приборами сейсмометри фиксируются колебания различных движений внутри планеты, таких как подземные толчки. Эти механические колебания распространяются с разной скоростью в зависимости от свойств среды прохождения. Используя собранные сведения, учёные пытались установить структуру внутренних частей Земли и заметили определённые необычные особенности. Было выявлено звено, в котором скорость распространения сейсмовых колебаний существенно увеличивалась без явной причины. Такие участки именуются «корнями древних платформ» — наиболее старыми и стабильными участками континентальной коры, уходящими вглубь на расстояние до 320 километров. Для объяснения полученных данных о распространении сейсмовых волн исследовательская группа выдвинула предположение о составе указанных участков. По мнению учёных, если содержание алмазов в этих структурах составляет от одного до двух процентов, такая скорость сейсмоволн становится понятной. Хотя указанное количество алмазов кажется незначительным относительно всей массы земной коры и мантии, оно превышает общепринятые оценки примерно в тысячу раз.' ratio=38.0"
79,79,"text='Великое кино стало доступным благодаря устройству, способному записывать и воспроизводить изображение движущихся объектов. Братья Люмьер создали аппарат, назвав его «кинематограф». Их изобретение дало старт развитию кинопроизводства и создало условия для появления первых публичных заведений для просмотра фильмов, обеспечив кино статусом искусства, досуга и бизнеса. Однако стоит отметить, что Люмьеры не были первыми людьми, занимающимися созданием кинематографического оборудования. Другие тоже работали над подобными проектами, однако именно изобретение Люмьеров получило широкую известность и вызвало общественный интерес после первых демонстраций.' ratio=43.0"
80,80,"text='В первой половине мая стоимость американского доллара уменьшилась и составила около семидесяти-семидесяти четырех российских рублей; европейская валюта оказалась в диапазоне восемьдесят трех до восемьдесят шести рублей, а китайская — в пределах десяти пятьдесят до десяти один рубля. Эксперт Андрей Лобода предоставил этот прогноз изданию ' ratio=0.47"
81,81,"text='Россияне начали готовиться к отдыху на берегах Тавриды еще до того, как солнце заиграло в феврале 2018 года, превысив число ранних бронирований турецких курортов над внутренними путями. В мае того же года Российский союз туризма заявлял, что летом около тридцати процентов россиян предпочли бы отдыхать на турецких курортах, — это было неслучайно, ведь для них виза не была препятствием. Эксперты утверждают, что ключевой фактор при этом стало регулярное полетное расписание, которое обеспечивало доступность и удобство передвижения. Кроме того, короткий перелет с последующим трансфером из аэропортов страны позволял отдыхающим максимально эффективно использовать время. Таким образом, гостиницы на побережье Тавриды пользовались не просто преимуществами расположения — они обладали привлекательными условиями для проживания и активности, такими как доступ к основным аэропортам страны, ближайшим к популярным курортам. Отели в Сиде, Белеке и Анталье предлагали россиянам привлекательные цены на отели и умеренные стоимость проживания, что делало отдых более доступным для широких слоев населения.' ratio=38.0"
82,82,"text='С летней резины зимой — так называемая «резина на костылях» — вот уже третий год стучится в двери водителей, однако полное её внедрение намечен на середину следующего года. Взглядимся на этот нововведение через призму идиоматичности: ведь с течением времени зима сжигает последние кусочки льда из летней резины, что приводит к её быстрому износу и неудобствам для водителей. Правоохранители в свою очередь готовятся к новой реальности: с 1 июня 2024 года они будут проводить экзамены на знание штрафов, а также обязаны заменить права российского образца, иначе грозит административная ответственность в виде штрафа до 15 тысяч рублей. Вместе с тем, водители, ранее лишённые прав за управление автомобилем в состоянии опьянения, вынуждены будут подождать год до восстановления своей автономии за рулем — этот срок устанавливается для профилактики опасных дорожек. Новый статус также предполагает упрощение процедур и предоставление дополнительного розыгрыша: теперь допустимо семь ошибок на экзамене вместо пяти, что делает процесс более гибким для всех участников. Внезапно седан штурмана-инспектора приходит к новому пониманию: когда он сидит в заднем салоне, ощущение превращается в полный контроль над ситуацией — что позволяет выявить наиболее удачные и рискованные действия водителя. Так, через призму идиоматичности мы видим эту реформу не как непреодолимое препятствие, а скорее как шаг к повышению безопасности на дорогах в условиях непредсказуемой зимы.' ratio=38.0"
83,83,"text='Действительно, данный факт выглядит следующим образом: количество безопасного употребления кофе зависит от содержания кофеина в напитке, а не от количества выпитых порций. В одной порции эспрессо примерно 80-100 миллиграммов кофеина, тогда как в капучино — около 70 миллиграммов. Для тех, кто предпочитает напитки высокой крепости, рекомендуется использовать ёмкости объёмом не более 50-70 миллилитров. Контент кофеина также меняется в зависимости от ингредиентов напитка: сахар, молоко и сливки замедляют усвоение кофеина организмом, что снижает его воздействие. Употребление кофе оказывает стимулирующее действие на организм человека, способствует выработке гормонов адреналина, серотонина и дофамина, которые улучшают самочувствие и повышают способность переносить стрессы. Однако избыточное потребление кофе отрицательно влияет на функционирование желудочно-кишечного тракта, создавая дополнительную нагрузку на сердечно-сосудистую и нервную системы.' ratio=62.0"
