Unnamed: 0,index,text,ratio
0,0,"'Над пустынными Петербургскими улицами плутали смутные очертания облаков; один клочок быстро сменялся другим, как будто небо было живым холстом. Слабый свет придавал небесам блеклое сияние, и это свечение освещало металлические крыши и дымовые трубы. Зелёная Мойка текла мимо, а трёхэтажный дом на берегу, украшенный пятью белыми колоннами, выступал из тени как величественный карикатурный образ. В его ярком контуре стоял солдат в блестящем шлеме с серебряной фигуркой голубя, расправившего крылья на каске, словно пытаясь улететь прочь от всего мира. Николай Аполлонович, облачившийся в меховое пальто и прикрывший голову воротником, прошёл по набережной реки Мойки; его глаза играли светом, как будто они были осколками звёзд. Внутри он чувствовал волнения без названия - смесь страха и чего-то приятного, словно внутри него жила тайная энергия, направлявшая его в неизвестные места. Он размышлял: любовь ли это? В памяти мелькнуло воспоминание о том туманном вечере, когда он спешно покинул подъезд и бросился к чугунной переправе, стремясь оказаться там... Вдруг перед ним пронеслась тень: мгновенно на реке загорелись ярко-красные фонари в карете Его Величества; их отражение засверкало на поверхности Мойки, а затем исчезло в туманной дымке.'",28.0
1,1,"'Кирпично-розовый дворец возвышался среди голых ветвей деревьев, как будто гигантский красноокрашенный карлик стоял на пустынном лугу; его верхняя часть, напоминавшая вытянутую башню, тянулась к небесам, словно захватившая облака ручка веера. Ветви деревьев, извивающиеся подобно тихим порывам ветра, колебались с ожесточением, пытаясь ухватить проплывающие мимо облака; каркая, резко взметнулась вверх ворона, будто пробуя границы своего полёта. Поднявшись высоко, она некоторое время парила над облаками, после чего снова стремительно спустилась вниз. Экипаж проезжал через этот район; конная скульптура выделялась на фоне площади, как будто величественный пантера спряталась за каменной стеной. Гости города редко обращали на неё внимание, хотя эта фигура была величественна и могла привлечь взгляды самых придирчивых наблюдателей. Сам монарх воздвиг памятник своему знаменитому предку; он проживал во дворце красного кирпича, залитого приглушенным сиянием заката, и прожил недолго, как бабочка на весеннем ветру. Возможно, неоднократно показывалась круглая белая голова с завитушками волос возле узкого проёма окна дворца; человек внимательно смотрел сквозь стекло, либо теряясь в мягких оттенках заката, либо фиксируя серебристое мерцание отражённого света месяца среди густой листвы деревьев. У входа дежурил солдат в треугольной шляпе с полями и отдавал честь, когда золотой грудью генерал проходил мимо, направляясь к украшенной картинами повозке; рядом находился высокий возница, сидящий на высоком сиденье экипажа; сзади стояли черные слуги. Павел Петрович вновь смотрел вокруг себя и возобновлял беседу с изнеженной фрейлиной, одетой в прозрачную ткань; дама улыбалась; на щеках стали заметны небольшие впадины, родинка. В ту ночь пространство заливал свет луны, освещавший предметы интерьера императорских покоев, блестевшие даже на маленьком изображении купидона; на подушке уже ясно виднелась форма головы человека, лежавшего ранее. Откуда-то раздавались удары часов; вскоре послышались чьи-то приближающиеся шаги… Прошло лишь несколько секунд — постель оказалась помятой: простыни ещё сохраняли тепло тела; покойника уже не было видно. Группа молодых офицеров с обнажёнными саблями склонилась над пустым изголовьем кровати; кто-то пытался открыть дверь; слышался плач женского голоса; бледнолицый офицер поднял край шторы, и за прозрачной тканью окна проявилось смутное очертание дрожащей тени. Откуда-то доносились звуки боя часов; неподалёку звучали удаляющиеся шаги.'",28.0
2,2,"'Вечер погрузил мир в легкую дымку; туман скрыл небо, и нельзя было видеть, что лежит за облаками. В древние времена верили, что там, выше облаков, обитает главный бог, равнодушный наблюдатель всего происходящего. Теперь мы знаем, что на самом деле — лишь прозрачная синева и пустота космоса. И все же теперь я теряюсь в догадках: что скрывается за пределами видимости? Много новых знаний сменило уверенность, но сейчас я смотрю на свое отражение в зеркале с особым вниманием и удивлением. Впервые я вижу себя как другого человека — с чёрными ровными бровями и вертикальной морщиной между ними, серыми глазами со стальным оттенком, под которыми тени от бессонницы. Мое лицо скрывает истинные чувства и переживания; раньше я их не замечал. Из глубины своего сознания вдруг появляется уверенность: этот человек чужд мне самому, мы встретились впервые. А настоящий я — другой. Ничего более нет смысла думать об этом; всё перечисленное бессмысленно и является результатом недавних неприятных ощущений после употребления какого-то отравляющего вещества накануне вечером. Что это было — неважно. Записываю это, чтобы подчеркнуть, насколько необычным образом способен ошибаться логический человеческий разум: он может объяснить древнее бесконечное пространство и представить его доступной реальностью, используя числа и формулы. И хотя мне бы хотелось оставаться одному сейчас, я доволен тем, что вы здесь.'",31.0
3,3,"'Она облачилась в архаический наряд: тонкое чёрное платье подчёркивало её белизну нежных плеч и груди, выделяя светлые зубы, казавшиеся яркими как солнечный луч. Сев на стул, она принялась играть. Её исполнение отличалось хаотичностью и тревогой, отражая характер той эпохи, когда жила эта женщина. Она играла без единого ритма, словно буря в душах слушателей. Остальные вокруг были согласны друг с другом и весело смеялись. Однако некоторые из присутствующих испытывали сомнения, и я тоже задумался над причиной своего смеха. Эпилепсия – это болезнь души, вызывающая страдания. Боль приходит постепенно, усиливаясь и становясь всё интенсивнее. Постепенно приходит осознание болезненности происходящего. Затем появляется чувство солнечного света, яркого и сильного, резко отличающегося от обычного спокойного освещения. Это чувство заставляет оставить одежду и разорвать её на куски. Моя соседка по месту сидения посмотрела в мою сторону и усмехнулась. Запомнилось одно обстоятельство: я заметил маленький пузырёк слюны, появившийся и тут же исчезнувший на её губах. Наблюдение этого явления вернуло мне ясность сознания. Подобно остальным, я воспринимал лишь бессмысленный шум струн музыкального инструмента. Я улыбался, чувствуя облегчение и спокойствие. Лекционный материал дал реалистичное представление о событиях того периода, вызвав смех слушателей. После прослушивания современной музыки, демонстрированной специально для сравнения с предыдущим исполнением, я улыбался, чувствуя удовольствие от чёткости структуры музыкальных произведений, построенных по строгим научным принципам, включающим элементы математики и физики. Ощущалась мощь порядка и гармонии современной музыки, противопоставляемой примитивному искусству прошлого, лишённому каких-либо ограничений, кроме собственных вымышленных представлений авторов. Все покинули зал парами по четыре человека, двигаясь организованно через большие выходы. По пути мимо прошёл знакомый человек с необычной фигурой – выгнутой в двух направлениях одновременно; я уважительно приветствовал его кивком головы.'",28.0
4,4,"'Всё это Рутилов произносил весело и жизнерадостно, улыбаясь, хотя его худое тело казалось слабым и болезненным под новой модной шляпой. – Ну, разве же втрое! – слабо возразил Передонов, вытирая золотые очки. – Но это же правда! – вскричал Рутилов. – Ты смотри внимательно, пока я жив, потому что после моей смерти будет труднее найти невесту, подходящую именно тебе. Каждая из моих дочерей охотно согласилась бы выйти за тебя, если бы ты только пожелал их руки. – Здесь действительно многие испытывают ко мне симпатию, – угрюмо похвалился Передонов. – Вот видишь, значит, используй ситуацию, – советовал Рутилов. – Самое важное для меня, чтобы девушка не была худощавой, – сказал Передонов печально. – Лучше пусть будет полной. – Тебе совершенно не стоит волноваться по этому поводу, – энергично уверял Рутилов. – Сейчас мои дочери уже достаточно полноваты, а если кто-то ещё недостаточно полная, это временно. После замужества они станут ещё пышнее, посмотри хотя бы на мою старшую дочь Ларису. – Я бы хотел вступить в брак, – сказал Передонов, – но опасаюсь, что моя жена Варя устроит крупный конфликт. – Поскольку боишься конфликта, поступи так, – предложил Рутилов с лукавой улыбкой: – сегодня же заключай брачный союз, лучше сделать это немедленно. Вернешься домой с молодой супругой, проблема разрешится сама собой. Действительно, хочешь, я всё организую прямо завтра вечером? И выберешь любую девушку. Передонов внезапно начал громко и резко смеяться. – Значит, соглашаешься? Заключаем сделку? – поинтересовался Рутилов. Передонов также внезапно прекратил смех и мрачно прошептал тихим голосом: – Она расскажет обо всём, эта негодяйка. – Ей нечего рассказывать, ничего, о чем стоит рассказывать, не произойдёт, – успокаивал Рутилов. – Или отравит, – испуганно бормотал Передонов. – Просто доверься мне во всех вопросах, – убедительно настаивал Рутилов, – я обеспечу всё аккуратно и продуманно. – Без приданого я вступать в брак не намерен, – раздражённо выкрикнул Передонов. Новое резкое изменение темы разговора не смутило Рутилова. Он ответил столь же вдохновенно: – Странный человек, разве мои дочери лишены приданого? Так что, согласен ты или нет? Я пойду заниматься подготовкой. Запомни, нельзя говорить кому-либо об этом деле, понял? Рутилов пожал руку Передонова и поспешил прочь. Передонов молча наблюдал за ним. Девушки Рутилова вспомнились ему весёлыми и насмешливыми, вызывая мимолётную непривлекательную ухмылку на губах Передонова, тут же исчезнувшую. В нём возникло неясное чувство тревоги. '",30.0
5,5,"'Вспоминая простую с непритязательной жизнью ситуацию, я перерабатываю её в привлекательную историю, будучи поэтом. Активность и сила несмотря на всё — они обволакивают меня, как тёплый призывный ветер. Так происходит развитие событий, словно случайности отмеряют наши дни. Однако стоит начинать с того, что вызывает восхищение или хотя бы радует глаз: здоровье, юность и жизнерадостность — они украшают нашу жизнь, как прозрачная вода, солнечный свет и теплые летние вечера. Был жаркий летний день, под ярким светом река Скородень сверкала, словно блестящая драгоценная монета. Прозрачные волны, яркие лучи и тепло земли создавали ощущение радости, будто маленький райский уголок. Елисавета и Елена, родные сёстры, купались под этим светом, словно две божественные нимфы в своём личном Эльфиде. Улыбки их были ярче солнца, а тело — как живописная полихромия природы. Они испытывали приятные ощущения: прохладу воды и тепло летнего дня. В беседе они упомянули о мужчине, который был предметом их мечтаний. Дочери обеспеченного владельца поместья, они находились в своём особнячном саду, где купание обретало новое значение. Они свободно передвигались и играли, ощущая себя владелицами этого пространства. Человек не знает границ своей власти, но те, кто уверен в себе, — самые счастливые!'",27.0
6,6,"'Дом Серый стоит на грани города в районе Расчески — известном своей геометрией. Там тянуться строгие ряды высотных блоков с ритмичными дворами, за которыми играют местные юнцы. Белые здания, как однообразная картина, смотрят друг на друга сквозь тысячи окон. Между ними раскинулись поляны без единого изумления — они обнесены заборами и привлекают детей своей неопределенностью. Вместо дворов возвышаются развалины, вызывающие больше любопытства у подростков, чем обычные зоны отдыха для юношей местных.'",25.0
7,7,"'Оказалось, что каждый стремящийся привлечь внимание человек является эгоистом с негативными качествами, способным совершать любые поступки и переоценивающим собственные достоинства, тогда как на самом деле он совершенно незначителен. Самоуверенный и тщеславный человек. Что-то похожее. Сип прочитал рассказ про птицу, желавшую казаться лучше, чем она была. Затем стихотворение о животном, утонувшем из-за собственного неразумия. После этого он захотел исполнить ещё одну песню аналогичного содержания, однако его больше никто не слушал. Лицо Сипа изменилось от гнева; он заплакал и умолк. Его поблагодарили, дали салфетку, прикрыли книгой и предложили другому ученику продолжить выступление. Гуль произносил речь почти неслышно, не глядя вверх, словно читал написанное прямо на столе, несмотря на отсутствие там какого-либо текста, кроме испорченного пластмассового покрытия. Белые волосы спускались на лицо, мешали видеть, и он поправлял их мокрым пальцем; причёска держалась лишь до тех пор, пока палец был приложен ко лбу, после чего немедленно возвращалась назад, снова закрывая взгляд. Для длительного наблюдения за ним нужна особая выдержка; поэтому я старался не смотреть на него: мои нервы находились и так в плохом состоянии, дополнительная нагрузка могла привести к ухудшению самочувствия. — Какого рода внимания добивается обсуждаемый субъект? Кажется, будто он стремится обратить внимание на свою обувь. Однако это неверно; через привлечение интереса к обуви он обращает внимание на свои ноги. Тем самым демонстрирует своё физическое несовершенство, подчёркивая недостатки остальным людям, игнорируя их чувства и мнение. В некотором отношении он таким образом унижает нас... Он продолжал говорить монотонно и однообразно; палец перемещался вдоль носа, по его глазам было видно, что он начинал злиться. Мне заранее известны все аргументы, какие он мог изложить, поскольку такие речи типичны в данной ситуации. Каждое высказывание, произнесённое Гулем, было столь же невыразительным и скучным, как он сам, его пальцы и ногти.'",25.0
8,8,"'Недавно он был полон сил и энергии — бодрый и активный человек, способный на невероятные подвиги: стоять на руках, поднимая тело вверх ногами, словно парус. Зубами мог поднять стул и порвать канат крепкими мышцами рук. Его тело бурлило энергетикой, желанием прыгнуть через ограду или раскачать столб, совершив впечатляющий поступок. Сейчас что-то изменилось — механизм его жизни немного запинился. Сутулится и признается другу Подтягину, что мучается бессонницей. Ночью накануне понедельника плохо спал, проведя двадцать минут в компании непристойного человека в остановившемся лифте. Утро следующего дня началось тяжело: долго сидел голым, держа вытянутые прохладные руки между коленей, пораженный осознанием, что снова должен будет одеть рубаху, носки и брюки — вещи пропитанные потом и грязью, казавшиеся неприятной обязанностью. Подобное чувство вызывало у него воспоминание о цыганском пуделе, выглядящем ужасно жалко в человеческой одежде. Апатия частично объяснялась отсутствием работы. За прошедшую зиму удалось скопить небольшую сумму денег — около двухсот марок, оставшихся из затратных месяцев. В предыдущем году прибыв в Берлин, он быстро устроился на работу и продолжал трудиться вплоть до января, выполняя разнообразные задания: испытывая тяжесть утренних поездок на завод; чувствуя боль в ногах после десяти километров беготни с подносом среди ресторанных столов заведения «Пир Горой». Занимался также посредничеством, предлагая любые товары, какие попадались под руку — будь то баранки, средство для укладки волос или драгоценности. Он ничего не отвергал: неоднократно зарабатывал продажей собственной тени, как многие из нас. Иными словами, участвовал в массовке киносъемок за городом, где огромные прожекторы, направленные на группу статистов, ярко освещали лица людей своим ярким резким светом, создавая ощущение дискомфорта и стыда. После завершения съемки контракт считался выполненным, и заработанная сумма расходовалась.'",25.0
9,9,"'Целый день, лежа на кровати, кажется, что ты взлетаешь вверх к ясному солнечному небу, и приподнявшись, видишь тонкие провода, где отдыхают птицы, светлые кроны деревьев и красный деревянный навес рядом с парадным входом. Издали слышатся приятные звуки природы: пение птиц, отдалённый собачий лай и поскрипывание водяного насоса. Лежишь неподвижно, погружён в размышления о предстоящем подъёме, наблюдаешь солнечные блики, движущиеся по поверхности стола, видишь клубок нитей соскальзывает с коленей матери и плавно перекатывается по гладкому деревянному полу... Именно здесь, в данной комнате, когда Ганин находился на выздоровлении в шестнадцать лет, сформировался мысленный образ счастья и девушки, которого он позже увидел в реальности. Этот процесс формирования образа происходил благодаря картинам на стенах, звукам природы за окном, изображению Христа в киоте и журчащей воде в раковине. Атмосфера солнечного света в помещении стала частью развивающегося образа, и очевидно, что без воздействия этой среды такой образ не мог бы появиться. Это были лишь обычные ощущения юности, мечтательные переживания, но сейчас Ганину представлялось, что такое совпадение мыслей и действительности ранее не происходило столь идеально. Он переходил из одного сада в другой, посещал различные кафе, воспоминания постоянно увлекали его вперёд, подобно движущимся облакам в небе весной в Берлине. Посетители кафе думали, что мужчина, внимательно смотрящий вдаль, переживает какую-то глубокую печаль, а на улицах он случайно сталкивался с прохожими, один раз водитель автомобиля резко остановился и выразил недовольство, чуть не столкнувшись с ним. Ганин чувствовал себя творцом, восстанавливающим утраченный мир. Постепенно он возвращал детали исчезнувшего мира ради той женщины, которой ещё не решился придать место в нём, пока восстановление не завершится целиком. Однако мысль о ней, ощущение её присутствия, почти забытое воспоминание прошлых впечатлений вынуждали его завершить создание образа окончательно, хотя он сознательно откладывал появление этого образа, поскольку хотел приблизиться к нему поэтапно, следуя определённой последовательности шагов. Стараясь избежать путаницы среди ярких образов прошлого, он аккуратно реконструировал события своей жизни, иногда останавливаясь на незначительных деталях, избегая преждевременного перехода к последующим этапам. Бродя по Берлину тёплым майским днём, он действительно выздоравливал физически, испытывал первые признаки восстановления после болезни, слабость в ногах, рассматривал своё отражение в зеркалах. Одежда выглядела особенно чистой, свободной и слегка непривычной. Медленно продвигаясь по широкому парку, окруженному деревьями, он замечал небольшие земляные бугорки чёрного цвета, образовавшиеся в результате деятельности животных. Он надел белую нижнюю одежду и светло-фиолетовые носки. У него была мечта встретить кого-либо в парке, но конкретного представления о том, кто именно должен встретиться, у него не было.'",25.0
10,10,"'Я родился в середине прошлого века, среди землянок моего отца в глубинке России. Мы не осознаём моменты нашего появления на свет и ухода из жизни; я лишь узнал свою дату рождения, чтобы считать возраст. В настоящий момент мне ещё не приходило в голову, что через какую-то эпоху я стану историей — если бы жил на заброшенном острове, наверное, никогда бы не задумывался о смерти. Может быть, это было бы благословением... Или скорбью? Правда ли, что я бы ни слышал об этом? Может, чувство смерти приходит к каждому изначально? Предположим обратное: если бы не знал об уходе в последний путь, любил бы жизнь так же страстно, как сейчас испытываю её я? \n\nЧто до рода Арсеньевых, то о нём известно очень мало. Сколько тайн заключены в наших сердцах! История помнит нашу фамилию, но забыла о нас, и всю жизнь воспринимал наш род как причуду судьбы — повод гордиться и чувствовать себя частью чего-то большего. Не принадлежность к людям без семьи и истории.\n\nНа Троицын день православная церковь проводит особую службу памяти усопших, и молитва звучит так: «Господи, успокой души рабов твоих в Небесной стране и покои их в лоне Авраама, всех предков наших и близких родственников, служивших тебе от времен Адама до сего дня.»'",29.0
11,11,"'Весь день прошел для меня словно в тумане, и я находился под постоянным напряжением: снова состоялись поминальные службы, собралось большое количество людей — прибывшие и отъезжавшие соседи, дети играли беззаботно, не понимая ничего, в закрытой светлой комнате под наблюдением тихо плачущей няни. Вновь наступило время темноты, люди начали приходить в зал, чтобы собраться и ожидать следующую поминальную службу, негромко разговаривая друг с другом... Священники появились внезапно, наступило молчание. Зажглись свечи, началось облачение в полной тишине, таинство подготовки к богослужению ожесточило мой дух, и первый размахивание кадилом, первое произнесенное слово — все эти события казались мне важными, как знаки нового дня для умершего человека. Я больше не мог смотреть вперед на роскошный бархатный гроб, установленный на соединенных столах, и на тело, лежащее внутри гроба, покрытое золоченым покровом, украшенное золотой иконкой на груди и жесткой белой подушкой, погруженное в мрачную тьму вечного покоя. Лицо умершего человека имело черные впадины вокруг глаз, отражающие металлический отблеск через тепло дыма, мерцающего блестящим светом.'",25.0
12,12,"'Приказы прокуратора были исполнены как по команде, и солнце, раскаленное последние дни над Ершалаимом, всё ещё не достигло полудня. На верхней террасе близ статуй двух величественных белых львов состоялась встреча между прокуратором и исполняющим обязанности председателя Синедриона иудейским первосвященником Иосифом Каифой. Сад был тихим, но едва прокуратор вышел из укрытия колонн на верхний участок террасы, освещённый солнечными лучами, и увидел пальмы странных форм, открывшие его взору всё Ершалаим — со своими висячими мостами и крепостями, а также величественным храмом, золочёным до блеска. Его тонкий слух услышал далёкие шумы толпы снизу, иногда прерываемые тихими возгласами. Поняв это, прокуратор пришёл к выводу, что внизу, около городских стен, уже собралась озабоченная толпа, обеспокоенная недавними волнениями, и многие из них были торговцами водой.'",25.0
13,13,"'В сумерках лицо прокуратора словно покрылось панцирем: он выглядел старше, сутулился и был окутан тревогой. В тот момент его взгляд упал на кресло, которое было затянуто плащом; спина его была почти невидима под этой тканью. Праздничная ночь наполнилась мраком, и прокуратору почудилось присутствие кого-то в этом пустующем месте. Наваждение удержало его руку на плаще, но затем он отпустил его и начал беспечно ходить по балкону: тер руки, подбегая к столу, хватаясь за чашу, останавливался и вглядывался в мозаичный пол, как будто надеясь обнаружить там что-то важное. Сегодня прокуратор второй раз ощутил грусть; поглаживая виски, он искал причину своего внутреннего дискомфорта. Скорее всего, это была ошибка утром: прокуратор надеялся скрыть свою мысль за какими-то незначительными действиями, но самому себе было трудно верить в эту ложь.'",25.0
14,14,"'Конференция прошла в политехническом институте. Я посетил это мероприятие, переговорив с собратьями. Пять минут спустя необходимая информация была готова и передана в секретариат. Вскоре кабинет директора наполнился редактором Туронок — человеком сладковато-притворного обаяния. Обычно скромный и робкий, сейчас он бушевал: ""Вами допущена грубая ошибка идеологического характера."" — спросил собеседник. ""Какая именно?"" — откликнулся я. ""Вы указали перечень стран…"" — продолжил Туронок. ""Это запрещено?"" — с подозрением уточнил я. ""Нет, указывать можно и даже необходимо. Однако важно учитывать порядок перечисления. Здесь указаны Венгрия, ГДР, Дания, далее следуют Польша, Советский Союз, ФРГ…"" — закрутил Туронок. ""По моему мнению, последовательность определена согласно алфавитному порядку."" — возразил я. ""Подобный подход недопустим!"" — выразил он своё неудовольствие, указывая на установленный строгий порядок: сначала демократические государства, потом нейтральные страны и лишь затем государства-участники военного союза. ""Хорошо, согласен,"" — махнул я рукой. Уточнил информацию и передал обратно в секретариат. На следующий день опять загремел Туронок: ""Создается впечатление, будто вы насмехаетесь надо мной! Вы делаете это специально?"" — закричал он. ""Почему вы так считаете?"" — отозвался я. ""В списке государств народной демократии нарушена правильная последовательность. Сначала указана ГДР, затем Венгрия. Опять применён алфавит? Необходимо забыть подобное понятие! Ведь вы сотрудник партийной газеты. Поместите Венгрию на третью позицию! Ранее там произошел государственный переворот."" — продолжил он. ""Но ведь между нашей страной и Германией ранее велись военные действия,"" — оправдывался я. ""Не стоит возражать! Чем вызваны ваши возражения? Эта страна уже совершенно другая! Непонятно, кому вообще поручено проверять вашу работу! Вы роявляете политическую ограниченность! Недоразвитость нравственных качеств! Вопросы будут поставлены соответствующим образом…"" — прорвался он. За предоставленную информацию мне выплатили вознаграждение в размере двух рублей. Предполагал получить сумму побольше — три рубля.'",25.0
15,15,"'В этой повести отсутствуют идеальные герои и абсолютные злодеи... Здесь нет ни добродетельных персонажей, ни преступников. Таких людей вообще не бывает в реальной жизни. Уже несколько лет я веду наблюдения...\n\nОдин редактор сказал мне следующее:\n- Все твои персонажи ведут себя аморально. Если персонаж совершает плохое деяние, логика повествования должна привести его либо к нравственному падению, либо к наказанию. Но у тебя такие поступки выглядят совершенно обычными, как природные явления вроде дождя или снега...\n- Почему вы считаете всех моих персонажей плохими людьми? — спросил я. — Приведите пример такого поступка.\nРедактор смотрел на меня с подозрением, словно общался с человеком, находящимся среди неблагополучных знакомых и оправдывающим их поведение...\n\nУже долгое время я не делю реальных людей и книжных персонажей на хороших и плохих. Более того, я сомневаюсь, что каждое преступление обязательно вызывает чувство вины, а каждый героический поступок приносит счастье. Человек представляет собой именно таким, каким он воспринимает самого себя. Его качества, сильные стороны и недостатки выявляются жизнью... «Моя природа — вот кто управляет мной...» и прочее...\n\nЭта повесть не содержит ни безупречных героев, ни явных злодеев, потому что их и не должно быть. Одним из главных действующих лиц является я сам. Другой персонаж — Миша Шаблинский, известный своими специфическими выражениями типа «спонтанная апперцепция», «имманентный дуализм»... Ещё один узнаваемый герой — Митя Кленский, популярность которому принесли привычка носить металлические зажимы для галстуков и курить толстые трубки из поддельного янтаря.\n\nЧто объединяло нас троих? Возможно, наше незначительное недовольство официальностью журналистской деятельности и некоторая склонность к здоровому скептицизму, позволяющему избегать пафосных высказываний...\n\nИз тридцати двух работников нашего учреждения двадцать восемь именовали себя лучшими корреспондентами страны. По принципу оригинальности мы трое поставили себя на второе место. Дмитрий Шер, однажды употребивший фразу «искусственная почка стала обычным делом повседневной жизни», имел репутацию посредственного журналиста.'",25.0
16,16,"'Утверждают, что в Благодатном все как ни в том ни в селе: знаменитый бородинский дом обычный, возможно даже скромно-простой — одна сторона заметно перестроена после пожара. Сад старый, тенистый и типичный для России; поля широкие, лес хорош — всё как в обычном сценарии. Жители бедны: земли недостаточно, ранее переселялись, потом вернулись обратно. Время волнений ходили слухи о намерении поджечь дом и уничтожить имущество — но дом не сгорел и лошадей не лишили зрения как у соседа Бессонова. И всё же, говорили, что жители боятся: когда говорили о странностях Петра Николаевича, сообщали такое невероятное, что стыдно повторять. В итоге все просили избегать посещений Благодатного независимо от обстоятельств: место неблагоприятное. Один доброжелатель рекомендовал Александре Павловне обратиться с жалобой к губернатору, но она категорически отказывалась выслушивать подобные предложения. По ее мнению, слухи совершенно необоснованны и поднимать этот вопрос бессмысленно. Действительно, кто угодно способен придумать любые обвинения, лишь бы переложить вину на другого человека. К тому же обсуждения постепенно затихли самостоятельно — ведь люди умнее, чем кажется.'",24.0
17,17,"'Все дети были крепкими орешками, несмотря на множество шалостей: веселились и с удовольствием тащили снег в рот, выходили на утренние прогулки одетыми как летом, запускали крупных мух во рту, чтобы отложить болезнь и миновать гимназические досужности. Засушенные просфоры, покрытые плесенью, они поедали по наущению бабушек — как бы это помогало в страхе перед грозой. Все это никак не повредило детям здоровью. Лишь Женя был отличком среди сверстников: пережив болезни Коли — скарлатину и корь, — сам он подхватил дифтерит и временно ослеп на несколько недель. Постепенно зрение вернулось к нему, однако регулярные головные боли не покидали его: сильные болевые звоны между бровей и в области висков заставляли мальчика страдать и плакать жалобно. Во сне он совершал странные дела: вылезал на крыши домов, переходил по карнизам. В раннем возрасте, когда боли начинались, его ложили рядом с мощами святых, а дома у Вареньки хранились специальные предметы — бархатные варежки и шапочка, касающиеся этих святынь. Иногда девочку Прасковью отправляли в Боголюбовский монастырь к отшельнику-священнику отцу Глебу помолиться за облегчение страданий, и состояние Жени улучшалось. У Жени взгляд часто был печальным: он редко участвовал в драках, но если его разозлили, действовал решительно.'",30.0
18,18,"'Вавилен Татарский родился задолго до того исторического момента, когда красное знамя победило над белым. Именно поэтому он оказался представителем поколения «П», не осознавая этого долгое время. Представьте себе, если бы кто-то тогда сказал ему, что станет копирайтером — он бы удивился настолько сильно, что случайно засыпал песчаный пляж напитком «Пепси-кола». В те времена дети мечтали стать пожарниками или врачами. Понятие «дизайнер» тогда казалось чем-то заурядным и малоизвестным, пока не стало вхожим языковым элементом после событий на международной арене.'",24.0
19,19,"'Тверской бульвар оставался неизменным: так же, как два года назад, когда я последний раз был здесь — снежные куртки повсюду, холодная тёмная погода и тусклые деревья. Женщины сидели на лавочках неподвижно, как в ожидании чуда; сверху проглядывало такое же зимнее небо, будто бы приглашая нас в бесконечность времени. Однако новый ветер, пронизывающий все вокруг, был отличием: похожий на бурю, он нес снег и холод. Вдруг я увидел бронзовую статую Пушкина с красным фартуком — грустнее обычного, вероятно из-за того, что он напоминал о первых годах революции. Мое желание комментировать было слабым: слово «революция» выглядит так, будто бы застарелая рана, и только недавние опасности подтвердили это. Сумерки приближались; Страстной монастырь был едва различим из-за снежного тумана. Перед ним стояли две машины с яркой красной тканью на кузовах, и человек произносил речь, слышно было слово «пролетариат» — это отчеканил с особой силой, как будто каждый звук был важен. Окружающие события напоминали о том, что в этом городе всё ещё живёт историческая память и неустанные перемены: двое солдат, еле державшиеся на ногах после употребления спиртного, и одна из них застыла взглядом — как будто бы задумчивая над прошедшим. Их шаги разрезали тишину, оставляя за собой следы алкогольных кризисов и исторических метафор.'",27.0
20,20,"'В этот период открылась дверь, и Вощев заметил ночью работавшего косаря с чайником для группы рабочих: вода закипела на плите, которую растопили во дворе общежития; период сна завершился, настала пора завтракать перед началом трудового дня… Деревянные сельские часы висели на стене и исправно работали благодаря силе тяжести маятника; механизм часов украшал рисунок цветка, предназначенный успокаивать любого человека, смотрящего на них. Рабочие расположились вдоль длинного стола, косарь, исполнявший обязанности повара в общежитии, разрезал хлеб и раздал каждому по кусочку, дополнительно дав каждому небольшой кусок вчерашнего холодного мяса. Рабочие приступили к еде серьёзно, воспринимая поступающую еду как необходимое действие, не испытывая удовольствия от приема пищи. Несмотря на осознание смысла жизни, что является условием абсолютного счастья, их лица выглядели мрачными и истощёнными, вместо удовлетворения жизнью они испытывали утомление. Вощев смотрел на этих печальных людей, способных сдержанно помнить об истине, и испытывал слабую надежду и страх потери; он уже чувствовал удовлетворение даже тем фактом, что правда существует в сознании ближайшего к нему человека, недавно говорившего с ним, следовательно, достаточно находиться рядом с таким человеком, чтобы обрести выносливость и работоспособность.'",28.0
21,21,"'Машинист-наставник наблюдал, как Захар Павлович аккуратно очищал топки локомотивов, бережно обрабатывая металлическую кожуру и доводя поверхности до идеальной чистоты. Однако никогда не хвалил его. Наставник понимал, что работа машин зависит больше от внутренних свойств материалов и законов физики, нежели от знаний и мастерства человека; участие человека минимально. Природные ресурсы, энергия и материалы позволяют людям достигать успеха, несмотря на отсутствие значительных усилий. Даже неумелый работник способен зажечь огонь в топке, после чего двигатель заработает самостоятельно, а рабочий будет лишь пассивным наблюдателем. В случае дальнейшего упрощения эксплуатации техники люди потеряют ценность вследствие ненадёжности достигнутых результатов и станут бесполезны подобно коррозии металлов. Машинам же предстоит заменить людей и получить свободу в работе. Тем не менее наставник критиковал Захара Павловича реже остальных машинистов, поскольку последний использовал инструменты осторожно, не проявлял грубости и небрежности во время работы на локомотиве.'",31.0
22,22,"'Городок Федор-Кузьмичск расположен на семи холмах, окруженный обширными полями и неизведанными землями. Севернее простираются густые леса, забитые валежником — ветви деревьев переплетаются так тугими узлами, что проходишь мимо — кустарники цепляются за одежду, как старые друзья. По легенде, там обитает существо, называемое кысь: она сидит на ветвях и издает странные звуки: кы-ысь! кы-ысь! Встречать её невозможно — внезапно атакует человека сзади, ломая позвоночник и разрывая кровеносный сосуд. Так человек теряет рассудок. После возвращения он уже не является прежним — взгляд его становится бессмысленным, он двигается беспорядочно, как сомнамбул. Родственники приводят таких людей домой и иногда устраивают забавные имитации приема пищи: ставят перед ними пустые тарелки и ложки; потерпевший совершает механические движения, якобы принимая пищу. Самостоятельно больной человек не способен заботиться о себе или соблюдать гигиену, нуждаясь в постоянном уходе. Некоторые заботливые супруги или родители отводят его в специальное помещение; если же ухода нет, он умирает от разрыва мочевого пузыря. Так действует кысь.'",28.0
23,23,"'Вы мне симпатичны, Александра Эрнестовна, особенно на одной фотографии, где вы так излучаете красоту в контуре лица, и на другой, где голова откинута назад, улыбка открывает безупречные зубы. Еще одна фотография заставляет меня задуматься: ваша рука нежно поглаживает затылок, кружевные украшения притихли на локте, словно сознавая свое место в прошедшей эпохе. Ваши жизни прошлое не прошло незамеченным – быстрое закатывающееся солнце юности, поклонники умершие по очереди и супруги, последовательно следовавшие за предыдущими. Я буду приходить к вам регулярно, привозить молоко и морковь – витаминные эликсиры для зрения. Пожалуйста, открывайте старые альбомы из темно-коричневого бархата, чтобы вспомнить о милых гимназистках, мужчине с бородой и усами, улыбающемуся смелому Ивану Николаевичу. Александра Эрнестовна, нет ничего страшного – человек на фотографии вас не видит. Не беспокойтесь! Принять решение было нужно раньше. Вы уже приняли его давно. Возьмите фотографию Ивана Николаевича – она плоская, прохладная и слегка блестящая. Края обложки покрыты тонким слоем золота, бумага пожелтела от времени. Слушайте меня внимательно: она приняла решение ехать, и теперь точно отправляется туда – не колеблется окончательно, встречайте ее там!'",27.0
24,24,"'Он упал лицом в траву, которая превратилась в пыль под его щекой, и скривился от раздражения, потому что оказался неудачливым. Лежал неподвижно, рассчитывая, что опасность минует сама собой, хотя осознавал неизбежность неудачи. Жара нагрела его тело до предела, пот струился в глазах, и лишь после этого Рэдрик громко предупредил Арчибальда: «Не двигайся! Терпи!» Сам тоже терпеливо ожидал дальнейшего развития событий. Возможно, ситуация разрешилась бы относительно удачно, без существенных последствий, однако первым сдался Арчибальд. Вероятно, он либо не услышал предупреждения Рэдрика, либо настолько испугался, что позабыл наставления и правила поведения, либо внезапно ощутил ещё большую боль, нежели Рэдрик. В результате он потерял способность контролировать себя и необдуманно бросился вперёд, пригнувшись и издав нечленораздельный звук, движимый примитивным инстинктом самосохранения — назад, хотя именно там находиться было крайне опасно. Рэдрику удалось быстро подняться и схватить его за ногу двумя руками, вследствие чего Арчибальд всей массой тела ударился о поверхность земли, поднял облако пыли, вскрикнул странным высоким голосом и резко пнул Рэдрика другой ногой прямо в лицо, начал беспорядочно извиваться и брыкаться. Несмотря на мучительную боль, Рэдрик накрыл его своим телом, прижавшись обожжённым лицом к кожаному материалу одежды, пытаясь физически подавить сопротивление противника, удерживая рукой дергающуюся голову и хаотично бил ногами и коленями по земле, телу и конечностям Арчибальда. Нечётко различая звуки дыхания и слабого стенания снизу, Рэдрик бессвязно произнёс сквозь сдавленное дыхание: «Тихо лежать, негодяй, иначе убью...», ощущая сверху давление множества горячих углей, воспламенявших одежду, треск кожи на поверхности конечностей и туловища, пузырящейся и разрывающейся от жара. Уложив своё лицо в серую пыль, судорожно придавливая грудь к голове другого человека, он больше не мог сдерживать эмоции и издал громкий протяжный крик.'",25.0
25,25,"'Хотел бы я знать окончательный исход всего происходящего. Десять лет назад я был непоколебим в своих убеждениях. Должна была существовать безвыходная граница — полоса протяженностью пятьдесят километров, где находились лишь учёные и военные. Опасная область на поверхности моей планеты должна была быть надежно запечатана. Следовало предположить, что большинство разделяло мою точку зрения. Звучали выступления и обсуждались законопроекты для защиты людей. Теперь невозможно вспомнить, каким образом прежняя твердость уверенности внезапно исчезла. По сути, одна позиция верна, но и другая также справедлива. Вероятно, процесс начался с того момента, когда сталкеры впервые принесли из опасной зоны необычные предметы — батареи. Выяснилось, что данная территория представляла собой не угрозу, а кладезь ценных ресурсов. Сейчас уже никто точно не осознает природу этой области. Люди используют ресурсы постепенно. Десять лет прошло в исследованиях и потраченных суммах — однако эффективная система добычи пока не создана. Каждый человек ведёт собственную небольшую коммерческую деятельность, а учёные авторитетно заявляют: учитывая определённые аспекты, следует принять одну позицию, одновременно признавая обоснованность противоположной точки зрения, потому что конкретный объект после воздействия рентгеновского излучения под заданным углом испускает квазитепловые электроны. Это не важно. Всё равно я не смогу дожить до завершения ситуации.'",28.0
26,26,"'С самого утра возникло невеселое обстоятельство: интернет перестал работать. Зевая и тяжело приподнимаясь, Матвей возвратился к компьютерному креслу и коснулся клавиш почти случайно, разочарованно обнаружив: соединение отсутствует. Позвонив своему провайдеру, он услышал следующее ответное сообщение: – На магистральной линии связи произошла авария. Вероятно, ремонт будет завершен к завтрашнему дню. Матвей с унылым видом вглядывался в экран компьютера, стараясь осознать масштаб проблемы: без интернета целых двадцать четыре часа! Это было невыносимо! Впереди предстояло четыре свободных часа перед началом школы. За это время он мог бы присоединиться к друзьям в онлайн-игре или погрузиться в любимый мир Minecraft. Конечно, мобильный телефон имел доступ к интернету, но качество было неважным – слишком медленно и тускло. Для полноценной игры требовалось живое окружение с высоким качеством графики и звука. Матвей отправился в кухню, устроившись на стуле возле барной стойки, положил руки на лицо и тяжело вздохнул. День уже был испорчен. Его мать, напротив, энергично сновала по кухне – между холодильником, столом, плитой и кофеваркой, словно невидимая сила притягивала её от одного предмета к другому. Матвей наблюдал за этими движениями с раздражением: – Мне нужен сок и тост, – пробормотал он хмуро. Быстро обняв сына, мать произнесла: – Доброе утро, мой сердитый мальчик! Матвей резко повернулся, демонстрируя недовольство. Почему она постоянно проявляет эту чрезмерную заботу? Он прекрасно осведомлен о своих чувствах.'",27.0
27,27,"'Открыв дверь салона, Лена, как подкошенная, замерла у входа. Видение студентки Марины в рабочем халате словно ударом током прошибло ее. Ей почудилось, что ноги стали пухлыми и вялыми. Опять она ошиблась: жила по графику пятницы, а все прочие считали, что сегодня среда. Из-за этой ошибка Лена лишилась работы на весь день и заработка. Видите ли, уборка в салоне осуществлялась Мариной, а Лена выполняла эту работу по вторникам и пятницам.'",20.0
28,28,"'Артем медленно встал с места около костра, перекручивая оружие со спины на грудь, и направился в темноту. Остановившись у границы освещённого круга, он громко щёлкнул затвором автомата и хрипло прокричал: '",25.0
29,29,"'На трёхъярусном кольце Москва дышала своим днём, миллионы машин медленно катили по асфальту, освещённому солнцем, и пыль от колёс повисла в воздухе, словно тонкая шуба. Люди выходили из подземного перехода, наполняя город жизненной энергией. Илья чувствовал, что засуха столицы не унимается семь лет и мечтал о соприкосновении с ним, как с любимой книгой. — Мне нужно добраться до Лобни, — произнёс он решительно. Сильно изменился внешний вид электричек. Раньше они были грязными, полупустыми и обитаемы только космическими окнами, а теперь появились чистые белоснежные составы с жёлтыми полосами вдоль бортов, внутри которых удобно расположились отдельные кресла для пассажиров. Люди стали вести себя более изящно и аккуратно, благодаря новым поездам. — Ты не хочешь пойти со мной посмотреть ледовое представление с участием Навки? — спросила одна женщина другую. — В прошлый раз мне понравилось, зрелище потрясающее. — Возможно, и пошла бы, ведь сама Навка вышла замуж за этого человека с усами, помощника президента Путина. Мужчина симпатичный, внушительный, эффектный, — ответила другая женщина, выглядевшая значительно старше первой и накрасившаяся поверх утомлённого лица. — Нет уж, — возразила первая собеседница, — она могла найти кого-нибудь лучше. Мне больше нравится Сергей Лавров. Лавров замечательный человек. Я бы предпочла отправиться куда-либо именно с ним. Лавров гораздо решительнее вашего усатого. Илья прислушивался к разговору, но не мог разобраться в сути беседы. Электричка задерживалась, и у него возникло чувство голода, как будто желудок пустовал и неприятно ныл. Покупать чебуреки возле вокзала он отказался, поскольку стоимость продуктов здесь была завышена относительно той суммы, которую ему предоставляли для транспортных расходов. Зачем тратить деньги на перекус, если вскоре он сможет съесть горячие домашние щи матери? Ему страстно захотелось отведать эти щи трёхдневной давности, добавив немного сметаны сверху, измельчив сухарик хлеба прямо в тарелку, как делал в детстве после примера своего деда. Затем размочить кусочки хлебной корочки в супе, но оставить их слегка твёрдыми, вдохнуть аромат блюда и осторожно положить горячую ложку в рот.'",24.0
30,30,"'Кот с тонкой ловкостью спрыгнул со стула, словно ветер ускользает от берега. Алексей Кириллович поставил чашку на стол, застеленный густым ковром бумаг, обрёл кресло и разложил перед собой стопку печатных страниц: — Да... вот оно... верно... точно! Определим операцию умножения согласно таблице номер три... нейтральный элемент относительно... но, дорогой друг, это абсолютно совпадает с работой Юрковского. Безусловно, поскольку поле упорядоченно, множество базисов можно разделить на две части — зачем же он вновь раскрывает общеизвестные сведения? Далее. Подобная матрица задаёт преобразование одного n-мерного пространства в другое. Что дальше? Эта информация давно известна, просто утверждение о разложении матрицы! Шутник. Алексей Кириллович открыл ящик стола и взял ломтик хлеба, салфеткой покрытый, продолжая читать листы, отделяя небольшие куски, периодически запивая их чаем: — Продолжим... так... итак... произведение матрицы на число распределительно относительно операции сложения чисел... понятно... дальше... уже знакомо... где именно рассматривается тема линейной комбинации?... так... обозначение Кронекера равно нулю тогда, когда совокупность квадратных матриц формирует алгебраическую систему относительно операций суммирования и умножения... но какое это имеет отношение к делу? Где представлены два тензорных пространства? Ведь они идентичны. Частицы хлеба падали ему на ноги, крошились на полу. Кот устроился на диване, уложив голову между передних лап: — Как возможно классифицировать тензорные величины? Эти объекты принадлежат внешней структуре, глупец... следовательно... почему стоит анализировать билинейную конструкцию? Шутник! Необходимо выяснить характеристики левого тензорного поля, а не характеристику полиномиального выражения... сейчас посмотрим... так... теперь яснее... интересно! Это противоречит принципам евклидова пространства! Очень смешно! Удивительная вещь: полярная запись базовой полиномиальной функции именуется скалярным рассеиванием! Ха-ха-ха! Совершенно бессмысленно и никак не связано!'",25.0
31,31,"'Из группы выходит участник боя: кряжистый работник скотного двора, широкое лицо. Сбрасывает верхнюю одежду, надевает перчатки, вытирает нос. Мы ожидали такой поворот событий, потому Погода Сиволай снимает свой черный кафтан, освобождается от шапки с меховой отделкой, расстегивает парчовое верхнее платье, слегка двигает мускулистую руку, обернутую красной тканью, подмигивает мне и выходит вперёд. В боях кулачных Погода значительно превосходит противника. Рост небольшой, однако плечи широкие, костяк крепкий, ловок и проворен. Ударить по лицу Погоды непросто. Зато получить удар от него легко.'",25.0
32,32,"'Привет, Алёна, моя взрослая дочь. Жизнь — это ощущение любви, без которого она теряет смысл. Но почему мне пришлось столкнуться с такими испытаниями? Ведь я была полна материнской любви к своей дочери! Очень сильно любила Андрея тоже! Впрочем, сейчас моя жизнь окончена, несмотря на то что я выглядываю моложе, чем женщины моего возраста. Однажды незнакомый мужчина принял меня за молодую девушку сзади и спросил: «Девушка, извините, скажите, пожалуйста, как пройти туда-то?» Он был грязным, вспотел, и выглядел дружелюбно, говоря, что гостиницы уже забиты. Мы с вами знакомы! Хотим бесплатно остановиться здесь за пол-килограмма гранатов. И еще попросят небольшие дополнительные услуги: кипятить чай, стирать постельное белье и запирать дверь, чтобы их не беспокоили просьбами. Все сразу ясно в моей голове, как будто я шахматистка или композитор. Я поэт. Некоторые называют меня поэтессой, но зовут себя и другие авторы с похожими именами: одна — Анна Андреевна, другая — Анна Андриановна. Во время редких выступлений прошу называть меня именно так: поэт Анна — далее фамилию моего мужа. Дети внимательно слушают мои выступления. Мне известно отношение детей к взрослым. Мой сын Тимофей сопровождает меня повсюду, сидит рядом со сценой, никогда не в зрительском зале. Иногда у него проявляется нервный тик. Я улыбаюсь и нежно поглаживаю голову Тима, произнося фразу из известного детского произведения: «Мы с Тамарой ходим парой». Однако некоторые глупые организаторы воспринимают это серьёзно и предлагают: «Пусть Тамара посмотрит выступление из зала», не понимая, что это строка из стиха Агнии Барто.'",28.0
33,33,"'Это было давно, в те времена, когда я родила двоих детей подряд за два года. Тогда я была еще молодой женщиной, двадцати девяти лет, с короткой стрижкой и худощавым телом — просто как мальчишка. Мне довелось участвовать в археологической экспедиции, где мы совершали множество безрассудств, будто в поисках новых горизонтов. Незнакомство было первоначальным камнем, на котором мы ступили — я с ребенком рассматривала ржавый осколок, а он, не скрывая любопытства, спросил: «Мальчики, что вы здесь делаете?» В его голосе звучало нечто непривычное и странное. Это было началом нашего путешествия, которое продолжалось и днем, и ночью — когда я писала стихи после завершения педагогического института и уволилась из газеты, где была журналисткой, за роман с женатым мужчиной-художником. Я мечтала воспитать детей от него, но судьба решила по-другому — так я стала женой художника и матерью двух маленьких ангелов: Андрея и Алёны. Жена художника быстро пришла в гнев, сообщив об этом главному редактору; вскоре после этого она получила трехкомнатную квартиру — раньше они жили вместе с матерью мужа в одной комнате, а я предоставила свое пространство любовнику, несмотря на протесты матери. Потеряв работу, я отправилась добровольцем в экспедицию, которая и стала причиной моих детей — Андрея и Алёны, которые теперь снова живут в одной комнате с матерью. Мы некоторое время осознавали нашу ситуацию, пока мой муж переживал болезненный процесс развода в Куйбышеве; его жена приехала посмотреть на беременную меня — точнее, стояла у двери, когда он открыл ее и увидел жену с подростком-пятнадцатилетним сыном. Она хотела обсудить важный вопрос.'",27.0
34,34,"'Наступление протянулось третий день, и начало его было неопределенным. В течение всего дня передний край наполнялся звуками стрельбы, наши колонны периодически останавливались, направляя во всех направлениях разведывательные группы. Поэтому мы испытывали особую радость, когда увидели пехотинцев, вышедших из леса, которых не видели уже несколько суток. Выяснилось, что двигаясь с северного направления, наша группа объединилась с подразделениями, наступающими с южного направления. Бесконечные отряды пехотинцев последовательно подходили друг за другом и вскоре исчезали между небольшими лесочками и возвышенностями. Их появление свидетельствовало о завершении преследования врага, поскольку противник прекратил отступление и готовился вступить в сражение.\n\nНаша разведывательная группа должна была выяснить маршрут продвижения одного из подразделений пехоты и обеспечить защиту его фланга. Во время выполнения задания мы столкнулись с кавалерийским патрулем, получившим аналогичное задание. У офицера-драгуна был разорван сапог — результат попадания вражеской копья днем ранее, однако он получил лишь незначительное ранение, тогда как погибло около восьми немецких солдат. Быстро определив местоположение неприятеля после нескольких пробных маневров и последующего обстрела, мы спокойно двинулись дальше, размышляя о предстоящей еде: картофеле и чае.\n\nОднако, едва мы покинули лесной массив и дозорный взобрался на возвышение, прозвучал выстрел с противоположной стороны возвышенности. Вернувшись обратно в лес, мы заметили полную тишину. Когда дозорный снова появился над гребнем, последовал еще один выстрел, и на этот раз пуля задела ухо лошади. Спешившись, мы расположились на краю леса и начали наблюдение. Постепенно с вершины соседнего холма появилась немецкая военная каска, затем фигура всадника, которого я смог подробно рассмотреть в бинокль благодаря характерному светлому цвету его усов. Солдаты шепотом произносили: «Вот он, вот он». Однако офицер решил дождаться появления большего числа врагов, считая бессмысленным вести огонь по одиночному солдату. Мы держали цель на мушке, внимательно изучая ее в оптическом приборе и рассуждая о социальном статусе наблюдаемого человека.'",29.0
35,35,"'Одесса, как странное чудо для северного пришельца, напоминает город, пережитый русской рукой после иностранной реконструкции. В кафе собираются галантные продавцы, которые разговаривают о товарах и делах. По Дерибасовской прогуливаются люди, дыша ароматами парижского Сен-Мишеля. Одесский диалект словно живой язык, говорящий о вере в ловкость и успех любыми путями — его звучание заставляет чувствовать себя частью необычного мира. В типографии, где печатали карточки, обнаружил анонимное стихотворение Сергея Городецкого: строка была изменена, но несмотря на это, оно звучало как собственное творение начинающего поэта. Управляющий сказал, что поэт выдавал произведение за свое из чувства самовыражения и любви к литературе. Это лишь одна сторона Одессы: там нет только бескомпромиссно честных людей; будущее принадлежит небольшим активным группам, которые проявляются в местах, таких как Порт-Саид и Смирна. Мы отправились на корабле Добровольного флота '",28.0
36,36,"'Я доверяю тем людям, которые представляют меня иначе, нежели я привыкла видеть, и вот почему я так доверяю. Во-первых, я могла лишь наблюдать один аспект его личности (лучший) – как посторонняя двадцатилетняя женщина иностранного происхождения; кроме того, значительное изменение в нем я лично отметила, когда мы встретились снова в 1911 году. Его внешность стала мрачнее и истощеннее, словно он пережил целую войну внутри себя.'",25.0
37,37,"'Вид города ошеломил меня, и я приступила к написанию рассказа об этой встрече. В ту же пору зародились «Три сирени» и «В гостях у смерти». Печатать истории казалось мне загадочным и увлекательным занятием. Упоение поэзий я чувствовала врождённо, а проза для меня оставалась закрытым миром. Мой первоначальный опыт писательства был тепло принятым окружающими, хотя мне было не до эмоций. Я пригласила Зощенко осмотреть мою работу. Он настоятельно советовал укоротить некоторые отрезки и одобрил остальное. Это принесло мне удовлетворение. После ареста сына я уничтожила этот текст вместе с другими документами из архива, надеясь на лучшее. Моя любовь к переводам зародилась ещё в юности, и после войны я приступила к работе над множеством произведений. Этот интерес продолжает меня увлекать до сих пор. В 1962 году я окончательно закончила поэму «Поэма без героя», которую трудилась двадцать два года. Весной прошлого года, незадолго перед празднованием Данте, я опять услышала итальянский язык в Риме и на Сицилии. Весной 1965 года я отправилась в Великобританию, родину Шекспира: наблюдала английское небо и берег Атлантики, встречалась с давними знакомыми и завязывала новые связи, возвращаясь ещё раз во Францию. Я продолжала сочинять стихи, через которые испытывала своё присутствие в истории и новом жизненном этапе своего народа. Затрагивая ритмы выдающихся исторических событий моей страны, я была рада жить в такой эпохе и свидетельствовать о уникальных происшествиях.'",25.0
38,38,"'Парень только так подумал, а девушка уже обернулась. Её взгляд весело блестит, улыбается широко и полушутливо произносит: «Степан Петрович, смотришь на меня как ворона на яблоко? За такое удовольствие приходится платить — подойди поближе. Давай поговорим немного.» Парень испугался, конечно, но держит себя уверенно. Хотя девушка и загадочная, сильная, она всего лишь женщина. А парню неловко проявлять робость перед девушкой. Поэтому он отвечает: «Нет времени общаться. Мы проснулись позже положенного, теперь идём искать нужную траву.» Девушка снова рассмеялась и говорит: «Перестань притворяться! Я серьезно говорю — подойди сюда. Есть важное дело.» Парень понимает, что другого выхода нет. Подходит к девушке, та жестом просит обойти камень со стороны. Обогнув его, он видит огромное количество ящериц разной окраски: зелёные, голубые с оттенком синевы, напоминающие глину или песчинки с золотистыми пятнами. Есть прозрачные, как стекло или слюдяные пластинки, тусклые, похожие на увядшую траву, а ещё такие, у которых красивый рисунок. Девушка продолжает смеяться: «Будь осторожен, чтобы не раздавить моих маленьких помощников, Степан Петрович. Ты такой крупный и тяжёлый, а они совсем маленькие.» Затем она хлопает ладонями, и ящерицы мгновенно разбегаются, освободив проход. Парень подходит ближе, останавливается, а девушка снова захлопывает руки и говорит всё еще смеясь: «Теперь тебе негде сделать шаг. Уничтожишь моего помощника — неприятности будут.»}'",23.0
39,39,"'Не взяли его на заводскую работу — слишком он был слабым, его сил не хватит даже на неделю работы. Приказчик отправил его помощником пастуха. Но и здесь Данилко оказался неподходящим работником. Мальчишка был старательным, однако постоянно допускал ошибки. Часто задумывался над чем-то своим. Увидит какую-нибудь травинку и уставится взглядом, а коровы пасутся далеко. Старый пастух оказался добрым человеком, жалел сироту, но иногда сердился: — Что же из тебя получится? Сам погубишь свою жизнь и заставишь меня отвечать за твои промахи. Такое допустимо? О чём думаешь вообще? — Сам, дедушка, не понимаю… Просто смотрел немного. Видел маленькую букашку, ползущую по листочку. Она сама синенькая, а снизу желтые пятнышки видны, лист широкий, края острые, как узор. Здесь лист кажется тёмным, а посредине ярко-зелёный, словно недавно покрасили… А букашка медленно движется. — Ты совсем глупый, Данилко? Разве тебе нужно изучать насекомых? Пусть ползёт дальше, а твоя обязанность следить за стадом. Предупреждаю, прекрати эти пустяки, иначе расскажу обо всём приказчику! — Только одно занятие удалось Даниле — научиться играть на рожке лучше старого пастуха. Получалось почти профессионально. Вечером после возвращения стада девушки и женщины просили: — Давай сыграешь песню, Данила. — Данилко начинал играть мелодию. Песни были необычные, звучали приятно, как шум леса, журчание ручья или птичьи трели. Женщины полюбили эти песни и стали помогать Даниле. Одни чинили одежду, другие отрезали ткань на портянки, третьи шили новые рубашки. За едой разговора даже не возникало — каждая старалась угостить повкуснее и побольше. Пастух-старик также любил песни Данилы. Однако и тут случались неприятности. Начинал Данила играть музыку и забывал обо всём вокруг, словно коровы исчезли. Именно во время игры произошла беда.'",24.0
40,40,"'В хату проникла крупная рыжеватая собака с чёрной полосой на спине, как переклёванный мечтательный шармбут. Под глазами у неё находились чёрные полосы, изгибающиеся в виде оправы очков. Из-за этого её глаза казались особенно большими и вопросительно блестящими: «Почему ты зовёшь меня, хозяин?» Антипыч с любопытством посмотрел на неё, и собака моментально поняла его намерения: он приглашал её исключительно ради дружеского общения, забавы, игры. Травка начала энергично махать хвостом, постепенно приседая всё ниже и ниже до тех пор, пока, приблизившись к коленям старика, не улеглась на спину с белым животом, выставив наружу двенадцать тёмных сосков. Когда Антипыч лишь слегка вытянул руку, намереваясь почесать её, собака внезапно встрепенулась, запрыгнула на него лапами и принялась лизать его в разные части лица: в нос, щёки, губы. — Хватит, хватит, — произнёс он, усмиряя животное и стирая слюну рукавом. Затем он ласково провёл рукой по её голове и добавил: — Достаточно, возвращайся обратно. Собака развернулась и ушла во двор. — Так-то вот, ребята, — проговорил Антипыч. — Это Травка, охотничья собака, ей достаточно единственного указания, чтобы понять суть дела, тогда как вы, неразумные, задаёте вопросы типа: «Где находится истина?» Хорошо, приезжайте сюда. Но если пропустите нужный момент, я расскажу обо всём Травке. Вскоре после смерти Антипыча началась Великая Отечественная война. Никто другой не занял должность сторожа, и жилище Антипыча оказалось заброшенным. Домик сильно износился, значительно превзойдя возраст своего владельца, и поддерживался специальными подпорками. Однажды ветер разрушил постройку, она тут же рассыпалась подобно карточному строению, которое легко рушится даже от слабого дуновения ребёнка. За один год высокие стебли растения Иван-чая пробились сквозь древесные элементы строения, оставив от дома небольшой земляной бугор, покрытый алыми цветками. Собака Травка переехала в картофельно-хранилище и приспособилась к жизни в лесных условиях.}'",30.0
41,41,"'Человек, который ни разу не видел клюкву в созревании, может пройти по болотам на расстояние, равное нескольким верстам, и остаться незамеченным среди зарослей этой ягоды. Весенняя клюква растет так: тонкий стебелек поднимается вверх, а по его длине располагаются зелёные листья, напоминающие крылья, и на концах этих листьев находятся ягоды красного цвета, покрытые серым пухом. Брусника отличается ярко-красными плодами и темно-зелёными структурными листьями, сохраняющими свежесть даже зимой; она часто так многочисленна, что земля кажется окрашенной в красный цвет. Голубика, типичный обитатель болот, имеет крупные синие ягоды, растущие группами. Иногда костяника, с её рубиновыми плодами, расположенных в гроздьях, встречается в отдалённых районах. Но лишь весенняя клюква так искусно маскируется: она скрывается между комочками почвы и практически незаметна до тех пор, пока не появится значительное количество ягод на небольшом участке. Тогда сверху видны красные точки, разбросанные случайным образом. Когда человек наклоняется для сбора одной ягоды, он обнаруживает, что она связана тонкой нитью с целой группой аналогичных плодов. Можно аккуратно извлечь из почвы длинную цепочку крупных красных ягод. Возможно, именно из-за своей высокой стоимости весной и полезности клюквы, а также приятного вкуса напитка с её добавлением, она так популярна. Но независимо от причины сборщики клюквы часто проявляют чрезмерную алчность. Например, когда одна пожилая женщина собрала столько ягод, что не смогла самостоятельно нести тяжёлую корзину домой, но оставила бы собранное — ей стало жалко и она оказалась в затруднительном положении. А когда две женщины одновременно находят богатые места сбора, они склонны пригибаться к земле и двигаться осторожно, чтобы собрать больше урожая, несмотря на риск конкуренции и возможного конфликта.'",24.0
42,42,"""История зародилась с обычной прогулкой по берегу, а затем превратилась в загадочное расследование. Побережье Океан Бич в городе Тайруа стало свидетелем необычной находки — 48-летняя Нейша Ринд с сыном Кеей обнаружили среди морского мусора бутылку Jack Daniel's объемом один литр. Она была покрыта слоями ракушек и соли, но после очистки от них оказалась стандартной бутылкой, внутри которой лежал аккуратно сложенный лист бумаги. Внутренняя пробка выявила, что послание не является розыгрышем — оно было написано 17 февраля 2002 года и содержало лишь имя автора: Джек. Из-за воздействия морской воды дата и имя стали трудночитаемыми. Но даже в таком виде они вызвали волнение, похоже на то, как будто бы герои романа Жюля Верна «Дети капитана Гранта» снова оказались перед важной подсказкой в своем приключении. Бутылка могла проплыть через Тихий океан около двадцати двух лет, обогнув земной шар или находясь в мощных течениях Тасманова моря. Нейша Ринд опубликовала фотографию на социальных сетях с надеждой, что современные технологии помогут найти отправителя быстрее, чем это делали герои XIX века. Но пока что ответа нет, и шуточки о том, что автор Джек мог уже стать дедушкой, заполонили социальные сети. Кея и его мама остаются в ожидании возможного отклика от автора послания, чтобы узнать подробности рыбалки прошедших лет.""",24.0
43,43,"'После того как Игорь Краснов взял эстафету председательства Верховного Суда РФ, многие судьи перестали плавать в море карьеры из-за обвинений в коррупции и рыбачке с правосудием. Истоки первых речей о увольнениях прозвучали от аналитиков агентства РИА Новости, как будто их наткнулись на камень в бараньем пути Краснова. Первый случай был замечен вскоре после того, как он поднялся на вершину власти: судья Виктор Мамотов оказался за бортом судейского королевства. Его полномочия были прекращены решением суда, а имущество в размере 97 объектов на сумму около 9 миллиардов рублей было подвергнуто земному суду и взыскано государством. Это было лишь началом грозового увольнения, которое за шесть месяцев вынесло несколько десятков судейских кораблей по всей стране. Быть может, эти судьи и не заметили штормовых облаков на горизонте, но Краснов был готов к бурям правосудия. Он подчеркнул, что его приход ознаменует новую эру чистоты в судах: любые проявления коррупции будут уничтожены без снисхождения, независимо от рангов.'",25.0
44,44,"'Ученые выделили биопленку, которая закрывает доступ воздуху и водяного пара. Через месяц после использования данная упаковка растворится в естественных процессах земли — словно снежный ком под весом времени. Более того, пластиковые изделия сегодня уже не могут быть названы редкостью: они заселяют мусорные поля и океаны, где разлагаются за века. Это представляет собой проблему экологическую — как огромный камень на пути прогресса. Ученые стремятся создать биопластики из материалов, восстанавливаемых природой: целлюлоза (оболочка растений), хитозан (состав ракушек) и лимонная кислота (друзья домашних хозяек). Эти компоненты обрабатываются в тонкий слой пленки, которая не позволяет проникновению воздуха и водяного пара. Такая пленка растворится при определенных условиях — как старая дверь, потерявшая свой блеск со временем, оставляя за собой лишь легкую пыль. Эти биопленки пока существуют лишь в виде лабораторных экспериментов и требуют улучшения в гибкости — как старые книги, которые не всегда можно согнуть без повреждений.'",25.0
45,45,"'Эксперты уверяют, что у кошек развиты органы чувств в высшей степени. У этих четвероногих острый обоняние превосходит человеческое на порядок, а слух их способен воспринимать ультразвуковые волны. Зрение кошек невероятно острые и позволяют им замечать самые мелкие изменения вокруг. Это делает их внимательными наблюдателями, которые моментально реагируют на любые метаморфозы в поведении хозяина — от тонкого акцента в голосе до нюансов выражения лица или запаха. Научные исследования показывают, что кошки могут различать человеческие эмоции по характеру движений и интонаций речи, а также по выражению лица хозяина, хотя они не способны устанавливать диагнозы заболеваний и не лечат людей. Они лишь откликаются на изменения во внешности и поведении владельца, часто лежа рядом с тепловыми зонами, так как воспаленные участки тела выделяют больше тепла. Исследователи указывают, что идея о том, что кошки способны обнаруживать рак у людей, является мифом — их не тренируют на это из-за сложности процесса обучения. Тем не менее, существуют доказанные исследования, свидетельствующие о положительном влиянии присутствия кошек на уровень стресса и тревоги у хозяев.'",27.0
46,46,"'Эволюционные линии большей части современных штаммов данной бактерии разделились примерно пять тысяч лет назад, в период неолита, когда население становилось всё более оседлым и начало жить в условиях плотного взаимодействия между собой. Такое положение дел могло привести к расширению ареала распространения и увеличению разнообразия патогенных микроорганизмов, передаваемых преимущественно капельной инфекцией и контактом. Стрептококк стрептококкус пирогенес был обнаружен в останках людей, проживавших в Европе и Африке около четырёх тысяч лет назад — тогдашние мумии свидетельствовали о его присутствии на двух континентах с высокой степенью вероятности. Один штамм, выявленный в останках древней мумии Боливии, мог обособиться ещё ранее, примерно десять тысяч лет назад, предполагают исследователи — это было время, когда первые люди прибыли из Сибири и преодолели Берингов пролив. В Южной Америке эти микроорганизмы могли жить на протяжении долгих веков, передаваясь из поколения в поколение посредством инфицированных капель воздуха и телесного контакта. До того времени, как современные антибактериальные препараты появились на свет, скарлатина была одной из ведущих причин смерти детей — она часто приводила к потере зрения и слуховых функций, оставляя следы на веках и барабанных перепонках. До того как учёные выяснили бактериальную природу заболевания, его симптоматика часто принималась за проявления натуральной оспы или коревой краснухи — это было время, когда микробы скрывались под маской других болезней. Эти инфекционные патологии традиционно рассматривались как следствие колонизации новых территорий: они появлялись среди переселенцев из Европы, прибывающих в Америку, и оказывали губительное воздействие на местное население, иммунитет которого оказался неподготовленным к борьбе с указанными патогенами. Тем не менее современные учёные полагают, что данная точка зрения является чрезмерно упрощённой и возможно даже ошибочной — есть вероятность, что не только пиогенные стрептококки, но также и многие другие микроорганизмы уже длительное время существовали в Америке, намного раньше прибытия первых европейцев. В пользу данного предположения свидетельствуют данные последних научных исследований, посвящённых возбудителям такого заболевания, как сифилис, и возбудителю лепры.'",28.0
47,47,"'Инженеров Ирбитского мотоциклетного завода попросили создать экстраординарное транспортное средство — мотоцикл, способный взлететь на скорость в 150 км/ч без коляски и не менее 120 км/ч вместе с ней. Такие показатели для большинства советских мотоциклов середины XX века считались крайне выдающимися лебедями на небосводе скорости. Разработка новинки тайно и с ограниченными ресурсами шла под покровом вечной ночи и секретности, и первые тестовые экземпляры готовились в 1963 году, как будто время замедлило свой ход. Внешний вид остался знаковым для «Урала», однако мощность двигателя стала буйным левом среди обычных козлов: рабочий объём увеличили до 1040 куб.см, а мощность выросла до 50 лошадиных сил. Для улучшения аэродинамических свойств установили специальный защитный кожух, словно броня для легендарного рыцаря средневековья. Однако достичь заявленной максимальной скорости в 150 км/ч не удалось — фактически максимальная скорость составила 130–132 км/ч, как бы предательски шепнув о своих возможностях. Несмотря на это, достигнутый результат произвел сильное впечатление на окружающих, будто выкрикнув призыв борца за справедливость. В 1967 году выпустили ограниченный тираж новых мотоциклов — примерно 25 единиц, оборудованных колясками, и все они направлялись в подразделения Госавтоинспекции СССР. Каждый мотоцикл собирался почти индивидуально из-за дефицита производственных мощностей и нерегулярной поставки уникальных деталей, словно каждая пуговица была крепко пришита ручками. За счет высокой стоимости разработки серийное производство оказалось невозможным, и использование этих машин вызвало значительные трудности — как будто новый век пришел с тяжестью нелегальных монет. Нехватка запчастей и сложности ремонта двигателей сделали эксплуатацию сложностью и неудобством, как если бы вы пытаетесь плавать в густой смоле. Проект остался экспериментальным и эксклюзивным из-за своей сложности и высоких затрат — как будто он был создан для особого случая. Однако мотоцикл «Урал М-100» вошел в историю советского мотопрома, оставив след среди легенд. Эти мотоциклы эксплуатировались в ГАИ примерно десять лет, а теперь память о них сохранилась только среди немногих энтузиастов и коллекционеров — как таящиеся улыбки в пустом зале. Большинство оригинальных экземпляров утрачено, оставшиеся стали редкостью — словно следы гиганта на песке. Ирбитский завод снова стремится привлечь внимание покупателей и выйти на новый уровень с моделью «Урал Нео 500» — современного варианта классического мотоцикла, напоминающего о прошлом в новой оболочке. Новые мотоциклы оснащены рядным двухцилиндровым двигателем объёмом 446 куб.см с жидкостным охлаждением и мощностью 35 л.с., пятискоростной коробкой передач с задним ходом, а масса сухой версии составляет 334 кг. Внешний дизайн напоминает современные туристические мотоциклы, а оборудование включает светодиодную оптику, электронное табло приборов и встроенную камеру переднего вида — словно земля выросла из цивилизации. Разработчики создали новую модель совместно с крупным партнером, ориентировавшись главным образом на международный рынок. История проекта «Урал М-100» демонстрирует, насколько амбициозные технические решения требуют учета реальных возможностей промышленного производства — как будто вы пытаетесь взлететь в небо, не имея крыльев. Сегодня завод ставит акцент на новейших технологиях и международном сотрудничестве для возвращения позиций на мировой арене мотоциклетной индустрии — словно вы снова отправляетесь в путешествие по неизведанным землям.'",28.0
48,48,"""Технические характеристики и материалы.\n\nКомплектующие и внутренние элементы конструкции модели Truckster создают звучание, насыщенное как морской волна, и обеспечивают высокую стабильность строя.\n\nОсновной материал инструмента — красное дерево для корпуса, кленовый топ и вклеенный гриф из махагони, дающие мощь резонансу и звучанию, которое ценят музыканты жанра рок.\n\nКонструктивное решение с вклеенным грифом и установленными активными звукоснимателями EMG делает инструмент надежным на сцене и позволяет получать чистый, мощный звук без посторонних шумов. Инструменты, подписанные Хэтфилдом, известны высоким качеством изготовления и надежностью комплектующих.\n\nВместе с инструментом покупатель получает фирменный кожаный ремень Levy's профессионального качества и иллюстрированную книгу о истории группы Metallica. Такие комплекты редко встречаются в регионах, поскольку большинство инструментов серии ESP японского производства приобретают коллекционеры через специализированные международные торги.\n\nФактические сведения о модели ESP Truckster:\n\nПятый инструмент для Хэтфилда: Модель Truckster стала пятой подписной моделью, выпущенной ESP специально для Хэтфилда. Базой послужил корпус модели ESP Eclipse, внешне схожий с известной гитарой Gibson Les Paul.\n\nДизайн автомобиля: Увлекающийся кастомными машинами и хот-родами Хэтфилд попросил разработчиков сделать новый инструмент в виде автомобиля с серым матовым покрытием, будто его не успели полностью покрасить. Именно такой слегка поврежденный внешний вид стал отличительной чертой этой модели — без лакового покрытия и блестящей отделки.\n\nФальшивый переключатель: Тумблер сверху корпуса предназначен лишь для визуального соответствия винтажному стилю рабочего функционала, у него нет. Реальная регулировка осуществляется с помощью нижнего переключателя.\n\nМногоуровневое покрытие: Для достижения эффекта состаренного внешнего вида на производстве ESP наносят несколько слоев краски (серого, черного и белого цветов), после чего покрытие частично стирается вручную. Это придает каждому инструменту индивидуальность, и даже два экземпляра из одной производственной партии выглядят по-разному.""",21.0
49,49,"'Определите скрытые недостатки дома: зимой или поздней осенью, когда проще скрыть основания, проблемы могут стать критическими — трещины и повреждения фундамента приводят к разрушению здания. Обратите внимание на качество скрытых работ: утепление, гидроизоляция и пароизоляция часто содержат ошибки; осмотр подвалов выявляет следы протечек и влажности. Индивидуальное жилищное строительство может столкнуться с неверным выбором грунта или фундамента, а также отсутствием обработки древесины; проверьте наличие насекомых. Поищите квалифицированного специалиста для детального осмотра, чтобы избежать пропущенных деталей. Проверьте разрешение на строительство и вид использования земли: возможно, постройка самовольная; учитывайте окружающую среду, чтобы предотвратить негативные изменения. Максим Лазовский, руководитель строительной компании «Дом Лазовского», подчеркнул необходимость такого подхода.'",28.0
50,50,"'Продукт, обвинённый диетологами в несправедливой критике, — это обычная свёкла или мангольд. Эти корнеплоды долгое время использовались исключительно как красители для блюд, таких как винегрет и борщ. В наши дни они нашли широкое применение в Европе: различные салаты и супы из свёклы стали популярны благодаря своим ценных свойствам — высокому содержанию железа, витамина C и йода, приятному вкусу и отсутствию горечи. Согласно диетологу Светлане Бережной, свёкла содержит бетаин, препятствующий накоплению жиров и способствующий лучшему усвоению белка. В её соке присутствуют ферменты, которые улучшают водно-солевой баланс организма и обладают мягким мочегонным действием, полезными для малоподвижных людей и склонных к отёкам. Для похудения достаточно нормализовать водно-солевой обмен, предотвратив скопление избыточной жидкости в тканях. Свёкла также богата клетчаткой, активизирующей работу кишечника и желчного пузыря, но может оказывать слабительное действие при чрезмерном употреблении.\n\nСвёкла подходит для разгрузочных дней благодаря своей низкой калорийности: сто граммов содержат всего сорок калорий. Она прекрасно сочетается с селёдкой и зеленью, но противопоказана к употреблению с острыми или копчёными продуктами.'",28.0
51,51,"'Росреестр Санкт-Петербурга поделился отчетом за первый квартал 2026 года. Начальный этап этого года явно отличился для рынка недвижимости: увеличилось количество ипотечных кредитов и договоров долевого участия, но на вторичном рынке фактически не произошло ничего нового. В сфере ипотеки особенно кипела жизнь. В период с января по март 2026 года в Санкт-Петербурге было зарегистрировано 28 346 ипотечных договоров, что на 14% больше показателей того же периода прошлого года (24 943 договора). Это увеличение свидетельствует о том, что покупатели продолжают приобретать жилье даже под высокие процентные ставки и в условиях ограниченного спроса. На первичном рынке также наблюдались изменения: по данным Росреестра Санкт-Петербурга, было заключено 10 299 договоров долевого строительства, что на 10% больше, чем за тот же период 2025 года (9366 договоров). Однако общий объем купли-продажи жилых объектов увеличился лишь немногим: разница между количеством зарегистрированных прав собственности на основе договоров купли-продажи и обмена составила всего 257 единиц. В первом квартале 2026 года было зарегистрировано 21 890 объектов, а годом ранее — 21 633. Напоминаем, что в январе текущего года количество заключенных договоров долевого участия увеличилось почти на 57% по сравнению с аналогичным периодом прошлого года: в январе 2026 года было зарегистрировано 4262 таких договора, а в январе 2025 года — только 2707.'",19.3
52,52,"'Одновременно с отменой льготной ипотеки, которая ускоряла развитие строительства домов для частного использования, многие компании столкнулись с финансовыми трудностями. Генеральный директор «Загородная недвижимость Урала», Александр Свитеньков, сообщил, что из более чем тысячи предприятий, работавших ранее в этом сегменте, только около 40 продолжили функционировать и получили доступ к проектному финансированию. Сегодня средства банковских кредитов (примерно от 50 до 100 миллионов рублей) недостаточны для обеспечения предыдущих объёмов строительства, так как они стали уменьшаться с каждым годом: из ста домов ежегодно было построено только 28 в прошлом году, а текущий уровень контрактов находится где-то на отметке от 12 до 15 домов. Сокращение штата и числа работников также стало неотъемлемой частью процесса: офис сократился до десяти человек, а строительные площадки обнажили лишь пятую или восьмую долю своих предыдущих масштабов. Из-за инфляции многие участники рынка сейчас имеют убытки, что приводит к банкротствам и иногда уголовным разбирательствам. Эдуард Богданов отметил, что в 2025 году стоимость загородной недвижимости выросла примерно на 15,2%, но дальнейший рост прекратился. Он также добавил, что сейчас возможно найти предложения с торговым снижением цен и широкий ассортимент предложений среди земельных участков и жилых домов. Ожидаются возобновления роста цен в период 2027–2028 годов после возврата привлекательных ипотечных ставок, способствующих увеличению числа покупателей. Эксперты считают, что в течение 2026 года сегмент индивидуального жилья будет адаптироваться и меняться. Компании с недостаточным капиталом и низкокачественным предложением покинут рынок, тогда как организации с эффективным управлением и достаточными ресурсами укрепят свои позиции. Александр Игнатов подчеркнул, что рынок выходит из хаотичного развития в более стабильную фазу. Будущий успех обеспечат не просто комплексы застройки, а предложения комплексного продукта для конечных потребителей: земельный участок с подведёнными коммуникациями, подъездные пути и необходимой инфраструктурой, либо комбинированное предложение «земельный участок и жилой дом». Для реализации крупных комплексных проектов необходима финансовая поддержка не только самих застройщиков, но и государственных структур в части инфраструктуры дорог и инженерных сетей. Но пока этого наблюдается недостаточно.'",27.0
53,53,"'Квантовые технологии разделили сообщество биткоина на два лагеря: тех, кто добровольно шагает к новой защищённой реальности, и тех, кто требует ограничить обращение наиболее уязвимых активов. Спор о безопасности сети стал серьёзным вызовом последних лет. Руководитель Blockstream Адам Бэк предложил переход на новые механизмы защиты, тогда как Джеймсон Лопп выступил за ограничение обращения моря биткоинов в долгосрочном хранении, включая накопления Сатоши Накамото. Спор, ранее теоретический, приобрёл реальность после публикации исследований Google, которые показали методы снижения затрат на атаки квантовых компьютеров. В 2030-х годах эти устройства могут уже появиться раньше, чем ожидалось, угрожая миллионам единиц цифровой валюты старого образца. Исследователи Google оценили сумму таких активов в 170 миллиардов долларов. Атака квантовым компьютером предполагает восстановление закрытых ключей по открытому, что сейчас крайне сложно, но квантовые алгоритмы делают это возможным. Второй сценарий опасности — перехват транзакции до её добавления в блокчейн и замещение оригинальной транзакцией собственной, угрожая не только старому капиталу, но любым переводам внутри системы.'",25.0
54,54,"'Семь знаменитых сталинских высоток привлекают взгляд жителей Москвы, российских и зарубежных гостей. Во время прогулок по столице на семи холмах рассказывают о мастерах, архитекторах, сотрудниках спецслужб, особенности озеленения садов и фонтанов, причинах использования гейгометра при подходе к главному зданию МГУ. По словам руководителя туристической фирмы '",25.0
55,55,"'На круглом столе под названием «Кадры для роботизации: как подготовить инженеров будущего» председатель партии «Новые люди» Алексей Нечаев немедленно взялся за конкретные вопросы, начав с упоминания системы распознавания лиц. Он заметил, что несмотря на известную поговорку, существуют задачи, которым ещё предстоит научиться. Затем он сообщил участникам, что они обладают знаниями о роботизации и пониманием влияния этого процесса на язык России. По его мнению, комментарии к его выступлению излишни, поскольку тема была ясной и понятной. Когда говорят о роботизации, обсуждение альтернатив зачастую отсутствует, связано с прежним дешёвым человеческим трудом стоимостью около двадцати тысяч рублей в месяц. Сейчас такого уровня оплаты нет, следовательно, работники получают гораздо больше. Следовательно, нужно признать, что стоимость человеческого достоинства не измеряется деньгами. После чего Нечаев привёл пример своей компании «Фаберлик»: за десятилетие благодаря постепенной автоматизации и роботизации производственный процесс стал эффективнее почти вдвадцать раз, а зарплата сотрудников возросла примерно втрое. Однако докладчик подчеркнул, что речь шла только о тех работниках, которые продолжили работу после внедрения автоматизации. Обсудив эти данные, он отметил, что значительный рост производительности труда сопровождался лишь трёхкратным увеличением заработной платы.'",24.0
56,56,"'Адриан Лахдо — юный защитник шведского происхождения, чья игровая стоимость была оценена в миллион евро, но затем перешёл в итальянский клуб «Комо» за двадцать раз большую сумму. Молодой даровитый футболист уже выступал за юношеские сборные своей страны и продолжает играть важную роль в молодёжной национальной команде. В профессиональном первенстве он сыграл меньше двадцати матчей, но всё-таки привлёк внимание скаутов «Комо» своей перспективностью и техническими способностями. Команда традиционно предпочитает подписывать контракты с молодыми европейскими талантами и обычно не ошибается в своих выборах, поэтому Лахдо оказался хорошим инвестицией для них — вместо одного миллиона они выложили двенадцать миллионов. \n\nКадер Мейте, ранее оцененный в десять миллионов, перешёл из французского «Ренна» к саудовскому клубу «Аль-Хилялу» за тридцать миллионов евро. Это не удивительно, так как саудовские команды известны своей любовью к крупным трансферам без уклона в качество игроков. С восемнадцати лет он обучался в академии «Ренна» и постепенно прошёл через все уровни команды, демонстрируя хорошие технические навыки и перспективы развития. Он обладает хорошей верховой борьбой, умением действовать эффективно как в центральной зоне атаки, так и на фланге, отличается надёжностью при ударах соперника и хорошей техникой передач мяча. Эти качества уже привлекли внимание молодёжной сборной Франции до 21 года, но условия в «Аль-Хиляле» выглядят менее благоприятными для дальнейшего роста игрока. Скорее всего, Мейте выбирал финансовый комфорт перед возможностями спортивного развития.'",25.0
57,57,"'Компания DFC Intelligence провела исследование игровых консолей, результаты которого были опубликованы изданием VentureBeat. По мнению специалистов, новая Nintendo Switch 2 может стать королевой на рынке в ближайшие два года — именно тогда она будет наиболее желанным подарком для геймеров. Два фактора способствуют этому: растущий интерес к персональным компьютерам и выход эксклюзивных игр, не представленных ни у Sony, ни у Microsoft. Специалисты также отметили высокую потребительскую спрос на компактные устройства и уникальность игры — более 80% игр для Switch разработаны самой Nintendo или её подконтрольными студиями, в то время как для PlayStation эта цифра составляет примерно 85%. Аналитики также выявили, чтоSwitch обладает высоким рейтингом среди владельцев ПК — 44% из них уже являются поклонниками этой консоли. Презентация следующей модели состоялась в апреле: новая Switch оборудована дисплеем диагональю 7,9 дюйма с частотой обновления экрана 120 Гц, контроллерами со встроенным магнитным креплением и возможностью увеличения разрешения до 4K.'",28.0
58,58,"'Исторические локации и новаторские проекты\nКомпания «Балтийская коммерция» приобрела участок, размер которого сопоставим с двумя футбольными полями на Новгородской ул., 14 весной 2024 года. До этого здесь стоял бизнес-центр класса С, а рядом возвышался жилой комплекс «Форсайт», принадлежавший той же компании.\n\n«Балтийская коммерция» занимается строительством в историческом центре Санкт-Петербурга с конца 90-х гг. Последние реализованные проекты включают реконструкцию советского лицея на пр. Представителя Римского-Корсакова и возведение премиального жилого квартала у станции метро «Чкаловская». Район Песков считается одним из наиболее престижных районов города, однако после 2010 года здесь начали появляться новостройки не только премиум-, но и бизнес-класса.\n\nЖители района ценят его спокойствие и отсутствие шума от туристической активности. Эксперты отмечают, что район всё ещё содержит промышленные зоны, доставшиеся городу от ранее расположенной промзоны.\n\nРынок элитного жилья и перспективы развития\nС начала 2024 года в центральной части Санкт-Петербурга появились два новых жилых комплекса: премиальный «Моисеенко 10» и объект бизнес-класса N8. Кроме того, реализуется ряд других проектов, среди которых ЖК ПСК и реконструкция Мытного двора. Свободных земельных участков для нового строительства в центре почти не осталось, тогда как спрос на элитное жильё остаётся высоким.\n\nБрокеры указывают, что единичные свободные участки ещё остаются в районе пл. Возрождения и улицы Черняховского. Основной потенциал для расширения центра находится между Синопской набережной и Новгородской ул.: там компания «ТГК-1» планирует реализовать крупный проект редевелопмента Центрального теплового энергетического комплекса. Проект предусматривает создание общественного пространства, связанного с городской застройкой и набережной. Уже одобрен первый этап, включающий зону отдыха и заведения общественного питания.\n\nСанкт-Петербург продолжает развиваться: старые исторические районы обновляются, и новые элитные жилые комплексы интегрируются в существующую городскую среду, создавая сочетание элементов прошлого и будущего.'",26.0
59,59,"'Команды Швейцарии и Швеции выделяются своей мощью. Тяжелые защитники и скоростные нападающие эти страны словно прорубают путь к золоту, каждый год усиленно тренируясь на льду своего родного арены. В сборной Швеции выступят звезды НХЛ и европейских лиг, ведомые Лукасом Рэймондом, который ранее забросил 76 шайб в регулярном сезоне. А сборная Чехии, хотя и не блещет особенными игроками, все же демонстрирует достойные результаты благодаря своей уравновешенной игре. Германия на Олимпиаде 2026 года блеснула звездами Драйзайтля и Штюцле, но на этот раз ей придется сражаться без них, поскольку оба уже завершили свои сезоны в клубах. Словакия же после близкого проигрыша на Играх 2026 года теперь фокусируется на новой задаче: Юрай Слафковски и Адам Лишка, игроки КХЛ, готовятся к серьезной схватке за медали.'",25.4
60,60,"'Бычья акула известна своей агрессивностью. Восклицательные крики о белом виде мы уже слышали достаточно. Однако ни один из этих агрессивных видов не будет плавать в Черном море, даже если такая возможность имеется — такова природа их благоразумия и умение ориентироваться в мире опасностей. Длиннокрылые и серые акулы также считаются опасными и крупными, но они тоже не заплывают в Черное море. Это следствие тонкого сознания благоприятных условий для жизни. Воды Черного моря имеют низкую температуру зимой, что многие виды акул предпочитают избегать — это и есть их забота о здоровье. Малочисленность рыбы в море делает его неудобным местом для пропитания крупных хищников; здесь отсутствует достаточное количество пищи, поэтому акулы туда не плывут. Низкая соленость воды также не благоприятна для этих животных — они стремятся к средам с высокой концентрацией соли, где чувствуют себя наиболее комфортно. В Черном море глубже 100 метров жизнь отсутствует; такие места для акул менее привлекательны из-за высокого содержания сероводора и негативного воздействия такого химического состава на их организм, что инстинктивно побуждает их избегать таких мест. Экологическая система Черного моря деградирует; условия окружающей среды становятся все менее благоприятными для акул, и они осознанно выбирают более подходящие места для жизни. Наконец, даже самые агрессивные акулы не станут пересекать пролив Босфор, где постоянно движется большое число кораблей — место с множеством опасностей для них. Однако в Черном море обитают небольшие виды акул, условно называемые декоративными; это катран и кошачья акула — рыбами, которые похожи на настоящих акул лишь частично и представляют для человека не более чем внешнюю угрозу. До настоящего момента официально не зафиксировано появления опасных для людей акул в Черном море, однако теоретически это вероятно.'",30.0
61,61,"'В ноябре 1916 года строительство Великого Северного пути включили в программу государственного железнодорожного строительства, как бы закладывая первые камни в фундамент будущего коридора жизни и транспорта севера. Вскоре произошли значительные события, оставив свои следы на дальнейшие исторические страницы, словно калейдоскоп времени резко сменил панораму эпох. Всего предпринимались пять попыток реализации проекта на протяжении ста лет - каждая из которых стала новой главой в истории северной земли и ее инфраструктуры, как бы открывая новые горизонты возможностей и трудностей. Первая попытка: начало 1920-х годов. Новое правительство снова обратило внимание на проект, как бы вспомнив старые мечты о новых путях развития. Ввиду недостатка финансовых ресурсов рассматривалась возможность привлечения иностранного капитала - словно попытка зеркал удачи от запада на восток. Эксперты предложили приостановить работы для проведения аналитической оценки ситуации, как будто время само замедлило ход дел ради размышлений и планирования. Принимая во внимание тяжелое экономическое положение страны, реализацию проекта отложили - словно пощадили ресурсы на другие приоритеты. Вторая попытка: 1930-е годы. Принято решение осуществлять строительство собственными силами - словно страна решила взять судьбу своего развития в свои руки. Изучение восточных участков будущей магистрали началось именно тогда, как бы открыв новый фронт труда и достижений. Рабочие сталкивались с чрезвычайно сложными условиями ведения работ в труднопроходимых лесных массивах - словно каждый метр пути требовал от них героической борьбы с природой. На протяжении нескольких лет были построены сотни километров путей благодаря большим усилиям людей, как бы вырезая из твердого камня новые дороги будущего. Однако в 1941 году рельсы, уже установленные в лесах, пришлось демонтировать и отправить в составе железнодорожных поездов - словно судьба сама запечатала часть истории для последующих лет боев. Получившиеся железнодорожные линии использовались в ходе оборонительных действий на Волге под Сталинградом для обеспечения поставок вооруженным силам, как бы превратившись в новые крепости защиты. Железнодорожные пути Сибири послужили источником материалов для нужд обороны государства - словно каждая рельса стала камнем в острокопейном щите защиты. Третья попытка: 1950-е годы. Предпринималась серьезная попытка построить Трансполярную железную дорогу от Салехарда до Игарки - словно новый вызов для мастерства инженеров и строителей севера. Строительство оказалось невозможным вследствие неблагоприятных природных условий: особенностей климата, вечной мерзлоты и болотистых территорий - словно сама земля решила сопротивляться новому пути. Уровень развития техники оказался недостаточным - словно инструменты не смогли преодолеть ледяную твердь времени и прогресса. Проект закрыли, как будто по решению судьбы или правительства. Четвертая попытка: 1970-е годы. Байкало-Амурскую магистраль официально назвали важнейшей стройкой десятилетия - словно данное название подчеркнуло ее значение для страны и будущего развития региона. Восточная часть трассы действительно была успешно построена, демонстрируя инженерный талант и трудолюбие советских специалистов - как бы оставив новый след в истории строительства и подвигов человечества. Западная же часть Великого Северного пути осталась нереализованной, словно закрытая страница в книге судьбы или мифа об этом великом путе. Пятая попытка: настоящее время. К концу 2025 года специалисты представили отчет о дальнейших перспективах строительства магистрали - словно открыв новый виток истории и новых возможностей. Ситуация оказалась сложной: стоимость проекта составляет около 50 триллионов рублей - словно сама цифра стала новым препятствием на пути к реализации мечты. В современных экономических условиях реализация проекта признана несвоевременной, как будто время само решило отложить этот камень в ближайшие годы.'",27.0
62,62,"'В Москве зафиксирован новый способ хищения денежных средств через банкоматы, сообщает Мария Беликова агентству «Общественная служба новостей». В офис Сбербанка она пришла с бесконтактной картой Visa Gold. По стандартной процедуре устройство запросило PIN-код, после чего списалось 5000 рублей на мобильный счет оператора «Билайн», принадлежащий неизвестному. Мария вводила номер телефона и подтверждала транзакцию только благодаря поступившему СМС-сообщению. О факте хищения она узнала от банка, который заблокировал все карты женщины и выпустил новую заменой старой. Жертва немедленно позвонила в горячую линию «Билайна», но средства с указанного счета исчезли мгновенно, и оператор не обещал их возврата. Мария уверена, что виноват Сбербанк и его банкоматы с функцией бесконтактной оплаты. По ее мнению, мошенник заранее заполнил необходимые поля, но завершил процедуру неполную, оставив оборудование активным. Жертва внесла карту и ввела PIN-код, допустив списание собственных средств. Она считает, что произошло попытка проникновения в систему банкомата Сбербанка из-за технической уязвимости оборудования. Несмотря на скептицизм полиции, сотрудники Сбербанка оперативно вернули похищенные средства и проявили сочувствие. Впрочем, банк отрицал наличие технических проблем. В беседе с сотрудниками банка Мария отметила необходимость нажатия клавиши отмены перед началом операций для предотвращения подобных инцидентов. Пресс-служба Сбербанка рекомендует клиентам уведомлять службу безопасности при выявлении факта несанкционированного списания, заблокировать карту и счета, а затем подать письменное обращение в ближайший офис банка и сообщить о случившемся в правоохранительные органы.'",25.0
63,63,"'Информационные потоки и структура управления школами\n\nНыне мы сталкиваемся с кишкой информации, что нередко сводится к бесстрастному обсуждению терминов вроде «цифровизации». Такая дискуссия служит лишь для траты денег, выделенных на решение вопроса.\n\nКлючевые проблемы кроются глубже. Общение между людьми ослабло до того состояния, что уважение к старшим и специалистам стало редкостью. Народные ценности сменились финансовой приверженностью, что сказалось на воспитании молодого поколения.\n\nЭти обстоятельства оказывают сильное давление на образовательные учреждения. Руководители школ находятся в непростой ситуации: они должны учесть реальное положение дел и решить проблемы, но одновременно строго следовать требованиям вышестоящих инстанций, которые часто не учитывают конкретных нужд школ. Такое противоречие сеяет смуту в мыслях руководителей, приводя к стрессу и нерешительности.\n\nЭти трудности заметны многим специалистам, которые подчеркивают неспособность одновременно выполнять взаимоисключающие функции.'",28.0
64,64,"'Передаю радостную весть любимому печатному органу. Многолетнее благотворительное деятельность по оказанию помощи бездомным животным приносит плоды: число сторонников значительно возросло благодаря публикации статей в «Новороссийском рабочем». В её стенках я рассказывала о своем добровольческом труде и встретилась с сердечными людьми, многие из которых стали мне поддержкой. Например, акция «Сдать макулатуру — обеспечить питание беспризорных животных» нашла энтузиастов среди учеников множества городских школ. Они сдавали бумагу, внося свой посильный вклад в кормление животных и при этом получая знания о переработке вторсырья. Учащиеся узнали, что картон тяжелее из-за плотности материала, хотя и дешевле. В рамках «Марафона инициатив», организованного депутатом ЗСК А.Н. Карапенко, мы вышли на новый уровень взаимодействия со школьниками: в школах установили специальные контейнеры для сбора пластика, который отправлялся на переработку и использовался на покупку корма и лекарств для животных. Сбор пластика стал новой страницей нашей деятельности. Я сама узнала много нового: не вся пластмасса подходит для переработки, а школьники получали практические знания, проявляя интерес и усваивая материал. Возможно, кто-то из них станет экологом в будущем, но главное — дети становятся заботливыми и внимательными ко всему живому. Это стало очевидно, когда я наблюдала за первоклассником, который с серьезным видом объяснял товарищу, что бумажный мусор нужно бросать в нужную корзину — «чтобы бумага прокормила голодающих кошек». Часто задаваемый вопрос: сколько макулатуры нужно сдать на приобретение корма? Один кубометр бумаги обеспечивает доход около 4,5–5,5 тыс. рублей, а килограмм корма стоит примерно 550 рублей. На полноценное питание всех животных требуется около 15 кг корма на один прием пищи, то есть еще предстоит большая работа по сбору средств на обеспечение питанием. Несмотря на это, даже однодневный запас является значительной помощью.'",28.0
65,65,"'Работодатели замечают отсутствие у молодых людей умения жертвовать комфортом ради работы. Владельница магазина корейской косметики Татьяна Вакарчук говорит, что студенты немедленно начинают выдвигать требования: желаемый график, зарплату и скидки на товары в качестве дополнительных бонусов. Однако такие стимулы не способны удерживать студентов: они могут регулярно опаздывать без предупреждения или внезапно прекратить сотрудничество без объяснения причин, словно игнорируя социальные контракты. Молодые люди предпочитают комфортные условия и интересную деятельность; ранний подъем, длительная смена в торговом центре, общение с клиентами и продажа товаров вызывают у них отторжение. Несмотря на возможность получать процент от продаж в дополнение к фиксированной зарплате, современные молодые люди редко беспокоятся о будущем — часто им хватает заработанных средств лишь на простое питание. Концепция жизни современных девушек и юношей сводится к тому, что лучше вовсе не ходить на работу, чем заниматься деятельностью, вызывающей дискомфорт. Управляющий сетью кафе Вадим Терехов также замечает отсутствие профессиональных амбиций среди современной молодежи. По его словам, несколько лет назад основную массу сотрудников ресторанов составляли студенты, работавшие добросовестно и ответственно; сейчас же эта роль перешла к сотрудникам старшего возраста, которые трудятся значительно усерднее. Молодежь демонстрирует недостаточную надежность и профессионализм: за прошедший год почти ежемесячно студенты-официанты прекращали выходить на смены без предупреждения, игнорируя телефонные звонки. Ранее, примерно пять лет назад, ситуация выглядела иначе: сотрудники-студенты работали стабильно и ответственно, имели хороший доход, поскольку заработок официантов зависел от интенсивности их труда. Терехов подчеркивает, что большинство современной молодежи довольствуются малым, предпочитая избегать больших усилий ради большего заработка. Например, опытный официант среднего возраста готов обслуживать большее количество столов за одну смену, понимая прямую зависимость дохода от объема выполненной работы; 18-летнему сотруднику гораздо важнее свобода и легкая занятость, нежели высокий заработок. По мнению управляющего, изменить отношение молодежи возможно только путем возникновения критической ситуации, когда нехватка средств заставит отказаться от личных желаний и принять необходимость следовать требованиям работодателя. Когда человек оказывается в сложном положении, он отказывается от попыток навязывать окружающим свою волю и адаптируется к реальности и объективным жизненным обстоятельствам.'",28.0
66,66,"'Министерство транспорта разработало стандартный образец правил для пассажиров метрополитена, согласно которому предлагается запретить переноску детей в колясках внутри станций и поездок на эскалаторах. Документация была опубликована на официальном сайте законодательных актов 19 апреля. Согласно новым правилам, пассажирам строго запрещено быстрые передвижения по движущимся эскалаторам и использование профессионального оборудования для фотосъемки и видеозаписи. Также проектом ограничивается размещение ручной клади на местах сидений вагонов и на лавочках станций. Кроме того, запрещены беспроводные устройства и дроновые полеты в тоннелях метро. Проект также обязывает пассажиров предоставлять приоритет прохода инвалидам, пожилым и беременным женщинам. Новые нормы начнут действовать с 30 декабря 2018 года после подписания соответствующего федерального закона.'",25.0
67,67,"'Мем, привлекший внимание подростков со всего света, словно туман, не имеет определённого смыслового ядра. В песне Skrilla «Doot Doot (6 7)» цифры используются для ритмичности и звучания. По другой версии, фраза связана с ростом баскетболиста Ламело Болла — примерно 201 см. Мем стал популярным благодаря характерному движению рук: кисти поднимаются и опускаются в параллельных движениях. В 2025 году Dictionary.com признало слово «six-seven» одним из самых часто используемых, однако без ясного содержания термин оставался загадкой для авторов энциклопедии. Такой бессмысленный мем вызывает замешательство и трудности восприятия, но именно эта абсурдность привлекает молодёжь.'",27.0
68,68,"'В декабре 2022 года президент Российской Федерации Владимир Путин предложил правительству использовать средства Фонда национального благосостояния (ФНБ) для финансирования льготного лизинга воздушного и водного транспорта. Программа поддержки гражданских воздушных судов рассчитана до 2030 года, и предполагается приобретение более 450 самолётов и 460 вертолётов для лизинговых компаний. Эти компании затем передают технику авиаперевозчикам по сниженным ставкам, что особенно важно в период экономической дисгармонии: ГТЛК получила наибольшее количество заказов на сумму около 250 млрд рублей. В 2023 году из ФНБ выделено около 300 млрд рублей на приобретение 162 самолётов для авиакомпаний '",28.0
69,69,"'Многие стремятся к финансовой независимости, как к горизонту надежды, вкладывая деньги в банк для получения процента от своих сбережений. Эксперты предупреждают: накопленные средства медленно но верно испаряются под напором налогов и инфляции, как капли дождя на жарком камне. Итак, разумнее оставить трудовую деятельность и перевести значительную сумму на депозит. Однако расчеты специалистов Сбербанка и Т-Банка показывают, что для обеспечения среднего уровня дохода страны необходим вклад размером от 13 до 18,9 млн рублей, в зависимости от условий размещения средств. В реальности, люди склонны воспринимать банковские вклады как укрытие от экономических бурь, однако это миф. На деле такое вложение может привести к потере реальной стоимости накопленного капитала: без регулярного инвестирования прибыль фактически останется на месте. Главная проблема российских рантье не столько в размере процентной ставки, сколько в её соотношении с уровнем инфляции. По словам экспертов, если тратить всю полученную прибыль, покупательская способность средств постепенно снижается: как корабль медленно уходит под воду. Например, при ставке 10% годовых и инфляции 5% реальная доходность составит всего 5%, а расходование всей прибыли приведет к ежегодной утрате 5% накоплений. Через десять лет такой стратегии покупка тех же товаров обойдется вдвое дороже, и идея комфортного существования станет досадным заблуждением. Кроме инфляции, существует ещё ряд препятствий для сохранения капитала: необходимость уплаты налога и риск потери лицензии банком. С 2026 года доходы по вкладам не превышающие 160 тыс. рублей освобождаются от налогов, а остальное подлежит налогообложению по ставке 13-15%. Условия системы страхования банковских вкладов ограничиваются возмещением максимум 1,4 млн рублей, что делает размещение значительных сумм менее безопасным. Для защиты больших капиталов требуется распределение средств между множеством финансовых учреждений, что усложняет процесс управления финансовыми потоками. Поэтому специалисты рекомендуют рассматривать различные инвестиционные инструменты помимо банковских вкладов: облигации, недвижимое имущество, ценные бумаги, учитывая текущие рыночные условия.'",28.0
70,70,"'Журналист из «Новороссийского рабочего» осмотрел объявления на одном из веб-ресурсов, где размещались предложения работы для кафе, ресторанов и бани. Там предлагали позиции официантов с суточной оплатой от 3 до 4 тысяч рублей, что обещало месячный доход от пятидесяти до шестидесяти пяти тысяч рублей. Повар-мангальщик в известном заведении получит пособие за смену размером 5200 рублей. Быстрый ресторан искал специалиста, который не только готовил блюда согласно стандартам предприятия, но и принимал заказы и работал на кассе. Зарплата для него составляла минимум восемьдесят тысяч рублей ежемесячно. Повар-универсал сможет рассчитывать на зарплату от семидесяти пяти до восьмидесяти тысяч рублей, и за это получал бы бесплатное жильё. В Широкой Балке требовалась горничная, которая будет убирать номера для гостей, беседки и бассейнскую территорию, а также получала бы трёхразовое питание и жилье. Свободное вакантное место на отдыховом комплексе предлагало ежедневную зарплату в три с половиной тысячи рублей для горничной, которая трудилась вахтовым методом в Абрау-Дюрсо на девяносто дней. Здесь также гарантировали бесплатное проживание и питание. Менее изысканный мини-отель на побережье требовал администратора с зарплатой от восемьдесят до ста тысяч рублей в мае-сентябре, а горничная получала бы от шестидесяти до восьмидесяти тысяч рублей ежемесячно. В Широкой Балке, Мысхако и Абрау-Дюрсо открывались вакансии для горничных, официантов, поваров и посудомоек. Ожидается увеличение предложений к началу летнего сезона.'",25.0
71,71,"'На текущей неделе в Астрахани ворота проблем оказались распахнутыми перед горожанами. Глава регионального правительства Олег Князев, взявшись за ключи от кабинета, решил переночевать за городом, где условия жизни оказались более ласковыми для нервов. Журналист Александр Алымов, проживая в Астрахани, заметил, что в области накопилось множество нерешенных вопросов, и теперь они словно заслышали громкий стон жителей региона: проблемы обострились и превратились в схватку между людьми и властью. В своем Telegram-канале Алымов указал на трудности фермеров, но министр сельского хозяйства Пашаев продолжает играть роль камня, о котором никто не может забыть. Жители Астрахани возмущены экспериментами над выделенными полосами для общественного транспорта и резко ощутимыми изменениями в городе — они словно борются с проклятым ветром, созданным чиновниками. В селе Володарского района водопровод забыт в самый жаркий сезон, как будто его никогда и не существовало. Эти проблемы лишь заслон для большего числа скрытых трудностей, требующих внимания. Глава регионального правительства Олег Князев, которому подчиняются министры, сейчас находится в отпуске, начавшийся с начала недели. Такое поведение в сложные времена выглядит как игра в прятки со всеми проблемами, оставляющими без внимания страждущих горожан.'",25.0
72,72,"'Цены на яйца в Астрахани продолжают взлетать, как орлы к небу, поднявшись за прошлую неделю сразу на 2%. Средняя цена десятка яиц уже составляет 79,55 рублей, а в некоторых магазинах еще выше, словно цены лезут вверх, как бурные потоки. Причина роста затуманена, несмотря на наличие нескольких птицефабрик в регионе — такая ситуация, как будто вернулась к нам из прошлого, напоминая непредсказуемый ноябрь 2013 года. Тогда оптовые цены взлетели на 116%, а розничные — на 125%. Губернатор Астраханской области Александр Жилкин, словно древний мудрец, потребовал снизить стоимость яиц, угрожая применением административных мер. Эта ситуация была разрешена таким образом. На фоне этих событий, как ветер поднимает волну, некоторые продукты тоже подорожали: помидоры на 3,5%, бананы — на 3,2%. В то время как лук, капуста, морковь, яблоки и картофель стали чуть доступнее, словно солнце освещает их.'",28.0
73,73,"""Диагностика редких болезней требует значительных временных затрат. Согласно данным специалистов Стэнфордского университета, установление точного диагноза пациенту по совокупности симптомов и генетического профиля занимает примерно 20–40 часов работы квалифицированного медицинского работника. Врач анализирует приблизительно сто подозрительных генетических изменений, определяет возможные причины патологии и изучает научные публикации, пока не найдет верный вариант. \n\nДжилл Бежерано разработал программу Frank — специализированное приложение для автоматизации диагностики, способное сократить затраты времени на 90% и уменьшить расходы путем уменьшения рабочего времени врачей. Программа Frank сопоставляет клинические признаки и генетические показатели пациента с обширной базой медицинских публикаций, предлагая врачу упорядоченный перечень редких наследственных патологий, предположительно вызвавших симптомы пациента. Это позволяет доктору начинать дальнейшую диагностику со конкретной информации.\n\nОсновное отличие Frank от аналогичных разработок состоит в применении реальных клинических данных пациентов, что обеспечивает большую эффективность программы. Например, при тестировании алгоритма предполагаемая патология оказалась четвертой в перечне Frank'а и тридцать третьей в аналогичном списке старого метода.\n\nНовый инструмент также способен выявить ранее неизвестные наследственные заболевания: если система не находит совпадений симптомов среди людей, она обращается к научным публикациям экспериментов на животных. Доктор Бежерано отметил, что некоторые заболевания могли быть незаметны у человека, но были зафиксированы у лабораторных животных. Тем не менее, он подчеркнул, что никакая технология не сможет заменить опыт и профессионализм врача; однако инновационные решения существенно повышают его продуктивность.""",25.0
74,74,"'Форма необычного астероида, его высокая скорость и непростой химический состав вызывают значительный научный интерес возможностью впервые исследовать вещество, попавшее из космических просторов в Солнечную систему. Изучение Оумуамуа дало бы учёным возможность получить сведения о месте и условиях его формирования, а также свойствах космической среды, через которую он пробежал миллионы лет. Поскольку человечество обладает опытом запуска автоматических аппаратов к кометам и астероидам, возникает необходимость рассмотреть возможность отправления исследовательского зонда к Оумуамуа для детального исследования его секретов.'",25.0
75,75,"'В начале весны 2026 года Россия продемонстрировала значительное увеличение объемов отправки зерна, хотя число покупательных стран сократилось. Российский зерновой союз сообщил, что раньше этот период отмечался поставками в четырнадцать государств, теперь же — только в одиннадцать. Однако итоговый объем отправленного зерна значительно вырос: более миллиона одинсот тонн пшеницы было отправлено с первого по десятое апреля текущего года, что на сорок процентов превышает показатель прошлого аналогичного периода. Общий экспорт всех категорий зерна увеличился в 1,6 раза и составил около один миллион двести тысяч тонн. Этот рост был заметен и в ключевых странах-партнерах: поставки пшеницы в Египет выросли более чем в четыре раза (до семисот семидесяти двух тысяч тонн), в Турцию — почти в полтора раза (до сто сорока шесть целых и пять десятых тысячи тонн). Кению также поставки зерна удивили четырехкратным ростом, как сообщает информационное агентство «Интерфакс». Кроме того, Индия планирует продолжить закупки российской нефти независимо от решений США относительно продления временных санкционных мер. Завершится тридцатидневное освобождение российской нефти от американских ограничений 11 апреля.'",30.0
76,76,"'Конфликт обрел форму за несколько дней до поездки в Милан. Большинство комментаторов принялись утверждать, что это заговор против российского участника («ведь он ранее играл под ту же музыку, и никаких проблем не возникло»). Однако для объективной оценки инцидента необходимо сконцентрироваться на фактах, а не пускать эмоции в оборот. Ситуацию следует рассматривать исключительно через призму действующего законодательства и нормативных документов в сфере спорта. Для спортсменов высшего уровня музыкальное сопровождение выступлений является частью юридического пазла, который не может быть оставлен без внимания. Использование музыки на транслируемых международных соревнованиях подпадает под жесткие требования лицензирования и авторского права. Пренебрежение этим правилом является недопустимым риском, который может привести к серьезным последствиям для команды и спортсмена. Отказ от соблюдения требований юридического характера неотъемлемо связан с внутренними проблемами организации подготовки выступления. Специалисты по авторскому праву должны быть в числе кадров любой спортивной команды, поскольку вопросы этого рода всегда актуальны и требуют пристального внимания. Найти виновного вне клуба — бессмысленно, так как причины конфликта лежат в недостатках внутренней организации и подготовки спортсмена. В таких ситуациях требуется четкость и доскональная подготовка заранее, чтобы избежать стрессовых изменений программы в условиях ограниченного времени.'",28.0
77,77,"'Мышь с густыми волосами стала новым членом лабораторной семьи, отличаясь от обычных бурых собратьев ярко-рыжими прядями и волнистыми усиками. Шапиро отметил: «Мы не ограничились простой инъекцией генов мамонта, поскольку такой подход был бы бесполезен». Исследователи обнаружили изменения, характерные для мамонтов и их аналогичными мутациями в мышиных генах. Это было идеальное поле для проверки нашей методики одновременного редактирования нескольких элементов — так что мы отредактировали десять соответствующих генов сразу.» Отсутствие негативных последствий и удивительная внешняя привлекательность результатов вызвали восторг у исследователей. В некоторых экземплярах были применены различные комбинации изменений, что привело к особенно густой шерсти, покрывающей мышь в три раза больше обычного. Увеличение длины волос достигнуто за счет изменения их цикла роста путем подавления активности гена фактора роста фибробластов 5 (FGF5). Гибель функций генов FAM83G, FZD6 или TGM3 вызывала плотную структуру шерсти. Изменения в формировании и строении волосяных луковиц приводили к завиткам на усиках. Эксперимент направлен не на восстановление целого мамонта, а на создание особей с признаками предков, однако полное воссоздание вымершего вида невозможно. Результаты были тщательно проверены для сохранения здоровья экспериментальных животных.'",25.0
78,78,"'Ученые применили сейсмометрию, чтобы исследовать верхние слои земной мантии и обнаружили, что там скрыты алмазы на глубине свыше 160 километров — примерно квадриллион тонн их там. Сейсмические колебания, фиксируемые приборами, указывают на особые зоны с увеличенной скоростью распространения волн: «корни древних платформ», где алмазы составляют от 1 до 2%. Этот показатель превышает все предыдущие оценки примерно в тысячу раз. Путем анализа колебаний внутри планеты, ученые смогли раскрыть структуру внутренних частей Земли и изучить необычные особенности, объясняя их наличием алмазов.'",25.0
79,79,"'Великое кино стало доступным благодаря устройства, при помощи которых можно записывать и воспроизводить изображение движущихся объектов. Братья Люмьер разработали аппарат, назвав его «кинематограф». Их изобретение открыло новую эру в истории кинопроизводства, создав условия для появления первых публичных мест для просмотра фильмов и обеспечив кино статусом искусства, досуга и бизнеса. Однако стоит отметить, что Люмьеры не были первыми людьми, занимавшимися созданием кинематографического оборудования. Другие тоже работали над подобными проектами, но именно изобретение Люмьеров получило широкую известность и вызвало общественный интерес после первых демонстраций. Первый платный просмотр состоялся 28 декабря 1895 года в Париже, став знаменательной датой в истории киноиндустрии. Тем не менее, демонстрации аппаратов для показа изображений происходили и раньше в городах США и Германии. Но парижская премьера вызвала большую реакцию публики, поскольку зрителям показывали не рекламные ролики, а короткие сюжеты из повседневной жизни. Репертуар включал такие работы, как «Рабочие выходят с фабрики Люмьер», «Верховая езда», «Рыбалка», «Кузнец», «Прыжок через покрывало» и другие. Эти ранние произведения представляли собой скорее оживленные фотоснимки, созданные братьями Луи и Огюстом Люмьер. Известный сегодня фильм «Прибытие поезда» был показан несколько позднее, весной 1896 года.'",25.0
80,80,"'В мае стоимость американского доллара опустится к отметке в семьдесят — семьдесят четвёртые российские рубли; европейская валюта укрепит свою позицию до восьмидесяти трёх — восемьдесят шестых рублей, а китайский юань просел до десяти с половиной — одиннадцати российских рубли. Эксперт Андрей Лобода ожидает стабильности рубля благодаря доходам от нефтяного экспорта. Однако волна валютных закупок и импортных поставок летом способны укрепить доллар до сорока семи рублей, а высокий спрос на иностранную валюту — обострить ситуацию.\n\nИнвесторы наблюдают за межбанковским рынком: курс доллара опустился ниже уровня семьдесят три рубля, достигнув минимального значения в сорока двух с девятой сотых рублей. Это был наименьший показатель с 19 февраля 2023 года.\n\nЭксперт также полагает, что потенциал укрепления рубля ограничен из-за растущей инфляции и увеличивающегося спроса на надёжные финансовые инструменты. Ситуация с валютным курсом будет зависеть от стабильности мировой экономики и цен на нефть.\n\nВ условиях российского рынка, где официальный курс доллара установлен на уровне семидесяти три рубля, эксперты ожидают некоторого увеличения спроса на валюту в случае продолжения снижения курса до сорока семи рублей. Центральный банк РФ предпринимает меры для поддержания стабильности рубля, однако, как показали события, эти усилия могут быть ослаблены из-за негативных факторов, таких как увеличение импорта и спекулятивного поведения инвесторов.\n\nВ ближайшей перспективе курс рубля будет колебаться в пределах семидесяти — сорока семи рублей, а его укрепление возможно только при сохранении высоких цен на нефть и стабильности мировых экономических условий.'",25.0
81,81,"'Русские люди заранее устроили отдых на турецких пляжах. В феврале 2018 года представители туристического сайта объявили, что ранние бронирования в Турцию преобладали над внутренними направлениями. В мае того же года Российский союз туриндустрии заметил, что около трети российских путешественников выберут турецкие курорты летом. Многочисленные регулярные рейсы сделали доступный авиаперелет и гостиницы у ближайших аэропортов, предоставляя дополнительное преимущество. Специалисты ожидают стабильную цену отдыха на местных пляжах, несмотря на высокий спрос, хотя уровень обслуживания должен поднять свой уровень. В мае Роспотребнадзор обнаружил неблагоприятные результаты проверки отелей в южной части Турции: случаи инфекционных заболеваний среди отдыхающих были фиксированы, однако специалисты пришли к выводу, что гостиницы в Сиде, Белеке и Анталье готовы принимать гостей благодаря строгим правилам безопасной питьевой воды и питания, значительному улучшению диагностики инфекций. Несмотря на развитую инфраструктуру и умеренные цены, некоторые туристы жалуются на высокий уровень концентрации отдыхающих, что мешает им наслаждаться спокойствием вдали от людных мест. Избежать этого наступившего сезона невозможно: лучшие пляжи Турции будут полны туристов с их хорошими гостиницами и инфраструктурой, а также историческими достопримечательностями.'",25.0
82,82,"'С 1 июня 2024 года вступит в силу строгое правило: зимняя резина должна уступить летней шиной местом с 1 июня по 1 сентября, или рискнуть выплатой немалого штрафа — 500 рублей. Это особенно актуально для водителей легковушек и грузовиков массой до 3,5 тонн. Однако нешипованные зимние шины «липучки» допускаются без наказания: их срок службы короче, а износ быстрее. Замена водительских удостоверений иностранных граждан на российские — обязательна в течение года со дня приезда, с штрафом 15 000 рублей за промахи. Для жителей РФ действующие права действительны еще три года, даже если они истекут после 2024 или 2025 годов. Бывшие лишенцы теперь будут неспособны вернуть водительские права в течение года, а экзаменаторы смогут проявить больше терпения: допустимо больше ошибок — семь вместо пяти. Штурман-инспектор станет залогом безопасности за рулем.'",28.0
83,83,"'Пусть это станет известным: безопасное употребление кофе определяется его содержанием кофеина, а не количеством порций. В одной чашке эспрессо — приблизительно восемьдесят–сто миллиграммов кофеина, в то время как капучино содержит около семидесяти миллиграммов. Для тех, кто предпочитает напитки высокой крепости, рекомендуется использовать ёмкости объёмом не более пятидесяти–семидесяти миллилитров. Кофеин также изменяет уровень его усвоения в зависимости от ингредиентов: добавление сахара, молока и сливок замедляет процесс всасывания кофеина организмом, снижая его влияние. Кофеин стимулирует работу человека, вызывая выработку гормонов адреналина, серотонина и дофамина, что улучшает самочувствие и способствует переноске стресса. Избыточное потребление же повышает нагрузку на желудочно-кишечный тракт и сердечно-сосудистую систему.'",28.0
