Unnamed: 0,index,text,ratio
0,0,"'Над пустынными улицами Санкт-Петербурга плелись призрачные облака, будто неведомые духи, сменяющие друг друга со скоростью бегущего времени; тусклый светящийся кляксой предмет скользил по небосводу, оставляя за собой слабое свечение. Небо словно вдохнуло жизнь, и металлические крыши с дымовыми трубами засверкали, словно тысячи бриллиантов. Здесь протекала река Мойка, её зелёные воды отражали мир безмятежности; вдоль берега стояло трёхэтажное строение с пятью белыми колоннами и изящными архитектурными элементами на верхних этажах. На ярком фоне это сооружение мирно прогуливался солдат Её Величества в блестящем шлеме с позолоченной фигуркой голубя, расправившего крылья, — символ мира и надежды на будущее, но также и угрозы, таящейся за каждым углом этой старинной столицы. Над каской витал дух прошедших лет и мечтаний о том, что может быть ещё впереди. В этот момент по набережной шёл Николай Аполлонович, натянув меховое пальто и пряча голову в глубокий воротник; его глаза сверкали необычным светом, а внутри бушевали чувства, словно невидимые силы направляли его к чему-то непостижимому. Он думал: возможно ли, что это ощущение — любовь? Вспомнилось, как однажды ночью он, обволакиваемый туманом, стремительно покинул подъезд дома и направился к чугунной переправе. Свет от императорской повозки пронёсся мимо: черная карета, везущая ярко-красные фонари, промелькнула рядом с окнами хорошо освещённого дома; светильники оставили за собой мерцающее отражение на водной глади Мойки, а затем исчезли во тьме.'",23.0
1,1,"'На указанном месте возвышался великолепный дворец, словно вытянутая башня из красного кирпича, напоминавшая странный замок: массивный и мрачноватый. Это было давным-давно, и сейчас уже не существует правителя, когда-то здесь жившего. Кирпично-розовый дворец поднимался среди голых ветвей деревьев; те трепетали, словно пытаясь ухватить проплывавшие облака. Вдруг каркнула и взмыла вверх ворона — паря высоко над облаками, она вскоре стремительно спустилась обратно к земле. Экипаж проезжал мимо этого места. Конная скульптура выделялась на фоне площади; редко кто из гостей обращал на неё внимание, хотя фигура была величественной и внушающей уважение. Монарх воздвиг памятник своему знаменитому предку, прожившему недолго в красном кирпичном дворце. Возможно, не раз появлялась круглая белая голова с завитушками волос возле узкого оконного проёма; человек внимательно глядел сквозь стекло: взгляд то терялся в мягких оттенках заката, то фиксировался на серебристом мерцании месяца среди листвы деревьев. Солдат в треугольной шляпе и высокий возница сидели рядом; слуги стояли позади. Павел Петрович опять оглядывался и продолжал беседу со своей изнеженной фрейлиной, улыбавшейся и обнажающей небольшие впадинки на щеках с родинкой. В ту ночь лунный свет заливал пространство вокруг императорских покоев; блестя даже на маленьком изображении купидона, он освещал подушку, где уже явственно виднелась голова человека — его тело давно исчезло. Раздались удары часов и шаги: через несколько секунд постель оказалась помята, сохраняя тепло ушедшего; группа молодых офицеров склонилась над пустым изголовьем с обнажёнными саблями; женский голос заплакал вдалеке. Бледный офицер поднял штору: за прозрачной тканью окна мелькнула дрожащая тень.'",25.0
2,2,"'Вечер опускается, легкая дымка окутывает всё вокруг. Туман прячет небо за занавеской из серых облаков, скрывая от нас тайны высоты. В древности верили, что там, где не досягаем глазу человека, живет великий бог, равнодушный наблюдатель всего сущего. Но сегодня мы знаем, что за облачными завесами лишь безбрежная лазурь и бескрайняя пустота космоса. Теперь же я теряюсь в догадках о том, что скрывается за пределами видимого мира, ведь моя голова наполнена новыми знаниями. Полное убеждение — это своего рода вера. Раньше я был уверен в своей правоте во всех вопросах, касавшихся меня самого. Однако теперь, впервые внимательно глянув на своё отражение в зеркале, я воспринимаю себя как совершенно незнакомого человека. Передо мной стоит мужчина с чёрными бровями и вертикальной морщинкой между ними (раньше я её не замечал). Серые глаза приобрели стальной оттенок, под которыми тени от недосыпания. Мои эмоции больше не проявляются на лице, и я раньше этого не понимал. Из глубин сознания вдруг возникает убеждение, что этот человек чужд мне самому — как будто я вижу его впервые. Истинный же я — другой. Но всё это лишь плод моих размышлений, бессмысленных и неправдоподобных. Это следствие недавнего употребления наркотического вещества, что оставило свои метки на моем сознании. Записываю же это здесь исключительно для того, чтобы продемонстрировать способность человеческой логики ошибаться — ведь разум, который объяснил древним бескрайнюю даль числовыми обозначениями, теперь теряется в собственных сомнениях. R-13. К слову сказать, мне приятно его присутствие здесь: я бы не хотел сейчас остаться одиноким.'",29.0
3,3,"'Она была облачена в древний наряд: облегающее черное платье подчеркивало белизну её открытых плеч и груди, словно оттеняя их резким контрастом. Светлые зубы казались слишком яркими, словно восковыми. Женщина устроилась за инструментом и начала играть. Её игра была хаотичной и наэлектризованной, отражая дух эпохи, в которой она жила. Она играла беспорядочно, без следа структуры или целенаправленности. Вокруг царила атмосфера согласия и весёлого смеха. Но среди присутствующих не было единства — некоторые колебались, я тоже задумался о причинах своего хохота. Эпилепсия, болезнь души, медленно разрушала тело, поднимаясь волной до нестерпимости. Внезапно появилось чувство резкого солнечного света, заставившего её распороть одежду на куски. Человек рядом со мной бросил взгляд и усмехнулся. Его маленький пузырёк слюны был единственной деталью, вернувшей меня в реальность. Все вокруг воспринимали лишь беспорядочные звуки инструментов, а я улыбался, ощущая облегчение и спокойствие. Материал лекции передал реалистичное представление о том времени, вызвав смех слушателей. Затем мы услышали современную музыку, демонстрирующую контраст с прошлым. Современная музыка была стройной и гармоничной, полная мощи порядка и логики, противопоставляясь хаотичному искусству предыдущего века, свободному от всяких ограничений. Все покинули зал парными рядами по четыре человека, двигаясь организованно через большие выходы. По пути я приветствовал знакомого человека, чья фигура была необыкновенной — словно выгнутая в двух направлениях одновременно; я почтительно поклонился ему.'",25.0
4,4,"'Рутилов излагал свои мысли с обычно бодрым голосом и живостью, улыбаясь шире, чем было необходимо. Хотя на вид он был худым, словно пожившим много трудных дней, и его слабое здоровье проглядывало сквозь новую модную шляпу, под которой виднелись светлые короткие волосы.\n\n— Извините, но это в три раза больше, — с еле уловимым оттенком сомнения сказал Передонов, протирая золотые очки.\n\n— Но ведь всё именно так! — воскликнул Рутилов. — Внимательно посмотри на моих дочерей, ведь это твоя последняя возможность увидеть их до того, как я покину этот мир. Им без разницы, кто станет вашим мужем.\n\n— Да, многие из них относятся ко мне с интересом, — проворчал Передонов.\n\n— Тогда используй момент! — посоветовал Рутилов.\n\n— Мне важно, чтобы моя будущая жена не была слишком тощей, — сказал Передонов с тоской в голосе. — Пусть она будет полной и крепкой.\n\n— Не волнуйся об этом, — убеждал его Рутилов. — Мои дочери уже достаточно пышнотелы, а если кто-то ещё худощавый, это временно. После свадьбы они станут ещё стройнее и здоровее.\n\n— Я готов жениться, — сказал Передонов, — но боюсь, что моя жена Варя устроит мне настоящий скандал.\n\n— Если ты боишься конфликта, — предложил Рутилов с хитрой улыбкой, — заключи брак сегодня же. Вернись домой со своей новой спутницей жизни, и всё сложится само собой. Может быть, я смогу организовать всё уже завтра вечером?\n\nПередонов внезапно начал громко хохотать.\n\n— Ты согласен? — поинтересовался Рутилов. — Давай заключим сделку?\n\nПередонов тут же перестал смеяться и прошептал, скривившись:\n\n— Она всё расскажет, эта дрянь.\n\n— Ничего особенного не произойдёт, — успокаивал его Рутилов. — Ей не о чем рассказывать.\n\n— Или отравит меня, — испуганно пробормотал Передонов.\n\n— Просто доверься мне во всех вопросах, — настаивал Рутилов. — Я всё организую тщательно и продуманно.\n\n— Без приданого я вступать в брак не хочу, — раздражённо сказал Передонов.\n\nНовый поворот темы разговора не смущал Рутилова. Он ответил с такой же уверенностью:\n\n— Странный ты человек, если думаешь, что мои дочери лишены приданого. Твоя согласие?\n\nРутилов крепко пожал руку Передонова и поспешил прочь. Передонов молча наблюдал за ним.\n\nДевушки Рутилова вспомнились ему весёлыми и наглядно насмешливыми, вызвав неприятную ухмылку на его лице, которая тут же исчезла. В Передонове появилось чувство тревоги.'",20
5,5,"'Вспоминаю картинку из жизни — обычную и невзыскательную, и превращаю её в увлекательную историю, ведь я поэт души. \nОстанься ты спокойной, незаметной или одинаковой — всё равно мне, как поэту, дострою над тобой красивую сказку о приятном и завораживающем.\nСлучайности водят за собой события; любой старт случайный. Но лучше начинать с тех моментов человеческого опыта, что вызывают восторг или по крайней мере радость и удовольствие. Здоровье, юность и жизнерадостность — вот что делает человека прекрасным; ясное небо, теплое лето и прозрачная вода — это красота природы.\nБыл июльский день, солнечный и жаркий, и река Скородень пылала под светом солнца. Вода сверкала как бриллианты, воздух играл мелодией тепла, ветра и пения птиц — всё это создавало ощущение радости и свободы.\nЕлизавета и Елена, сестры-близняшки, купались в этой реке. Их вид на фоне ясного неба и сверкающей воды был просто чарующим. Обе девушки чувствовали себя легко и свободно: прохладу воды, желание активно двигаться, улыбаться и общаться. В разговоре они вспомнили о мужчине, предмете их фантазий.\nЭти две девушки были дочерьми богатого владельца поместья. Участок реки, где купались сестры, прилегал к обширному старинному саду их дома. Возможно, им нравилось находиться там ещё больше потому что они чувствовали себя хозяйками быстрых вод и песчаного берега — свободными и уверенные в себе.\nЧеловек не знает границ своей власти, но счастливы те, кто уверен в своих полномочиях!'",35.0
6,6,"'Дом укрыт на краю города, в районе носящем название Расчески. Здесь тянутся ряды многоквартирных белых коробок с множеством окон, стоящих параллельными цепочками среди бетонных дворов, где когда-то играли дети. Между этими серыми рядами простёрт пустырь — остатки строений и руины привлекают больше внимания ребятней, чем безжизненные земляные участки.\n\nВдалеке от этих унылых коробок стоит одиноко Серый Дом. Старая развалина из прошлого времени, когда тут ещё не строили современные многоэтажки, этот дом словно вырван из другого века. Крыша его покрыта антеннами и проводами, стены, прежде белоснежные, теперь в серых пятнах и трещинах; внутри — желтоватый свет, тускло освещающий унылые просторы двора. Гаражи, контейнеры с мусором и клетки для собак обступают его со всех сторон.\n\nЛюди из окрестностей косвенно выражают неприязнь к этому дому: хотя никто не говорит прямо о своём недовольстве, большинство предпочитает жить как можно дальше от этой развалины и мечтает об её исчезновении.'",25.0
7,7,"'Выяснилось, что человек, стремящийся к признанию, оборачивается эгоистом с черными пятнами характера, способен на любые поступки ради славы и верит в собственные таланты больше, чем они заслуживают. В действительности же такой человек — ничто особо примечательное. Эдакий самоуверенный и безмерно тщеславный индивидуум. Сип прочёл историю о птице, мечтавшей казаться красивее на самом деле. Затем он рассказывал про животное, погибшее из-за собственной глупости. После этого Сип хотел спеть песню похожего содержания, но его перестали внимать. Лицо Сипа стало мрачным от гнева и обиды, он заплакал и замолк. Его поблагодарили, дали платок и прикрыли книжкой, предложив другому ученику продолжить выступление.\n\nГуль произносил речь еле слышно, словно вглядываясь в непросветлённую пустоту стола. Белые волосы спадали на лицо, мешали видеть, и он поправлял их мокрым пальцем. Прическа держалась лишь до тех пор, пока палец не убирался с лба — после чего волосы тотчас скрывали взгляд. Наблюдать за Гулем долго было непросто: мои нервы уже были на пределе, и лишний стресс мог бы только осложнить ситуацию.\n\n«Какое рода внимание искал этот человек? — Он словно пытается привлечь к своей обуви. Однако это неверно. Через свои туфли он стремится обратить внимание на ноги, выставляя свое физическое несовершенство на показ, игнорируя чувства других людей и их мнение. В этом смысле он нас унижает...»\n\nГуль продолжал говорить монотонным голосом, палец его гулял по переносице — было видно, что злоба начинает закипать в нем. Я уже знаю все аргументы, которые он мог бы выдать; эти речи типичны для подобных обстоятельств. Каждое слово Гуля было таким же невнятным и скучным, как его самопроизвольно засовывающиеся волосы.'",28.0
8,8,"'Недавно он был живым факелом энергии, легко переворачиваясь на руках, словно парусник в легком бризе. С крепкими зубами поднимал стул и разрывал канаты мощными руками, как будто это были детские игрушки. Его тело источало стремление к поступкам, которые бы заставили всех вокруг удивленно вскинуть брови — словно молодость была временем для невероятных подвигов. Но что-то теперь изменилось: механизм его жизни заскрипел и начал раскисать. Он стал сутулиться, а ночью перед понедельником превратился в тень себя прежнего. В лифте застрял с человеком, чей непристойный вид был как утреннее мрачное предзнаменование. С утра следующего дня его ждало оцепенение: долгое время он держал вытянутые руки между коленями в прохладной комнате, понимая, что ему снова придется облачиться в одежду, которую тело уже начало презирать. Это чувство напомнило ему бедного цыганского пуделя, облеченного в несоответствующую человеческую одежду и выглядящего жалко и потерянным. Апатия частично объяснялась отсутствием работы: за зиму удалось немного накопить денег, но теперь осталось лишь двести марок — последний рубеж перед полной нищетой. В прошлом году прибытие в Берлин привело его к быстрому трудоустройству и продолжительному труду до января: испытывал утренние поездки на завод, мучился от боли в ногах после беготни с подносом среди ресторанных столов заведения «Пир Горой». Также занимался посредничеством, предлагая любой товар — будь то баранки или драгоценности. Он не отказывал себе ни в чем: продавал собственную тень, как многие из нас. Занимал участие в массовке киносъемок за городом, где огромные прожекторы ярко освещали лица статистов, создавая ощущение дискомфорта и неловкости. После съемки контракт считался выполненным, и деньги тратились.'",29.0
9,9,"'Целый день на кровати будто плывёшь навстречу солнцу, зная, что стоит приподняться — и перед тобой раскинуты кроны деревьев, освещённые жёлтым светом. Провода ветвятся, словно делясь местами для птиц, а красный навес у парадного входа приглашает гостей насладиться тишиной. Далеко раздаются звуки природы — пение пернатых хранителей мира, собачий лай вдалеке и поскрипывание водяного насоса, как будто играющего с ветром.\n\nЛежишь неподвижно, утонув в размышлениях о предстоящем подъёме. Глядишь на светлячков, бегущих по столу, и видишь клубок нитей соскальзывающий с колен матери, плавно катящийся по полу...\n\nВот здесь, в этой комнате, когда юному Ганину было шестнадцать, он создал образ идеального мира, который позже воплотился в реальности. Этот процесс не обошёлся без помощи окружающего: картины на стенах, звуки за окном, изображение Христа в киоте и журчащая вода в раковине. Свет солнца словно лепил эту картину, давая ей форму и жизнь. В тот момент казалось, что такое совпадение мыслей и действительности прежде не случалось так идеально.\n\nЦелый день он переходил из одного сада в другой, посещал кафе, где воспоминания тянули его за собой, словно облака весной в Берлине. Потревоженные прохожие и остановки машин на улице подчёркивали, что он погружён в свои мысли.\n\nГанин чувствовал себя реставратором потерянного мира, восстанавливающим его по частям для той женщины. Он старался избегать путаницы среди ярких образов прошлого и аккуратно реконструировал события своей жизни. Бродя по паркам Берлина теплым маем, он физически ощущал себя выздоравливающим — слабость в ногах, чистую одежду, зеркальное отражение. Одевшись в белое нижнее бельё и светло-фиолетовые носки, он мечтал встретить кого-то в парке, но не представлял конкретного человека.'",25.0
10,10,"'Пришел я на этот свет полвека назад, в сердце России, среди угодий дедовских. Вот только момент своего прихода в мир и ухода из него мне не знакомы — узнай о своем рождении от других, ведь сам бы я этого момента никогда не запечатлел. Безвоздушные острова не знают смерти; жил бы человек так и радовался жизни без этих мыслей? Может быть, он был бы счастлив, а может, наоборот — в неведении страдал бы о своей скорой кончине? Ведь чувство смертности, возможно, заложено в каждом из нас. И если бы я не подозревал о конце, любил бы жизнь так же искренне, как люблю ее сейчас, ведь это глубокое понимание придает ей особый вкус и смысл.\n\nО семье Арсеньевых рассказывают мало — многое утеряно в тумане времени. Одно я знаю точно: наше имя числится среди тех родов, от которых история давно оборвалась диктатом забвения. И всю жизнь испытывал гордость за нашу фамилию и древность рода — ведь не зря же мне дано знать корни и иметь предков.\n\nВ праздник Троицы, когда православная церковь вспоминает всех усопших с глубокой грустью и теплотой, молитва их душам звучит так:\n«Господи, примите души рабов Твоих на небеса Свои. Даруйте покой предкам нашим и близким в лоне Авраама с тех самых времен Адама до наших дней».'",27.0
11,11,"'Полный день пролетел для меня словно в плену тумана: каждую минуту я ощущал напряжение, ведь повторилась процедура поминальных служб, и опять собралась толпа людей. Среди них приезжали и уезжали соседи, а дети беззаботно играли в светлой комнате с закрытыми окнами, под присмотром няни, которая время от времени слабо всхлипывала. По мере того как темнело, люди начали заполнять зал, шепотом обсуждая события дня. Появились священники, наступило тишина, свечи вспыхнули, началась подготовка к богослужению – облачение и первый размахивание кадилом. В этот вечер все казалось таким значимым, что я не мог отвести взгляд от роскошного гроба на столах, внутри которого лежала укрытая золоченым покровом фигура с золотой иконкой на груди и жесткой белой подушкой. Лицо было опущено в мрак вечности, глазницы поглощали тьму, а металл лица отражал теплый свет дыма.'",27.0
12,12,"'Приказ прокуратора был выполнен с точностью часовщика и как раз тогда, когда первые лучи солнца коснулись вершины Ершалаимских стен, на террасе рядом с двумя белыми мраморными львами собрались главные актёры этого исторического момента: прокуратор и Иосиф Каифа, исполнявший обязанности председателя Синедриона.\n\nСад был погружён в тишину. Пройдя сквозь колонны, как будто проходя через портальные врата, прокуратор оказался на открытой террасе утопающей в ярком свете солнца и необычных пальм, где каждая веточка казалась отдельной нотой в музыкальном произведении. Отсюда открывался захватывающий вид на весь город — его мосты, укрепления и главным образом на великолепный храм с золочёными крышами, словно сердце города.\n\nСловно эхо далекого шума в пустой долине, прокуратор услышал из глубины города слабый ропот и отдельные возгласы. В его ушах прозвучала музыка беспокойства, свидетельствуя о том, что под стенами Ершалаима уже собрались обеспокоенные жители, ожидающие решения суда, среди которых выделялись голоса взволнованных торговцев водой.'",23.0
13,13,"'Возможно, сумеречный полумрак стал той самой душной пеленой, что заставила прокуратора казаться другим. Его облик окутался мрачными тучами: он вдруг постарел на целую зиму, сгорбился и замерцал тревожным светом, словно ночной бабочкой под луной. В одно мгновение он резко обернулся, и его сердце невольно встрепенулось при виде пустующего кресла, спинка которого была покрыта тенью. Праздничная ночь опустилась на город, стало темно, как в глубокой ночи, и уставший прокуратор почудилось, будто кто-то сидит там, где должно было быть пусто. Не сдержавшись, он коснулся тени рукой, потом отдернул её и принялся нервно бродить по балкону: теребил руки, то и дело подходил к столику, хватал чашу, останавливался и устремлял взгляд на мозаичный пол, словно в надежде увидеть там некий знак с небес свыше или от судьбы прошедших дней. Сегодня прокуратор во второй раз почувствовал тоскливый холод внутри: поглаживая висок, где еще дремала болезненная боль после раннего утреннего горя, он пытался понять источник своего внутреннего беспокойства. Вскоре осознание пришло к нему, но он попытался себя обмануть: с легкой улыбкой на лице, хотя и ясно зная о своей ошибке днем, которую желал бы исправить маленькими и ненужными движениями теперь ночью, он старался убедить самого себя в том, что его ночные поступки столь же важны, как и решение утром. Но эта попытка самоуспокоения лишь слабо помогала ему преодолеть мрак внутри.'",32.0
14,14,"'Конференция прошла под сводами политехнического института, и я стал свидетелем её событий. Провёл беседу с коллегами, и уже через пять минут собрал необходимые данные. Передав их в секретариат, я не ожидал встретить там редактора Туронока, чей характер сладок, как мед, но приторен, словно перебродивший сироп. Обычный тихий и нерешительный индивидуум в этот день был охвачен бурной энергией, его глаза сверкали упрёками и обвинениями: «Вы допустили серьёзную идеологическую ошибку», — начал он сухо. «Какую именно?» — спросил я, чувствуя нарастающий накал страстей. Туронок продолжил: «Вы перечислили страны…». «Это запрещено?» — уточнил я в ответ. «Нет, но важно следовать установленному порядку: сначала демократические государства, затем нейтральные и только потом социалистические. Ваши нарушения проявляются здесь», — он указал на перечень: Венгрия, ГДР, Дания, Польша, Советский Союз, ФРГ… «Мои действия были продиктованы алфавитным порядком». Его лицо исказилось от недовольства. «Невозможно! — воскликнул Туронок. — Алфавит здесь не применим. Поместите Венгрию на третью позицию, после государственного переворота в этой стране она должна быть ниже ГДР». На следующий день он снова пришёл: «Вы издеваетесь! — крикнул Туронок. — Ваша работа безответственна и опасна для идеологии». Я был ошеломлен его напористостью, но решил не спорить, зная цену своим словам в тот период. За предоставленную информацию мне обещали вознаграждение в размере двух рублей. Однако я рассчитывал на три рубля — эта сумма тогда казалась утешительной наградой за труды.'",27.0
15,15,"'В этой повести нет ни чистых ангелов, ни беспринципных демонов... Здесь герои не разделяются на черное и белое. В реальности таких людей просто не существует. Несколько лет я наблюдаю за людьми вокруг себя... Один редактор высказал мне мысль следующим образом:\n- Все твои персонажи ведут себя с определенной долей безнравственности. Когда герой совершает дурное деяние, повествование должно привести его либо к моральному падению, либо к воздаянию за грехи. Но у тебя такие поступки описываются как нечто обыденное, будто капли осеннего дождя или зимний снежок...\n- Почему вы считаете всех моих персонажей отщепенцами? - спросил я. - Приведите конкретный пример.\nРедактор смотрел на меня так, будто беседовал со скучающим подростком из неблагополучной семьи...\nУже длительное время я не разделяю реальных людей и персонажей книги на ангелов и дьяволов. Далее утверждаю: каждое преступление не обязательно вызывает чувство вины, а каждый подвиг не всегда приносит радость. Человек является таким, каким его видят окружающие... ""Моя сущность - это мой судья"" и так далее...\nЭта повесть лишена персонажей безупречных и явно злых, потому что их быть не должно. Одним из главных действующих лиц являюсь я сам. Другой герой – Миша Шаблинский, знаменитый своими оригинальными фразами вроде ""спонтанная апперцепция"", ""имманентный дуализм""... Ещё один узнаваемый персонаж - Митя Кленский, чья слава пришла благодаря привычке носить металлические зажимы для галстуков и курить трубки из поддельного янтаря.\nЧто объединяет нас троих? Вероятно, некое недовольство формализмом журналистской работы и склонность к здоровому сарказму, помогающему избежать преувеличений...\nИз тридцати двух сотрудников нашего учреждения двадцать восемь считают себя лучшими корреспондентами страны. На основе оригинальности мы трое заняли вторую ступеньку. Дмитрий Шер, произнесший однажды фразу ""искусственная почка стала обыденностью повседневной жизни"", был признан посредственным журналистом.'",26.0
16,16,"'Рассказывали о Благодатном как о месте обычном: бородинский дом обычен, может быть даже с недостатком — одна его сторона явно перестроена после пожара; а сад старый, тенистый, таких в России немало. Поля широкие, лес хорош, но это тоже обычное дело. Жители же живут бедно: земли им не хватает, они ранее покидали этот край, потом вернулись обратно; а во времена беспорядков, хотя дом не подожгли и лошадей не лишили глаз, как случилось с соседом Бессоновым, говорили о намерении поджечь дом, уничтожить имущество и захватить бородинские земли. Когда речь шла о странностях Петра Николаевича, рассказывали такие невероятные истории, что стыдно повторять их снова. В итоге всех просили держаться от Благодатного подальше: место не приносит удачи.\n\nОдин человек с добрыми намерениями советовал Александре Павловне обратиться к губернатору, но она отвергла эту мысль напрочь. По её мнению, слухи беспочвенны и бесполезно ворошить старые раны. Действительно, любой человек может наговорить бреда, лишь бы переложить ответственность на кого-то другого. А обсуждения со временем сами собой угасли — ведь люди смышленее, чем кажется извне.'",26.0
17,17,"'Все дети пестрели крепким здоровьем, несмотря на безудержные приключения: снежное лакомство ради радости и буйства духа, зимние прогулки в одной рубахе по холодным улицам, проглатывание крупных мух для того, чтобы заболеть и избежать гимназического плена, а также съедение засушенного покрытого плесенью просфора — бабушкины советы внушали надежду на исцеление от страха во время грозы. Постоянно они купались в прорубях. Эти поступки никак не скрашивали здоровье детей, делая его лишь крепче и стойчее. Женя же был особенным: после того как Коля переболел скарлатиной и корью, заразившись им самим, у Жени развился дифтерит, от которого он на время ослеп, но зрение вернулось со временем. Однако головные боли стали регулярными гостями: они возникали между бровей и в области висков, превращая мир во что-то туманное и неясное. Когда боль начинала терзать его, Женя плакал скорбно, издавая жалобные стоны без остановки. По ночам спящий мальчик совершал странные поступки: выходил на крыши зданий и бродил по карнизам, словно ища утешения в темноте. Когда были приступы в младенчестве, его укладывали рядом с мощами святых, а дома Вареньки хранились специальные предметы — бархатные варежки и шапочка, касавшиеся этих святынь, которыми протирали мальчику лицо. Иногда девочку Прасковью отправляли в Боголюбовский монастырь к отцу Глебу-отшельнику, чтобы он помолился об избавлении от боли и страданий, после чего состояние заметно улучшалось. У Жени взгляд часто был печальным, он редко ввязывался в драки, но если его разозлили, действовал решительно.'",20
18,18,"'Вавилен Татарский пришёл в этот мир задолго до того, как красный цвет одержал победу над своим собратом. Из-за этого он стал представителем поколения «П», хотя об этом долгое время ничего не подозревал. Если бы кто-то тогда сказал ему, что станет копиатурщиком, вероятно, он так удивился бы, что случайно пролил бы на горячий пляж песок пачку «Пепси». В те времена дети мечтали стать врачами или спасателями. Даже слово «дизайнер» воспринималось как чужеродное и временное заимствование, которое могло исчезнуть при ухудшении международных отношений.\n\nТогда русский язык был полон непривычными словами и вещами. Собственное имя «Вавилен», врученное отцом, казалось Татарскому весьма необычным. Это имя было искусственно создано путем слияния фамилий писателя Василия Аксёнова и политика Владимира Ленина. Возможно, отец видел в сыне последователя идеи свободной любви из произведений Аксёнова или поклонника джазовой музыки, внезапно осознавшего неизбежность коммунистического строя после прослушивания длинных мелодий на саксофоне. Однако подобные взгляды были характерны и для большинства советских людей того времени — эпохи любительской песни и запуска первого искусственного спутника Земли, символизировавшего несбывшиеся мечты.\n\nСам Татарский страдал из-за своего имени и предпочитал представляться Владимиром. Позже он начал врать своим друзьям о происхождении имени: отец, дескать, выбрал его по увлечению восточными религиями и стремлению связать сына с мудростью Вавилона. Слияние же Аксёнова и Ленина стало результатом отцовского интереса к философии объединения противоречивых идей. Хотя эта версия звучала увлекательно, Татарский был рад избавиться от паспорта с именем Вавилен, получив новый документ уже на имя Владимира.'",30
19,19,"'Тверской бульвар встретил меня как старый друг, не изменившийся ни на йоту — февральская зима опять укутала город в снежные покровы и серые облака. На лавочках засиделись пенсионерки, словно стражницы неприступной зимней тишины; над ними чернели голые деревья, под которыми мрачное небо казалось ещё более пасмурным.\n\nОднако в этом году бульвар взял на себя новую роль. Сильный февральский ветер свистел над тротуарами, неся с собой белые бури, словно он был океанской непогодой; я бы даже не удивился, заметив тут парочку лесных обитателей. Статуя Пушкина глядела на всё это безрадостным взглядом, как будто она тоже прочувствовала холода: её плечи укрывал красный фартук с надписью «Да здравствует первая годовщина революции», но буква «ять» в слове «революция» была на месте, как символ прошлого. Я не стал подсмеиваться над этим поздравлением, ведь недавно я уже понял, что красные лозунги могут быть опасными.\n\nСумерки опускались всё ниже и ниже. Страстной монастырь скрывался за плотным занавесом снежных хлопьев; рядом с входом в монастырский двор стояли две грузовики, их кузова были укрыты яркой красной тканью. Рядом собралась небольшая группа людей, среди них раздавались слова выступающего, и хотя его речь была нечёткой из-за ветра, я легко различил звуки «р» в словах «пролетариат» и «террор». Вдруг передо мной промелькнули два солдата, явно находившиеся под воздействием алкоголя; за их спинами покачивались винтовки со штыками. Один из них остановил свой взгляд на мне и начал подходить ближе, но его товарищ потянул его обратно, и они исчезли среди снежных зарисовок.'",26.0
20,20,"'В тот час дверь медленно отворилась, и Вощев увидел косаря, трудившегося в ночи с чайником для своих товарищей: на плите закипела вода, которую они подогрели на открытой камере общежития; время сна закончилось, началась пора завтрака перед новым днём труда… Деревянные часы висели на стене, их стрелки уверенно кружили из-за силы тяжести маятника. Их механизм украшал рисунок цветка, который был призван успокоить каждого человека, кто бы ни смотрел на них. Рабочие расселись за длинным столом; тот, что готовил для всех, разрезал хлеб и дал каждому по куску, а также добавил маленький кусочек вчерашнего холодного мяса. Они приступили к трапезе с серьёзностью, воспринимая приём пищи как необходимость, без чувства наслаждения или радости от еды. Несмотря на осознание ценности жизни, что обычно приносит абсолютное счастье, их лица выглядели усталыми и измученными — вместо удовлетворения они испытывали лишь уныние. Вощев наблюдал за этими печальными людьми, способными сохранить в памяти правду сквозь трудности, и чувствовал слабую надежду и страх потери; он уже находил удовлетворение в том факте, что правда существует в сознании ближайшего к нему человека, недавно говорившего с ним. Следовательно, достаточно быть рядом с таким человеком, чтобы обрести выносливость и работоспособность.\n\n— Пойдемте вместе покушаем! — пригласили его рабочие.\n\nВощев поднялся, ещё не уверенный в целесообразности мира вокруг него, и направился к столу. В этот момент он испытывал смесь неловкости и тревоги. '",25.0
21,21,"'Машинист-наставник наблюдал, как Захар Павлович с заботой ухаживает за топками локомотивов, доводя их до идеальной чистоты. Однако наставник никогда не поощрял его старания, понимая, что машины работают благодаря внутренним качествам материалов и законам физики, а не из-за человеческого мастерства; участие человека минимально. Природные ресурсы позволяют людям достигать успеха без значительных усилий: даже неквалифицированный работник может зажечь огонь в топке, и двигатель заработает самостоятельно, превращая рабочего в пассивного наблюдателя. Если эксплуатация техники станет ещё проще, люди станут бесполезными подобно ржавеющим металлам. Машинам же предстоит заменить людей и получить свободу в работе. Тем не менее наставник критиковал Захара Павловича реже остальных машинистов: он использовал инструменты бережно, избегая грубости и небрежности во время работы на локомотиве.\n\nОднажды, набравшись решимости благодаря своей увлечённости делом, Захар Павлович спросил наставника:\n\n– Разрешите узнать ваше мнение: почему люди столь посредственны, а каждая машина обладает выдающимися характеристиками?\nНаставник отреагировал раздражённо, считая свою привязанность к локомотивам исключительно личным чувством.\n\nСтоя рядом с локомотивом, наставник вспомнил своё детство и чувство свободы, которое он испытывал тогда. Локомотив был крупным, нагретым и внушительным; его форма была идеальной. Наставник почувствовал восторг от движения, который наполнял его энергией. Ворота депо открывались наружу, позволяя видеть летний вечерний пейзаж, ассоциировавшийся с будущим и возможностью снова ощутить скорость на железнодорожных путях вместе с тихим равномерным шумом исправной машины.\n\nНаставник непроизвольно сжал кулаки, чувствуя подъём жизненных сил и воспоминания о юности. Он перестал воспринимать Захара Павловича как недостаточно квалифицированного работника и заговорил с ним, как с другом:\n\n– Твоя работа помогла тебе приобрести опыт и знания. Но человек бесполезен... Дома лежит и ничего полезного не делает... А взгляни хотя бы на птиц...'",28.0
22,22,"'Городок Федор-Кузьмичск уютно расположился на семи холмах, окружённый обширными полями и непроходимыми дебрями. К северу тянутся густые леса, заросшие валежником, переплетенные ветви деревьев преграждают путь, кусты цепляются за одежду, а ветки словно роняют шапки. По рассказам местных старожилов, в этих лесах обитает загадочное существо под названием кысь. Оно скрывается среди листвы и издаёт странные звуки: «кы-ысь! кы-ысь!», однако увидеть его невозможно. Когда человек оказывается в этих лесах, кысь внезапно атакует его сзади, сломав позвоночник и повредив жизненно важные сосуды, вследствие чего тот теряет рассудок. Возвращаясь домой, пострадавший уже не такой, как прежде: взгляд его становится безжизненным, движения хаотичными и непроизвольными. Родственники пытаются вернуть потерпевшего в нормальное состояние, иногда разыгрывая сцену еды — ставят перед ним пустую тарелку и дают ложку; больной механически принимает пищу, несмотря на то что на тарелке ничего нет. Стоит заметить, самостоятельность ему уже недоступна: он нуждается в постоянном уходе. Некоторые заботливые родственники или супруги отводят его в специальное помещение, а если ухода нет — умирает из-за разрыва мочевого пузыря.'",7.0
23,23,"'Ваше лицо, Александра Эрнестовна, несет в себе особую прелесть. На одном из снимков вы олицетворяете нежность и светлость облика, а на другом — легкое презрение к миру с улыбкой, открывающей ваши идеальные зубы. Есть еще портрет, где ваше недовольство играет яркими акцентами, и рука так расположена, словно держит на пальце весь мир в виде нежного кружева, которое случайно сползло с вашего запястья. Мне интересна каждая минута вашей жизни, прошедшей без лишнего внимания, где юность быстро ускользнула, а поклонники и бывшие мужья следовали один за другим, как листья осенью. Каждый встречный был лишь мгновением в вашем пути, оставившими потом пыльные дорожки воспоминаний. Я буду регулярно навещать вас, приносить молоко и полезную для зрения морковь. Прошу, откройте старые бархатные альбомы с тщательно сохраненными фотографиями — портреты юных дам в плиссированных платьях, улыбающихся мужчин средних лет и смелого Ивана Николаевича. Не волнуйтесь, Александра Эрнестовна, никто из прошлого не может вас видеть! Время требовало решений, оно пришло в свое время. Его изображение здесь, протяните руку и дотроньтесь к нему — фотография Ивана Николаевича в холодных руках, блестящая и прохладная под пальцами. Послушайте меня внимательно: она приняла решение поехать, все сомнения исчезли окончательно. Ждите ее там, где вы сейчас находитесь.\n\nМногочисленные события, дни и годы тихо прошли мимо Александры Эрнестовны, оставляя лишь следы в памяти — подобно непроницаемой завесе, скрывающей далекие горизонты. Её любимый человек остается на одиночной железнодорожной станции юга, где он бродит бесконечными часами вдоль ржавых путей, полных семян и иголок сосен, глядя время от времени на свои часы. Солнце уже нагрело воздух, но поезд не прибывает — обещание его прибытия было лишь туманным шепотом ветра. Она ведь хотела ехать! Все вещи были упакованы заранее: белые платья аккуратно сложены внутри деревянного ящика, купальные костюмы ждут своего часа, а в специальной коробке хранятся изящные головные уборы. Мелкие предметы — заколки и расчески — лежат в шкатулке, словно звездный свет застывший внутри камней; бутылочка с ароматом жасмина подтверждает готовность к путешествию. Однако что мешало осуществить этот план? Что обычно становится преградой на пути наших желаний?'",24.0
24,24,"'Он рухнул лицом в траву, превратившуюся в пыль под его щекой, и скрежетал зубами от раздражения, осознавая свою неудачливость. Лежа неподвижно, он надеялся, что опасность сама собой рассосётся, хотя в душе понимал безысходность ситуации. Воздух был тёплым и влажным, пот заливал глаза; только после этого Рэдрик громко предупредил Арчибальда: «Не шевелись! Спокойно держись!» Сам же терпеливо ждал дальнейшего развития событий. Возможно, ситуация сложилась бы относительно благополучно без существенных последствий, но первым не выдержал Арчибальд. Вероятно, либо он не услышал предупреждение Рэдрика, либо его так напугала угроза опасности, что забыл о правилах поведения, либо внезапно почувствовал ещё большую боль, нежели Рэдрик. В результате он потерял способность контролировать себя и необдуманно ринулся вперёд, пригнувшись и издав невнятный звук, подчиняясь первобытному инстинкту самосохранения — назад, хотя именно там находиться было крайне опасно. Рэдрику удалось быстро подняться и ухватить его за ногу двумя руками, вследствие чего Арчибальд всей массой тела ударился о поверхность земли, подняв облако пыли, издал странный высокий вопль и резко пнул Рэдрика другой ногой прямо в лицо. Несмотря на мучительную боль, тот накрыл его своим телом, прижавшись обожженным лицом к кожаному материалу одежды, стараясь физически подавить сопротивление противника, удерживал рукой дергающуюся голову и хаотично бил ногами по земле и телу Арчибальда. Воспринимая слабое стенание и дыхание врага, Рэдрик бессвязно произнёс сквозь сдавленное дыхание: «Тихо! Иначе прикончу...», ощущая сверху давление горящих углей, треск кожи на поверхности конечностей и туловища. Уложив своё лицо в серую золу и судорожно придавливая грудь к голове другого человека, он больше не мог сдерживать эмоций и издал протяжный крик.'",27.0
25,25,"'Жаждаю узнать итог всей этой истории. Десять лет назад я был уверен в исходе. Должна была существовать граница, непреодолимая для чужаков. Полоса протяженностью пятьдесят километров, где жили лишь ученые и военные. Опасная зона на моей планете должна быть надежно охвачена защитой. Казалось бы, большинство со мной согласилось. Звучали речи и принимались законы, чтобы гарантировать безопасность людей. Теперь трудно вспомнить, как исчезла прежняя уверенность. В конце концов, одна позиция верна, но другая также имеет свои основания. Возможно, все началось тогда, когда сталкеры принесли из опасной зоны необычные предметы — так называемые батареи. Оказалось, что данная территория была не угрозой, а кладезем ценных ресурсов. Сейчас никто точно не знает природу этой области. Люди используют эти ресурсы постепенно и аккуратно. Десять лет продолжаются исследования, вложено огромное количество средств, но эффективная система добычи пока отсутствует. Каждый занимается своей маленькой коммерческой деятельностью, а ученые неформально признают: принимая во внимание определенные аспекты, следует принять одну позицию и одновременно признать обоснованность противоположной точки зрения. Это как если бы конкретный объект после воздействия рентгеновского излучения под заданным углом испускал квазитепловые электроны — но это не важно. В любом случае, я не доживу до того момента, когда ситуация полностью разрешится.'",23.0
26,26,"'С утра зарядилась череда напастей: интернет подвёг и спёр все связи. Матвей, ещё толком не проснувшийся, рухнул на компьютерное кресло и беспечной рукой щёлкнул по клавиатуре — в ответ лишь холодный экран с грустным сообщением: «соединения нет». Связавшись со своим провайдером, он услышал суровую новость, что авария на магистральной линии связи вынудит его пережить целый день без интернета. Какие чувства могли бы испытать острова, лишенные океана? Вот так и Матвей погрузился в тоскливые раздумья, глядя на мёртвый экран своего компьютера — время до занятий в школе казалось бездонным провалом. Времени было достаточно для того, чтобы поиграть с друзьями или утонуть в любимых мирах Minecraft, но вот сетевое подключение отсутствовало. Мобильный телефон — лишь крохотное окно на мир, недостаточное для полноценного погружения в игру с её изысканной графикой и живым звуком, способным вывести из себя соседей за стенкой. Такое общение было бы слишком жестоким испытанием даже для терпеливого Матвея. Огорчённый происходящим он ринулся в кухню и уселся на стул у барной стойки, разглядывая потолок, будто там можно было найти решение. Его мать тем временем сновала по кухне, словно пчела — от холодильника до кофеварки, поднимая шум и беспорядок, которому Матвей обычно радостно противостоял со своим упорством. Стоило ему только вдохнуть воздух, как она уже приступила к своим ранним утренним обязанностям, словно он её личная мишень для бросания вызова.\n\n«Хочу сок и тост», — проскрипел Матвей сквозь зубы в знак своего недовольства.\n\nВ этот момент его мама, проходя мимо стула сына, оставила на его голове поцелуй. «Доброе утро, мой маленький гневный герой!» — прозвучало в ответ с такой лёгкостью, что Матвей едва не взорвался от раздражения.\n\nКаждый её жест казался ему излишне нежным и вызывал лишь недовольство. Ведь он — всего лишь мальчик, а не девочка, в которой такая забота была бы кстати.'",23.0
27,27,"'Отворив двери салона, Лена словно застыла на месте. Перед ней предстала Марина, одевающаяся в рабочий халат, что вызвало у нее ощущение, будто ноги стали резиновыми. Опять ошиблась с днем недели — теперь вместо пятницы наступила среда. Из-за этой промашки Лена лишилась заработка и работы. Уборка в салоне была ее обязанностью по вторникам и пятницам, а сегодня эта роль отведена Марине. Пожилая парикмахерша, которая занималась трудоустройством несовершеннолетних вне официальной регистрации, задала вопрос Лене с непонятной улыбкой на лице.\n\n— Сегодня же не твоя смена, Лена. Почему ты здесь? — спросила она, словно загадывая ребус для девочки.\n\nЛена вдруг ощутила себя потерянным путником в лабиринте времени и пространства.\n\n— Сегодня именно моя смена! Я уверена!\n\nЭти слова вырвались из нее словно крик отчаяния. Ей казалось, что мир вокруг превратился в хаотичную пантомиму, где каждый день играет по своим правилам.\n\n— Леночка, ты ошиблась днем недели. Твоя смена бывает только пятницей.\n\nТакая невозможность принять действительность привела к тому, что Лена стала раздраженной и встревоженной собственным положением.\n\n— Пожалуйста, скажите мне правду! — взмолилась она. — Сегодня ведь пятница?!\n\nТетя Мила лишь покачала головой, словно подтверждая, что мир не так прост, как кажется в детстве. Она спросила:\n\n— Тебе хорошо?\n\n— Нет, и вам тоже плохо! Вы просто не понимаете!\n\nТри зрителя наблюдали за происходящим с интересом. Ведомая тем, что ее непонимание могло привлечь лишнее внимание, парикмахерша взяла Лену под руку и увела в служебное помещение.\n\n— Устала ты сильно, — сказала она, гладя девочку по волосам. — Часто так бывает, когда работаешь больше, чем взрослые люди. Тебе надо отдохнуть и развлекаться.\n\nЛена негативно покачала головой, отстраняясь от прикосновений женщины.\n\n— Мне не нужен отдых! У меня нет времени на это!\n\nЖенщина вздохнула, словно сожалея о беспомощности юной девочки. Она достала одежду для братьев Лены и предложила их носить.\n\n— Одежда эта хорошая, — сказала она. — Мой внук носит ее аккуратно.\n\nНо Лена отказалась принять подарок, решительно встав со стула.'",30
28,28,"'Артем медленно поднялся со своего места у костра, перекинул оружие с спины на грудь и направился в ночную темнину. Остановившись у границы освещённого круга, он резко щёлкнул затвором автомата и хрипло закричал:\n– Стойте! Назовите пароль!\nИз тьмы, где недавно слышались странные звуки и приглушенные голоса, раздались быстрые шаги. Кто-то поспешно ускользнул вглубь туннеля, испуганный резким окриком Артема и шумом его оружия.\nВернувшись к костру, Артем сказал Петру Андреевичу:\n– Нет, я точно не ошибся. Человек не представился и сбежал.\n«Ты наивный! Тебе ведь объясняли: если кто-то не назвал пароль — стреляй немедленно! Как ты можешь быть уверен, что это был человек? Может, это были враждебные существа, приближавшиеся тайком.»\n«Нет... Я почти уверен, что там не люди... Шумы были крайне нетипичными... И шаги звучали совсем иначе. Неужели я не могу отличить человеческие шаги? А если бы это были монстры, почему они бы сразу не атаковали напрямую? Ведь вы прекрасно знаете, Петрович, что последние время монстры предпочитают открытые столкновения — некоторые нападают безоружными, другие идут прямо на пулемет, ничем себя не скрывая. Но этот незнакомец сразу удрал... Похоже, он сильно испугался.»\n«Достаточно сказано! — перебил Петрович. — Твоя задача следовать инструкциям, а не думать. Этот человек мог быть разведчиком противника. Увидев нашу малочисленность, он теперь, возможно, организует нападение силами врага... Мы скоро можем оказаться убитыми, как случилось на станции Полежаевская из-за того, что ты не предпринял действия по уничтожению потенциальной угрозы.»\nАртем задумался о тёмном пространстве туннеля за отметкой семьсот метров. Даже мысленно вспоминать этот участок было страшно. Никто до сих пор не решался зайти дальше семисотого метра на севере. Патруль каждый раз проверял границу фонариком, убеждаясь в отсутствии угрозы и быстро возвращаясь обратно. Разведывательные группы из опытных бойцов тоже ограничивались семисотыми восемьюдесятыми метрами, пряча светящиеся сигареты и наблюдая через прибор ночного видения, а затем осторожно уходили назад без лишнего шума.'",9.0
29,29,"'На Третьем транспортном кольце автомобили двигались медленной вереницей, словно живые существа, дневные лучи освещали их фары, и пыль от колёс висела в воздухе, как лёгкий туман. Люди выходили из подземного перехода, придавая городу жизнь. Илья ощущал непреодолимое желание коснуться всего вокруг: провести рукой по предметам, окружавшим его. Уже семь лет он мечтал о том, чтобы Москва коснулась его в ответ, поделилась с ним своей энергией и теплом.\n\n— Мне нужно добраться до Лобни.\n\nВнешний вид электричек сильно изменился.\n\nРаньше Илья видел грязные зелёные вагоны со сломанными окнами, а на стенах были натюрморты с надписями. Деревянные лавки для всех пассажиров были покрыты шелухой семян подсолнечника и пролитым пивом, запах которого висел во всем поезде. Теперь же появились чистые белоснежные составы с жёлтыми полосами по бокам, а внутри каждого кресла было место только для одного человека. Люди вели себя более сдержанно и аккуратнее благодаря новому облику электричек.\n\n— Ты не хочешь пойти со мной на ледовое представление с участием Навки? — спросила одна женщина другую. — В прошлый раз мне понравилось, зрелище потрясающее.\n— Возможно, и пошла бы. Ведь сама Навка вышла замуж за этого человека с усами, помощника президента Путина. Мужчина внушительный, эффектный, — ответила другая женщина, которая выглядела значительно старше первой и накрасилась поверх усталого лица.\n— Нет уж, — возразила первая собеседница. — Она могла найти кого-нибудь лучше. Я бы предпочла отправиться куда-либо именно с Лавровым. Он гораздо решительнее вашего усатого.\n\nИлья прислушивался к разговору, но не мог понять его сути. Электричка задерживалась, и у него возникло ощущение голода. Его желудок пустовал и ныл, словно требуя пищи. Он отказался покупать чебуреки возле вокзала из-за завышенных цен на продукты относительно той суммы, которую ему предоставляли для транспортных расходов.\n\nЕму страстно захотелось попробовать домашние щи матери. Он представлял себе, как добавит немного сметаны сверху и измельчит кусочек хлеба в тарелке, словно в детстве подражая деду. Затем размоет кусочки хлебной корочки в горячем блюде, но оставит их слегка твёрдыми, чтобы насладиться ароматом и осторожно отправить горячую ложку в рот.\n'",8.0
30,30,"'Кот сорвался со стула и помчался следом за ним, оставляя за собой лишь легкий вихрь прыжков.\n\nВ комнате Алексей Кириллович аккуратно опустил чашку на стол, заваленный бумагами, уселся в кресло и принялся листать стопку печатных страниц:\n— Да... Вот она, правда... точно! Определим операцию умножения согласно таблице номер три... нейтральный элемент относительно... но, дорогой друг, это полностью совпадает с работой Юрковского. Безусловно, поле упорядочено и множество базисов можно разделить на две части — зачем он раскрывает очевидное? Далее. Такая матрица задаёт преобразование одного n-мерного пространства в другое. Что дальше? Это давно известно, это всего лишь утверждение о разложении матрицы! Шутник.\n\nАлексей Кириллович открыл ящик стола и взял хлебный ломтик, завёрнутый в салфетку. Продолжая читать страницы, он аккуратно отделял крошки и периодически запивал их чаем:\n— Продолжим... так... произведение матрицы на число распределительно относительно операции сложения чисел... понятно... дальше... знакомо... где обсуждается тема линейной комбинации?... так... Кронекерово произведение равно нулю, когда квадратные матрицы формируют систему относительно суммирования и умножения... но как это связано с делом? Где два тензорных пространства? Они же равны.\n\nХлебные крошки падали ему на ноги, рассыпаясь по полу. Кот расположился на диване, устроив голову между передними лапами:\n— Как можно классифицировать тензорные величины? Эти объекты принадлежат внешней структуре... глупец... следовательно, анализ билинейной конструкции — пустая трата времени. Шутник! Нужно выяснить характеристики левого тензорного поля, а не полиномиальное выражение... сейчас посмотрим... так... теперь яснее... интересно! Это противоречит евклидовому пространству! Очень смешно! Столь удивительное: полярная запись базовой функции именуется скалярным рассеиванием! Ха-ха-ха! Совершенно бессмысленно и никак не связано!'",31.0
31,31,"'Группа расступается перед тем, как выйти участник боя: широкоплечий работник скотного двора, чье лицо запечатлено в миру тяжелой работы. Скидывает верхнюю одежду, обтягивает перчатками руки, промакивает нос платком. Мы были готовы к такому развитию событий, поэтому Погода Сиволай расстегивает свой черный кафтан и сбрасывает меховую шапку, освобождаясь от парчового плаща. Он слегка потирает мускулистые руки, обернутые красной тканью, подмигивает мне и шагает вперед. В кулачных боях Погода превосходит любого соперника своим мастерством. Хотя он невысокого роста, его плечи широкие, а кости укреплены жизнью во дворце. Ударить его лицо нелегко, но противник может легко получить ответный удар от Погоды.\n\nПрищурив глаза и покачивая шёлковым поясом, он обращается к сопернику:\n\n– Ты готов принять поражение?\n\nСоперник не оставляет свои слова без ответа: \n\n– Смело говорить до начала битвы!\n\nДвигаясь вокруг круга, оба соперника внимательно изучают друг друга. Хотя внешние признаки и социальные статусы различаются, они — русские люди, решительные и непреклонные.\n\nСобираемся вокруг бойни, объединяясь в едином порыве с прочими участниками. Это обычное явление здесь: все равны — будь то крестьянин или дворянин, служащий или работник. Кулачный бой — это самостоятельное действие.\n\nУлыбаясь и подмигивая работнику скотного двора, Погода напрягает мышцы рук. Работник не может удержаться, нанося первый удар своим тяжелым кулаком. Оседлавший удары, Погода наклоняется и одним резким движением бьет рабочего в живот. Тот вскрикивает, но не уступает боль. Погода начинает кружиться вокруг противника, делая плавные движения руками, подмигивает насмешливо и высовывает язык. Однако рабочий игнорирует эти маневры, тяжело дышит и снова замахивается кулаком. Но Погода опережает его — левой рукой удар по скуле, правой — в грудь: хруст! хруст! Рёбра сломаны. Удару удалось избежать, но теперь боец громко кричит, машет большими кулаками и теряет перчатку. Однако безрезультатно: он снова получает удары в область живота и носа — резко! Рабочий отступает назад, теряя равновесие, скрещивает пальцы обеих рук, громко рычит, разрезая холодный воздух движениями тела. Но напрасно: бах! бах! бах! Быстро работает рука Погоды — теперь лицо рабочего залито кровью, один глаз заплыл, нос струится кровавой жидкостью. Капли ярко-красной крови летят в лучах зимнего солнца и блестят на плотно утрамбованном снегу.'",26.0
32,32,"'Здравствуй, моя дорогая Алёна, дочь моего сердца. Жизнь подарила мне множество испытаний, но среди них огонек любви светит ярче всего. Я любила Андрея с такой силой, что сердце замирало при одной мысли о нём. Моё существование теперь будто заморожено во времени, несмотря на то, что годы стерлись со мной словно ветер с песка. Однажды случайный путник спутал меня с молодой красавицей и обратился за помощью: «Простите, девушка, как пройти туда-то?». Его глаза светились добротой, хотя внешность оставляла желать лучшего. Он упомянул гостиницы и подарки — обычные риторические фигуры для таких случаев. Но я всё понимала на лету, словно истинная поэтесса. Моя душа пела стихи, а дети слушали с восторгом. Моего сына Тимофея всегда можно увидеть рядом со мной — его преданность бесценна для меня. Иногда его нервничает шум вокруг, но моё прикосновение и слова из детских стихов успокаивают: «Мы с Тамарой ходим парой». Однако некоторые люди не понимают этой игры слов и предъявляют свои условия, предлагая заменить меня на более подходящую кандидатуру. Но это лишь недоразумение из-за известного стихотворения Агнии Барто.'",25.0
33,33,"'Это случилось давным-давно, когда я родила двойняшек за считанные месяцы. Это был очередной мой опрометчивый выбор, который привёл к тому, что в свои слегка седые для двадцати девяти лет, со стрижкой под мальчика и худощавым телосложением, я оказалась на археологической вылазке. Вначале мы были чужими друг другу: я с ребёнком рассматривала ржавый кусок железа за камнем, а он спросил нас с улыбкой: «Мальчики, что вы тут делаете?» Когда мой взгляд встретился с его, он осознал, что перед ним девушка-мальчик и был потрясён. Так началась наша история, полная радости на каждый день и ночь, когда я работала поэтом после окончания педагогического института и была уволена из газеты из-за романа с женатым художником, у которого уже были трое детей. Я мечтала стать их матерью, но оказалась просто глупой женщиной. Жена художника быстро появилась и заявила мне, что я должна была стыдиться этого до основания, сообщив об этом главному редактору. После этого ей досталась трёхкомнатная квартира, которую её муж уже давно обещал, так как они жили с матерью его в одной комнате, тогда как я предоставляла место для работы своему любовнику несмотря на непрекращающиеся упрёки матери за то, что он живёт за мой счёт без намёка на брак. Это было очень старомодно. Затем, после потери работы в газете, я отправилась добровольцем в археологическую экспедицию, которая и принесла мне моих детей Андрей и Алёна, теперь снова живущих вместе с настойчивой матерью в одной комнате. Мы некоторое время пытались понять реальность нашей жизни, пока мой муж переживал болезненный развод в городе Куйбышеве. Его жена приехала посмотреть на беременную меня, точнее сказать, она стояла у двери, когда он открыл её и увидел жену с подростком-пятнадцатилетним сыном, чтобы обсудить важный вопрос.'",25.0
34,34,"'Наступление продолжалось третий день, пребывая в туманной неопределенности. Весь день стрельба гремела впереди, наши колонны то и дело останавливались, направляя разведку во все стороны. И поэтому мы испытали особую радость, когда увидели пехотинцев, вышедших из леса, которых не переставали ждать уже несколько дней напролет. Оказалось, что двигаясь с северного направления, наш отряд соединился с подразделениями, наступающими с южного горизонта. Бесконечные строи пехоты появлялись и исчезали между небольшими лесочками и холмами. Их приход знаменовал завершение преследования врага, поскольку противник прекратил свой отступнический бег и готовился к встрече с нами на поле брани.\n\nНаша разведгруппа должна была выяснить маршрут продвижения одного из пехотных подразделений и обеспечить защиту его фланга. Во время выполнения задания мы столкнулись с кавалерийским патрулем, которому было поручено аналогичное дело. У офицера-драгуна был разорван сапог — следствие попадания вражеской пики днем ранее, однако он получил лишь легкую царапину, тогда как около восьми немецких солдат пали на поле брани. Быстро определив местоположение неприятеля после нескольких пробных маневров и последующего обстрела, мы спокойно двинулись дальше, размышляя о предстоящей трапезе: картофеле и чае.\n\nОднако едва мы покинули лесной массив и дозорный взобрался на возвышение, прозвучал выстрел с противоположного края холма. Вернувшись обратно в лес, мы заметили полное затишье. Когда дозорный снова появился над гребнем, последовал еще один выстрел, и на этот раз пуля задела ухо лошади. Спешившись, мы расположились на краю леса и начали наблюдение. Постепенно с вершины соседнего холма появилась немецкая военная каска, затем фигура всадника, которого я смог подробно рассмотреть в бинокль благодаря характерному светлому цвету его усов. Солдаты шепотом произносили: «Вот он, вот он». Однако офицер решил дождаться появления большего числа противников, считая бессмысленным открывать огонь по одиночному солдату. Мы держали цель на мушке, внимательно изучая ее в оптическом приборе и рассуждая о социальном статусе наблюдаемого человека.'",25.0
35,35,"'Одесса впечатляет приезжего северянина как неповторимый микс культур: город словно иностранец, заразившийся русским духом благодаря местным правителям. Здесь кафе разливаются облаками воспитанных продавцов товаров народного потребления, а вечерние прогулки по Дерибасовской улице веют французскими бульварами Сен-Мишель. Особый одесский говор — со своими окончаниями и словами — отражает городскую душу: веру в изворотливость и стремление любой ценой достигать успеха. В типографии я заметил свежеиспечённый выпуск местной газеты, где стих Городецкого с исправленной строкой был опубликован анонимно. Управляющий объяснил: новоиспечённый поэт позаимствовал работу под фальшивым именем. Безусловно, есть в Одессе честные и достойные люди, но они не задают тон общению на улицах города — где царят ловкачи и предприимчивые дельцы. На Востоке возникли активисты будущего, такие места как Порт-Саид, Смирна и Одесса становятся их домом и мечтой о завтрашнем дне.\n\n10 апреля мы отправились в плавание на корабле «Тамбов». Два недели назад Черное море было спокойным как озеро. Под воздействием судна волны расходятся, винт работает без шума под водой, следы от движущегося корабля слегка просматриваются на зеленоватом фоне. С нами плывут стаи дельфинов, приближающиеся близко и демонстрируя свои спины в лучах утреннего света. Первую ночь в открытом море мы провели под ослепительными звёздами.\n\nУтро 12 числа — Константинополь. Перед нами предстаёт привычный пейзаж: Босфор с его белыми парусами, улыбающиеся турки, кипарисовые деревья и цветущую сирень на склонах побережья — всё это под особым светом Константинополя.\n\nМимо нас проплывала флотилия военных кораблей европейских государств, стоящая неподвижно и мрачно. В 8 утра раздались национальные гимны: английский — уверенно и гордо, российский — торжественно и благочестиво, испанский же так ярко звучал, что хотелось под ним танцевать.'",25.0
36,36,"'Я верю в тех людей, кто раскрывает передо мной другое лицо этой личности, и вот почему: я видела лишь один её аспект — лучшую её часть — потому что я была чужой, двадцатилетней иностранкой, которая могла не понять всей глубины этого мира. Позже, когда мы встретились вновь в тысяча девятьсот десятом году, я заметила значительные перемены: его внешность стала мрачной и изнурённой, словно купавшаяся под проливным дождём художественная маска.'",20
37,37,"'Вид городской панорамы потряс меня до глубины души, и я решила написать рассказ об этой встрече с неизвестным миром. В ту пору появились произведения «Три сирени» и «В гостях у смерти». Написание прозы казалось мне загадочным занятием, но также и завораживающим приключением. Поэзия была для меня родной стихией, а вот к прозе я отношусь как к новому миру, который предстояло изучать с нуля. Мой первый опыт в этом жанре был воспринят окружающими с восторгом и восхищением, но меня самого это не особенно убедило. Пригласив на пересмотр Зощенко, я получила дельные рекомендации по редактированию текста — от его слов мое сердце стало радовать. Однако после тюремного заключения моего сына все эти работы оказались уничтожены вместе с архивными материалами, как будто исчезнули в пучине времени и забвения, оставив лишь следы в памяти тех немногих, кто их видел или читал раньше меня. Мои увлечения всегда включали художественные переводы, и после войны я занималась переводами множества произведений от разных авторов — работа эта продолжает меня захватывать до сих пор. В 1962 году завершилось долгое двухдекадное творческое погружение в поэму «Поэма без героя». Позапрошлой весной, накануне юбилейного торжества Данте, я снова услышала итальянскую речь на фоне древнеримских стен. Весна 1965 года привела меня к берегам Атлантики в Англии — родине Шекспира. Я наблюдала за бескрайним английским небом, встречалась с давними друзьями и знакомилась со новыми приятелями, а также вернулась в Париж после долгого перерыва. В это время я продолжала создавать стихи — через них я ощущала свое участие в жизни своей страны и её исторических событиях, словно становясь свидетелем великих моментов истории изнутри. Ритмы выдающихся событий звучали для меня как музыка времени, и я считала себя счастливой быть свидетельницей такого периода.'",24.0
38,38,"'Парень лишь мимолетно позарез нужда вгляделся, и девушка тут же заметила его взгляд. Её глаза светились радостью, а улыбка расплывалась шире, приглашая на встречу с ноткой шутки: \n— Степан Петрович, ты что, бесплатный любопытствующий? За такое удовольствие нужно платить. Подойди поближе и давай поболтаем.\n\nПарень ощутил волну страха, но внешность его не выдала — он держался непринужденно. Девушка была загадочна и сильна, но в то же время она лишь женщина, перед которой трудно показывать уязвимость. Словно подавив робость, парень ответил:\n— У нас нет времени на болтовню. Мы проспали до рассвета, а теперь нам нужно найти нужную траву.\n\nДевушка разразилась смехом и сказала уже более твердо:\n— Степан Петрович, перестань играть в прятки. Важное дело ждет тебя рядом со мной.\nПонимая, что уйти не получится, парень подошел к девушке, которая рукой указала обойти камень с другой стороны. Обогнув огромный валун, он увидел целое стадо ящериц различных видов — зелёные, голубые с оттенком синевы, похожие на глину или песок со золотистыми пятнами, прозрачные как стекло или слюда и тусклые, словно увядшая трава. Некоторые из них украшали свои тела красивым рисунком.\n\nДевушка продолжала смеяться:\n— Будь осторожен, Степан Петрович. Ты такой громадный и тяжелый, а мои помощники такие маленькие. — И хлопнув ладонями, она разогнала ящериц в стороны.\n\nПарень сделал шаг ближе, но девушка снова хлопнула по ладоням и сказала:\n— Степан Петрович, сейчас тебе некуда ступить. Принесешь вред моим маленьким помощникам — неприятности будут.'",20
39,39,"'Не взяли парня на завод — слишком он был слабым. Его сил бы не хватило даже на неделю работы. Приказчик отправил его быть помощником пастуху, но и здесь Данилко оказался непригодным работником. Мальчишка усердно трудился, однако постоянно совершал ошибки, а порой задумывался над чем-то своим. Увидит травинку и застынет с таким взглядом, что коровы тем временем скрываются вдали. Старый пастух оказался добрым человеком, жалел сироту, но иногда раздражался: \n— Что из тебя выйдет, Данилко? Сам погубишь свою жизнь и заставишь меня нести ответ за твои ошибки. Как это допустимо? О чём задумываешься вообще?\n— Не понимаю, дедушка... Просто смотрел немного. Видел маленькую букашку ползающую по листочку. Она голубая сверху, а желтые пятна видны снизу — лист широкий, края острые, как узор. Здесь он темный, а в середине ярко-зелёный, словно недавно покрасили... А букашка медленно ползёт.\n— Ты просто тупой, Данилко? Разве тебе нужно изучать насекомых? Пусть ползёт дальше, а ты следи за стадом. Предупреждаю: прекрати эти пустяки, иначе расскажу обо всём приказчику!\nОдно занятие удалось Даниле — он научился играть на рожке лучше старого пастуха. Получалось почти профессионально. Вечером после возвращения стада девушки и женщины просили:\n— Сыграй нам песню, Данила.\nДанилко начинал играть мелодию. Песни были необычные, звучали приятно — словно шёпот леса или журчание ручья с птичьим щебетом. Женщины полюбили эти песни и стали помогать Даниле: одни чинили одежды, другие отрезали ткань на портянки, третьи шили новые рубашки. За столом разговоры не возникали — каждая старалась угостить повкуснее и побольше. Пастух-старик тоже любил песни Данилы. Но здесь случались неприятности: начинал играть музыку, забывал обо всём вокруг — словно коровы исчезли. Именно во время игры произошла беда.'",24.0
40,40,"'В избушку тихо вошла могучая рыжеватая собака с густой черной полосой, убегавшей от затылка до самого хвоста. Под глазами у неё зияли чёрные брови, придавая облику задумчивости и проникновенности, словно она размышляла о смысле жизни каждого человека, входящего в её мир. Её взгляд был глубоким и вопросительным — будто она искала ответы на свои собственные загадки, обращаясь к кому-то невидимому за пределами комнаты. Антипыч пристально оглядел собаку, его глаза говорили о дружбе и непринуждённости — он приглашал Травку в круг равных без всяких условий или обязательств. Собака не медля ответила на этот зов сердца своего хозяина, её хвост стал невероятно активным, махая как бегемотовый руль у истока реки жизни Антипыча. Она начала приседать всё ниже и ниже, до тех пор пока не легла на спину, показывая белое животное с двенадцатью тёмными сосками — признаком её силы и бодрости. Когда Антипыч потянулся к ней, Травка словно уловила сигнал, прыгнув ему на колени и принявшись лизать его лицо со всех сторон: в нос, щёки, губы, как будто это был её ритуал почтения. «Хватит, — сказал Антипыч, убаюкивая Травку рукавом своего старого пиджака, смахивая слюну и любовь со щеки. — Достаточно, возвращайся обратно». Собака подчинилась, развернувшись на месте и уйдя во двор, где её ждал новый день полный приключений и забот. «Так-то вот ребята,» — проговорил Антипыч с горечью в голосе, — «Это Травка, собака охотника, понимает всё одним взглядом, а вы со своими вечными вопросами: где истина? Лучше приезжайте ко мне. Если пропустите момент, я расскажу всё Травке». После смерти Антипыча началась Великая Отечественная война. Никто не занял его место, дом остался без хозяина и постепенно пришёл в упадок, превратившись со временем в скелет своего былого великолепия. Однажды зимой сильный порыв ветра разрушил стену, и дом рассыпался словно карточное здание под дуновением ребёнка. Вскоре высокие стебли Иван-чая пробили древесные элементы строения, оставив от дома лишь горбик красных цветков на пепелище. Травка переехала в картофельное хранилище и начала жизнь нового существа под лесными небесами.'",32.0
41,41,"'Тот, кто никогда не наблюдал за ростом клюквы, может пройти через бесконечные болотистые просторы и так и не заметит, что находится среди её зарослей. Например, черника разрастается так: тонкий стебелёк вздымает свои зелёные крылья к свету, а на кончиках лепестков красуются миниатюрные чёрные ягоды с серой шерстью. Брусника отличается ярко-алыми плодами и густо синеватыми зимостойкими листьями; часто её ягоды столь многочисленны, что земля под ними словно покрыта красной ковровой дорожкой. Голубика — ещё один обитатель болот со своими крупными синими драгоценностями, собранными в кисти. Иногда можно встретить костянику — горделивые рубиновые гроздья, спрятавшиеся в тени. Однако клюква — это особый случай. Она прячется между комочками почвы и почти невидима снаружи до тех пор, пока не соберётся достаточное количество ягод на маленьком участке. Тогда сверху можно заметить красные точки, словно нанесённые случайными каплями краски. Когда человек нагибается за одной из этих точек, оказывается, что она связана тонкой лентой с целым ковчегом собратьев. Можно осторожно извлечь цепочку крупных алых ягод из почвы, словно драгоценности из скафандра времени.\n\nВозможно, секрет её популярности заключается в высокой весенней стоимости, полезностях и нежном вкусе напитка с клюквой. Но вне зависимости от причин, сборщики зачастую проявляют жадность: однажды старушка собрала столько ягод, что не смогла унести корзину домой из-за её тяжести и оказалась в затруднительной ситуации с полным сосудом. Или же две женщины найдут богатые места сбора одновременно и начнут осторожно пригибаться к земле, боясь конкуренции, а затем столкнуться лицом к лицу из-за стремления собрать больше урожая.'",30
42,42,"""История началась с обыденной прогулки по песчаному краю, плавно перетекая в увлекательное расследование. Нейша Ринд, пятидесятидвухлетняя жительница Новой Зеландии, вместе со своим сыном Кеем десяти лет, принялись осматривать берега Океан-Бич в курортном городе Тайруа. Этот участок побережья на восточном рубеже полуострова Коромандел посещают серферы уже многие годы, но тот день принес им нечто совершенно особенное — находку, ценность которой превосходит любую волну. Она была спрятана среди множества деревянных обломков и морских отбросов, которые приливы оставляют на песке пляжа как дар небесной бездны. Кея заметил странный предмет, который семья поначалу приняла за камень или кирпич, покрытые водорослями и солью. После тщательного очищения от ракушек и влаги стало ясно, что это обычная бутылка объемом один литр из-под виски Jack Daniel's. Внутри неё находился аккуратно сложенный лист бумаги с посланием, которое оказалось настоящим, а не розыгрышем или шуткой. Послание было датировано 17 февраля 2002 года и включало имя автора — Джек, который занимался рыболовством у островов Олдермен, популярного места лова рядом с Короманделом. Из-за воздействия морской воды текст сильно пострадал, и удалось прочитать лишь имя и дату послания. Такая находка всегда вызывает волнение и напоминает знаменитый роман Жюля Верна «Дети капитана Гранта», где герои тоже пытались найти человека на основе подсказок из письма, попавшего в море. На самом деле ситуация оказалась вполне обыденной, хотя и не менее захватывающей. Бутылка проплавала в водах Тихого океана около двадцати двух лет — достаточно времени для того, чтобы обогнуть земной шар или долгое время вращаться в мощнейших течениях Тасманова моря. Нейша Ринд разместила фото своей находки в интернете с надеждой, что современные технологии позволят найти отправителя быстрее, чем это делали герои книг девятнадцатого века. На данный момент отклика не последовало, а социальные сети уже полны шуточек о том, что взрослому Джеку могло исполниться больше лет, он мог создать семью и давно позабыть об этом послании. Случаи подобного сохранения крайне редки — специалисты утверждают, что большинство стеклянных бутылок разрушаются о камни уже в течение первых месяцев плавания. Удалось ли этой бутылке и её содержимому выжить после четверти века пребывания под водой — это настоящее чудо. Теперь Кея с мамой ждут возможного отклика автора послания, чтобы узнать подробности рыбалки двухлетней давности.""",24.0
43,43,"'С тех пор как Игорь Краснов вступил во главе Верховного Суда Российской Федерации, многие наставники правосудия приняли решение оставить свои посты из-за тяжбы с обвинениями в коррупции и судебных решений, которые вызвали скандал. Аналитики агентства РИА Новости уведомляют общественность о последних случаях отставки судей.\n\nПервый случай такого рода случился сразу после того, как Игорь Краснов занял свой пост. Это касается судьи Виктора Мамотова, чья должность была приостановлена из-за решения Верховного Суда. Позже с него были конфискованы активы на сумму около 9 миллиардов рублей.\n\nСМИ сообщают, что за последние полгода более нескольких десятков судей покинули свои места по всей стране.\n\nНапомним, ранее президент России Владимир Путин предложил Совету Федерации кандидатуру генерального прокурора Игоря Краснова для назначения на должность председателя Верховного суда. Вакантное место генерального прокурора занял Александр Гуцан, который был полномочным представителем президента Российской Федерации в Северо-Западном федеральном округе.\n\nСтав вершителем судеб страны, Игорь Краснов заметил, что решения суда не должны быть трамплином для мошенников. Он подчеркнул, что любые проявления коррупции среди судей будут встречены решительным и жестким ответом вне зависимости от их статуса.'",25.0
44,44,"'Учёные сотворили биопленку, которая закрывает дыхание воздуху и пару влаги. Через месяц после её применения упаковка растворяется в природе без следа.\n\nСегодня пластиковые изделия заполонили каждый уголок планеты. Эти коробки часто отправляются на свалки или даже теряются в океанских просторах, где разлагаются столетиями, превращаясь в угрозу для окружающей среды. Научные деятели изо всех сил стараются создать биопластики, которые природа способна переработать без вреда. Однако обычные экологические пленки часто не справляются со своей основной задачей — защитить товар от неблагоприятных условий. Без надёжного щита продукты быстро портятся.\n\nИ вот, специалисты из Технологического института штата Джорджия предложили выход из этого затруднительного положения. Они создали биопленку из элементов, которые растут в лесах и садах или остаются на кухонных столах после приготовления пищи. В частности, использовались целлюлоза (основной строительный блок для растений), хитозан (извлекаемый из ракушек моллюсков и оболочек грибов) и лимонная кислота (выделяемая цитрусовыми). Эти компоненты проходят через ряд процедур, превращаясь в тонкую пленку. Полученная пленка не дает пройти ни воздуху, ни пару.\n\nЭта биопленка сама по себе разлагается без ущерба для почвы и окружающей среды. По словам профессора Карсона Мередита, она порой даже более эффективна в защите продуктов от порчи, чем обычные пластиковые материалы. Тем не менее, полное её разложение требует определённых условий: температуры, уровня влажности и наличия микроорганизмов для переработки пленки. На обычных свалках она останется неизменной столько же времени, сколько пластиковая упаковка. В настоящий момент эта разработка существует лишь как лабораторный образец и пока что непригодна для массового использования из-за её жёсткости. Возможно, потребуется добавить пластификатор, чтобы сделать её более гибкой.'",23.0
45,45,"'Эксперты считают, что кошки обладают тонко настроенным чувственным аппаратом. Их носы в четыре раза острее наших, позволяя различать запахи почти до микроскопического уровня; уши приспособлены к тому, чтобы ловить звуки невидимых глазу волн, а глаза — отслеживать даже самые незначительные изменения на расстоянии. В итоге кошки становятся чуть ли не телепатами в домашних условиях, способными за считанные секунды заметить любые перемены во внешности или поведении хозяев — от мимолетных изменений интонации до нюансов походки. Исследования доказали, что кошки умеют распознавать человеческие эмоции просто наблюдая за лицом, манерами и речью собеседника — словно они имеют встроенную антенну для таких сигналов.\n\nКошки не станут врачами, но их реакция на перемены во внешнем облике или поведении хозяев может говорить о чем-то важном. Есть теория, согласно которой кошки часто лежат рядом с больными местами человека — и это имеет под собой реальную основу: воспаленные участки тела обычно горячее остального организма, а температура у кошек примерно такая же. Поэтому они просто ищут тепло, создавая для хозяев ощущение комфорта и уюта — пусть даже не лечебного эффекта.\n\nУченые подчеркивают, что идея об обнаружении рака кошками неверна. В отличие от специально обученных собак, которые способны диагностировать онкологические заболевания по запаху мочи, кошек не тренируют для таких целей из-за сложностей в процессе обучения — они остаются просто верными и заботливыми питомцами. Единственное научно подтвержденное преимущество их присутствия — уменьшение уровня стресса и тревоги у хозяев.'",27.0
46,46,"'Эволюционные ветви большей части современных штаммов этой бактерии расщепились примерно пять тысяч лет назад, во время неолита, когда люди всё больше оседались и стали жить в условиях плотного общения. Такое положение дел могло способствовать распространению ареала патогенов и усилению их разнообразия, передаваемых главным образом через капельную инфекцию и контактный перенос. Стрептококк стрептококкус пирогенес был обнаружен в останках людей, живших в Европе и Африке около четырёх тысяч лет назад, словно след древних путешествий сквозь века и континенты, оставивших незаметные отметины на карте истории человечества. Один из штаммов, найденный в мумии Боливии, мог отделиться ещё раньше, около десяти тысяч лет назад, предполагают учёные. Вначале этот микроорганизм мог проникнуть в Южную Америку вместе с первыми путешественниками из Сибири, которые пересекли Берингов пролив около двадцати двух тысяч лет назад и начали медленное заселение сначала территории Северной Америки, а затем Южной — словно семена, унесённые ветром из одной части света в другую. До появления современных антибактериальных лекарств скарлатина была одним из главных призраков детства, часто приводя к потере зрения и слуха, а также инвалидизации детей. До того как учёные раскрыли истинную причину болезни, её симптомы часто путали с проявлениями натуральной оспы, краснухи или дифтерии — словно туманные отражения в воде, которые трудно отличить друг от друга. Эти инфекционные заболевания традиционно воспринимались как спутники колонизации новых земель: они поражали переселенцев из Европы и наносили ущерб местному населению, которому было сложно противостоять этим патогенам. Тем не менее современные учёные считают эту точку зрения слишком простой и возможно даже ошибочной. Существует вероятность того, что не только пиогенные стрептококки, но также и многие другие микроорганизмы-возбудители инфекционных заболеваний уже давно существовали на территории Америки, задолго до прибытия первых европейцев — словно древние корни деревьев, уходящие глубоко под землю ещё до того, как появилась возможность их заметить. В пользу данной гипотезы говорят данные последних научных исследований, касающихся возбудителей сифилиса и лепры.'",25.0
47,47,"'Инженеры Ирбитского мотоциклетного завода взялись за создание уникального аппарата, способного разогнаться до 150 км/ч без прицепа и до 120 км/ч с коляской — показатели для своего времени несусветно высокие. Работа над ним велась под грифом секретности, с ограниченными ресурсами и на закулисных тропах. В 1963 году первые прототипы появлялись свет божий, сохранив узнаваемую внешность «Урала», но при этом радикально улучшив мотор: рабочий объём увеличился до 1040 куб.см, а мощь возросла до 50 лошадиных сил. Для снижения сопротивления воздуха установили специальный кожух, однако заявленная верхняя скорость в 150 км/ч не была достигнута — фактически мотор едва переваливал за отметку в 132 км/ч. Несмотря на это, разработка произвела фурор среди коллег и специалистов-практиконтролеров тех лет. В 1967 году завод выпустил ограниченную партию таких мотоциклов — всего около двадцати единиц с колясками, предназначенных исключительно для нужд Госавтоинспекции СССР. Каждый экземпляр собирался почти по индивидуальному заказу из-за дефицита ресурсов и нестабильности в закупке деталей, что привело к значительным трудностям при серийном производстве и эксплуатации. Вследствие сложной конструкции и высоких затрат проект остался уникальным экспериментом. Тем не менее мотоцикл «Урал М-100» вошел в историю советского мотопрома как эпохальное достижение, эксплуатировались они около десяти лет, после чего большинство машин канули в Лету, оставив лишь воспоминания у немногих энтузиастов и коллекционеров. В наши дни завод Ирбитский снова стремится к мировому признанию с новой моделью — «Урал Нео 500», современным вариантом классического аппарата, оснащённым двухцилиндровым мотором объёмом 446 куб.см и мощностью 35 лошадиных сил, пятискоростной коробкой передач с задним ходом, светодиодной оптикой и электронными приборами. Новая модель создана в партнёрстве с крупным игроком рынка для ориентации на международные регионы. История «Урала М-100» демонстрирует, что амбициозные технические решения требуют учета реальных возможностей промышленного производства; сегодня завод ставит акцент на инновационных технологиях и международном сотрудничестве для возвращения к позициям лидера мирового мотоциклетного рынка. '",27.0
48,48,"""Технические характеристики и материалы.\n\nКомплектующие и внутренние элементы конструкции модели Truckster создают полноту звучания и устойчивость строя на высочайшем уровне. Основа инструмента — корпус из красного дерева, кленовый топ и вклеенный гриф из махагони, обеспечивающие мощный резонанс и длительное эхо, которое высоко ценится исполнителями жанра рок.\n\nКонструктивное решение с вклеенным грифом и установленными активными звукоснимателями EMG делает инструмент надежным на сцене и позволяет получать чистый, мощный звук без посторонних шумов. Инструменты, подписанные Хэтфилдом, славятся высоким качеством сборки и выдающейся прочностью деталей.\n\nВместе с инструментом покупатель получает фирменный кожаный ремень Levy's премиального качества и иллюстрационную книгу об истории группы Metallica. Такие наборы редко встречаются на рынке, ведь большинство моделей серии ESP из Японии приобретают коллекционеры через специализированные международные аукционы.\n\nФактические данные об инструменте ESP Truckster:\n\nПятая модель Хэтфилда: Модель Truckster стала пятой подписной версией, созданной компанией ESP для Дейва Хэтфилда. База — корпус модели Eclipse ESP, внешне напоминающий знаменитую гитару Gibson Les Paul.\n\nДизайн под впечатлением от хот-рода: Увлекаясь кастомными автомобилями и хот-родами, Хэтфилд попросил разработчиков создать инструмент с автомобильным дизайном — серый матовый корпус, будто его не успели окончательно покрасить. Именно такой полуразобранный внешний вид стал фирменной чертой этой модели — без блестящего лака и глянцевого покрытия.\n\nВизуальное украшение: Тумблер сверху корпуса предназначен лишь для декоративного соответствия стилю винтажных инструментов, а реальная регулировка осуществляется с помощью нижнего переключателя.\n\nМногокомпонентная отделка: Для придания состаренного внешнего вида на производстве ESP наносятся несколько слоев краски (серого, черного и белого цветов), после чего покрытие частично стирается вручную. Это придает каждому инструменту уникальность, и даже два экземпляра из одной партии могут отличаться друг от друга.""",8.0
49,49,"'Как распознать скрытые недуги своего будущего дома\n\nВ первую очередь, избегайте приобретения жилья на вторичном рынке в холодное время года или поздней осенью — именно тогда наиболее легко утаить проблемы с фундаментом. Эти неприятности могут стать роковыми: трещины и серьезные повреждения способны превратить дом в бесполезный кирпичный хлам, требующий полной перестройки. Именно такие подводные камни зачастую вынуждают продавать недвижимость на вторичном рынке, как отметил директор строительной компании ""Дом Лазовского"" Максим Лазовский.\n\nВнимательно осмотрите качество скрытых работ. Ошибки при утеплении и гидроизоляции — распространенные проблемы, которые могут привести к серьезным последствиям. Обратите внимание на подвалы, если они есть: оцените температурный режим, уровень влажности и наличие следов протечек.\n\nНа объектах индивидуального жилищного строительства (ИЖС) возможны различные неприятности: несоответствие типа грунта зданию, неверное соотношение свай или выбора фундамента, отсутствие защиты древесины от насекомых — все это может привести к значительным повреждениям. Лучше всего проводить осмотр вместе с профессионалом (представителем технического надзора), чтобы детально изучить каждый аспект.\n\nНе забывайте и о документах: важно проверить разрешение на строительство и целевое назначение земли. Объект может оказаться самостроем, что может привести к серьезным юридическим проблемам. Также учитывайте возможное негативное воздействие окружающей среды: предприятия, свалки или новые дороги рядом могут существенно снизить качество жизни. Чтобы получить такую информацию, изучите генеральный план развития вашего населенного пункта, который обычно доступен в открытом доступе.\n\nМаксим Лазовский подчеркнул важность этих рекомендаций.'",24.0
50,50,"'Подвергшись несправедливому осмеянию со стороны диетологов, обычный мангольд или свекла заслуживает особого внимания. Долгое время эти красочные винегреты и борщи были их главным пристанищем. Сегодня же европейские гурманы с удовольствием экспериментируют с разнообразными блюдами из свеклы, от её листьев до корнеплодов, в которых сконцентрировано множество полезных веществ: железо, витамин C и йод — всё это под рукой. Свекла обладает особой магией, способной избавить от лишних килограммов: бетаин, согласно специалистке по диетологии Светлане Бережной, препятствует накоплению жиров и помогает организму лучше усваивать белок. Кроме того, её сок наделен уникальными свойствами: он восстанавливает водно-солевой баланс и обладает легким мочегонным эффектом, что особенно полезно для людей малоподвижных или склонных к отёчности. Так, для избавления от двух-трёх лишних килограммов достаточно лишь восстановить этот баланс и предотвратить накопление избыточной жидкости в тканях. Свекла также известна своим содержанием клетчатки, стимулирующей работу желудочно-кишечного тракта и желчного пузыря. Однако стоит помнить о её слабительном действии при чрезмерном употреблении.\n\nСвекла — отличный выбор для разгрузочного дня, но не каждому по душе однообразное питание из отварной и измельченной свеклы. Однако это лишь вопрос креативности: из этого корнеплода можно приготовить множество вкусных блюд, которые подойдут даже самым взыскательным гурманам.\n\nНа сто граммов свеклы приходится всего сорок калорий. Она прекрасно сочетается со сельдью и зеленью, а вот острые и копченые продукты её не любят.'",23.0
51,51,"'Росреестр Санкт-Петербурга раскрыл свои наблюдения за первые три месяца 2026 года. Начало года преподнесло рынку недвижимости сюрпризы: количество ипотечных кредитов и договоров долевого участия резко пошло вверх, а вот вторичный рынок остался практически без движения.\n\nСектор ипотеки стал настоящим двигателем развития.\n\nЗа период январь-март 2026 года в Санкт-Петербурге было зарегистрировано 28 346 ипотечных сделок, что на 14% превысило показатели предыдущего года (24 943). Эта статистика указывает на то, что покупатели продолжают активно приобретать жилье несмотря ни на что.\n\nНа первичном рынке наблюдался определенный подъем. По данным Росреестра Санкт-Петербурга, в первом квартале 2026 года заключено 10 299 договоров долевого строительства, что на 10% превысило показатели аналогичного периода прошлого года (9366).\n\nОбщий объем сделок купли-продажи жилых объектов увеличился лишь немного. За первое квартал 2026 года зарегистрировано права собственности на 21 890 объектов, в то время как годом ранее их было 21 633.\n\nНапоминаем о резком увеличении заключенных договоров долевого участия в январе текущего года почти на полтора раза. За месяц число таких сделок достигло 4262, что на 57 больше по сравнению с аналогичным периодом прошлого года (2707). В январе-феврале 2026 года в Санкт-Петербурге было зарегистрировано 8601 ипотечный договор против 6664 за январь предыдущего года.'",23.5
52,52,"'Вместе с исчезновением льготной ипотеки, которая подталкивала развитие частного строительства жилья, многие компании, одновременно занимавшиеся несколькими проектами, столкнулись со сложностями в финансах и были вынуждены свернуть свою деятельность. Генеральный директор компании «Загородная недвижимость Урала» Александр Свитеньков сообщил, что из более чем тысячи компаний, работавших ранее в сфере индивидуального жилищного строительства Екатеринбурга, продолжают функционировать всего около 40. Сегодня банковские кредиты (в среднем от 50 до 100 миллионов рублей) уже не способны покрыть прежние объемы строительства.\n\nСвитеньков привел пример: «Несколько лет назад мы возводили сто домов ежегодно. В прошлом году было построено всего 28 домов, а на текущий год заключены договора только на 12–15 домов. Из-за уменьшившихся объемов строительства пришлось сократить штат сотрудников: число работников офиса снизилось с 37 до 10 человек, а на стройке осталось от 50 до 80 из первоначальных четырёхсот».\n\nПо словам Свитенькова, многие участники рынка сейчас терпят убытки из-за высоких темпов инфляции, что приводит к банкротствам и иногда уголовным делам. Эдуард Богданов отметил, что в 2025 году стоимость загородной недвижимости выросла на 15,2%, однако дальнейший рост замедлился.\n\nБогданов также добавил: «Сейчас можно найти предложения с снижением цен. Широкий выбор предложений есть среди земельных участков и жилых домов. Ожидаю восстановления роста цен в период 2027–2028 годов после возвращения привлекательных ставок по ипотеке, что способствует увеличению числа покупателей».\n\nЭксперты считают, что к 2026 году сегмент индивидуального жилищного строительства адаптируется и изменится. Компании с низким капиталом и слабым предложением покинут рынок, тогда как организации с эффективным управлением и достаточными ресурсами укрепят свои позиции.\n\nАлександр Игнатов подчеркнул, что рынок переходит от хаотичного развития к более стабильной фазе. Будущий успех обеспечат не просто комплексы застройки, а предложения комплексного продукта для конечных потребителей: земельный участок с инфраструктурой и коммуникациями или комбинированный пакет «земля + дом». Такие проекты смогут привлечь большую часть спроса.\n\nДля реализации крупных комплексных проектов необходима финансовая поддержка не только самих застройщиков, но и государственных структур в части инфраструктуры дорог и сетей. В настоящий момент такого уровня поддержки пока нет.'",15.0
53,53,"'Угроза квантовых технологий разделила сообщество биткоин-энтузиастов на два лагеря: сторонники добровольного перехода к более защищённой инфраструктуре и те, кто выступает за жёсткие меры по обороне уязвимых активов. Волнения вокруг обеспечения безопасности сети привели к ожесточённым дискуссиям среди разработчиков. Адам Бэк из Blockstream предложил добровольный переход на новые механизмы защиты, тогда как Джеймсон Лопп из Casa призвал к жёстким ограничениям обращения наиболее рискованных активов, включая и те, что принадлежат легендарному Сатоши Накамото.\n\nДискуссия, прежде казавшаяся скорее академической, обрела острый политический оттенок после публикации исследования команды Google. В их докладе на 50 страницах были представлены методики, которые существенно снижают затраты на взлом криптографических схем, лежащих в основе безопасности цифровых валют. Исследователи прогнозировали появление компьютеров, способных осуществлять такие атаки, уже ближе к концу текущего десятилетия — значительно раньше ранее ожидаемого срока.\n\nТеперь речь идёт о миллионах единиц старой валюты, которые находятся под угрозой. Общая сумма таких активов составляет около 2,3 миллиона биткоинов, что эквивалентно примерно 170 миллиардам долларов США по состоянию на апрель 2023 года.\n\nКвантовый взлом блокчейна означает возможность восстановления закрытого ключа пользователя по открытому. Хотя современные мощности не могут справиться с такой задачей, квантовые алгоритмы позволяют решить её гораздо быстрее и проще.\n\nПервый вариант атаки включает поиск адресов с уже раскрытыми ключами для последующего доступа к активам. Второй же предполагает перехват транзакции до добавления её в блок цепи, вычисление закрытого ключа и замена оригинальной транзакции собственной. Именно этот второй метод представляет собой наибольшую угрозу для всех участников системы.'",20
54,54,"'Семь сталинских небоскрёбов привлекают внимание горожан, российских и зарубежных туристов. В ходе экскурсий по Москве — городу на семи холмах — гиды рассказывают о строителях и архитекторах, сотрудниках органов госбезопасности, особенностях садово-паркового искусства и водоёмов, а также объясняют, почему рекомендуется подходить к главному зданию МГУ прибором для измерения радиации. По словам руководителя туристической компании «Незабываемая Москва», россияне чаще заказывают такие экскурсии, чем иностранцы. В самих небоскрёбах возможны лишь организованные визиты, так как некоторые здания имеют особый режим входа и контроль пропусков.\n\nПосетить эти высотные сооружения можно не только гостиницы, но и обычные жилые дома.\n\nДля любителей балета особенно интересна квартира-музей Галины Улановой в небоскрёбе на Котельнической набережной. Запись на экскурсию оформляется заранее.\n\nОтзывы гостей содержат благодарность за работу гидов, восхищение интерьерами и уникальными экспонатами. Авторы отзывов признательны организаторам за возможность познакомиться с историческим периодом жизни прославленной балерины. В дополнение к этому, посетители отмечают великолепные виды из окон зданий и грандиозность архитектуры самих небоскрёбов.'",7.0
55,55,"'На круглом столе под темой «Кадры для будущего: как готовить инженеров к эпохе роботизации», Алексей Нечаев, председатель партии «Новые люди», сразу же начал разговор о конкретных вопросах, начав с системы распознавания лиц. Он отметил, что даже старая поговорка не исчерпывает всех возможностей обучения: будущее ждёт нас со многими новыми уроками. Затем Нечаев поделился, что участники мероприятия обладают знаниями о роботизации, включая влияние её на наш язык и культуру. По его мнению, комментарии к его выступлению были излишни — тема была ясна и понятна всем присутствующим. Когда говорят о роботизации, обсуждение альтернатив часто отходит на второй план: раньше дешёвый человеческий труд стоил около 20 тысяч рублей в месяц, но теперь такой уровень зарплаты уже не существует. Следовательно, работники должны получать более достойную заработную плату, ведь человеческое достоинство нельзя измерить деньгами. Нечаев привёл пример своей компании «Фаберлик», где за последние десять лет благодаря постепенной автоматизации производственный процесс стал эффективнее почти в двадцать раз. Зарплата тех, кто остался работать после внедрения роботизации, увеличилась примерно в три раза. Однако докладчик подчеркнул, что говорилось только об этих сотрудниках — значительный прирост производительности сопровождался лишь умеренным повышением зарплаты.'",28.0
56,56,"'Адриан Лахдо — талантливый футболист, чья рыночная стоимость начиналась с отметки в миллион евро, но теперь при переходе в клуб «Комо» оценивается уже в двенадцать миллионов. Старше всего восемнадцати лет, он играет на позиции центрального защитника и является гордостью шведского футбола. С детства Адриан демонстрировал лидерские качества в составе юношеской сборной страны и продолжает активно участвовать в матчах молодёжного уровня, будучи одним из ключевых игроков национальной команды. Несмотря на ограниченный опыт игры за профессиональные клубы — всего около двух десятков встреч за «Хаммарбю» — мнение экспертов было неутешительным: такого уровня показателей недостаточно для привлечения внимания сильнейших европейских команд. Однако, по слухам, итальянский клуб «Комо», известный своими смелыми ставками на молодых игроков, заметил в нем нечто особенное и сделал предложение, которое просто невозможно было отвергнуть — вместо запланированного миллиона евро они готовы были заплатить двойную сумму.\n\nТак что же именно привлекло внимание скаутов «Комо»? Вероятно, это были как конкретные таланты Адриана, так и его потенциальные возможности для будущего. Кому не хочется иметь в команде игрока, чьи перспективы кажутся светлыми?\n\nКадер Мейте — футболист, чья условная стоимость ранее составляла десять миллионов евро, теперь же его переход в клуб «Аль-Хиляль» произошел за тридцать миллионов. Наблюдатели не удивлены такой покупке, ведь саудовские команды славятся своими крупными финансовыми затратами на игроков, особенно тех, кто демонстрирует хорошие перспективы.\n\nКадер тренировался в академии французского клуба «Ренн» с пятнадцатилетнего возраста, прогрессируя от юношеских составов до основного. Хотя он не сразу закрепился в основном составе, тренеры заметили его потенциал и способности к игре в роли атакующего полузащитника или форварда. Защитниками он также отличался надежностью при ударах соперников и хорошей техникой контроля мяча корпусом.\n\nСитуация, когда молодые таланты решают обогатиться за счет перехода в клубы со спортивными условиями ниже европейских стандартов, не редкость. Кадер Мейте тоже решил пойти на такой шаг, предпочтя финансовую привлекательность возможностям дальнейшего развития как профессионального футболиста.'",25.0
57,57,"'Компания DFC Intelligence представила свой отчет о рынке игровых консолей, который был опубликован в издании VentureBeat. Согласно экспертам, новая модель Nintendo Switch 2 может стать фаворитом на этом поле. Аналитики предсказывают, что она станет самой популярной игрой среди потребителей в течение следующих двух лет. Эта перспектива обусловлена двумя ключевыми факторами: растущим интересом к игровым платформам на ПК и выпуском эксклюзивных видеоигр для консоли.\n\nЭксперты отметили, что благодаря высокому спросу на компактные игровые устройства, Nintendo Switch 2 обладает отличными перспективами на рынке. Важно также подчеркнуть отсутствие аналогичных моделей у конкурентов Sony и Microsoft.\n\nСпециалисты обратили внимание на качественное программное обеспечение для Nintendo Switch. Более восьмидесяти процентов игр создаются непосредственно Nintendo или студиями под ее управлением. В сравнении с этим, около 85% игр для PlayStation разрабатываются внешними компаниями.\n\nИсследование также выявило высокую популярность Nintendo Switch среди пользователей ПК: по данным опросов, почти половина из них уже владеет этой консолью.\n\nПрезентация новой модели состоялась в апреле. Новые фишки включают в себя дисплей размером 7,9 дюйма с частотой обновления до 120 Гц, а также новые контроллеры со магнитным креплением и функцией улучшения разрешения графики до формата 4К.'",35.0
58,58,"'Исторический фон и современные проекты\nКомпания «Балтийская коммерция» приобрела кусок земли размером около 5,5 тыс. м² на Новгородской улице, дом 14, в весенний сезон 2024 года. До этого времени здесь располагался бизнес-центр категории С, а рядом был воздвигнут жилой комплекс «Форсайт», который также принадлежит этой компании.\n\n«Балтийская коммерция» занимается строительством в историческом сердце Санкт-Петербурга с конца 90-х годов. Последние реализованные проекты включают реставрацию советского лицея на проспекте Представителя Римского-Корсакова и возведение элитного жилого квартала рядом со станцией метро «Чкаловская». Район Пески считается одним из самых престижных районов города, однако с 2010 года здесь начали возводить не только премиум-объекты, но и комплексы бизнес-класса.\n\nЖители района ценим его тихую атмосферу и отсутствие шумных туристических потоков. Эксперты подчёркивают, что район сохранил промышленные территории, которые город получил из устаревшей промзоны.\n\nРынок элитного жилья и перспективы развития\nС начала 2024 года в центральной части Санкт-Петербурга появились два новых жилых комплекса с общим числом квартир в 448: премиальный «Моисеенко 10» и объект бизнес-класса N8. Вдобавок реализуются несколько других проектов, среди которых ЖК ПСК и реконструкция Мытного двора. Свободных участков для нового строительства в центре практически не осталось, но спрос на элитное жильё остаётся высоким.\n\nБрокеры сообщают, что единичные свободные участки всё ещё имеются рядом со площадью Возрождения и улицей Черняховского. Основной потенциал для расширения центра находится между Синопской набережной и Новгородской улицой: там компания «ТГК-1» планирует реализовать крупный проект редевелопмента Центрального теплового энергетического комплекса. Проект предусматривает создание общественного пространства, связанного с городскими постройками и набережной. Уже одобрен первый этап, который включает зону отдыха и заведения общественного питания.\n\nСанкт-Петербург продолжает развиваться: старые исторические районы обновляются, а новые элитные жилые комплексы интегрируются в существующую городскую среду, создавая гармоничное сочетание элементов прошлого и будущего.'",25.0
59,59,"'В преддверии чемпионата мира три основные сборные борются за золото. На особом счету швейцарцы, которые давно грезят о титуле: они уже два раза добрались до финала. Возможно, домашнее льдистое поле станет для них катализатором успеха. Все звезды швейцарского хоккея будут на ледовой арене — в том числе и Роман Йоси.\n\nШведская команда тоже представляет собой серьезную силу, составленную из игроков НХЛ и европейских лиг. Лидер сборной Детройта, Лукас Рэймонд, стал настоящей звездой прошедшего сезона в НХЛ, набрав 76 очков.\n\nЧешская команда выглядит сбалансированно, но без ярко выраженных лидеров. Однако это не мешает ей демонстрировать хорошие результаты.\n\nГермания на Олимпиаде поражала высоким уровнем игры благодаря Леону Драйзайтлю и Тиму Штюцле, но в чемпионате мира им предстоит сыграть без этих звездных игроков, чьи клубы ('",10.0
60,60,"'Бычья акула слывёт своей буйной натурами. Белый вид вам, без сомнения, знаком по многочисленным историям и рассказам. Однако ни одна из этих хищниц не рискнёт пуститься в черноморское путешествие, хоть бы то ни было — условия там слишком суровы для таких красавиц-рыбок.\n\nДлиннокрылые и серые акулы тоже известны своей мощью и опасностью. Однако, как вы уже догадались, они также держатся подальше от черноморских вод.\n\nПричина тому следующая:\n1. В Черном море зимой так холодно, что большинство акул предпочитают избегать этого ледяного уюта и находят более комфортные места обитания.\n2. Для крупных хищников в черноморских водах недостаточно пищи — рыба там не такая богатая, как в других морях, поэтому акулы предпочитают места с изобилием деликатесов.\n3. Солёность Черного моря слишком низкая для большинства видов акул. Эти создания привыкли к водам с высоким содержанием соли, что делает черноморскую среду неуютной.\n4. Почти 90% воды в Черном море насыщено сероводородом — для акул это настоящий ночной кошмар, ведь они инстинктивно избегают таких мест. А глубже 100 метров там жизнь практически отсутствует, тогда как акулы предпочитают обитать в более глубоких акваториях.\n5. Черноморская экосистема деградирует, и условия становятся всё менее подходящими для жизни крупных хищников.\n\nПоследняя причина: даже самые буйные акулы предпочитают обойти стороной Босфор с его постоянным потоком кораблей — ведь это место слишком опасно и шумное для таких робких морских существ.\n\nНо в Черном море есть свои рыбки-декорации. Это катран и кошачья акула, которые похожи на настоящих хищников лишь частично и не представляют угрозы человеку.\n\nОфициально опасные для людей виды акул в Черном море не зафиксированы, но теоретически это возможно.'",32.0
61,61,"'В ноябре 1916 года в государственную стратегию железнодорожного развития был включен Великий Северный путь, как будто он всегда ждал своего часа, чтобы стать реальностью.\n\nСпустя короткое время события развернулись так стремительно, словно они были частью судьбы страны. Они оставили глубокий след в истории и стали отправной точкой для множества последующих событий.\n\nЗа столетие предпринималось пять попыток воплотить проект в жизнь, каждая из которых была как новый сюжет в эпической драме строительства.\n\nПервая глава открылась в начале 1920-х годов. Новое правительство приняло решение обратить взоры на этот долгий проект, осознавая его значимость для будущего страны. Однако финансовые трудности подталкивали к мысли о привлечении иностранных партнеров, ведь идея была велика, а ресурсов — маловато.\n\nЭксперты предложили сделать паузу и тщательно изучить обстановку. В условиях экономического голода идею проекта пришлось отложить до лучших времен.\n\nВторая попытка пришла в середине 1930-х годов, когда страна решила строить самостоятельно и приступила к изучению восточных участков будущей магистрали. Рабочие столкнулись с невероятно тяжелыми условиями работы в глухом лесу. Но благодаря самоотверженности и упорству за несколько лет было проложено множество километров пути.\n\nВ 1941 году началась новая война, и железные дороги Севера пострадали — рельсы из лесных массивов были демонтированы и отправлены на фронт для защиты Сталинграда. Эти железнодорожные пути стали источником материала в битве за Волгу.\n\nТретья попытка пришла в середине 1950-х годов, когда страна решила строить Трансполярную железную дорогу. Однако суровые климатические условия и технические ограничения сделали проект нереализуемым.\n\nЧетвертая попытка случилась в середине 1970-х годов, когда строительство Байкало-Амурской магистрали стало главным событием десятилетия. Восточная часть действительно была построена благодаря трудолюбию и мастерству советских специалистов, но западную часть так и не удалось довести до конца.\n\nПятая попытка пришла в наши дни, когда к 2025 году проект был представлен на рассмотрение. Однако стоимость проекта и экономические условия сделали его реализацию маловероятной.\n'",34.0
62,62,"'В Москве обнаружили новый способ кражи денег из банкоматов, сообщил агентству «Общественная служба новостей» пострадавшая Мария Беликова.\n\nМария приехала в отделение Сбербанка и воспользовалась своей бесконтактной картой Visa Gold. Как обычно, банкомат попросил PIN-код. После того как она его ввела, автомат списал 5000 рублей на номер мобильного оператора «Билайн», принадлежащий неизвестному абоненту. Женщина уверяет, что не участвовала ни в одном из этапов этой транзакции и узнала об этом только благодаря полученной СМС.\n\nКогда Мария сообщила о случившемся банку, ей объяснили, что деньги снялись через функцию Сбербанк Онлайн. Банк сразу заблокировал все карты женщины и выдал новую.\n\nПосле проверки со стороны «Билайн» стало ясно: средства исчезли мгновенно, а возврат денег оператором невозможен.\n\nПо мнению Марии, виноват Сбербанк из-за проблем с банкоматом. Мошенник, как она предполагает, заранее заполнил форму с суммой и номером телефона жертвы, но не завершил операцию. Затем устройство осталось в активном режиме до тех пор, пока к нему не подошла Мария и не закончила начатую злоумышленником процедуру.\n\nНесмотря на скептическое отношение со стороны полиции, которая отказала ей в возбуждении дела из-за отсутствия признаков преступления, Мария подала жалобу в Сбербанк. К её удивлению, сотрудники банка оперативно вернули похищенные деньги и проявили сочувствие.\n\nБанк предложил женщине совет: нажимать кнопку отмены перед началой любой операции с банкоматом. Также пресс-служба Сбербанка объяснила, что при обнаружении несанкционированного списания необходимо сразу сообщить о случившемся в службу безопасности и правоохранительные органы.'",16.0
63,63,"'В наши дни актуальна проблема информационного хаоса, который захлестывает общество. Разговоры о цифровизации и технологическом прогрессе часто остаются лишь фоном для пустых речей и позёрства, что позволяет некоторым лицам присваивать себе лавры без особого труда. Такая болтовня служит прикрытием истинных проблем, мешающих реальной работе над ними.\n\nВ действительности же кроются другие трудности: уважение к старшим и специалистам стихло, давая почву для процветания материализма. Это влияет на воспитание молодёжи, которое становится менее эффективным в условиях школ, где традиционные методы образования перестают работать.\n\nДиректора образовательных учреждений столкнулись с серьезными препятствиями: им приходится одновременно балансировать между реалиями школьной жизни и идеологическими установками сверху, которые зачастую не учитывают конкретные потребности школ. Такое положение дел вызывает внутренние конфликты у руководителей, ведущие к стрессам и сомнениям в собственных силах. Эксперты и исследователи давно уже отмечают невозможность одновременного выполнения взаимоисключающих функций.'",9.0
64,64,"'Передаю приятное известие заветному изданию. Года без счета я тружусь в помощь заброшенным животным. Сегодня с уверенностью могу доложить: число сторонников заметно возросло, благодаря тому, что «Новороссийский рабочий» присоединился к нашей благородной задаче и освещает наши дела на страницах своих статей. Встречаясь в печати с людьми сердечными, я нашла поддержку многих из них. Многообразны пути помощи — от маленьких до больших дел. Например, акция «Сдача макулатуры для животных» теперь охватывает множество школьных учреждений города. Вместе с тем, ребята не только помогают нам собирать средства на питание обездоленных зверушек, но и узнают полезные факты о вторичной переработке бумаги. Студенты начинают различать материалы — осознавая, например, что картон, несмотря на большую массу, менее ценен в денежном выражении. Участие в «Марафоне инициатив» под руководством А.Н. Карапенко открыло новые горизоны для взаимодействия со школьниками: теперь пластиковые отходы будут собираться прямо на учебных заведениях, а полученные деньги пойдут на покупку еды и медикаментов для животных под нашей опекой. Сбор пластмасс стал новым витком нашего движения. Сама я узнала много нового — например, что не вся пластиковая тара годится для вторичной переработки. Школьники же получают новые знания с большим интересом и легкостью усваивают материал. Возможно, кто-то из них в будущем выберет путь эколога, но главное — они становятся добрыми людьми, заботливыми и внимательными к нуждам животных. Эта перемена заметна: один первоклассник уже серьезно объясняет старшему товарищу, что бумага не просто мусор, а «пища для голодающих кошек». Касательно вопросов о количестве сданной макулатуры — один кубометр бумаги приносит около 4,5–5,5 тысяч рублей. На пятьдесят килограммов корма требуется примерно тысяча рублей. Так что даже однодневный запас для животных уже большая помощь, хотя предстоит еще много работы по сбору средств на обеспечение полноценного питания.'",27.0
65,65,"'Работодатели сетуют на то, что молодёжь неохотно берётся за трудовую повинность. Владельщица корейского магазина Татьяна Вакарчук утверждает, что студенты сразу начинают выдвигать претензии к условиям работы: они требуют удобный график и высокие зарплаты с дополнительными бонусами в виде скидок на товары. Но даже такие стимулы не удерживают их надолго — они регулярно опаздывают без предупреждения или просто растворяются в воздухе, не объясняя причины своего исчезновения.\n\nСтуденты предпочитают комфорт и интересную работу. Ранний подъём, долгая смена в торговом центре, общение с клиентами и продажа товаров вызывают у них отторжение. Несмотря на возможность получать процент от продаж сверх зарплаты, современные молодые люди мало думают о будущем — им хватает денег лишь для базового пропитания. В их жизни актуальна философия, согласно которой лучше вообще не работать, чем заниматься делами, вызывающими дискомфорт.\n\nУправляющий сетью кафе Вадим Терехов также замечает отсутствие у современной молодёжи профессиональных амбиций. По его словам, несколько лет назад большинство сотрудников ресторанов составляли студенты, работавшие ответственно и добросовестно. Сейчас же эту роль заняли старшее поколение, которые трудятся гораздо усерднее.\n\nМолодёжь, по мнению Терехова, демонстрирует недостаточную надежность и профессионализм. За прошедший год студенты-официанты почти ежемесячно прекращали выходить на смену без уведомления и игнорировали звонки. Ранее, примерно пять лет назад, ситуация была другой: студенты работали стабильно и ответственно, имели хороший доход за счет зависимости зарплат от интенсивности труда.\n\nТерехов подчёркивает, что большинство современной молодёжи довольствуются малым, предпочитая избегать больших усилий ради большего заработка. Например, опытный официант среднего возраста готов обслуживать больше столов за одну смену, понимая прямую зависимость дохода от объёма работы. 18-летнему сотруднику гораздо важнее свобода и легкая занятость, нежели высокий заработок.\n\nПо мнению управляющего, изменить отношение молодёжи возможно только через кризисную ситуацию, когда нехватка средств вынуждает отказаться от личных желаний и подчиниться требованиям работодателя. В сложной жизненной ситуации человек перестаёт навязывать окружающим свою волю и адаптируется к реальности.'",23.0
66,66,"'Министерство транспорта выпустило стандартный образец правил для метрополитена, где, среди прочего, предписывается запрет на использование детских колясок в подземке. Документ был опубликован 19 апреля на официальном портале нормативных актов. В этом документе содержится много нововведений: пассажирам теперь нельзя будет быстро скользить по эскалаторам, снимать профессиональными камерами или стационарными устройствами, а также расставлять сумки и рюкзаки на местах для сидения в вагонах и на платформах. Важное нововведение – запрет на манипуляции с беспроводной связью и использование дронов в подземке. Также проект закона устанавливает обязанность пассажиров предоставлять приоритет инвалидам, людям преклонного возраста, родителям с маленькими детьми и беременным женщинам – ранее данное правило было скорее рекомендацией. Министерство транспорта подчеркивает, что этот нормативный акт вступит в силу после принятия Федерального закона № 442-ФЗ «О внеуличном транспорте», то есть с 30 декабря 2018 года.'",27.0
67,67,"'Мем, который покорил сердца юного поколения по всему земному шару, несет в себе тайну, которую трудно раскрыть. Его корни уходят в композицию песни исполнителя Skrilla «Doot Doot (6 7)», где цифры просто подстраиваются под ритм и звучание мелодии. Есть мнение, что этот крик души связан с ростом баскетболиста Ламело Болла — примерно два метра в высоту. Мем обрёл своё второе дыхание благодаря характерному жесту, когда ладони рук то поднимаются, то опускаются по очереди. В 2025 году авторитетный словарь Dictionary.com признал слово «six-seven» одним из самых модных терминов года, но его трактовка до сих пор остается загадкой для многих. Фраза «67» — это превосходное тому примером бессмысленного мема, который вызывает недоумение и трудности в восприятии, а именно такая неопределенность делает его интересным для молодежной культуры сегодняшнего дня.\n\nСогласно специалистам-филологам, причиной этого феномена является отсутствие у выражения какого-либо конкретного смысла и одновременно наличие важной функции — служить символом принадлежности к определенной молодежной культуре. Проговорив слова «six-seven», подросток демонстрирует свою связь со своим кругом и заявляет: «Я часть этой команды, я понимаю её законы, я не взрослый». Именно эта черта вызывает беспокойство у преподавателей по всему миру. В школах США любые числа шесть или семь превращают учеников в бунтарей, заставляя их синхронно произносить фразу и повторять характерные жесты.\n\nСитуация усугубилась в России, где мем вышел из виртуального мира и нашел своё отражение в реальной жизни с нежелательными последствиями. Например, в Саратове подростки начали беспокоить жителей домов под номером 67, звоня им и крича «шесть-семь», после чего быстро убегали, записывая реакции раздражённых обитателей на видео. Лига безопасного интернета уже высказывалась по этому поводу, и в Перми провели специальные беседы с учениками для предупреждения подобных шуток.'",32.0
68,68,"'В декабре 2022 года президент России Владимир Путин рекомендовал правительству выделить средства из Фонда национального благосостояния (ФНБ) для финансирования льготного лизинга воздушных и морских судов. Программа поддержки лизинга гражданской авиации рассчитана до 2030 года и предусматривает совместное финансирование поставок на рынок более чем 450 самолётов и 460 вертолётов, что сообщили представители '",9.0
69,69,"'Многие люди стремятся к финансовой самостоятельности, вливая свои сбережения в банки в надежде на прибыль от процентов. Однако эксперты предупреждают: накопленный капитал постепенно тает под напором налогов и инфляции. Казалось бы логичным уйти со службы и засунуть крупную сумму в депозит, но расчеты специалистов Сбербанка и Т-Банка показывают, что для обеспечения среднего уровня дохода страны необходим вклад от 13 до 18,9 миллионов рублей в зависимости от конкретных условий размещения средств. Люди склонны считать банковские депозиты надежной защитой от экономических штормов, но это мнение ошибочно: без регулярного инвестирования прибыль остается на месте, а реальная стоимость капитала уменьшается. Главная проблема для российских рантье — не столько размер процентной ставки, сколько соотношение этой ставки с уровнем инфляции. Эксперты предупреждают: если тратить всю полученную прибыль, покупательная способность средств постепенно уменьшается — даже 10% годовых и 5% инфляции приводят к реальной доходности всего в 5%, а расходование всей прибыли ежегодно снижает накопления на 5%. Через десять лет такой стратегии стоимость товаров удвоится, и идея комфорта превратится в путь к ухудшению жизни. Добавьте к этому налоги и риск потери лицензий банками: с 2026 года доходы по вкладам свыше 160 тысяч рублей облагаются налогом по ставке от 13 до 15%, что делает размещение крупных сумм более рискованным. В условиях системы страхования банковских вкладов максимум возмещения составляет 1,4 миллиона рублей — это малая толика для защиты больших капиталов. Специалисты советуют рассмотреть различные инвестиционные инструменты помимо банковских депозитов: облигации, недвижимость и ценные бумаги, учитывая текущие рыночные условия.'",23.0
70,70,"'Журналистка «Новороссийского рабочего» провела исследование на популярном онлайн-портале, где выложены предложения трудоустройства.\n\nНа различных кухнях и подворьях предлагают места для официантов. За одну смену работодатели готовы платить от трёх до четырёх тысяч рублей, что при полной занятости в месяц составит от пятидесяти до шестидесяти пяти тысяч.\n\nВ знаменитом заведении для мангального мастера предлагают зарплату в размере 5200 рублей за смену. Также ищут специалиста для фастфуда: его задачи — приготовление блюд по стандартной рецептуре, обслуживание клиентов и работа на кассе. В этом случае минимум 80 тысяч рублей в месяц. Универсальный повар может рассчитывать на зарплату от семидесяти пяти тысяч рублей ежемесячно, а также на бесплатное жильё.\n\nВ туристическом комплексе «Широкая Балка» требуется горничная для уборки номеров и общего пространства. Предложение включает проживание и питание бесплатно, зарплата — три тысячи пятьсот рублей за день. В Абрау-Дюрсо для сезонной работы на девяносто дней предлагают до четырёх тысяч рублей ежедневно и полное довольствие.\n\nВ небольшом отеле ищут администратора с мая по сентябрь, зарплата — восемьдесят тысяч в месяц. В том же заведении нужна горничная с доходами от шестидесяти тысяч рублей ежемесячно.\n\nВ сезон гостеприимства и питания города Широкая Балка, Мысхако и Абрау-Дюрсо востребованы повара, официанты, горничные, посудомойщики. Число предложений увеличится к началу летнего сезона.'",23.0
71,71,"'На текущей неделе астраханцам пришлось столкнуться с целой кучей бед и забот, которые нависли над городом серой тенью. Глава регионального правительства Олег Князев, на которого возложена обязанность решать эти проблемы, решил временно отлучиться в сторону мест, где воздух чуть теплее и душа легче. Его поступок не остался без внимания журналиста Александра Алымова, который живет среди астраханцев уже долгое время.\n\nАлександр заметил, что Астраханская область давно скребется в порог с неразрешенными вопросами. Сейчас все эти проблемы вышли наружу и повлияли на жизнь горожан весьма ощутимо. В своем Telegram-канале он подчеркнул трудности фермеров, но министр сельского хозяйства Пашаев предпочитает закрывать глаза на их мнения. Жители Астрахани недовольны проведенным экспериментом с выделенными полосами для общественного транспорта и выражают своё разочарование изменениями, вызвавшими очередное неприятное обострение в трафике. На протесты населения чиновники откликаются лишь молчанием. Село Володарского района испытывает недостаток воды, особенно летом, когда зноя становится не меньше.\n\nРешение этих вопросов лежит в компетенции главы регионального правительства, который и распоряжается соответствующими министрами. Однако сам руководитель кабинета министров отсутствует: куда именно он отправился, остается загадкой. Александр Алымов подчеркивает, что руководство фактически игнорирует накалывающиеся вопросы и создалось впечатление, будто председатель сознательно уклоняется от решения важных проблем.\n\n«Видимо, сейчас самое время проявить активность и придумать способы разрешения ситуации. Вместо этого наш председатель правительства Князев отправился в отпуск еще на этой неделе. Такое поведение в условиях, когда требуется срочная мобилизация усилий для улучшения обстановки, выглядит весьма характерным», — подчеркнул Александр Алымов.'",26.0
72,72,"'Цены на перламутровые дары курятника в Астрахани продолжают стремительно взлетать. В недавнем отчете из Астраханьстата сообщается, что за прошлую неделю стоимость этих желтых сокровищ повысилась на два процента, доведя их среднюю цену до семидесяти девяти рублей пятьдесят копеек за десяток. В некоторых местных лавках они попадаются и дороже — как будто каждая яйца превратилась в золотое сокровище.\n\nПричина подобного роста пока остается тайной, несмотря на наличие нескольких птицефабрик в регионе. Эта ситуация напоминает ноябрь 2013 года — время, когда оптовые и розничные цены на яйца взмыли до небес благодаря данным министерства экономического развития региона: тогда оптовая цена выросла на сто шестнадцать процентов, а розничная — на сто двадцать пять. Губернатор Астраханской области Александр Жилкин тогда потребовал от производителей и торговцев снижения цен, угрожая применить административные санкции для принуждения к сотрудничеству.\n\nТем временем, перенесемся обратно в настоящее время. По последним данным из Астраханьстата, помимо яиц, подорожали и некоторые другие продукты питания: томаты — на три с половиной процента, бананы — на три с двумя. Кое-что стало чуть дешевле: лук стал мягче в кошельке, капуста окрепла за неделею, морковь и яблоки подружились с карманами покупателей.'",27.0
73,73,"""Диагностика редких болезней — это настоящий марафон для медиков, требующий колоссальных временных затрат. В соответствии с экспертами из Стэнфордского университета, установление точного диагноза по совокупным признакам пациента и его генетическому профилю занимает примерно от двадцати до четырех десятков часов работы умелых специалистов. Врач исследует около ста подозрительных генетических вариаций, пытается раскрыть истинные причины болезни, изучает научную литературу и переходит к следующему сценарию при отсутствии результатов в предыдущей попытке.\n\nДжилл Бежерано создал уникальное решение под названием Frank (которое объединяет слова «фенотип» и «ранг»), призванное ускорить процесс диагностики. Это приложение снижает временные затраты на девяносто процентов, что приводит к значительной экономии средств за счет уменьшения рабочего времени врачей.\n\nFrank анализирует клинические проявления и генетические показатели пациента в контексте обширного медицинского архива. Итогом работы программы становится упорядоченный список возможных редких наследственных патологий, что помогает врачам эффективно начать дальнейшую диагностику.\n\nОдной из ключевых особенностей Frank является использование реальных клинических данных пациентов, повышающее эффективность программы. Например, при тестировании алгоритма предполагаемое заболевание оказалось на четвертом месте в списке Frank'а и на тридцать третьем — у старого метода.\n\nКроме того, новая система способна выявлять ранее неизвестные наследственные заболевания: если симптомы пациента не совпадают ни с одним известным случаем, она обращается к базе данных научных исследований на животных. Бежерано отметил, что некоторые заболевания могли раньше не диагностироваться у людей, но были зафиксированы у лабораторных животных. Однако он также подчеркнул, что ни одна технология не сможет полностью заменить врачебный опыт и профессионализм — однако инновационные решения значительно повышают продуктивность работы специалистов.""",30
74,74,"'Форма странного астероида Оумуамуа, его стремительное вращение и уникальный состав затягивают учёных словно магнит. Среди всех известных небесных тел этот гость из космоса привлекает больше всего внимания у астрономов — будто красная тряпка для быка. Изучение Оумуамуа могло бы открыть новые горизонты в понимании происхождения и условий его формирования, как если бы мы получили ключ к скрытому сейфу вселенной. С момента, когда человечество начало исследовать кометы и астероиды, возник вопрос о возможности отправки зонда к этому загадочному объекту — словно поисковая собака на следе новой игры в прятки с Вселенной.\n\nПроект «Лира» занимался именно этим вызовом. \n\nПосле успешного исследования кометы Чурюмова-Герасименко, учёные столкнулись со сложностью догнать Оумуамуа: он движется по удалённой траектории с такой скоростью, что выглядит как бегун на стометровке среди крабов. Согласно расчётам, скорость астероида превосходит вторую космическую скорость Земли и достигает примерно 26 километров в секунду — это намного быстрее, чем что-либо создала человеческая рука. \n\nНапример, аппарат Rosetta потратил около десяти лет на приближение к комете Чурюмова-Герасименко, а зонд Juno пять лет на пути к Юпитеру. Самый быстрый аппарат — «Вояджер-1» — движется всего лишь со скоростью 16,6 километра в секунду.\n'",25.0
75,75,"'В начале весны 2026 года Россия продемонстрировала значительное увеличение экспорта зерна, несмотря на уменьшение числа стран-покупателей. По данным Российского зернового союза, в прошлом году за это время зерно отправлялось в четырнадцать государств, теперь же — всего в одиннадцать.\n\nОднако объемы поставок значительно возросли: с первых чисел апреля до десятых было экспортировано свыше 1,1 миллиона тонн пшеницы, что на сорок процентов превышает показатель аналогичного периода прошлого года. Общий объем продаж всех ключевых зерновых культур увеличился в полтора раза и составил около 1,2 миллиона тонн.\n\nЭксперты также отметили заметное повышение количества поставок в стратегические страны-партнеры. Например, объемы экспорта пшеницы в Египет выросли более чем в четыре раза (до 172 тысяч тонн), а Турции — почти на пятьдесят процентов (до 146,5 тысяч тонн). В Кению также отмечен значительный рост объема отправки зерна, сообщается информагентством «Интерфакс».\n\nКроме того, появились сведения о том, что Индия намерена продолжать закупки российской нефти вне зависимости от решения Соединенных Штатов относительно продления приостановки санкционных мер. Отмечается, что 11 апреля завершится тридцатидневный период временного освобождения российской нефти от действия американских ограничительных мер.'",7.0
76,76,"'Новость о конфликте прорвалась за пару дней до вылета в Милан. Большинство специалистов начали утверждать, что это попытка очернить российского спортсмена («ведь ранее он уже проходил через подобное без последствий»). Однако для объективной оценки случившегося важно сохранять трезвый взгляд и рассматривать ситуацию исключительно в контексте действующих спортивных законов и регламентов управления спортом.\n\nКонфликт возник из-за претензий владельцев авторских прав на музыкальное произведение. В эпоху цифровых технологий и строгого контроля интеллектуальной собственности такие требования вполне законны, а не признак враждебности или внешнего давления.\n\nМузыкальные сопровождения выступлений элитных спортсменов имеют статус объектов авторского права. Использование музыки на транслируемых международных соревнованиях должно быть заранее согласовано, и пренебрежение этим требованием недопустимо.\n\nПубличное исполнение музыкального произведения, особенно в эфире телеканалов, обязывает организаторов соблюдать условия лицензирования. Владельцы прав имеют право запретить использование их произведений, и спортивные федерации должны это учитывать для предотвращения юридических проблем.\n\nАнализ ситуации показывает, что причина не связана с внешним давлением или влиянием, а возникла из-за недостатков внутри команды. Спортсмен такого уровня окружен командой специалистов, включая юристов, которые следят за соблюдением законодательства.\n\nПоиск виновных вне организации неэффективен, так как причины конфликта связаны с недостаточной подготовкой внутри самой команды. Основные вопросы авторского права должны решаться заранее, еще на этапе создания программы. Команду фигуриста предупреждали о возможных рисках использования зарубежной музыки в нынешних политических и правовых условиях. Надежды на случайное благополучие или пассивность владельцев прав недопустимы: такой подход демонстрирует несоответствие стандартам профессионализма и оказывает негативное влияние на спортсмена, которому приходится в срочном порядке пересматривать программу.'",28.0
77,77,"'Невзрачная лабораторная мышь вдруг стала похожа на настоящего зверька из дремучих лесов. Её густая, рыжая, словно солнечный лучик, шерсть и пушистые хвосты выделяют её среди обычных серых собратьев, которые больше похожи на мазохистские эксперименты учёных. Исследователи Шапиро и его команда не просто перенесли гены мамонта в мышь; они нашли способ извлечь из древних ДНК секреты устойчивости к холоду, снежной зиме и суровому климату. «Мы не хотели играть роль простых перекомпиляторов кода», — объяснил Шапиро. «Вместо этого мы выбрали десять ключевых генов, которые влияют на строение волос и теплоотдачу животного, и одновременно изменили их в рамках одного эксперимента».\n\nЭти манипуляции не только не причинили вреда нашим маленьким героям, но и превратили их в сказочных персонажей для учёных. «Как будто мы создали настоящих феерических зверьков», — восхищённо заметил один из ученых.\n\nНаиболее измененные существа получили модификации в семи разных участках ДНК, а некоторые даже дважды подверглись воздействию ген FGF5. Это привело к тому, что их шерсть стала длиннее и пушистее на треть по сравнению с обычными лабораторными мышами.\n\nЦель наших исследований — не воскрешение древних существ в точности какими они были миллионы лет назад. Мы хотим создать организм, который обладает некоторыми ключевыми признаками предков: устойчивостью к холоду и плотной шерстью.\n\nВсе манипуляции с ДНК тщательно контролировались и протестированы, чтобы не нанести вред здоровью наших маленьких исследователей. Генеральный директор компании Colossal Бен Ламм отметил: «Эти мыши стали настоящим украшением нашего лабораторного мира».'",25.0
78,78,"'Учёные применили звуковой метод исследования верхних слоёв мантии Земли и обнаружили результаты, намекающие на наличие около квадриллиона тонн алмазов под земной корой глубже 160 километров. Сейсмографами фиксируются колебания внутренних движений планеты, таких как подземные толчки, которые распространяются с различными скоростями в зависимости от свойств среды. Используя собранные данные, учёные пытались разгадать структуру внутренних частей Земли и заметили определённые необычные особенности. Были выявлены области с внезапным ускорением распространения колебаний без очевидных причин — так называемые «корни древних платформ», самые старые и стабильные участки континентальной коры, достигающие глубины до 320 километров. Исследовательская группа предложила объяснение данным о распространении сейсмических волн: если содержание алмазов в этих зонах составляет от одного до двух процентов, такое увеличение скорости становится очевидным. Хотя это количество кажется незначительным по сравнению со всей массой Земли, оно превышает общепринятые оценки примерно в тысячу раз.'",23.0
79,79,"'Величие кинематографа родилось благодаря устройству, способному зафиксировать и вернуть движущуюся картину жизни. Братья Люмьер создали этот аппарат, окрестив его «кинематограф». Их изобретение стало отправной точкой для развития киноиндустрии, открыв дверь в мир искусства, развлечений и бизнеса с помощью первых публичных кинозалов. Хотя они не были пионерами в этом деле, их аппарат стал настоящей новостью, заставив общественность всколыхнуться после демонстраций первого фильма зрителям.\n\nПервый платный показ состоялся 28 декабря 1895 года во Франции и навсегда остался в истории киноиндустрии. Стоит отметить, что демонстрации подобных аппаратов уже проходили ранее в США и Германии, но именно парижская премьера вызвала самый большой ажиотаж у публики, ведь с ней зрители впервые увидели короткие фильмы из повседневной жизни — от выхода рабочих с фабрики до купания в море. Эти ранние работы братьев Люмьер больше напоминали ожившие фотографии, но именно они заложили основу для будущего кино.\n\nСтоит отметить, что знаменитый фильм «Прибытие поезда» был показан несколько позже — весной 1896 года.'",25.0
80,80,"'В начале мая курс американского доллара ожидается на уровне в пределах 70–74 рублей, а европейская валюта — в диапазоне 83–86 рублей. Курс китайской юаня будет колебаться между отметками 10,50 и 11 рублями. Эксперт Андрей Лобода из журнала «Известия» предоставил такие прогнозы.\n\nЦентральный банк РФ на 16 мая установил официальные курсы: за один доллар дают 73,1 рубль, за евро — 85,1 рубль, а за юань — 10,7 рублей. Московская биржа отмечает, что уже 18 мая курс китайского юаня опустился до 10,6 рублей.\n\nОсновополагающим фактором устойчивости российского рубля выступает доходность экспорта нефти. Центробанк сообщает, что в апреле компании-экспортёры продали на $14,9 миллиарда больше иностранной валюты по сравнению с обычными показателями. Это поддерживает курс национальной валюты относительно стабильным ещё какое-то время. Благодаря строгим денежно-кредитным мерам дополнительные средства остаются внутри страны, что продолжает интерес инвесторов к российским финансовым инструментам.\n\nНесмотря на это, существуют и негативные факторы влияния на курс рубля. Такие как увеличение закупок валюты предприятиями, рост импортных поставок летом и повышенный спрос на иностранную валюту при снижении её стоимости ниже отметки в 73 рубля.\n\nКраткосрочная перспектива укрепления рубля видится в том, что курс доллара США снизится до 70 рублей за единицу. Однако реализация этого сценария возможна лишь при сохранении высоких цен на нефть и стабильной внешнеэкономической обстановке.\n\nПо мнению эксперта, потенциал укрепления рубля ограничен: глобальная инфляция и растущий спрос на надёжные финансовые инструменты указывают на возможное ослабление позиций рубля во втором полугодии.\n\nРанее стало известно, что на межбанковском рынке курс доллара США упал ниже уровня 73 рублей до значения 72,975 рубля (-1,11%). Это минимальный показатель с февраля 2023 года. Коррекция стоимости евро составила минус 1,34%, цена снизилась до 85,45 рублей.'",6.0
81,81,"'Россияне не теряли времени даром, начав собирать чемоданы для бесснежных курортов Турции задолго до сезона. По сообщениям специалистов сайта по путешествиям из февральского отчета 2018 года, резервирование мест заранее превзошло все внутренние направления. И уже в мае того же года Российский союз туриндустрии заявил о том, что около трети наших путешественников летом выберут для отдыха золотые пляжи страны-соседки.\n\nЭксперты отмечают, что ключевую роль здесь играет плотное расписание авиарейсов. Короткий перелет и близость курортных аэропортов тоже способствуют популярности этих мест. В предстоящем сезоне аналитики прогнозируют сохранение цен на уровне прошлого года, несмотря на высокий спрос, что может внести свою лепту в улучшение уровня обслуживания.\n\nВ мае Роспотребнадзор представил результаты своих проверок отелей южных районов Турции. Вердикт был не самым радужным: прошлым летом были зафиксированы случаи инфекционного заболевания среди отдыхающих, но после недавней проверки специалисты вынесли более оптимистичное заключение — большинство гостиниц в Сиде, Белеке и Анталье готовы принимать новых постояльцев благодаря внедрению дополнительных мер безопасности.\n\n«Теперь отели Турции могут гордиться усовершенствованной инфраструктурой: строгое регулирование качества питьевой воды, питания и бассейнов, а также значительное облегчение диагностики инфекционных заболеваний. Эпидемиологическая работа была усилена», — подчеркнули в Роспотребнадзоре.\n\nОднако даже с учетом наличия развитой туристической инфраструктуры и доступных цен некоторые путешественники отмечают, что на некоторых курортах слишком много людей. Отправляющимся в Турцию придется быть готовыми столкнуться с плотной атмосферой толпы на пляжах лучших курортов страны.\n\nХотя избежать множества отдыхающих на самых престижных и популярных пляжах побережья Турции будет затруднительно, это не умаляет их магического очарования. Эти места, где сосредоточена лучшая гостиничная инфраструктура, рестораны и транспортные связи, а также исторические достопримечательности, остаются символом беззаботного отдыха.'",30
82,82,"'С первого июня две тысячи двадцатого четвертого года вступят в силу новые правила, которые заставят автомобилистов призадуматься. Согласно новым установлениям, начиная с девяносто первого сентября прошлого года, управлять легковыми и грузовыми автомобилями весом до трех с половиной тонн зимними покрышками летом считается недопустимым. За такое нарушение ждет кара в виде административного штрафа — пятьсот рублей, согласно статье двенадцать пятой КоАП РФ. При условии уплаты через портал государственных услуг в течение двух недель, сумма сокращается наполовину. Запрет касается исключительно тех, кто нарушает правила, используя шипованные зимние шины; нешипованные «липучки» все еще находятся под защитой закона, хотя и имеют скромный срок службы по сравнению с летней резиной, быстро теряя свою адгезию на асфальте под теплым летним солнцем. Подобно утреннему туману, который рассеивается к полудню, так и эти покрышки исчезают из строя уже через несколько месяцев активной эксплуатации. Но для тех, кто предпочитает не менять свои зимние колеса на летние, с первого июня две тысячи двадцатого четвертого года вводится новая необходимость: иностранные граждане и россияне с международными водительскими правами обязаны обменять их на местные уже через год после приезда. Нарушение этого правила грозит немалым штрафом — пятнадцать тысяч рублей. У жителей России, чьи права истекают до конца двухтысячного четвертого или двухтысячного пятого года, есть дополнительное время: три долгих года на оформление новых документов без лишних волнений и проблем. Для тех же, кто уже попал под суд за вождение в нетрезвом виде, приготовьтесь к году затишья — нельзя будет сдавать экзамен для восстановления прав после лишения из-за алкоголя. А теперь о приятном: правила сдачи экзамена стали более гибкими. Начисление ошибок увеличено до семи, и штурман-инспектор теперь всегда на заднем сидении, чтобы контролировать процесс.'",28.0
83,83,"'Неоспоримая правда такова: безопасное употребление кофе определяется уровнем его кофеина, а не числом напитков. Одна чашечка эспрессо в среднем содержит от 80 до 100 миллиграммов кофеина, тогда как капучино — около 70 миллиграммов. Для любителей крепких напитков рекомендован объём не более 50–70 миллилитров, чтобы избежать перебора.\n\nВлияние ингредиентов на кофеин тоже вносит свои коррективы: сахар и молоко приглушают активность кофеина, умерив его воздействие. Сливки также играют роль тормоза, замедляя всасывание этого возбуждающего вещества.\n\nВлияние кофе на организм человека поистине двойственное: он активизирует работу нервной системы и усиливает выработку адреналина, серотонина и дофамина. Эти гормоны поднимают настроение и усиливают способность противостоять стрессу. Однако чрезмерное употребление кофе может оказать негативное воздействие на желудок и привести к дополнительной нагрузке на сердце и сосуды.'",26.0
