Unnamed: 0,index,text,ratio
0,0,"'В тихой суете петербургских переулков шелестели призрачные облачные кущи, меняясь стремительно и бесформенно; где-то высоко в этом суматошном небесном потоке двигался мерцающий светляк, растворяясь в мутной дымке. Звездопады тусклого сияния озаряли металлические шлемы крыш и труб, как будто память города пробуждалась от зимней спячки. Здесь серебрились воды Мойки; одна из береговых стен укрывала старинное здание с белоснежными колоннами, их архитектурные детали резко выступали на фоне голубизны неба. На этом живописном заднике уверенно шагал военный в парадной форме Её Величества, его блестящий шлем украшала золотая птаха с развернутыми крыльями — символ надежды и бдительности на холодных улицах столицы зимней ночи. На каске гордо восседал серебряный голубь, распростерший крыла, словно призывная метафора для тех, кто ищет путеводной звезды среди тумана бытия. Николай Аполлонович, дунув в ароматизированный воздух свежей бритвой, покинул уют своего дома; меховая куртка оберегала его от холода и шума ночного города, а глаза светились тихим огнем неуловимого трепета. Внутри он вел беседы с самим собой: может ли это нежданное чувство быть любовью? Отзвуки прошлого звучали эхом — как раз под тем самым подъездом, где однажды он спешно покинул уют тепла ради встречи с неизвестностью, вдыхая аромат ночного тумана и освещенного фонариками бульвара. Каждый шаг приносил волну непонятных эмоций — страх смешивался с восторгом, как будто сердце играло на музыкальной скрипке без твердых аккордов. И внезапно из темного проулка пронеслась чёрная карета императорского двора; красные фонари бросали свои отражения в водную гладь, словно зеркала для призраков прошлого и будущего. На миг можно было различить форму шляпы слуги и концы его верхней одежды — как тень, скользящая по поверхности воды, чтобы снова исчезнуть в дымке ночного города.'",41.0
1,1,"'На том месте возвышался великолепный дворец, чьей верхушкой напоминал странный замок — кирпично-розовый и массивный как скала. Это было давно; теперь того монарха уже нет, лишь воспоминания о нем остаются в камне и песке времени.\n\nКирпично-розовое величие поднималось среди голых рукавов деревьев; те растягивались к небу словно тихие порывы бриза, колеблясь и пытаясь ухватить проходящие облака. Каркающий звук прорезал тишину — ворона взмыла высоко, парила над облачным покровом, а затем стремительно опустилась обратно.\n\nЛегкий экипаж скользнул через этот район.\n\nКонная статуя явственно выделялась на фоне площади; редко кто из гостей города обращал на неё внимание, хотя эта фигура была величественна и могучей как гора.\n\nМонарх воздвиг памятник своему славному предку в своем кирпично-розовом дворце; он здесь недолго прожил.\n\nКто-то возможно неоднократно показывался узким оконным проемом, завитушки волос обрамляли круглую голову. Человек смотрел сквозь стекло, погружаясь в мягкие оттенки заката или зачарованно следя за серебристым мерцанием месяца среди густой листвы; у входа дежурил солдат в треугольной шляпе с полями, отдавая честь, когда золотистый военный проходил мимо к экипажу украшенному картинами; возница на высоком сидении наблюдал за происходящим, рядом стояли черные слуги.\n\nПавел Петрович вновь оглядывался и возобновлял беседу с изнеженной фрейлиной в прозрачном платье; на щеках ее стали заметны впадинки, родимое пятно выделялось.\n\nТа ночь была полна лунного света, озаряющего предметы императорских покоев и даже маленькую фигурку купидона. На подушке уже явственно виднелась голова человека; часы отбивали свои удары, шаги приближались… Несколько секунд — постель помялась, простыни еще сохраняли тепло ушедшего тела; покойника не было видно. Группа молодых офицеров с обнаженными мечами склонилась над пустым изголовьем кровати; кто-то пытался открыть дверь, женский голос раздавался в плаче; бледный офицер поднял штору — и за прозрачной тканью окна стала видна дрожащая тень.\n\nНеподалеку звучали шаги, удаляющиеся во мрак.'",41.0
2,2,"'Вечер погружается в сумрак дымки, где туман прячет небеса под завесой мистики и неведения. В давние времена люди верили, что за облаками притаился всевидящий бог, равнодушно наблюдающий за земным кипением событий. Сегодня мы знаем, что там лишь безбрежная голубизна небес и бескрайняя пустота космоса. Теперь же я увяз в сетях догадок о том, что скрывается за горизонтом видимого мира, поскольку мой ум напитан новыми истинами. Полное знание порой сродни вере — оно столь же непреклонно и безусловно. Раньше я был уверен в своей правоте во всём, касающемся меня самого, но теперь первый раз остро осознаю своё отражение в зеркале, будто впервые взглянув на чужого человека. Передо мной стоит незнакомец с чёрными бровями и вертикальной морщинкой между ними (раньше я не замечал её), серыми глазами со стальным оттенком, под которыми темные круги от недосыпания. Моё лицо словно маска, скрывающая истинную душу и переживания — раньше я их не понимал. Теперь же из глубины сознания всплывает уверенность: этот мужчина чужд мне самому, мы встречаемся как незнакомцы. Но настоящий я — другой, тот, кем хотел быть и которого ещё предстоит узнать. Беседа с собой бессмысленна: всё перечисленное — лишь плод недавних душевных терзаний после употребления вещества накануне вечером. Не важно какого именно. Я записываю это для демонстрации того, насколько странным образом способен ошибаться логичный человеческий разум — тот, который сумел раскрыть тайны древнего мира с помощью числовых обозначений и математических законов. R-13. К слову, я рад его приходу: не хотел бы сейчас оставаться в одиночестве.'",42.0
3,3,"'Она облачилась в наряд столь древнего облика, словно сошедший с древних полотен: тесное чёрное платье подчёркивало белизну её обнажённых плеч и груди, а светлые зубы казались такими яркими, будто сами по себе источали свечение. Женщина устроилась на месте и приступила к игре; её исполнение было хаотичным и нервным, словно отражало душевное состояние тех времен, когда она жила. Она сыграла без всякого порядка или структуры, как будто каждая нота была случайной каплей в потоке времени.\n\nОкружающие же были согласны между собой и весело смеялись, но некоторые из присутствующих испытывали неуверенность, а я задумался о причине своего собственного смеха. Эпилепсия — болезнь души, вызывающая страдания постепенно нарастающие и становящиеся всё более интенсивными, словно волны прибоя на пляже.\n\nПотом раздалось ощущение яркого света, резко отличающегося от обыденного освещения — солнечный свет, который заставил бы любого сбросить одежду и порвать её на куски. Сидящий рядом со мной человек улыбнулся мне уголком губ, а я заметил пузырёк слюны, появившийся и исчезнувший так же быстро, как и появился; это вернуло меня в мир реальности.\n\nЯ воспринимал лишь хаотичные звуки струн музыкального инструмента — бессмысленный шум. Я улыбался, испытывая облегчение и спокойствие, словно после долгого путешествия возвращаюсь домой. Лекционный материал подарил нам реалистичное представление о событиях того периода, вызвав смех слушателей.\n\nЗатем я послушал современную музыку, демонстрирующуюся для сравнения с предыдущим исполнением. Современная музыка была стройной и гармоничной, словно математическая формула, написанная на бумаге; она противопоставлялась примитивному искусству прошлого, лишённому каких-либо ограничений. Ощущалась мощь порядка и логики в современной музыке.\n\nПосле окончания мероприятия все покинули зал парами по четыре человека, двигаясь организованно через большие выходы. По пути прошёл знакомый человек с необычной фигурой, словно изогнутой в двух направлениях одновременно; я приветствовал его кивком головы, как будто мы были старыми друзьями.'",40.0
4,4,"'Всё это Рутилов излагал с обычным для него задором и оживлением, но его тощая фигура источала усталость и болезненность. Несмотря на модный головной убор, от которого виднелись редкие светлые волосы, слабость была неотъемлемой частью его облика.\n\n– Ну что ж, втрое? – слабо протестовал Передонов, вытирая золотые очки.\n\n– Но это правда! – вскрикнул Рутилов. – Ты должен использовать этот момент, пока я жив, ведь после моей смерти найти подходящую невесту станет труднее. Каждая из моих дочерей согласится стать твоей женой.\n\n– Здесь действительно многие проявляют ко мне симпатию, – угрюмо признался Передонов.\n\n– Вот и используй этот шанс, – посоветовал Рутилов. \n\n– Самое важное для меня — чтобы невеста не была худосочной, – промолвил Передонов с грустью в голосе. – Лучше пусть будет пышнотелой.\n\n– Не стоит беспокоиться по этому поводу, – энергично уверял Рутилов. – Мои дочери сейчас уже достаточно полны и станут ещё более аппетитными после свадьбы, взгляни на мою старшую дочку Ларису.\n\n– Я бы хотел вступить в брак, но боюсь реакции моей жены Вари, – сказал Передонов. \n\n– Поскольку опасаешься конфликта, сделай это прямо сейчас, – посоветовал Рутилов с хитрой улыбкой: заключи брачный союз сегодня и вернись домой с молодой женой. Проблемы разрешатся сами собой. Может, я уже завтра всё организую?\n\nПередонов внезапно заржал.\n\n– Значит, соглашаешься? – поинтересовался Рутилов.\n\n– Она всё расскажет этой ведьме, – мрачно прошептал Передонов.\n\n– Ей нечего рассказывать, ничего такого, что стоило бы сообщать, – успокаивал Рутилов. \n\n– Или отравит, – испуганно бормотал Передонов.\n\n– Просто доверься мне во всех вопросах, – настаивал Рутилов, – я обеспечу всё тактично и тщательно.\n\n– Без приданого я вступать не намерен, – раздражённо выкрикнул Передонов.\n\nНовое резкое изменение темы не смутило Рутилова. Он ответил столь же задорно:\n\n– Странный человек! Мои дочери лишены приданого? Так что, согласен ты или нет? Я пойду заниматься подготовкой. Запомни: никому нельзя рассказывать об этом деле.\n\nРутилов крепко пожал руку Передонова и поспешил прочь. Тот молча наблюдал за ним, вспоминая весёлых и насмешливых девушек Рутилова. Непристойная мысль вызвала улыбку на его губах, тут же исчезнувшую. В душе Передонова возникло неясное чувство тревоги.'",42.0
5,5,"'Вспоминаю мгновение из жизни, скромное и незамысловатое, и превращаю его в шедевр поэтического мастерства. Я поэт — искуситель судьбы, который творит легенды о том, что заставляет сердца трепетать и души петь. Случайности направляют ход событий, каждый поворот истории обусловлен непредсказуемостью. Но разумнее всего начинать с того, что радует глаз и сердце — того, чем можно восхищаться или, по крайней мере, восторгаться эстетически. Сияют здоровье, молодость и жизненная энергия людей; сверкают чистая вода, солнечный свет и летняя пора года. Был июльский денек, ясное и жаркое утро, река Скородень пребывала под лучами ласкового солнца. Вода, свет и воздух играли золотыми нитями радости, раздвигая пространство и принося волну восторга теплым дуновением ветра, пением птиц и видом двух юных девиц. Елисавета и Елена, сестры родные, купались на реке Скородень. Картина была полна блаженства: природа благоволила им в этот день, а они выглядели еще более очаровательно благодаря своему обнаженному совершенству. Их кожа светилась свежестью, желание двигаться и смеяться наполняло их внутренний мир весельем и радостью. Во время беседы между ними всплыла тема юноши, который занимал их мысли. Эти девушки — наследницы поместья, владелицы обширного старинного сада у реки Скородень. Их пребывание здесь было особенным, так как они ощущали себя хозяйками быстротекущей воды и песчаного берега под своими ногами. Они свободно плавали и игриво ныряли в воду, чувствуя уверенность владетелей с самого рождения. Человек не знает границ своей власти, но счастье — это когда ты знаешь свою роль и имеешь полное право на неё.'",42.0
6,6,"'В оковах бетонной решётки города, где каждый уголок имеет своё имя, стоит район, известный как Расчески — место, будто сотканное из множества белых стенных рядов, словно строительные блоки для сна и отдыха. Эти дома, словно выстроенные из квадратных глаз, глядят одинаково на мир за окнами своих бесконечных рядов. Между этими монолитами земли лежат пустые клочья, заборы которых не дают душам детей вольного полёта. Останки разрушенных крепостей привлекают юные сердца больше, чем унылые бетонные дворики, где игра забыта и позаброшена.\n\nВ этом ландшафте выделяется один дом, известный как Серый — старик среди зданий, отягощённый прошлыми строениями. Он стоит в одиночестве, словно выброшенная из круговорота жизни ненужная вещь. Дом этот трёхэтажный, его фасад обращён к пути жизни, как будто ожидая каждого прохожего. Внутри него — дворик, заперти металлической сетью, словно звериная клетка. Белое когда-то, теперь серым цветом облупленных стен и жёлтым внутри, он перестал быть тем домом, что когда-то был. На крыше его — антенны и провода, сплетённые в сетку, а стены покрываются трещинами, словно кожа старика. Рядом с ним гаражи, будки для собак и мусорные контейнеры, где жизнь не останавливается, но течёт по своему руслу.\n\nЖители окрестных стен испытывают к этому дому холодное презрение. Тихие перешёптывания ведутся за спиной дома Серого, но никто вслух не выражает недовольства. Большинство предпочитают жить подальше от этого уныния и мечтают о том, чтобы этот дом растворился в пустоте истории.'",45.0
7,7,"'Вдруг стало ясно: любой человек, пытающийся выделиться из толпы, – эгоистичный негодяй с завышенной самооценкой, готовый на всё ради признания собственной важности. На деле же он ничем не примечателен, лишь самонадеян и жаждет славы. Таков Сип после прочтения истории о птице, стремившейся казаться лучше истинной себя, и басне о животном, утонувшем из-за своей глупости. Хотел он исполнить ещё одну песню, но никто не обратил на него внимания, что вызвало в нём гнев и слёзы. Его поблагодарили, протянув салфетку, прикрыли книжкой и предложили другому ученику продолжить выступление.\n\nГуль произносил свою речь еле слышно, словно читая бумагу на столе, хотя там не было ни единого слова. Белые волосы мешали видеть лицо, и он поправлял их влажным пальцем, но каждый раз они снова падали на глаза. Для того чтобы долго смотреть на него, требовалась особая выдержка; из-за этого я старался не обращать внимания: мои нервы были на пределе.\n\n— Какой он хочет добиться славы? На первый взгляд – это его обувь. Но нет, через внимание к своей обуви он привлекает взоры к своим ногам. Тем самым он демонстрирует свои физические недостатки и насмехается над чувствами окружающих.\n\nГуль продолжал говорить с монотонностью учителя на скучной лекции, время от времени нервно перемещая палец по своему носу. Его взгляд начал меняться: ясно было, что он начинает злиться. Я уже знал все аргументы, которые мог привести Гуль, ведь такие речи в этой ситуации типичны. Каждое его слово и жест были столь же безжизненными и однообразными, как он сам.'",42.0
8,8,"'Недавно он был поистине кипучим парнем, полным живой энергии, словно горячий вулкан. Стоял на руках с легкостью, как пушинка в весеннем бризе, и перебирался от места к месту, изящно подобно лебедю на воде. Зубами мог поднять стул и порвать канат своими железными кулаками. Его тело носило затаённую мощь, жаждавшую проявиться в прыжках через заборы или качании столбов — словно юный орёл мечтал о свободе полета. Сейчас же что-то случилось: будто механизм слегка износился и стал не так гладко работать. Он начал сутулиться, признавшись другу Подтягину в бессоннице, которая стала его постоянным спутником. Ночью перед понедельником он провёл около двадцати минут в компании неприятного индивидуума в застрявшем лифте. Утро следующего дня принесло лишь тяжесть духа: долго сидел нагишом, держа прохладные руки между коленями, погружённый в мысли о том, что снова придётся облачиться во всё то же поношенное белье — неприятная обязанность, как будто на кожу натягивают чужую лошадиную шкуру. Этот образ вызывал воспоминания о цыганском пуделе в человеческой одежде, выглядевшем жалко и нелепо. Частично его апатия объяснялась отсутствием работы — за зиму удалось собрать немного денег, но из-за затратных месяцев осталось всего около двухсот марок. В прошлом году он прибыл в Берлин и быстро нашёл работу, усердно трудясь до января. Он испытывал тяжесть утренних поездок на завод и боль в ногах после беготни с подносом среди ресторанного зала «Пир Горой». Также занимался посредничеством, предлагая любые товары — от баранок до драгоценностей. Он ничего не исключал из своего ассортимента: продавал свою тень, как многие из нас, участвуя в массовках киносъёмок за городом, где прожектора, словно пылающие глаза, освещали лица статистов ярким светом, вызывая дискомфорт и неловкость. С завершением съёмки зарплата расходовалась на мгновение радости.'",42.0
9,9,"'Целый день проходит, словно ты плывешь по волнам небесной глади, приподнявшись на кровати – смотришь на верхушки деревьев, залитые теплыми лучами заката. Тонкие провода, служащие уютным укрытием для пташек, и красочный навес над дорожкой рядом с парадным входом словно напевают свою песнь тишины. Вдалеке звучит гармония природы: трели птиц, далекий лай собаки да скрип водяного насоса, прерывающий тишину как дыхание времени. Ты неподвижно лежишь, утонув в раздумьях о предстоящем подъеме, наблюдая за световыми рисунками на столе и глядя, как клубок нитей соскальзывает с колен матери – плавно катится по полу из брёвен. Именно здесь, в этой комнате, когда Ганин выздоравливал в свои шестнадцать лет, родился образ блаженной радости и девушки, которую он встретил потом во плоти. Этот духовный портрет возник благодаря совокупности факторов: картины на стенах, звуки природы за окном, изображение Христа в киоте да журчащая вода в раковине – всё это создавало атмосферу солнечного света и дыхания жизни. Без этой среды такой образ не мог бы появиться. Это были лишь обыденные юношеские ощущения, но сейчас Ганину казалось, что такое идеальное совпадение мыслей и действительности ранее не случалось. Целый день он переходил из одного сада в другой, посещая кафе – воспоминания тянули его вперёд, как движущиеся облака весной над Берлином. Посетители кафе думали, что мужчина вдали смотрит на горизонт глубокими глазами печали, а прохожие на улицах сталкивались с ним случайно – один раз даже водитель автомобиля резко остановился и выразил недовольство. Ганин чувствовал себя как художник, восстанавливающий потерянный мир. Постепенно он возвращал детали исчезнувшего мира для той женщины, которую ещё не решил признать своей, пока полное восстановление не завершится. Однако мысль о ней, её почти забытое присутствие вынуждали его завершить создание образа окончательно – хотя он сознательно откладывал появление этого образа, желая приблизиться к нему шаг за шагом. Стараясь избежать путаницы среди ярких воспоминаний прошлого, он аккуратно реконструировал события своей жизни, останавливаясь на незначительных деталях и избегая преждевременного перехода к следующим этапам. Бродя по Берлину тёплым маем, он действительно выздоравливал физически – ощущал первые признаки восстановления после болезни: слабость в ногах и своё отражение в зеркалах. Одежда казалась особенно чистой, свободной и непривычной. Медленно продвигаясь по широкому парку, окруженному деревьями, он замечал черные земляные бугорки – следы деятельности животных. Он надел белую нижнюю одежду и светло-фиолетовые носки. У него была мечта встретить кого-то в парке – но конкретного представления о том, кто именно должен встретиться, у него не было.'",42.0
10,10,"'Я пришел в этот мир полвека назад, под ослепительной сенью зелёных полей русской глубинки, где мой отец был хозяином деревни. Свет появления на свет и заката дней скрыты для нас, словно тайны вселенского масштаба. Мне сообщили точную дату моего прихода в этот мир, иначе сейчас я бы с трудом определил свой возраст, ведь пока что не чувствую на себе ни следов увядания, ни тревоги о том, что ждёт меня через десяток или два лет. Живя в изоляции от мира людей, как затерянный архипелаг сказки Томаса Морна, я бы совсем не догадывался о присутствии смерти где-то в глубине времен. Может быть, это стало бы для меня утешением... Или же тяжким бременем? Ведь правильно ли говорить, что я не узнал бы о ней? Вдруг она отпечатана на душе человека задолго до осознания, как печать судьбы? Представим: если бы смерть была для меня неведома, смогла бы любовь к жизни быть такой же горячей и безоглядной, какой она сейчас питает мое сердце?'",41.0
11,11,"'День пролетел мимо меня словно пыльный сон: бесконечные поминальные службы, непрекращающийся поток людей – отъезжающих и прибывающих соседей, весело играющих детей, не осознающих трагичность момента в светлой комнате под пристальным взглядом нянечки с усталыми слезами на глазах. Снова стемнело, люди потянулись к залу – шепчутся, ожидая службы, а затем появляются священники, и входит тишина: зажигаются свечи, облачаются в ризы при полном молчании, начинается подготовка к богослужению. Воздух наполняется благовониями от первого размахивания кадила, первое слово слетает с уст – все эти события казались мне такими значимыми в этот вечер для покинувшего нас человека, что я не мог больше смотреть на роскошный бархатный гроб с золоченым покровом и телом внутри, погруженным во мрак вечного покоя. Лицо его укрывали черные впадины вокруг глаз, отражая металлический блеск сквозь тепло аромата дыма.'",40.0
12,12,"'Приказания прокуратора выполнили с молниеносной точностью, и солнце всё ещё не достигло своего полуденного пика над Ершалаимом, когда на верхней террасе сада, рядом с двумя белыми мраморными львами, состоялась встреча между прокуратором и исполняющим обязанности председателя Синедриона — иудейским первосвященником Иосифом Каифой. В этом тихом саду, покинув укрытие колонн, прокуратор оказался на верхней террасе, освещённой золотистыми лучами и украшенной пальмами неповторимого вида. Отсюда открывалась панорама всего города — с его свисающими мостами, крепостными укреплениями и особенно величественным храмом под золотистой плиткой. Прокуратор услышал издалека тонкий ропот толпы, порой прерываемый взволнованными голосами торговцев водой. Уловив эти отголоски волнений снизу, он сделал вывод о том, что вокруг городских стен уже собралась многочисленная толпа жителей Ершалаима, обеспокоенных недавними беспорядками и ожидающих решения суда.'",42.0
13,13,"'Возможно, сумеречное полотно небес послужило тканью для перетряски облика прокуратора: его образ сложился иной, словно резко постаревшим и надломленным. Внезапная оборотная сцена заставила его вздрогнуть от неясного прикосновения тьмы; глаза уловили лишь покров плаща на опустелом троне, словно приветствие ночного вестника безлицего судьбы. Вечерний праздник замкнулся темнотой, и прокуратору почудилось, будто в тени кресла прячется незримый собеседник. Тронув плащ рукой, словно шепча на ухо ночи, он отступил и принялся ходить по балкону: теребил ручки стола, хватался за чашу, останавливался, глядя в мозаичный пол, будто там скрыт ответ для беспокойной души.\n\nСегодня прокуратор снова ощутил тоску, коснувшись виска, где ноющая боль напомнила о ранах утренних решений. Пытаясь разгадать причины внутреннего дискомфорта, он почти нашел ответ, однако попытался затуманить его. Ясно осознав свою ошибку днем, которую хотел бы исправить мелкими и поздними шагами, прокуратор старался убедить себя в значимости вечерних действий, как утреннего вердикта. Но самообманулся лишь на миг, не сумев обмануть самого себя.'",45.0
14,14,"'Конференция развернулась в стенах политеха, где я стал свидетелем и участником важного события. Через пять минут необходимые данные оказались собраны и оформлены. Переданы они были на хранение секретарям. Скоро появился редактор Туронок — человек с сахарной сладостью в голосе и улыбкой, скрывающей истинные намерения. Обычно тихий и осторожный, он сегодня был как взлетевший огонь, полыхая гневом: «Вы допустили серьезную идеологическую ошибку!», — выпалил он. «Какую именно?» — спросил я. «Вы перечислили страны…», — начал Туронок и пояснил дальше: «— Это запрещено?» — уточнил я. «Нет, но важно соблюдать строгий порядок: сначала демократии, потом нейтралитет, а затем союзники в военных действиях», — объяснял Туронок, избегая конкретики. Я согласился и исправил текст, вновь отдав его на хранение. На следующий день редактор вернулся с новым упрёком: «Вы издеваетесь надо мной? Вы специально так делаете?», — гремел он. «Почему вы это думаете?» — спросил я, стараясь сохранять спокойствие. «В списке народных демократий ошибка!», — продолжал Туронок, как будто его слова могли изменить историю. «Я не понимаю вашего недовольства, — ответил я, — ведь Германия и Венгрия в разное время прошли через важные события». Но Туронок был непреклонен: «Это неважно! Вы демонстрируете политическую несознательность и нравственную бедность, — обвинил он меня. Вопросы будут подняты на соответствующем уровне…» За мою работу мне дали два рубля вознаграждения — меньше того, что я ожидал получить — три рубля.'",42.0
15,15,"'В этой повести нет белых и чёрных персонажей, как в старинных мифах... Здесь не встретишь ни ангелов, ни дьяволов. Такие существа вообще невиданы на земле. Уже долгое время я наблюдаю за людьми и их поступками, будто бы исследуя лес с его тайнами и чудесами... Один редактор сказал мне следующее: «Все персонажи ведут себя, как школяры на перемене. Если что-то плохое происходит, оно должно привести либо к падению нравственности, либо к карме, но у тебя все поступки выглядят такими же обычными, как дождь или солнечный свет...» «Почему вы считаете всех моих персонажей недобрыми?», — возразил я. — «Приведите пример такого поведения». Редактор посмотрел на меня так, словно я из тёмного леса и защищаю его жителей... Уже много лет я не разделяю людей на хороших и плохих, будто бы играя в детскую игру. Более того, я сомневаюсь, что каждый поступок вызывает чувство вины или радость. Человек такой, каким он себя воспринимает. Его качества раскрываются жизнью... «Моя природа — это мой судья», и так далее... Хорошо... Эта повесть не содержит ни идеальных героев, ни явных злодеев, потому что их быть не должно. Один из главных действующих лиц — я сам. Второй персонаж — Миша Шаблинский, известный своими оригинальными выражениями типа «спонтанная апперцепция», «имманентный дуализм»... Ещё один узнаваемый герой — Митя Кленский, популярность которому принесли металлические зажимы для галстуков и трубки из поддельного янтаря. Что объединяло нас троих? Возможно, наше неприятие официоза и склонность к здоровому скептицизму, позволяющему избегать пафосных высказываний... Из тридцати двух сотрудников нашего учреждения двадцать восемь считали себя лучшими корреспондентами страны. Мы трое поставили себя на вторую ступеньку оригинальности, а Дмитрий Шер, произнесший фразу «искусственная почка стала обычным делом повседневной жизни», имел репутацию среднего журналиста.'",42.0
16,16,"'Твердили, что Благодатное — это место без изюминки: бородинский дом обычный, а то и с недостатками — одна сторона значительно перестроена после пожара; сад старый, тенистый, но таких в России полно. Поля широкие, лес хороший, однако это тоже обыденность. Жители там живут в бедности: земли мало, раньше переселялись, потом вернулись обратно, а во время волнений хоть и не дошло до того, чтобы поджечь дом или лишить зрения лошадей, как у соседа Бессонова, но ходили слухи о намерении разрушить имущество и захватить земли. Когда говорили о странностях Петра Николаевича, выдавали такие истории, что стыдно повторять вслух. В общем, всех просили держаться от Благодатного подальше: место как будто проклятое.\n\nОдин добрый человек посоветовал Александре Павловне обратиться с жалобой к губернатору, но она категорически отказывалась слушать такие предложения. По ее мнению, все эти сплетни — пустые домыслы, и разбираться в них бессмысленно. В самом деле, любой человек способен изобрести любое обвинение, лишь бы переложить ответственность на другого. К тому же обсуждения постепенно затихли сами собой — люди ведь умнее, чем их зачастую принимают.'",45.0
17,17,"'У маленьких бунтарей было небывалое здоровье, словно закованные в броню они преодолевали зимние метели и летний зной: одни справляли праздник ледяным угощением, другие — риском прорубного купания. Некоторые решались на смелый эксперимент, глотая мух в надежде вызвать недуг и отлежаться под теплым домашним халатом вместо долгих часов за партой. Засушенные просфоры с пестрым окрасом плесени служили амулетами против природных бурь по утверждению мудрости старшего поколения. Однако, в сердце деревни водилось исключение — Женя, чье тело часто становилось полотном для разных болезней: скарлатина и кори его не тронули, но дифтерит оставил свое черное пятно — временную слепоту. С восстановлением зрения пришли головные музыки, стучащие на перекрестке бровей и висков, превращая каждую боль в долгий адский марш плача и стенаний. Ночью его видели странником на кровельных карнизах, словно охотник за небесными звездами. В детстве Женя стал молитвенным путником к мощам святых, где тканевые благословения протирали его личико в надежде на исцеление. Прасковья, соседская девочка, становилась посредницей между ним и отшельнической мудростью Боголюбовского монастыря — после таких встреч мир вокруг становился немного светлее. В повседневной жизни Женя был скорее наблюдателем, с печальной глубиной взгляда, но если гнев пробуждался в нем, он действовал на удивление решительно.'",42.0
18,18,"'Вавилен Татарский пришёл в мир задолго до того, как алый флаг взметнулся над серыми стенами за победу над пепельно-серым небосводом. Из-за этого он стал частью поколения «П», хотя долгое время об этом не догадывался. Если бы кто-то тогда предрёк ему судьбу копирайтера, возможно, он бы так растерялся, что пролил бы на раскалённом песке стакан с ледяным напитком «Пепси». В те времена мечтами детворы были спасение домов от огня или врачевание болезней. Даже простое слово «дизайнер» звучало тогда, как загадочное восклицание из далёких стран, временно обосновавшееся в русском языке до тех пор, пока международные дела не ухудшились бы ещё больше.\n\nТогда язык и жизнь были полны непривычных вещей. Например, своё собственное имя «Вавилен», данное отцом, Татарскому казалось весьма экзотическим. Имя это было выковано из фамилий писателя Василия Аксёнова и вождя Владимира Ленина. Вероятно, отец видел в своём сыне человека, осознавшего свободу любви благодаря произведениям Аксёнова или артиста, внезапно уверовавшего в победу коммунистического строя после прослушивания долгой мелодии на саксофоне. Но такие взгляды были не уникальны: они отличали многих советских людей конца пятидесятых и начала шестидесятых, создателей любительской песни и запустивших в космическое пространство первый искусственный спутник Земли, символизировавший несбывшееся будущее.\n\nСам Татарский смутился от собственного имени и предпочитал представляться друзьям как Владимир. Он начал врать приятелям о происхождении имени, утверждая, что отец дал ему имя из-за интереса к восточным учениям, символизирующим связь с городом Вавилоном и его мудростью. А объединение фамилий Аксёнов и Ленин произошло под влиянием философии, согласно которой нужно сочетать противоположные идеи. Хотя эта версия звучала интересно, Татарский предпочитал избавиться от паспорта с именем Вавилен, получив новый документ уже на имя Владимир.'",45.0
19,19,"'Тверской бульвар словно попал в леденящую западню прошлого. В февральском холоде сугроба вытянули свои белые ноги на тротуарах, а небо, как старая пелена, закрывала темные облака. Сидевшие на лавочках женщины вглядывались в серость будней, словно прикованные к месту вековыми проклятьями зимы; над их головами чернели сухие ветви деревьев, тихо посмеиваясь над человеческим терпением под зимним занавесом.\n\nНо сегодняшний день был не таким уж и одинаковым. Ветер рвался через Тверской бульвар с такой силой, словно он шарахнулся от какой-то невидимой опасности; если бы я встретил тут хоть одного волка или лисы, это не удивило бы меня. Бронзовая фигура Пушкина казалась более задумчивой, возможно из-за красного фартука на ней с надписью «Да здравствует первая годовщина революции», написанной на древнем языке. Я не стал бы высмеивать это объявление даже если бы заметил в нем ошибку – подобные вещи уже давно стали для меня повседневностью.\n\nСумерки опускались, как тяжелые пластины стекла, заставляя Страстной монастырь исчезать из виду. Вокруг здания две грузовика с красными покрывалами на кузовах, под которыми что-то скрывалось; рядом собрались люди, слушая оратора, чье выступление звучало так четко, что даже далекие слоги «пролетариат» и «террор» были ясны. В этот момент двое солдат, поджавшихся в пьяном тумане, прошли мимо меня; за их спинами покачивались винтовки со штыком. Один из них уставился на меня так пристально, что я был готов к любой истории – но его товарищ потянул его за руку, и они исчезли под снежными занавесками.'",40.0
20,20,"'Приблизительно с полуночи наступил рассвет труда, когда за окном послышался шорох отвешенного косаря, бодрствующего в сумерках. Вощев заметил его у плитечного очага общежития — там уже горел огонёк и закипала посудина с водой для завтрака. Время в деревне шло своенравно, подчинённое силе тяжести, которую маятник уличных часов передавал на все вокруг, словно делясь своим ритмом с мирозданием. Эти часы украшали фасад своей изысканностью и гармонией: цветочный орнамент будто говорил каждому проходящему мимо — тишина и покой есть ключ к пониманию жизни. За столом общежития люди собрались в полдень утреннего солнца, когда завтрак стал прелюдией к работе; хлеб, разрезанный бдительным косарем-поваром, был сервирован каждому, а холодное мясо — дополнением. Они ели молча и серьёзно, воспринимая пищу как необходимость, не позволяя себе улыбнуться или хотя бы подмигнуть друг другу от добра. Их лица напоминали осень: усталые глаза, сонливый взгляд; настроения оставались мрачными, словно жизнь была непрекращающейся борьбой за выживание. Вощев наблюдал за этими людьми, способными мыслить и нести в себе правду, испытывая слабую надежду на перемены и страх потери этого мира, который был им знаком; даже простое общение с ними давало ему силы продолжать путь. Он уже ощущал близость к истине в каждом вздохе рядом стоящих людей, недавно говоривших с ним, и это придавало ему выносливости и готовности встретить новые трудовые будни.\n\n— Пойдемте поесть! — позвали его рабочие.\n\nВощев поднялся из-за стола, ощущая себя в этом мире неуверенно, словно он только что проснулся и пытается понять, где находитесь.'",42.0
21,21,"'Машинист-наставник наблюдал, как Захар Павлович с любовью и заботой относился к локомотивам, словно они были живые существа. Металл приобретал блеск, но хвалебных слов не сыпалось. Наставник был уверен: работа техники определяется внутренними качествами и законами природы, а человек лишь наблюдатель. Природные богатства подчиняются человеку, даже если тот мало старается. Неумелый работник способен зажечь огонь в топке, после чего механизм станет самостоятельным, а рабочий – просто свидетелем. С каждым шагом упрощения эксплуатации техники люди теряют ценность и становятся бесполезными, как ржавеющий металл. Машинам же предстоит взять на себя управление и стать свободными в своих действиях. Однако Захар Павлович был одним из немногих, кого наставник защищал – он умел обращаться с инструментами бережно, не проявляя грубости или небрежности во время работы на локомотиве. Однажды, полный решимости и страсти своего дела, Захар Павлович осмелился спросить у наставника: «Что вы думаете о том, почему люди такие скромные, а каждая машина наделена исключительными свойствами?». Наставник отнёсся к вопросу с раздражением, считая свою связь с машинами личным чувством. «Вот ещё один чудак», — подумал он про себя. Вокруг них стоял локомотив, который готовился к ночному рейсу, и наставник с восхищённой улыбкой рассматривал его, ощущая прилив сил и восторга, напоминающий молодость. Гармоничные формы машины вызывали чувство свободы и движения. Ворота депо открывались наружу, позволяя взглянуть на летний вечерний пейзаж — символ будущего, возможности снова ощутить ветер и скорость на путях железной дороги. У наставника сжался кулак от мощных эмоций, подобных тем, что испытываешь в юности. Он перестал воспринимать Захара Павловича как недостаточно опытного работника и заговорил с ним, словно с другом: «Работа тебя учит, но человек бесполезен без дела... Дома лежит и ничего не делает. А птицы?»'",52.0
22,22,"'Городок Федор-Кузьмичск возвышается на семи холмах, окружённый бескрайними полями и таинственными дебрями. К северу пространство завалено густыми лесами, где валежник вился спутанным ворсом, деревья переплетали свои ветки, словно заблудившиеся путники, а кусты цеплялись за прохожих как бродячие обезьяны. Старожилы повествуют о существе под названием кысь: она поселяется на вершинах деревьев и издаёт звонкий, странный перезвон — кы-ысь! — однако её тень редко уловима. Случайное прикосновение этого существа к спине путника может привести к его неминуемой гибели: позвоночник трескается, словно стекло, а кровь брызгает из разорванного сосуда. Возвращаясь домой, пострадавший уже не тот человек: глаза его заслонены пеленой безумия, движения хаотичны и непредсказуемы — как сомнамбула среди ночи. Близкие собирают такого неудачника дома, иногда развлекаясь тем, что ставят перед ним пустую тарелку и ложку, словно предлагают пищу; он механически перемещает ложку, хотя еда отсутствует, а зрители веселятся над этим действом. Больной человек не способен к самообслуживанию или гигиене без постоянного ухода и защиты. Некоторые заботливые родные ведут его в специальное помещение для такого рода случаев; если помощи нет, он может истощиться до смерти из-за отсутствия нормального функционирования мочевого пузыря или других жизненно важных органов. Такова участь тех, кто сталкивается с кысью.'",42.0
23,23,"'О Александре Эрнестовна, моя душа поет в унисон с каждым твоим словом и взглядом. Особенно на той фотографии, где ты будто касаешься воздуха своим изящным лицом, словно пытаясь прочитать тайны ночи. И на другой, где твое лицо вздрагивает от смеха, обнажая ряд белоснежных зубов, напоминающих улыбку солнца. А еще там, где ты крепко держишься за спину рукой, словно придерживая осколки детства и юности, а на запястье видны закрученные кружева — тонкие нити твоего прошлого. Я вижу тебя сквозь мутное стекло времени: каждую минуту, каждый день, который исчезает без следа, как капля росы на листе осени. Твою жизнь можно прочесть по морщинам и улыбкам прохожих, каждая из которых оставила свой отпечаток в тканях бытия. Я буду приносить тебе небольшие радости жизни — свежее молоко и корнеплоды, которые напомнят о свете, которым мы дышим каждый день. Открой старые альбомы из темно-бархатистого бархата, пусть они расскажут тебе историю твоих дней: милых гимназисток с их мечтательными глазами, усатых мужчин со слегка ироничной улыбкой, смелый Иван Николаевич, чье имя звучит как призыв к путешествию. Не бойся, фотография не может видеть тебя; зачем тревожить мир, Александре Эрнестовна? Ты уже приняла решение — давным-давно и без сомнений. Вот он, Иван Николаевич перед тобой, возьми его образ в руки: плоский, прохладный и блестящий на свету. Края обложки покрыты золотом, бумага слегка пожелтела от времени. Слышала ли ты? Она решила поехать, она готова к путешествию, уже собрала свои вещи: легкие белые платья аккуратно сложены внутри тесного деревянного сундука, кожаный футляр скрипит от трения металлических деталей. Открытые купальные костюмы лежат рядом, напоминая о том, что море ждет ее. В специальной коробке для головных уборов хранится удивительно легкий материал белого цвета — такая же невесомость, как твои мечты. Шкатулка на дне содержит маленькие предметы: заколки, расчески, шелковые ленты и миниатюрные камни прикреплены к деревянным инструментам для ухода за ногтями; небольшие безделушки завершают коллекцию. Бутылочка с запахом жасмина, закрыта герметичной пробкой — внутри духи, которые пленяют сердце каждого человека. Все подготовлено к путешествию, но что мешает осуществить его? Что скрывает тьма от света наших намерений?'",42.0
24,24,"'Он рухнул лицом в траву, что превратилась в пыль под его щекой, и скрежетал зубами от досады — судьба явно не благоволила ему сегодня. Терпеливо лежа неподвижно, он надеялся, что опасность уйдёт сама собой, хотя глубоко внутри знал, что так и не будет. Температура поднималась всё выше, вокруг было душно и влажно, пот ливался из глаз; лишь потом Рэдрик громко выругал Арчибальда: «Не дергайся! Терпи до конца!» Сам ждал, как мудрец, дальнейшего развития событий. Возможно, всё бы обошлось благополучно и без последствий, однако первым не выдержал Арчибальд. Вероятно, либо он проигнорировал слова Рэдрика, либо страх ослепил его до такой степени, что он забыл о правилах безопасности, либо внезапная боль стала невыносимой. В конечном итоге он потерял контроль над собой и необдуманно бросился вперёд, пригнувшись и издав неразборчивый звук — прямо на опасное место. Рэдрик молниеносно поднялся и ухватил его за ногу двумя руками, в результате чего Арчибальд всей тяжестью плюхнулся обратно, взметнув облако золы, вскрикнул странным высоким голосом и неистово замахал другой ногой прямо в лицо Рэдрика. Несмотря на острейшую боль, Рэдрик прижал его своим телом, прижав обожженное лицо к кожаному покрову одежды, стараясь физически подавить сопротивление противника, удерживал рукой трясущуюся голову и хаотично бил ногами по земле, телу и конечностям Арчибальда. Различая лишь смутно дыхание и слабое стенанье снизу сквозь сдавленное дыхание, он бессвязно произнёс: «Тихо лежать, негодяй, или я тебя прикончу...», ощущая сверху жар от множества горящих углей и треск кожи на конечностях и туловище — пузырящейся и разрывающейся под воздействием высокой температуры. Уложив своё лицо в серую золу, придавливая грудь к голове другого человека, он больше не мог сдерживать эмоции и издал протяжный стон — вопль боли, который пронзал все границы.'",45.6
25,25,"'Хочется мне заглянуть за кулисы этого долгого спектакля и понять, какой финал уготован судьбой. Десять лет назад я был непоколебим в своём убеждении, что мир разделён жёсткими границами: пятидесятикилометровая полоса, где живут исключительно светила науки и военные, должна была стать неприступной крепостью. Всем казалось, будто опасная зона станет надёжным заповедником для исследований. Однако теперь я стою перед пустыней забвения, где та прежняя уверенность испарилась, словно роса под лучами утреннего солнца.\n\nС одной стороны, правда на стороне тех, кто говорит о необходимости защиты и изоляции опасной зоны. С другой — не менее справедливы те, кто видит в ней источник бесценных ресурсов. История повернулась ключевым моментом, когда сталкеры принесли из запретного места первые батареи: предметы, которые оказались настоящим кладом для науки.\n\nСейчас уже никто не может с уверенностью сказать, что именно творится там. Люди постепенно добывают ресурсы, а учёные спорят о том, каков же истинный механизм работы этих чудодейственных батарей: то ли под действием рентгеновского излучения они испускают квазитепловые электроны, то ли всё это лишь плод фантазий.\n\nНо это уже неважно. С каждым годом я всё больше осознаю, что не доживу до того момента, когда окончательно разгадана эта загадка.'",45.0
26,26,"'С утра пораньше начался дождик: интернет перестал работать как обычно подсыхающий на рассвете туман. Сонный Матвей, словно споткнувшись о ночные сны, проснулся в кресле перед монитором и, случайно проведя пальцами по клавишам ладонью, обнаружил, что его связь с миром оборвалась. Связавшись со своим провайдером, он услышал, словно из глубины темного леса, о том, что авария на магистральном стволе связи может быть устранена только завтра, когда солнце зажжёт своё второе яркое восходящее пламя после полуночи — в двадцать четыре часа отныне и до тех пор, пока не наступит новый день. Матвей уставился в экран, словно бы пытаясь заглянуть сквозь него в самую сердцевину происходящего бедствия. Это был удар для его мечты — целых двадцать четыре часа без интернета! Без своего любимого игрового сервера и друзей в онлайн-мирке, где каждый блок имеет своё значение и звук каждого взрыва эхо оставляет у соседей. Матвей пошёл на кухню, словно в поисках укрытия от дождливого утра, и сел возле барной стойки, опустив руки на лицо, как будто пытаясь загородиться от всего мира. Следующие четыре часа до начала занятий были для него словно тень тучного небосвода без света и радости. Но его мать, словно бабочка вокруг светильника, сновала по кухне, оставляя после себя следы кофе и прикосновений — словно дождевые капли на стекле. Она заметила его нерадостный вид и, как ветерок весеннего утра, промелькнула мимо с ласковым поцелуем на прощание: «Доброе утро, мой маленький грозовой штормик!» Матвей, словно лист под дождём, повернул голову в сторону окна, демонстрируя своё недовольство. Почему она всегда так привязана к его эмоциям? Он не девочка, он — мальчик с собственной непогодой внутри.'",40.0
27,27,"'Приоткрыв створки входа в салон, Лена словно застыла изваянием, узрев Марину, облаченную в рабочий халат. Ей казалось, что земля уходит из-под ног. Она снова оступилась в лабиринте дней: жила по пятничному ритму, тогда как остальные уверенно шагали по средней тропе. Из-за этой оплошности Лена лишилась сегодняшнего заработка — ведь она была призвана приводить салон в порядок каждую вторник и пятницу, а Марина выполняла эту задачу все остальные дни недели.\n\n«Лена, неужели ты забыла? Сегодня же середина недели, — строго произнесла пожилая коллега-парикмахерша, помогавшая владелице с оформлением документов на работу малолетней ученицы.»\n\n«Сегодня мой день! Именно так было задумано!» — возразила Лена, голос её дрожал, словно листья осеннего деревца под порывами ветра. Внутри неё кипела буря: раздражение от постоянных недоразумений и беспомощности перед непостижимой действительностью.\n\n«Ты ошиблась днем, — сухо ответила старая мастерица, — пятница сегодня впереди, а не сейчас.»\n\n«Пожалуйста, скажите мне правду, тетя Мила! Неужели сегодня не пятница? Почему вы отказываетесь признать очевидное?» — Лена умоляюще посмотрела на женщину.\n\n«Лена, ты в порядке?»\n\n«В порядке?! Вы сами в непорядке, если считаете сегодня средой!»\n\nДве женщины внимательно наблюдали за происходящим. Тетя Мила бережно взяла Лену под руку и увела её в служебное помещение, чтобы избежать любопытных взглядов посетителей.\n\n«Ты совсем выбилась из сил, — сказала она, мягко поглаживая девушку по волосам. — Слишком много работы для такого маленького существа. Тебе нужен отдых и развлечения.»\n\n«Я не ребёнок! Мне уже тринадцать лет!» — отмахнулась Лена, отстраняясь.\n\n«Тринадцать, двенадцать... в этом нет большой разницы, — вздохнула женщина. — Тебе необходимы игры и забавы. Времени так мало, а ты одна заботишься о семье.»\n\n«Я не нуждаюсь в игрушках! Мне некогда играть, когда столько дел нужно делать.»\n\n«Бедная девочка, — сказала тетя Мила. — Я собрала одежду для твоих братьев. Очень хорошая одежда, мой внук её аккуратно носит.»\n\n«Не надо, — отказалась Лена, встав со стула.\n\n— Они растут быстро, одежда будет малой!»'",40.0
28,28,"'Артем, словно медведь из зимней спячки, поднялся с места у костра, перебросил на грудь оружие и шагнул в объятья ночи. У порога светлого круга он громко щёлкнул затвором автомата, будто предупреждая невидимых пришельцев: «Встаньте! Объявите пароль или провалитесь обратно в тьму!». Из глубин темноты, где недавно слышались странные звуки и шёпота, раздались спешные шаги. Кто-то поспешно ушёл дальше, напуганный резким окриком Артема и стуком его оружия. Взволнованным голосом он вернулся к Петру Андреевичу: «Нет, я не ошибся. Человек отказался назвать себя и удрал в темноту». – Ты же знаешь правила! — раздражённо сказал Петр Андреевич. — Если кто-то не называет пароль, нужно действовать немедленно. Как ты можешь быть уверен, что это был человек? Возможно, это были враги, готовившиеся к нападению. – Нет, Петя, — ответил Артем с ноткой уверенности. — Этот звук был совсем не человеческим. И шаги такими никогда раньше не слышались. Я же должен отличать людей от чудовищ! А ведь монстры всегда нападают сразу и без оружия, прямо в лицо. Но этот бежал... Похоже, что-то его испугало. — Ты уже говорил достаточно, Артем! — повысил голос Петр Андреевич. — Время действовать согласно инструкции, а не фантазировать. Это мог быть разведчик противника. Он заметил нас и теперь готовится организовать нападение с большими силами... Возможно, вскоре мы будем убиты вражескими атаками, как на станции Полежаевская. Если бы ты своевременно не избавился от потенциального врага... Артем ощутил холодное беспокойство, представляя путь дальше семисот метров туннеля. Даже думать об этом было страшно. Кто-либо ранее не решался заходить дальше этой отметки на севере. Патрули регулярно проверяли до пятисотого метра, освещая всё вокруг фонариком и немедленно уходили обратно. Разведывательные группы из бывших морских пехотинцев не заходили дальше шестисот восьмидесятого метра. Они прятали свет от сигарет, внимательно наблюдая через приборы ночного видения и быстро удаляясь без лишнего шума. '",42.0
29,29,"'На Третьем транспортном кольце клубился живописный океан из машин, словно каждая была каплей воды, пытавшейся ухватиться за солнечные лучи. Воздух был полон тумана из мельчайших частичек, поднятых вихрями шин, а подземные переходы выливали поток людей на светящийся день. Город дышал жизнью и оживлял каждую клеточку Ильи, который давно томился желанием коснуться Москвы, чувствуя её как своё второе я сердца.\n\n— Мне нужно добраться до Лобни.\n\nСцена на платформе поменялась. Электрички теперь казались белыми кораблями в море чистоты и уюта, с удобными креслами, напоминающими трон для каждого пассажира, в то время как раньше они представляли собой грязные тарантулы со стенами, покрытыми надписями, словно портреты безнадёги. Пол был переплетением земли и шелухи подсолнечника.\n\n— Почему бы тебе не пойти на ледовое представление с участием Навки? — спросила одна из женщин, напоминая о прошлом вдохновении. — Это зрелище покоряет сердце.\n\n— Может быть, но ведь сама Навка теперь связана с этим мужчиной, чей вид усами говорит о влиятельности и силе. Человек, который внушает восхищение всеми своими качествами.\n\n— Но я бы предпочла Сергея Лаврова. Он настоящий герой в моих глазах, — ответила первая женщина с решительностью, свидетельствующей о её убеждениях.\n\nПонять эту беседу было сложнее, чем взобраться на скалу без верёвок. Илья же был занят своим внутренним миром, в котором голод стучался к двери желудка, требуя внимания. Но покупать еду возле станции он не стал, зная ценник, как горы, высотой с небоскрёб. Вместо этого его мысли устремились домой, где ждала матушка с её щами.\n\nТеперь ему хотелось всего лишь вдохнуть аромат этих щей и ощутить вкус ломтика хлеба, размоченного в теплом бульоне. Он представлял себе, как его руки становятся проводниками любви к матери, поднося пищу к губам с осторожностью и уважением.'",45.0
30,30,"'Кот спрыгнул со стула, словно ветер сорвал его с места, и ринулся следом за ним. В комнате Алексей Кириллович поставил чашку на стол, заваленный бумагами, уселся в кресло, положил перед собой стопку страниц и принялся листать их, словно открывая тайны вселенной:\n\n— Да! Вот оно! Верно! Точно! Определим операцию умножения согласно таблице номер три... нейтральный элемент относительно... но, дорогой друг, это абсолютно совпадает с работой Юрковского. Безусловно, поскольку поле упорядоченно, множество базисов можно разделить на две части, зачем он вновь раскрывает общеизвестные истины? Далее. Подобная матрица задаёт преобразование одного n-мерного пространства в другое. Что дальше? Эта информация известна давно, это всего лишь утверждение о разложении матрицы! Шутник.\n\nАлексей Кириллович открыл ящик стола, взял ломтик хлеба под салфеткой и принялся аккуратно отделять крошки, периодически запивая их чаем:\n\n— Продолжим... так... итак... произведение матрицы на число распределительно относительно операции сложения чисел... понятно... дальше... уже знакомо... где именно рассматривается тема линейной комбинации?... так... обозначение Кронекера равно нулю тогда, когда совокупность квадратных матриц формирует алгебраическую систему относительно операций суммирования и умножения... но какое это имеет отношение к делу? Где представлены два тензорных пространства? Ведь они идентичны.\n\nХлебные крошки падали ему на ноги, рассыпались по полу. Кот устроился на диване с головой между лапами, словно влюблённый принц:\n\n— Как возможно классифицировать тензорные величины? Эти объекты принадлежат внешней структуре, глупец... следовательно... почему стоит анализировать билинейную конструкцию? Шутник! Необходимо выяснить характеристики левого тензорного поля, а не характеристику полиномиального выражения... сейчас посмотрим... так... теперь яснее... интересно! Это противоречит принципам евклидова пространства! Очень смешно! Удивительная вещь: полярная запись базовой функции именуется скалярным рассеянием! Ха-ха-ха! Совершенно бессмысленно и никак не связано!'",38.0
31,31,"'Из толпы выходит могучий работник из коровника — громила с широким лицом и массивными плечами. Скидывает верхнюю одежду, надевает перчатки, энергично протирает нос. Мы предвидели этот момент, поэтому Погода Сиволай расстёгивает черный кафтан, снимает меховую шапку и парчовое платье, обнажая мускулистые руки, перевязанные красной тканью. Подмигнув мне, он шагает вперёд, готовый к бою.\n\nВ спорах без оружия Погода Сиволай сильнее большинства противников — невзрачный по росту, но крепкий и проворный. Ударить его лицо трудно, зато получить ответ в полете легко.\n\nОн пристально всматривается в соперника, щурит глаза и трется шёлковым поясом:\n\n– Готов ли ты принять поражение?\n\n– Твое слово будет уместно после боя!\n\nОба противника медленно двигаются по кругу, изучая друг друга. Несмотря на различия в облике и положении — крестьянин против дворянина — они равны духом.\n\nМы окружаем площадку для боя, соединяясь с толпой зрителей. Здесь все равны: нищий, богач, чиновник. Кулачный бой здесь — это особый ритуал.\n\nПогода улыбается работнику коровника и делает замах руками, вызывая его на первый удар своим мускулистым кулаком. Склонившись, Погода ловко наносит удар в живот соперника — хруст! Рабочий вскрикивает от боли, но продолжает биться. Погода снова вращается вокруг него и делает насмешливые движения руками, подмигивая. Однако работнику это не помогает: левый удар по скуле — хруст! правый по грудной клетке — хруст!\n\nРабочий громко кричит и машет большими кулаками, теряя перчатку. Но Погода опять наносит быстрые удары в живот и нос рабочего — резко! Тот отступает назад и теряет равновесие.\n\nСкрещивая пальцы обеих рук, он громко рычит, разрезая холодный воздух движениями тела. Но все напрасно: бах! бах! бах!\n\nМгновенно поражает лицо рабочего — кровь хлещет из раны и глаза опухают. Брызги алой жидкости летят в лучах зимнего солнца, падая на твердый снежный покров.'",45.0
32,32,"'Здравствуй, моя взрослая дочь Алёна! Сердце моё наполнено любовью — это главная нота жизни, но почему мне выпали такие невзгоды? Ведь я обожала своего сына Андрея так сильно, что казалась наивной школьницей влюблённой. И вот теперь моя душа словно замерла: несмотря на моложавый вид, чувствую себя старше своих лет. Встречалась с человеком, который остановился спросить дорогу — грязный, потный и с приторной улыбкой: «Девушка, подскажите, путь к заветному приюту?» Говорил он уверенно, будто знал про тайные соглашения о подарках гранатов и услугах по стирке белья за бесплатное пристанище. В такие моменты мысли у меня текут как у опытного шахматиста — всё в уме на своём месте, а я всего лишь поэтесса. Кто-то предпочитает обращаться ко мне как к Анне Андреевной или Анне Агриппиновне, но для сына моего супруга я остаюсь просто Анной. Когда выступаю перед детворой, они внимательно вслушиваются в каждое слово. Я знаю законы взаимодействия детей и взрослых, а Тимофей всегда рядом — непоседа с улыбкой на лице или взволнованным тиком в уголке глаза. Иногда я поглаживаю его голову, повторяя строки из детской песенки о паре Тамары и её спутника: «Мы с Тамой — пара одна», но неожиданно встречаюсь со странными взглядами устроителей мероприятий. Они серьёзно предлагают пристроить Таму в зрительный зал, считая мои слова реальными намеками на существующую пару.'",45.0
33,33,"'Это случилось давным-давно, когда я стала матерью двоих детей за короткий промежуток времени. Это был мой очередной жизненный провал: в свои почти тридцать лет, с короткой стрижкой и худощавым телосложением, я оказалась среди археологов, где каждый день происходили невероятные события. Наша первая встреча была случайностью — мы рассматривали ржавый обломок под камнем, когда один из участников спросил нас: «Что вы тут делаете?». Увидев меня, он заметил мою неординарность и был поражен. Так началась наша сказка о любви, которая продолжалась день и ночь, когда я бродила по ночным улицам как поэзия после окончания педагогического института, а затем была лишена работы в журнале из-за романа с мужчиной, который был женат на женщине с детьми. Своей глупостью я мечтала о том, чтобы воспитать этих детей как своих собственных. Жена художника поспешила сообщить об этом главному редактору, и вскоре ей предоставили трёхкомнатную квартиру, в то время как мы с любовником жили на грани разрыва из-за недовольства моей матери. После того как я потеряла работу, отправилась добровольцем на археологическую экспедицию, где и появились мои дети Андрей и Алёна. Теперь мы снова живём в маленькой комнатке вместе с матерью, которая не устает повторять свои требования. Мы пребывали во взаимной непонятке некоторое время, пока мой муж проходил через болезненный бракоразводный процесс в Куйбышеве. Его жена приехала, чтобы обсудить важные вопросы и увидела меня беременной с подростком-пятнадцатилетним сыном.'",41.0
34,34,"'Наступление тянулось уже третий день, затерявшийся среди бескрайних полей с мрачными облаками над головой. Утро каждого из этих дней началось в ожидании неизвестности — будто каждый новый рассвет приносил лишь новые тайны и опасность, скрывавшиеся за каждой кустарниковой завесой. Весь день стрельба звучала эхом от лесных зарослей, словно предупреждая о каждом шаге впереди, а наши колонны то и дело замедляли ход, чтобы послать на разведку патрули во все стороны света. И когда наконец показались из тени деревьев пехотинцы, которых не видели уже несколько дней, сердца всех бойцов наполнились надеждой и радостью — как будто после долгих часов в темноте внезапно зажглась лампа, осветившая дорогу к победе. Выяснилось, что наш отряд соединился с южной группировкой наступающих; они прибыли из глубинок севера, как ручейки, присоединяющиеся к большой реке. Их приход был знаком того, что противник остановил свое отступление и собрался встать насмерть за каждую пядь земли — словно стадо буйволов, решивших не уступить место ни единому врагу. Бесконечные ряды солдат появлялись один за другим, исчезая между небольшими лесными островками и холмистыми хребтами — как будто они растворялись в воздухе перед лицом грядущего боя. Этот день был полон надежд на завершение преследования, ведь солнце начинало клониться к закату, а тени растягивались все длиннее и длиннее — как будто сама земля готовилась принять новый день, полный решительных действий.'",41.0
35,35,"'Одесса ввергает гостя с севера в мир незнакомых ощущений, будто город этот — сплав европейской романтики и русского уклада, сотворенный местными правителями. Здесь царят кафе, где собрались учтивые торговцы, словно на балу светских львов. Вечерами горожане гуляют по Дерибасовской, и воздух наполнен флером парижского Сен-Мишеля. Местный диалект звучит так, будто взял да и обрел собственный тембр, с непривычными окончаниями слов — будто язык этот вырос в своем мире и нашел свой путь. Он дышит верой в удачу, как детская мечта о могуществе ловкости, стремясь к успеху любыми путями. В типографии я столкнулся с выпуском вечерней газеты — свежий номер раскрывался стихотворением Городецкого, где одна строчка была изменена, и оно печаталось анонимно. Управляющий рассказал мне, что это творение принадлежит начинающему поэту, который присвоил чужое слово как свое собственное. Без сомнения, среди одесситов есть те, кто честен и уважаем даже по меркам Севера, но они не определяют климат города. Восток же стал землей для активистов будущего, и их символы — Порт-Саид, Смирна, Одесса сама по себе — свидетельствуют о новой эре на горизонте. 10 апреля мы покинули порт на корабле Добровольного флота «Тамбов». Черное море тогда было так спокойно, что казалось бескрайним озером — только под нашим судном волны ласково расходились в стороны. Водная гладь была без пены, лишь тонкая зеленая линия следовала за кораблем, а стаи дельфинов сопровождали нас игриво, показывая свои мокрые спины. С наступлением ночи небо осветили редкие звезды, и вода стала звенеть особой музыкой — неужели кто-то никогда не слышал этих звуков? Утро 12 числа принесло Константинополь. Перед нами предстала картина Босфора с его бригантинарами, белыми парусами и улыбающимися турками на палубах, домами по склонам берегов в окружении кипарисов и цветущей сирени. На горизонте виднелись древние укрепления и зубчатые стены замков под светом особого константинопольского солнца — яркого, но мягкого на глаза. Мимо нас проплыла флотилия военных кораблей европейских держав, символизируя угрозу для этого многолюдного и живописного города. С восходом солнца раздались национальные гимны: английский звучал уверенно, российский торжественно, испанский — так празднично, что хотелось подпрыгивать в такт.'",42.0
36,36,"'Я полагаюсь на тех людей, которые раскрывают мне сторону их личности, невидимую глазу большинства, и вот что меня подталкивает к этому доверию. Я наблюдала за ними лишь со стороны, познавая лишь одну грань их сущности — ту самую, где свет лучей рассеивается в блеске первого утреннего солнца. Однако, когда мы встретились снова в тысяча девятьсот одиннадцатом году, я заметила метаморфозы: его облик стал тенистым и изможденным, словно вырезанный из угольных линий и тумана.'",42.0
37,37,"'Город словно подбросил меня в небеса своим великолепием, и я оставила заметку о нашей встрече с ним. В те же дни возникли рассказы «Три сирени» и «В гостях у смерти». Написание прозы казалось мне загадкой, но в то же время манило своей тайной. Поэзия для меня была родным домом, а вот к прозе я пришла как путник в чужой стране. Мой первый опыт в этой области встретил ликованием тех, кто окружал меня, хотя сама я смотрела на это скептически. Я позвала Зощенко поделиться своей работой, и он убрал несколько строк, одобряя остальное. Это было приятным прикосновением к успеху. Когда арестовали сына, я разобрала весь свой архив в поисках спокойствия, и те страницы исчезли вместе с прочими бумагами как дым от пожара.'",40.0
38,38,"'Степан Петрович едва прикоснулся мыслью к образу девушки, как та словно почувствовала его взгляд и обернулась. Её глаза сверкали веселым огоньком, а улыбка разворачивалась шире, будто заигрывающая роза. Она полушутя спросила с лукавством в голосе: «Степан Петрович, ты что, жулик? Не можешь просто на девушку посмотреть без уплаты долга? Подойди поближе и давай немного поболтаем.» Парень внутренне подскочил от испуга, но внешним видом не выдал своих переживаний, сохраняя уверенность в движениях, как камень на берегу моря во время шторма. Девушка была загадкой и мощью, но всё же она всего лишь представительница прекрасного пола. Такому молодому человеку неловко показывать страх перед девушкой, поэтому он ответил: «Нам уже светает позже положенного, надо идти за нужной травой.» Девушка снова разразилась смехом и заявила: «Ты не солгал, Степан Петрович? Я серьезно — подойди ко мне, есть дело важное.» Парень осознал, что у него нет другого выхода. Подошел к ней, а она жестом руки попросила обогнуть камень с другой стороны. Обойдя руду, он столкнулся с целым миром ящериц разнообразных видов — зелёные, голубые с оттенками синего, глиняного цвета или песчаных с золотыми пятнами. Некоторые были прозрачными, словно стекло или слюдяные пластинки, другие тусклыми, похожими на увядшую траву и еще разные с красивым рисунком. Девушка продолжала смеяться: «Оберегай своих маленьких помощников, Степан Петрович, ты такой великан среди насекомых.» Она хлопнула в ладони — ящерицы моментально разбежались, освободив путь. Он подошел ближе и остановился, а девушка вновь захлопала руками: «Ты теперь шаг сделать не можешь. Уничтожишь одного из моих помощников — неприятности тебе обеспечены.»'",42.0
39,39,"'Не взяли парнишку на завод, ведь он был слишком слабым для такой работы — даже неделя его бы сломала. Приказчик решил отправить его пастухами коров и поручил старому пастушку обучение этого мальчишки. Однако Данилко здесь не справлялся, как лодка без руля в бурном море. Он был послушным учеником, но всё равно постоянно ошибался — словно звёзды, что сверкают ночью, а днём скрываются за плотной завесой туч. Время от времени он погружался в свои мысли, словно ручей, уходящий под землю, и его взгляд блуждал куда-то далеко, теряясь на периферии внимания старого пастуха. Данилко мог часами наблюдать за какой-нибудь травинкой или букашкой, а стадо тем временем разбегалось в стороны. Ветреным дед был добрым сердцем и терпеливым учителем, однако иногда злился как сорока на дождь: \n— Что из тебя выйдет, Данилко? Сам ты погубишь свою жизнь, а я за твои ошибки расплачиваться буду. Как можно так рассеивать внимание? О чём задумался? \n— Не знаю, дедушка… Просто смотрел, как букашка ползёт по листку. Она сама синенькая, а под лепестками желтые пятнышки видны, и края листьев острые — наподобие узоров на старом платье… А цвет такой, словно только что свежевыкрашенный. \n— Ты совсем головой не соображаешь? Насекомых изучать тебе надо или пастухом быть? Пусть ползёт себе дальше, а ты за стадом следи. Если это повторится ещё раз, я доложу приказчику! \nЕдинственное занятие, которое удавалось Даниле — играть на рожке. Он играл так хорошо, словно выучился этому в лучших музыкальных школах. Вечерами после того, как стадо вернётся домой, девушки и женщины просили его сыграть что-нибудь: \n— Сыграй нам песню, Данила. \nИ начинал он играть мелодию, такую необычную, словно шёпот леса или журчание ручья. Женщины полюбили его музыку и стали помогать ему всеми силами: одни чинили одежду, другие отрезали ткань для портянок, третьи шили новые рубашки. За столом уже не было споров — каждая старалась угостить вкуснее и больше других. Старый пастух тоже любил песни Данилы, но когда начинал играть он, словно ветер играющий с листьями осени, забывал обо всём вокруг. Именно во время одной из таких мелодий случилось несчастье.'",42.0
40,40,"'В избушку, словно огонь, ворвалась рыжая тень с черной полосой на спине – собака Травка. Под глазами у неё зияли глубокие тени, как будто она всю ночь провела за книгами, задавая непрерывный внутренний вопрос: «Почему хозяин меня здесь ищет?». Антипыч взглянул на нее с особой теплотой – собака мигом уловила его намерения. Он приглашал её не для деловых бесед, а ради того самого дружеского поцелуя в воздухе, игры без цели и границ. С каждой секундой Травка становилась все ниже, словно погружаясь под воду, пока полностью не разлёглась на полу возле колен Антипыча, выставив белый живот с двенадцатью тёмными сосками, будто морской прилив. Когда старик протянул руку в её сторону с намерением почесать за ухом, собака словно взорвалась от радости, запрыгнула на него и принялась облизывать лицо: нос, щёки, губы. «Хватит, хватит», - сказал Антипыч, вытирая слюну рукавом. Затем он ласково провел по её голове и добавил: «Достаточно, Травка, возвращайся». Она развернулась и ушла во двор, оставляя за собой лишь тихий шёпот травы под её шагами. — Вот так-то, ребята, - проговорил Антипыч. – Это Травка, собака, способная понять любой жест или слово хозяина, в отличие от вас, что задаете вопросы о том, где находится правда. Но приезжайте ко мне, и я всё расскажу. Если упустите момент, он станет известен только Травке. Вскоре после смерти Антипыча началась великая война. Никто не занял его место, и дом стал заброшенным кладбищем прошлого. Он ветшал, как старый человек без поддержки, пока стены не рухнули, словно карточный домик при дуновении ребёнка. Вскоре высокие стебли Иван-чая проросли сквозь древесные остатки, покрыв землю алыми цветами, оставив от дома лишь небольшой бугор. Собака же нашла своё место в хранилище картофеля и обрела новую жизнь среди лесных просторов.'",42.0
41,41,"'Тот, кто никогда не сталкивался с чудом клюквенного бора, может пройти сквозь зыбучие просторы болота и остаться неприметным свидетелем этого волшебства. Например, черника возносит свои хрупкие стебельки к солнцу, укутанные крылатыми листочками, а на кончиках их таят маленькие чёрные мазки с сероватым пушком — это её сладкое богатство. Брусника же одевается в ярко-красные плоды и глубокую зелень, что словно не прячется даже зимой; так часто многочисленны эти малыши, что почва кажется красным ковром под ногами. Голубика добавляет своё благородство синими ягодками, которые растут тесными группами, как мечты рядом друг с другом. Иногда в укромных уголках появляется и костяника — рубиновые грозди, будто небольшие алмазные трофеи для любознательной руки. Но только весенняя клюква осторожно прячется среди землиного фона; её маленькие красные точки раскрываются лишь при большом соблазне, когда смотришь вниз и видишь целую группу ягод, спрятанных под небольшой сеточкой. Тот, кто нагнулся за одной ягодой, обнаружит истинное великолепие: каждая ягода — это лишь крохотная капля в потоке красного золота, тянущегося глубоко под почвой. Возможно, именно эта редкость и делает её такой желанной весной: её необычайное благородство вкупе с целебными свойствами и удивительным вкусом напитка превращают клюкву в настоящий эликсир. Но независимо от причины, сборщики этой ягоды часто погружаются в алчное безумие: кто-то захватывает столько, что не может унести свой улов домой, предпочитая рискнуть всеми трудностями ради собственного богатства. А другие, столкнувшись с конкурирующими собратьями, становятся ещё осторожнее, боясь столкновения, и двигаются молча, как тени среди болотных зарослей.'",45.0
42,42,"""История началась с прогулки по берегу, которая незаметно превратилась в захватывающее расследование. В один из теплых дней осени Нейша Ринд и её сын Кея отправились исследовать пляж Ocean Beach в Тайруа, городке на Коромандел-пennisula. Серферы местности давно знали каждый сантиметр этого участка побережья, но океан решил преподнести им нечто совершенно особенное — находку, что может стоить гораздо больше, чем просто прекрасный день для серфинга или рыбной ловли. В тот день волны принесли с собой кое-что необычное среди обломков древесины и морских отбросов, выброшенных приливами на песок пляжа. Кея заметил странный предмет, который семья сперва приняла за камень или покрытый водорослями кирпич. После тщательного осмотра и очистки от ракушек и соли стало ясно, что это обычная бутылка объемом один литр из-под виски Jack Daniel's. Внутри неё обнаружился аккуратно сложенный лист бумаги — послание, которое возможно, уже перестало существовать для его автора, но все ещё хранило важные воспоминания и тайны о прошлом. Извлечение пробки раскрыло содержимое внутри как истинное послание, а не шутку или розыгрыш. Оказалось, что письмо было написано 17 февраля 2002 года, и его автор представился под именем Джек, сообщив о том, что занимался рыболовством в районе островов Олдермен, популярного места лова недалеко от Коромандела. Однако воздействие морской воды негативно сказалось на прочности бумаги, и большинство строк стерлось, оставив лишь имя автора и дату написания послания. Такая находка неизбежно вызывает волнение в сердцах тех, кто её обнаруживает, словно страницы из романов Жюля Верна, где герои пытаются выследить человека по подсказкам, полученным от него через морскую гладь. В реальности же история эта оказалась куда более обыденной, но не менее захватывающей — бутылка дрейфовала в водах Тихого океана около двух десятков лет. За это время она могла обогнуть всю Землю или пребывать долгие годы в мощных течениях Тасманова моря, прежде чем вернуться к месту своего запуска. Нейша Ринд поделилась находкой с миром через интернет, надеясь, что современные технологии позволят скорее отыскать отправителя её сообщения, нежели герои романов девятнадцатого века. Однако пока ответа не последовало, и социальные сети уже полны шуточек о том, что Джек в свои сорок восемь лет мог стать отцом семейства или даже дедушкой, забыв давно о своём послании. Случай такой сохранности письма крайне редкий — специалисты утверждают, что большинство стеклянных бутылок разрушаются в первые месяцы своего путешествия по водам океана. Но даже вероятность того, что одна из них может остаться невредимой на протяжении четверти века, считается настоящей удачей. Теперь Кея и его мама ждут с нетерпением возможного отклика от автора послания, чтобы узнать подробности о рыбалке в далёком прошлом.""",42.0
43,43,"'С тех пор как Игорь Краснов возглавил Верховный Суд Российской Федерации, в судебных кругах повеяло новым холодом, вынудив многих судей покинуть свои посты под гнетом укоризненных взглядов и тяжких обвинений. Инсайдеры из РИА Новости раскрывают последние эпизоды этой судебной метаморфозы.\n\nПервым камнем в эту новую реальность стал случай с судьей Виктором Мамотовым, чьи полномочия были аннулированы решением коллегии. Его имущество было конфисковано и передано казне, насчитывающее более девяноста семи объектов стоимостью почти в девять миллиардов рублей.\n\nЗа короткий срок, как говорится, '",45.0
44,44,"'Ученые сотворили биопленку, что замедляет проникновение воздуха и пара как крепкий замок. Месяц спустя — она тает в природе, словно зимний снег под весенним теплом.\n\nСегодня пластиковое королевство хозяйничает на каждом шагу, его мусорные короны украшают полигоны и океаны. Стоит ли говорить, что этот гигантский горб проблем накладывает тень на планету? Ученые вглядываются в будущее, где природный кокон защищает, не принеся ущерба. Но пока экологические пленки, с их невинной чистотой, недостаточно храбры для защиты от влажности и непогоды.\n\nИ вот из лабораторий Технологического института Джорджии доносится зов нового века: биопленка, рожденная из садов и лесных чащоб, кухонь наших домохозяек. В ее составе целлюлоза — душа растений, хитозан — оболочка морского и грибного царства, лимонная кислота — сладкая соль цитрусовых. Через искусную переработку эти элементы становятся защитным слоем, непроницаемым для влаги и воздуха.\n\nЭта пленка растворяется сама собой, не оставляя следов на почве — как сон под утро. Профессор Карсон Мередит из innovanews.ru подчеркивает: эта биопленка порой превосходит пластик в защите продуктов от порчи. Однако для полного растворения требуется особый климатический алтарь — определенная температура, влажность и микроорганизмы-жрецы. На обычных свалках она остается такой же неприкасаемой как и пластик.\n\nНа сегодняшний день это всего лишь сокровище лаборатории — опытный образец для исследований. Реальная упаковка из такого материала пока слишком жесткая, словно зимний треск ветвей под ногами. Вероятно, потребуется добавить пластификатор, чтобы она стала мягкой как майский дождь.'",40.0
45,45,"'Эксперты утверждают, что кошки обладают осязаемым даром чувственного восприятия. Их носки проникают в запахи с невообразимой точностью, разбирая ароматы на сотни оттенков, слуху доступны звуки из скрытых глубин вселенной, а глаза словно бинокли для микроскопических тонкостей. В итоге эти хвостатые мастера наблюдательности воспринимают любую перемену в своем мире мгновенно: изменение в голосе владельца или небольшом сдвиге настроения — всё это становится известно им, словно по тайной связи. Научные изыскания указывают: кошки способны распознавать наши эмоции через игру мимики и речевых интонаций, будто читая нашу душу в движении глаз и жестах рук. Однако они не берутся за диагностику болезней; их реакция на перемены — лишь отклик природы, а не медицинский анализ. Пример с тепловым притяжением больных мест объясняется просто: воспалённые участки тела выделяют больше тепла, а кошки, будто термометры на четырёх лапах, ищут тепло, что создает иллюзию комфорта, но не лечит. Исследователи подчеркивают: утверждения о диагностических способностях кошек в области онкологии — плод фантазии; собаки, обучаемые по запаху крови, отличаются от кошек своей тренируемостью. Единственное научно обоснованное преимущество контакта с кошками — это снижение стресса и тревожности у их хозяев, словно маленькие помощники в борьбе за душевное спокойствие.'",45.0
46,46,"'Народные руки земледелия разделили эволюционные ветви современных штаммов данной бактерии примерно пять тысяч лет назад, когда первобытное общество начало обустраивать постоянные жилища и сталкиваться друг с другом чаще. Такая плотность жизни могла способствовать расширению географического распространения и увеличению разнообразия болезнетворных микроорганизмов, передаваемых преимущественно через капли слюны и тесные контакты. Стрептококк стрептококкус пирогенес обнаружили в останках людей, живших в Европе и Африке около четырёх тысяч лет назад — как если бы история человечества сама рассказала эту историю болезни через века времени и пространства. Один штамм, найденный в мумии древней Боливии, мог выделиться ещё раньше, примерно десять тысяч лет назад, предполагают учёные — словно старинная книга сохранила тайну его путешествий от Сибири до Южной Америки, где он стал свидетелем первых колонизационных волн из Европы. Эти мигранты преодолели Берингов пролив двадцать две тысячи лет назад и начали медленное заселение Северной Америки, а затем и её южного побратима — будто ставшие народы переписывали историю болезней вместе с собственной историей. До создания современных антибактериальных лекарств скарлатина была одной из главных угроз детям, порождая инвалидов и лишающая их зрения и слуха — как будто она пряталась под маской натуральной оспы или дифтерии до тех пор, пока учёные не раскрыли её истинную сущность. До этого момента она часто ошибочно считали проявлением коревой краснухи и других инфекций — как будто бы эти болезни всегда следовали за людьми в новых землях, настигая местное население не подготовленным к их встрече. Однако современные умы научного поиска склонны думать, что такая картина слишком примитивна и может быть даже ошибочной. Возможно, не только пиогенные стрептококки, но также и многие другие микроорганизмы-возбудители уже существовали на континенте тысячи лет до прибытия европейцев — как будто бы история болезней писалась в тайных архивах природы. Подтверждение этой гипотезы дают новые исследования, касающиеся таких заболеваний как сифилис и лепра.'",41.0
47,47,"'Ирбитский мотоциклетный завод задумал создать байк, способный разогнаться до невиданных высот — 150 км/ч без коляски и 120 км/ч с ней. Для тех времён это было подобно взлёту ракеты из тесной ангарной мастерской советского авиазавода середины века: высочайшего уровня задачи при крайне ограниченных возможностях.\n\nРабота над этим чудом техники велась за закрытыми дверями, словно шпионская операция. В 1963 году из гущи секретности вырвалось первое воплощение — мотоцикл, где сердце и душа «Урала» встретили новые времена: двигатель, получивший мощный прилив сил до 50 лошадиных сил и увеличенного рабочего объёма до 1040 куб.см, стал мотором революции. Однако крылья чуда не расправились так широко, как того ждали: максимальная скорость составила всего лишь 130–132 км/ч, но даже это было подобно вспышке радуги для окружающих.\n\nВ далёком 1967-м завод выпустил ограниченное издание этих мотоциклов — примерно два десятка единиц. Каждый был собран с любовью и кропотливостью, как произведение искусства под заказ: из-за дефицита компонентов и редких деталей каждый экземпляр был уникальным. Величественные затраты на разработку преградили путь серийного производства, а эксплуатация этих машин стала делом для истинных ценителей — с трудностями ремонта и отсутствием запчастей.\n\n«Урал М-100» стал легендой советского мотопрома. Эти байки служили в ГАИ десяток лет, прежде чем их память уступила место новым времённым волнам. Сейчас о них помнят лишь энтузиасты и коллекционеры, а настоящие экземпляры стали диковинкой.\n\nЗавод Ирбитский снова стремится к вершине популярности. В начале 2026 года появился «Урал Нео 500» — современный вариант классики. Этот байк оснащён двухцилиндровым двигателем объёмом 446 куб.см и мощностью в 35 л.с., светодиодной оптикой, электронными приборами и камерой переднего обзора. Внешне он напоминает современные туристические мотоциклы, а создание модели стало совместным проектом с крупным партнёром, ориентированным на международный рынок.\n\nИстория «Урал М-100» показывает, что даже самые смелые технические решения требуют учёта реалий промышленности. Сегодня завод ищет новые горизонты в области технологий и международного сотрудничества для занятия своих позиций на мировой арене мотоциклетной индустрии.'",42.0
48,48,"'Технические характеристики и материалы - сердце звуковой плоти и крови модели Truckster. Комплектующие, как мозаика драгоценных камней, составляют внутренний мир инструмента, в котором каждая деталь играет ключевую роль в создании мощного резонанса и глубокого звучания, завораживающего сердца музыкантов жанра рока. Корпус из красного дерева - это крепость для мощи, кленовый топ придает инструменту лёгкости, а гриф из махагони вклеенный как душа, связывающая всё воедино, обеспечивая длительное и чистое эхо звуков. В сочетании с активными звукоснимателями EMG, модель Truckster становится верным товарищем на гитарных баталиях, предоставляя мощный и ясный сигнал без помех, как гордый воин, готовый к бою. Подписанные Хэтфилдом инструменты - это не просто железо и дерево, но произведение искусства с душой мастера, которое ценят за качество и надежность.'",42.0
49,49,"'Как распознать скрытые пороки старого дома\n\nВ первую очередь не спешите приобретать жилище на вторичном рынке зимой или в глубине осени: именно тогда недобросовестные продавцы стремятся замаскировать серьёзные неполадки с основанием, которое может стать камнем преткновения. Такие изъяны часто служат причинами убыточных сделок, что подтверждает директор строительной компании ""Дом Лазовского"" Максим Лазовский.\n\nПосле того как вы минуете проверку основания, обратите внимание на качество скрытых работ. Ошибки в теплоизоляции и гидроизоляции являются тайными демонами недвижимости, способными привести к серьёзным последствиям. Проведите осмотр подвалов — там скрывается многое из того, что днем с огнём не сыщешь.\n\nВ индивидуальном жилищном строительстве (ИЖС) риск возникновения непредвиденных ситуаций велик. Неверно выбранный тип грунта, недостаточное сечение свай или изначально неудачный вид фундамента могут стать предвестниками будущих бедствий. Кроме того, отсутствие обработки древесины против вредителей может привести к тому, что жуки уничтожат значительную часть деревянных элементов здания. Учитывая масштабность проблемы, рекомендуется пригласить специалиста для проведения тщательного обследования потенциальной покупки.\n\nНе забудьте проверить документы на дом и разрешение на строительство. Объект может оказаться самостроем или подверженным серьёзным изменениям в окружающей среде, например появлением промышленных предприятий или новых транспортных магистралей поблизости.\n\nВ заключение, совет Максима Лазовского — изучите генеральный план развития вашего населённого пункта, чтобы получить полную картину возможных рисков.'",42.0
50,50,"'Продукт, ставший несправедливой жертвой недобросов심ных экспертных отзывов — обычная свекла или мангольд. Долгое время эти овощи использовались лишь как цветные аксессуары в таких блюдах, как винегрет и борщ. Сегодня в Европе популярны диеты с обилием блюд из свеклы и её листьев — питательных, богатых железом, витамином C и йодом, сладких на вкус и без горечи.\n\nВ своей чарующей природе свекла содержит вещество, драгоценное для тех, кто стремится к стройности — бетаин. Согласно мнению диетолога Светланы Бережной, этот компонент препятствует накоплению излишних жиров и помогает организму усваивать полноценный белок.\n\nКроме того, в свекольном соке обитают ферменты, поддерживающие водно-солевой баланс тела и способствующие естественному освобождению излишней жидкости. Это особенно полезно для людей малоподвижных или склонных к отекам. Чтобы справиться с двумя-тремя лишними килограммами, достаточно лишь нормализовать водно-солевой обмен и предотвратить накопление избыточной жидкости в тканях.\n\nСвекла также богата клетчаткой и веществами, стимулирующими работу кишечника и желчного пузыря. Однако её слабительное воздействие не стоит игнорировать.\n\nЭтот овощ подходит для разгрузочных дней. Но отваренная свекла вовсе не обязательно должна вызывать тоску — из неё можно приготовить множество вкусных, аппетитных и бюджетных блюд.\n\nВ сто граммах свеклы содержится всего сорок калорий. Она сочетается как с селедкой и зеленью, так и менее удачно — со специями и копченостями.'",42.0
51,51,"'Росреестр Петрограда подал сводку за первые три месяца двадцать шестого года. Вступительная глава года оказалась ковром из разноцветных нитей: число ипотечных займов и договоров строительного партнёрства выросло, но вторичный рынок смотрел на мир сквозь тусклые очки без заметной активности. \n\nВ сфере ипотеки разгоралась настоящая буря. За период зимнего ветра до весеннего тепла 2026 года в Петрограде поставили печать на 28 346 ипотечных соглашений, что на четверть превысило предшествующий год (24 943). Это говорит о том, что покупатели продолжали строить свои жилища из писем с небольшими ставками, несмотря на узкую улицу спроса.\n\nИ на первичном рынке разливался свет. По данным Росрегистра Петрограда, в первый квартал двадцать шестого года было подписано 10 299 договоров строительного партнёрства, что на десять процентов больше, чем годом ранее (9366).\n\nНо общая сумма сделок с уже построенными домами лишь слегка приподняла занавес: разница в количестве зарегистрированных прав собственности составила всего 257 единиц. В первом квартале двадцать шестого года численность была равна 21 890, год назад — 21 633.\n\nНапомнить, что в январе текущего года число договоров строительного партнёрства увеличилось почти до полутора раз. В январе двадцать шестого года их было 4262, что на пятьдесят семь больше, чем годом ранее (2707). За первый месяц и февраль 2026 года в Петрограде отметили регистрацию 8601 ипотечного соглашения, против шести тысяч шестисот сорока за аналогичный период прошлого года.'",45.0
52,52,"'Вместе с отменой государства льготной ипотеки, что обрушило волну активности в строительстве частного жилья, многие компании, одновременно трудившиеся над множеством проектов, оказались на гране финансового провала и вынуждены были свернуть свои операции. В частности, Александр Свитеньков из «Загородной недвижимости Урала» поделился, что из тысячи предприятий ранее работавших в сегменте индивидуального жилищного строительства Екатеринбурга, сегодня активны лишь немногие десятки. Их финансирование пришлось на уменьшенные объемы банковских кредитов – около 50-100 миллионов рублей, что недостаточно для прежних темпов строительства. Свитеньков привел цифры: «Несколько лет назад наша компания возводила сто домов ежегодно. В прошлом году было построено всего 28 домов, а текущий год начался с планами на постройку лишь двенадцати-пятнадцати объектов. Из-за спада объемов работы нам пришлось урезать штат: число сотрудников офиса сократилось с тридцати семи до десяти, а на строительной площадке осталось всего от пятидесяти до восьмидесяти человек из четырехсот».\n\nЭдуард Богданов отметил скачек цен на загородную недвижимость в 2025 году – увеличение примерно на пятнадцать процентов. Однако дальнейшего роста не наблюдается: «Сегодня можно найти предложения со скидками, широкий выбор предложений среди земельных участков и готовых домов. Я ожидаю возобновления ценового роста к периоду 2027-2028 годов после восстановления привлекательной ипотечной ставки, что должно вернуть покупателей на рынок».\n\nЭксперты предрекают, что в течение 2026 года сегмент индивидуального жилья переживает период трансформации. Порог для компаний с низким уровнем капитала и некачественным продуктом будет слишком высок: они покинут рынок, тогда как успешные организации с эффективными стратегиями сохранят свои позиции.\n\nАлександр Игнатов подчеркивает переход рынка из хаотичного состояния к более стабильному. В будущем успех будут обеспечивать не просто проекты застройки, но комплексное предложение для конечных потребителей: земельный участок с коммуникациями, дорогами и необходимой инфраструктурой, а также прозрачными юридическими условиями. Такие предложения смогут собрать большую часть спроса.\n\nОднако для реализации крупных проектов требуется финансовая поддержка не только застройщиков, но и государственных структур по части развития инфраструктуры дорог и коммуникаций, что пока остается недостаточным.'",50.0
53,53,"'В небесах биткоин-сообщества собрались тучи из-за возможных гроз квантовых технологий, расколотившие его на два лагеря: те, кто видит в них предвестника добровольного обновления защит, и сторонники принудительной изоляции наиболее уязвимого золота. Позиции разработчиков стали такими полярными, словно они находятся на разных планетах, где дышит только один вид воздуха — либо благоприятный для прогресса идей Адама Бэка из Blockstream о добровольном переходе к новым укреплениям безопасности, либо зловонный атмосферный шлейф Джеймсона Лоппа, предлагающего ограничить оборот миллионов сокровищ в долгой спячке, включая неприкосновенные запасы Сатоши Накамото.\n\nСпор, когда-то казавшийся лишь игрой света и тени на стенах идеологического шатра, стал реальной бурей после весеннего открытия в Гугле. В документе более пятидесяти страниц раскрыли методы сокращения расходов на взлом криптографических замков, которые обеспечивают безопасность не только биткоину и эфиру, но и многим другим цифровым кладовым. Исследователи прогнозируют, что грозные аппараты способны прорвать эти запирающие механизмы уже в конце нашего десятилетия — гораздо раньше ожидаемых 2030-х.\n\nВопрос безопасности старого золота теперь стоит так остро, словно висит над ним сам дьявол. Согласно учёным из Гугла, общая сумма таких активов составляет около двух миллионов биткоинов, что приравнивается к сотне миллиардов долларов на текущий момент.\n\nВзлом с помощью квантового компьютера предполагает возможность восстановления приватного ключа пользователя по открытому. Хотя сейчас это кажется невыполнимой задачей для обычных процессоров, квантовые алгоритмы могут сделать его под силу уже скоро.\n\nПервый сценарий видится как небольшая капля угрозы, когда злоумышленник получает доступ к активам посредством расчёта приватного ключа для открытых уже адресов. Второй же — это настоящая буря: когда преступник перехватывает транзакцию до того, как она попадёт в блок цепи, добывает открытый ключ и вычисляет приватный, заменяя оригинальную запись своей. Такой способ атаки угрожает не только старым сокровищам, но и всему движению внутри сети.'",42.0
54,54,"'Семь красавиц сталинских высоток будто магнит для столичных горожан и путешественников со всего света. Каждый желающий, прогуливаясь по Москве-на-семи-холмах, окунется в историю строителей и художников эпохи бетонных гигантов, узнает о тайниках советских органов безопасности и секретах садово-парковых ансамблей. А одна из экскурсий обязательно поведает легенду об атомной радиации у главного университетского небоскрёба. За словами руководителя туристического бюро '",42.0
55,55,"'На круглом столе под знаком «Кадры для цифрового авангарда: как воспитать инженеров будущего», Алексей Нечаев, лидер партии «Новые люди», сразу же пошёл в лоб и начал разговор с проблемы распознавания лиц. Он подчеркнул, что хоть поговорка о том, что учителем быть не так просто — вещь известная, всё ещё есть к чему приложить руки. Затем он рассказал собравшимся, что все присутствующие владеют знаниями в области механического обучения, а также знакомы с тем, как это влияет на облик нашего языка. По мнению спикера, дополнительные комментарии были не к месту, так как тема была по зубам и понятна всем из зала. Когда разговор заходит о роботизации, дискуссия о возможных альтернативах часто остается за скобками. Это потому, что раньше труд человеческих рук был копейкой в кармане — около двадцати тысяч рублей в месяц. Теперь же такой минимум исчез из поля зрения, следовательно, рабочие могут рассчитывать на более достойную зарплату. Таким образом, следует признать, что оплата труда в размере двадцатки — явление прошлого, ведь человеческую ценность не измеряют деньгами. Затем Нечаев поделился примером своего детища «Фаберлик»: за последние десять лет благодаря постепенной цифровизации и роботизации производство стало работать как по-настоящему нарасхват, повысив эффективность в двадцать раз. Заработная плата тех, кто продолжал трудиться после перехода к автоматизации, поднялась примерно в три раза. Но докладчик акцентировал внимание на том, что речь шла только о тех сотрудниках, которые не покинули корпорацию при переходе на новую систему работы. После анализа этих данных он сделал вывод: значительный скачок в производительности сопровождался лишь относительно скромным подъёмом зарплаты.'",42.0
56,56,"'Адриан Лахдо — юный талант, чья ценность когда-то считалась мизерной в 1 миллион евро, но теперь превратилась в сказочное богатство для клуба «Комо», заплатившего за него двенадцать миллионов. В свои восемнадцать лет он уже стал непреложным камнем обороны национальных сборных Швеции, олицетворяя собой надежность и стабильность, несмотря на то что профессиональный опыт его в основном составе пока лишь наброски. В дебютном сезоне за «Хаммарбю» Лахдо расписал несколько строк своего футбольного эпоса: неполные двадцать матчей, но каждый из них — словно капля к алмазу, скрепляющая мозаику его мастерства. Тем не менее, в глазах многих экспертов таких достижений недостаточно для признания игроком элитного уровня, однако именно эти строки и стали ключом к новой главе в жизни молодого защитника.\n\nВ клубе «Комо» ожидают своего героя: традиционно они строят будущее из юных дарований Европы, часто превращая их в звезды. И если специалисты итальянского клуба заметили в Лахдо нечто особенное, то теперь его талант — это уже не капля в море, а целое озеро возможностей.\n\nКадер Мейте — игрок с ценностью в 10 миллионов евро, который перешёл в клуб «Аль-Хиляль» за тридцать миллионов. Этот переход не стал откровением для многих: ведь команды Саудовской Аравии известны своей щедростью и тенденцией к большим расходам на игроков, независимо от их характеристик.\n\nС ранних лет Мейте тренировался в академии французского клуба «Ренн», где прошел путь от юного воспитанника до перспективного игрока основы. Его отличали уникальные способности: верховая борьба, эффективность как в центре атаки, так и на фланге, надежность при ударах соперников, техника контроля мяча корпусом и устойчивость к давлению. Он стал заметной фигурой в молодёжной сборной Франции до 21 года, однако переход в Саудовскую Аравию выглядит как выбор между финансовой наградой и возможностью дальнейшего профессионального роста. Похоже, что для Мейте золотые горы финансов оказались более привлекательными, чем путь к славе.'",42.0
57,57,"'Компания DFC Intelligence раскрыла свои видения о текущем состоянии игрового рынка консолей, изложив их в публикации на страницах VentureBeat.\n\nСогласно экспертным заключениям, новая игрушечная коробочка Nintendo Switch 2 выглядит как будущий лидер. Аналитики уверены, что она станет любимцем среди игроков ближайшие пару лет. Ее успех будет подкреплен двумя факторами: всплеск интереса к персональным компьютерам и выпуск уникальных видеоигр.\n\nЭксперты считают, что эта консоль обладает яркими перспективами на рынке благодаря высокому спросу на компактные игровые устройства. Стоит отметить отсутствие подобного класса устройств среди главных конкурентов — Sony и Microsoft.\n\nКроме того, упомянуты особенности программной составляющей Nintendo Switch: более 80% игр для платформы выпускаются непосредственно самой компанией или ее дочерними студиями. Это впечатляет по сравнению с PlayStation, где почти все игры создаются сторонниками.\n\nИсследователи также заметили высокую популярность Nintendo Switch среди владельцев персональных компьютеров: согласно данным, около 44% пользователей ПК имеют эту консоль в своем арсенале.\n\nПрезентация модели Nintendo Switch 2 состоялась в апреле. Новая версия представлена с дисплеем диагональю семь дюймов восемь десятых, частотой обновления экрана сто двадцать Гц, новыми контроллерами со скрытыми магнитными креплениями и функцией увеличения разрешения графики до формата 4К.'",39.0
58,58,"'Исторические локации и свежие идеи\nКомпания «Балтийская коммерция» приобрела кусочек истории в сердце Новгородской улицы, 14, распуская весенние семена надежды весной 2024 года. Здесь прежде цвело здание бизнес-центра класса С, а рядом уже зацвел жилой микрорайон «Форсайт», принадлежащий одной и той же душе.\n\n«Балтийская коммерция» вплетает свои нити в узор исторического Петербурга с конца девяностых годов. Последние её шедевры включают преображение советского лицея на пр. Представителя Римского-Корсакова и строительство элитного жилого квартала у станции метро «Чкаловская». Песков — это корона города, но после 2010 года здесь начали появляться новые витражи в виде домов бизнес-класса.\n\nЖители района хранят его спокойствие и негромкий шёпот истории. Эксперты подмечают, что Песков ещё держит в себе промышленные острова — наследие прошлого, когда здесь гудели заводы.\n\nРынок элитного жилья и горизонты будущего\nС начала 2024 года в центре Санкт-Петербурга распустились два новых жилых цветника с общей вместимостью на 448 квартир: премиумный «Моисеенко 10» и объект бизнес-класса N8. К тому же, плетутся новые проекты: ЖК ПСК и реконструкция Мытного двора. Свободные земли для нового строительства здесь почти исчезают, но спрос на элитное жильё остаётся вершиной гор.\n\nБрокеры отмечают, что единичные свободные участки ещё присутствуют в районе пл. Возрождения и улицы Черняховского. Основной потенциал для расширения центра лежит между Синопской набережной и Новгородской улицей, где компания «ТГК-1» планирует запустить крупный проект редевелопмента Центрального теплового энергетического комплекса. Проект видится как создание общественного пространства, связанного с городскими строениями и набережной; уже одобрен первый этап, который включает зону отдыха и заведения для общения.\n\nСанкт-Петербург продолжает вздымать свои горы: старые исторические районы превращаются в новые жилые комплексы, создавая уникальное сочетание прошлого и будущего.'",42.0
59,59,"'В списке трех главных претендентов на высшее призовое место, аналитики особо выделяют швейцарских хоккеистов. Они уже несколько сезонов подряд гонятся за вершиной турнирной таблицы: дважды в последние годы достигали полуфинала. Может быть, игра на собственном льду окажется для них фортунным фактором. В команде будут играть практически все звёзды страны, среди которых прославленный Роман Йоси, подобно вершинам Альп, возвышающийся над остальными своими достижениями и мастерством.\n\nШведская команда тоже представляет собой мощную силу. Эта группа игроков объединяет представителей НХЛ и европейских чемпионатов. Лидером является ключевой человек команды '",42.0
60,60,"'Бычья акула слывёт своим натиском и раздражительностью. С белыми же собратьями большинство из нас знакомо не понаслышке, ведь их история полна приключений. Но ни одна из этих хищниц не рискнёт погрузиться в холодные воды Черного моря, пусть даже и в самых жарких снах. Им нипочём не пересечь эти кристально-голубые просторы, так как они предпочитают океанскую гладь и тёплую родину своего детства — Атлантику или Тихий океан. Длиннокрылые и серые акулы тоже не робеют перед опасностями, но и их сердца холодны к чёрным водам Кавказа. Они знают: сюда им ни ногой, ведь черноморские глубины — это пропасть для таких гигантов. И вот почему они усматривают здесь лишь непроходимые барьеры и запретные дали: \n\n1. Вода в этих широтах пронизана холодом, особенно зимой, когда многие из них прячутся от мороза глубоко под водной гладью родных краёв. Акулы предпочитают уют и тепло.\n2. Здесь еды маловато для таких прожорливых хищников — недостаточно, чтобы прокормить этих исполинов целый год. В их рационе рыбы в изобилии, а тут — лишь скудные запасы.\n3. Солёность здесь настолько невысока, что она не радует обитателей морских глубин. Акулы ищут свои уютные пристанища там, где вода кипит от соли — их настоящий дом.\n4. Почти девяносто процентов воды здесь наполнено сероводородом, что для них — словно яд. Им известны эти опасности, и они инстинктивно уходят прочь от таких мест, где газ висит в воздухе толстой пеленой.\n5. Экологическая система Черного моря деградирует день за днём, обстановка становится всё более неблагоприятной для них.\n\nВ заключение стоит отметить ещё одну преграду: даже самые агрессивные акулы не рискнут пересечь Босфор, где корабли движутся словно океанский ураган. Однако в этих же водах обитают небольшие акульи породы — катран и кошачья акула. Они выглядят как настоящие хищники лишь отчасти, не представляя опасности для людей.'",45.0
61,61,"'Осенью 1916 года в календаре государства появилась новая строка – строительство Великого Северного пути стало частью железнодорожной мозаики страны, ожидаемой долгими зимними вечерами и расписанных с невероятным энтузиазмом в планах на будущее. Однако вскоре события приняли поворотный характер, как камни, скатывающиеся по горной тропе, несущие за собой цепь последующих исторических тектонических сдвигов. В течение столетия проект стал притчей во языцех, пятикратно возрождаясь и умирая под разными небесами власти и экономики.\n\nПервая попытка: начало 1920-х годов – время новой надежды и старых проблем. Новый курс правительства решил взглянуть на проект свежим взглядом, осознавая его значимость для северного магистрального прохода страны. Однако безденежье стояло стеной, и в стране началась поисковая кампания за иностранной добротой – капиталистический гуманизм был нужен как воздух. Специалисты предложили заморозить проект для глубокого анализа ситуации, но экономическое состояние страны было настолько тяжелым, что решение пришлось отложить.\n\nВторая попытка: 1930-е годы – время железа и крови. Строительство решили осуществлять силами своих людей, открывая дорогу в восточных районах будущей магистрали, что послужило началом строительства Байкало-Амурской железнодорожной магистрали. Рабочим предстояло преодолеть невероятные препятствия в лесах, где каждый шаг был испытанием на прочность. В течение нескольких лет путей стало сотни километров благодаря самоотверженности людей, но в 1941 году рельсы пришлось убрать и отправить на переработку, чтобы они стали частью оборонного щита страны на Волге под Сталинградом.\n\nТретья попытка: середина прохладного века – 1950-е годы. Проект Трансполярной железной дороги от Салехарда до Игарки был призван пройти через земли с суровыми условиями, где техника не могла преодолеть вечную мерзлоту и болота становились непреодолимым препятствием. В результате проект оказался на ладони брошенного камня.\n\nЧетвертая попытка: 1970-е годы – время новых технологий и героических людей. Байкало-Амурская магистраль была признана важнейшей стройкой десятилетия, демонстрируя мастерство инженеров и трудолюбие строителей восточной части трассы. Западная же часть Великого Северного пути так и осталась мечтой.\n\nПятая попытка: наши дни – время сомнений и реалий. К концу 2025 года специалисты представили отчет, в котором стоимость проекта составила немалые пятьдесят триллионов рублей, что в современных экономических условиях стало камнем преткновения. Реализация Великого Северного пути признана несвоевременной, как и многие другие амбициозные проекты, утопающие в море бюрократии и сложных экономических реалий.'",45.1
62,62,"'В столице обнаружили новый способ похищения средств через банкоматы, поведала потерпевшая Мария Беликова агентству «Общественная служба новостей» — словно из теней всплыл таинственный метод, который заставил её сердце забиться чаще и кровь застыть в жилах.\n\nПри посещении офиса Сбербанка Мария воспользовалась своей бесконтактной картой Visa Gold. В соответствии с установленным порядком, банкомат запросил у неё PIN-код, после чего автоматически списал сумму в размере 5000 рублей на мобильный счет оператора «Билайн», принадлежащий неизвестному лицу — словно магический портал открыл дорогу для непрошенного гостя. Потерпевшая не отправляла запрос и подтверждение транзакции, но об этом стало известно по СМС-сообщению из темных глубин мира цифровых технологий.\n\nПосле обращения в банк Мария узнала, что списание средств произошло через функционал Сбербанк Онлайн на банкомате. Все её банковские карты были незамедлительно заблокированы и заменены новыми — словно двери закрылись перед преследователями, а новые ключи были вручены защищенной владелице.\n\nЖенщина немедленно связалась с горячей линией компании «Билайн». После проверки стало очевидно, что деньги со счета исчезли мгновенно — словно испарившись в воздухе. Возврат средств оператор связи не гарантирует.\n\nПо словам Марии, коварство лежит на Сбербанке и его банкомате с бесконтактной оплатой. Мошенник заранее начал процедуру, заполнив необходимые поля со счетом жертвы, но не завершил её — словно поставив капкан для невиновного пользователя. Затем оборудование продолжало находиться в активном режиме, принимая карту и PIN-код Марии и завершая начатую злоумышленником транзакцию.\n\nЖенщина уверена, что имело место попытка проникновения в систему банкомата Сбербанка из-за аппаратной ошибки. Несмотря на скептическое отношение со стороны полиции, Мария подала жалобу в Сбербанк — словно бросив вызов тьме и неизвестности.\n\nК удивлению заявителя, сотрудники банка оперативно вернули похищенные средства и проявили сочувствие и повышенное внимание. Однако полиция отказала в возбуждении уголовного дела из-за отсутствия признаков преступления — словно закрыв дверь перед лицом справедливости.\n\nСотрудники банка посоветовали Марии, чтобы в будущем она каждый раз сначала нажимала клавишу отмены на банкомате, чтобы предотвратить подобные инциденты — словно предлагая ей магический амулет для защиты.\n\nПресс-служба Сбербанка напомнила о необходимости немедленного уведомления службы безопасности при обнаружении факта несанкционированного списания средств, блокировки карт и счетов, а также подачи письменной жалобы в офис банка и полицию — словно разрабатывая стратегию для борьбы со злом.'",45.0
63,63,"'В наши дни витает туман из бесконечного потока информации, за которым прячется более серьезная проблема — нехватка смысла в словах о цифровизации и утраты глубины понимания. Обсуждение данной темы часто превращается в пустые разговоры, наполненные громкими, но бессодержательными заявлениями, служащими лишь для поддержки финансовых потоков и не решая настоящих проблем. И все же, на самом деле суть вопроса кроется глубже: культура общения между людьми ослабла до такой степени, что молодежь растет в эпоху беспринципного ценностного диссонанса, где уважение к старшим и специалистам заменено на золотой стандарт финансового успеха. В таких условиях система школьного образования похожа на корабль без рулевого, теряющий курс в океане знаний и воспитания молодых умов. Руководители образовательных учреждений оказались во власти бури из противоречивых требований: с одной стороны — жестокая реальность школьной жизни, требующая действий здесь и сейчас, а с другой — бюрократические предписания сверху, далекие от земли и нужд детей. Такое положение дел разрывает их души на части, вызывая внутренний шторм конфликтов между личным пониманием ответственности и внешним давлением, что ведет к усталости и ощущению потери ориентиров. Эксперты и исследователи часто сталкиваются с невозможностью нахождения пути для совмещения противоположных функций.'",42.0
64,64,"'Переплетая радужные вести с любимым листом печати, поднимаю бокал за долгие годы самоотверженного служения бесдомному зверинцу моей планеты. Сегодня моя рука нервно дрожит от волнения, ведь стены газетной уютной каюты стали свидетелями той радуги надежды, что расцветает ярче с каждым днём. Благодаря страницам «Новороссийского рабочего», моя история волонтёрства облетела умы и сердца тех, кто готов протянуть руку помощи.\n\nВ гостях на светлых страницах я поведала свою правду о служении бездомным созданиям природы. Здесь же нашла ключ к душам тех, кто неравнодушен и стремится поддержать меня в моей благородной миссии. Так, акция «Макулатура — пища для зверьков», как горячий снег на голову, обрушилась на школьные тусовки. Вместе со старыми журналами и книгами в корзину благотворительности попадают знания о ценности вторичных ресурсов.\n\nАртистично выстроив «Марафон инициатив», депутат А.Н. Карапенко раскрыл двери для новой главы нашего сотрудничества с юными патриотами страны. В школьных амбразурах разместятся специальные баки, собирать в которые будут пластиковые обломки жизни — они отправятся на переработку, а деньги уйдут на сытость и здравие наших подопечных.\n\nЭто стало новым штрихом в портрете нашей деятельности. Я сама познала много нового: не вся пластмасса — благотворительный трофей. А школьники же, как младшие чародеи, постигают заклинания переработки и увлеченно берутся за дела.\n\nКогда я заметила первого классника, строго объясняющего старшему товарищу о правилах сбора бумаги — «чтобы прокормить голодающих зверьков» — стало очевидно: дети растут ответственными и заботливыми.\n\nЧасто задают вопрос, сколько бытового мусора потребуется для покупки корма. Один кубометр бумаги приносит около 4500 рублей — это как небольшой дождь над бездомным зверинцем. Килограмм корма стоит 550 рублей, а на полноценное питание всех животных уходит около 15 кг корма в день.\n\nТак что впереди ещё много работы по сбору средств для нашего бесдомному зверинцу. Но даже небольшие шаги становятся большой помощью.'",42.0
65,65,"'Руководители сетей компаний жалуются на холодную стойку молодёжи к рабочим будням. Владелица магазина корейского ухода Татьяна Вакарчук в своих сетях пожаловалась, что студенты приходят с написанными условиями труда: от желаемого графика до бонусов и скидок на продукцию. Однако такие поощрения не склеивают их к работе; они могут подать рабочий день в полудреме или пропасть без объяснений, словно паруса ночного тумана унесло их в море неразберихи и неведомых путей.\n\nЮные работники предпочитают ковры из перьев комфорта и дела интересные для них самих. Начало светового дня, долгое пребывание в торговом корабле с общениями с пассажирами и продажами товаров — всё это вызывает у них глубокую скуку подобно дождливому воскресенью без планов. Им по большей части достаточно заработка, чтобы покрыть основные расходы на еду; будущее для них — пустой стакан, который они не спешат наполнить.\n\nУправляющий сетью кафетериев Вадим Терехов тоже видит упадок в интересе к профессиям среди современной молодёжи. По его словам, годы назад студенческие помощники были главным резервом для работы в ресторанах; сейчас же это занятие досталось старшему поколению, которые трудятся как будто под шквалом пронизывающего ветра.\n\nМолодёжь по мнению Терехова, выглядит недостаточно надежной и профессионально подготовленной. Почти каждый месяц студенты-официанты прекращают свои смены без предупреждения или отмахиваются от звонков как от надоедливых мух. Ранее же, пять лет назад, ситуация была иной: молодые сотрудники были стабильны и ответственны, получая хороший доход за счёт прямой зависимости зарплаты от их труда.\n\nТерехов утверждает, что большинство современной молодёжи удовлетворяется малым, предпочитая избегать трудностей ради больших денег. Например, опытный официант старшего возраста берётся за обслуживание большего количества столов с пониманием прямой зависимости дохода от напряжения труда; молодому же сотруднику важнее свобода и лёгкая работа.\n\nПо мнению управляющего, изменить отношение молодежи возможно только через порог критического состояния, когда нехватка денег заставит их отказаться от собственных капризов и принять необходимость подчинения требованиям работодателя. Лишь тогда человек может перестать мечтать о высадке на Марсе и согласиться с реальностью, в которой каждый камень на пути — это шанс или преграда.'",45.0
66,66,"'Министерство транспорта приоткрыло завесу над новыми правилами для пассажиров метрополитена, где детские коляски отправляются в долгий путь по подземному царству. Документ вышел на свет 19 апреля и теперь превратился в путеводную звезду для всех поездов под землей.\n\nЭтот законодательный свиток наметил новую дорогу: детские коляски больше не смогут тесно общаться с туннелями метрополитена, профессиональные камеры и устройства для фотосъемки — лишь на пороге. Также гласит закон, что места для отдыха внутри вагонов станут священной землей только для тех, кто несет ношу старости или маленькой жизни.\n\nЗаконодательное предложение также запрещает взаимодействие с оборудованием связи и использование беспилотных летательных аппаратов в подземных пространствах, как если бы эти места были святой землей для тех, кто придерживается установленного порядка.\n\nВозможно, самое важное новшество — предоставление уступки тем, кто стоит на пороге старости или жизни маленькой души. Теперь это не просто мольба сердца, а строгое требование закона.\n\nСоветниками железных троп подземного царства сообщают, что этот акт вступит в силу с 30 декабря 2018 года после того, как Федеральный закон № 442-ФЗ «О внеуличном транспорте и внесении изменений в отдельные законодательные акты Российской Федерации» обретет плоть и кровь.'",45.0
67,67,"'Мем, который обернулся всемирным феноменом среди отрочества, окутан тайной и несёт в себе лишь химерические намёки на смысл. Он родился в песне Skrilla «Doot Doot (6 7)», где числовые символы служат для создания ритмичного колорита. Вторая версия гласит, что это связано с ростом баскетболиста Ламело Болла — высокий молодой человек в пантеоне спортивных звёзд. Мем запечатлелся в сердцах юношества благодаря уникальной мимике, когда руки то поднимаются, то опускаются, как пригнувшиеся колеблемые волнами листья деревьев. В 2025 году Dictionary.com признало «six-seven» одним из самых актуальных терминов года, но толкователи словаря не смогли привести ясные объяснения его значения. Этот мифический термин стал воплощением бессмысленности и загадочности, вызывая у чужаков головокружение, но для молодёжи он служит лозунгом единства и принадлежности к определённой культуре. Он словно призма преломляет свет коллективного осознания, заявляя: «Я вхожу в ряды нашей коммунити, я понимаю её кодекс». Именно такая связь между молодёжью и мемом вызывает недовольство среди педагогических кругов по всему миру. Учителя из Соединённых Штатов рассказывают, что любая числовая комбинация с шестью или семью провоцирует в школьниках бурные эмоции, превращающие учёбу в хаотическую рифму и танец рук. В России ситуация усугубилась, когда мем перешёл из онлайн-пространства в реальную жизнь с нежелательными последствиями для общественного порядка. Например, в Саратове молодые люди начали беспокоить жителей домов под номером 67, звоня в домофоны и выкрикивая «шесть-семь», а затем быстро исчезая, записывая реакции обитателей на видео. Активисты Лиги безопасного интернета уже высказались по поводу этой проблемы, и чиновники образования Перми провели разъяснительные беседы с учащимися относительно таких шуток.'",45.0
68,68,"'В канун новогодней ночи 2023 года светская суета завершилась необычным донесением из Кремля: Владимир Путин, в роли повелителя государственных финансов, предложил распаковать запасы Фонда национального благосостояния и направить их на финансирование льготного лизинга воздушных и водных судов. Воздушный проект под громким названием ""Расцвет крыла"" должен был раскрыть свои перышки до 2030 года, предполагая совместное финансирование доставок на рынок более четырёхсот пятидесяти самолётов и четырехсот шестидесяти вертолётов. Такое заявление раздали представители ""Ростеха"", явно готовые к сложному полёту в небе российской экономики.\n\nВ этом году из Фонда национального благосостояния было выделено приблизительно триста миллиардов рублей, что позволило закупить сто шестьдесят два воздушных аппарата для таких авиакомпаний как ""Аэрофлот"", S7, ""Уральские авиалинии"" и ""Аврора"". ""Аэрофлоту"", который выглядит в этом контексте как божественный ангел-хранитель небесного пути, досталось самое большое количество средств — около двухсот пятидесяти миллиардов рублей для покупки авиационных аппаратов иностранных марок.\n\nКроме того, Фонд национального благосостояния предоставил некоммерческому лизинговому центру сумму в 1,5% годовых за пятнадцать лет. ""Аэрофлот"" получил воздушные суда от НЛК в оперативный лизинг, а частные перевозчики получили их в финансовую арендную форму (после окончания договора техника переходит к ним полностью). Долги компании ""Аэрофлот"" по этим обязательствам будут покрываться за счёт прибылей, но стоит помнить: в 2023 году чистая прибыль составила всего семь миллиардов двести семьдесят четыре миллиона рублей, тогда как годом ранее она была отрицательной — минус сорок девять миллиардов девятьсот сорок три миллиона. Таким образом, самостоятельно покрыть лизинговые обязательства компания вряд ли сможет.\n\nКонечно же, ситуация выглядит ещё более печально: коммерческие и административные расходы ""Аэрофлота"" практически равны доходам компании и составляют соответственно шесть миллиардов четыреста тридцать восемь миллионов рублей и десять миллиардов пятьсот девяносто два миллиона рублей. Компания утверждает, что основное сокращение коммерческих расходов на сумму пяти миллиардов девятисот шести миллионов рублей было достигнуто благодаря внедрению отечественной системы бронирования ""Леонардо"", но это не избавляет её от необходимости контролировать затраты.\n\nОстаются вопросы, связанные с целесообразностью выделения государственных средств частным авиакомпаниям. Закупка миллиардов рублей зарубежного оборудования оказывает поддержку экономикам стран, к которым у России нет дружественного настроя. С получением госсубсидий российские авиаперевозчики в скором времени могут увеличить стоимость билетов для пассажиров.'",45.0
69,69,"'Многие люди полны решимости стать финансово независимыми, вкладывая свои сбережения в банки ради процентов от вложений, но эксперты предостерегают: заработанный капитал постепенно тает из-за налогов и инфляции. Так что кажется разумным оставить работу и перекинуть значительную сумму на депозит. Однако расчеты специалистов Сбербанка и Т-Банка показывают, что для обеспечения среднего уровня дохода страны необходим вклад от 13 до 18,9 миллионов рублей, в зависимости от конкретных условий размещения средств. Тем не менее, человек склонен считать банковские депозиты надежной защитой от экономических рисков, однако это мнение ошибочно — реальная стоимость накопленного капитала может уменьшиться без регулярного инвестирования прибыли. Суть проблемы для российских рантье не в размере процентных ставок, а в их соотношении с уровнем инфляции: если использовать всю полученную прибыль, покупательская способность средств постепенно снижается. Например, при ставке 10% годовых и инфляции 5%, реальная доходность составит всего 5%, а использование всей прибыли приведет к ежегодной утрате 5% накоплений — через десять лет такой стратегии покупка товаров обойдется вдвое дороже, и идея комфортного существования превратится в путь к снижению жизненного уровня. К тому же помимо инфляции существуют дополнительные препятствия для сохранения капитала: необходимость уплаты налога и риск потери лицензии банком. С 2026 года доходы по вкладам, превышающие 160 тысяч рублей, подлежат налогообложению по ставке от 13 до 15%, а условия страхования банковских вкладов ограничиваются возмещением максимум 1,4 миллиона рублей, что делает размещение значительных сумм менее безопасным. Поэтому для защиты больших капиталов требуется распределить средства между множеством финансовых учреждений, усложняя управление финансовыми средствами. Из-за этого специалисты советуют рассмотреть различные инвестиционные инструменты помимо банковских депозитов: облигации, недвижимость и ценные бумаги, учитывая текущие рыночные условия.'",39.0
70,70,"'Журналистка с журнала «Новороссийский рабочий» копалась в предложениях работы на одном из широко известных онлайн-ресурсов. Встречаются места под официантов для злачных заведений, ресторанов и банного комплекса; работодатели обещают платить от 3 до 4 тысяч рублей за каждую смену, что превращается в ежемесячные доходы от пятидесяти до шестидесяти пяти тысяч рублей. Повар-мангальщик в легендарном ресторане может рассчитывать на вознаграждение в 5200 рублей за смену, а для быстрого питания требуется сотрудник для приготовления блюд под строгим контролем стандартов компании, принятия заказов и выдачи готовой продукции; минимальная зарплата составляет восемьдесят тысяч рублей ежемесячно. Повар-универсал сможет получить от семидесяти пяти тысяч рублей в месяц и бесплатное жильё к тому же. В Широкой Балке на отдыховом комплексе требуют горничную для уборки номеров, беседок и территории вокруг бассейна; работа предполагает бесплатное питание и жильё, а зарплата — три тысячи пятьсот рублей за день. Горничная согласившаяся трудиться вахтовым методом на Абрау-Дюрсо будет получать до четырех тысяч рублей ежедневно с бесплатным проживанием и питанием. В мини-отеле требуют администратора с мая по сентябрь, зарплата которого должна быть от восьмидесяти тысяч рублей за месяц; та же гостиница ищет горничную на сумму от шестидесяти тысяч рублей ежемесячно. В ресторанах общественного питания, санаториях и гостиницах Широкой Балке, Мысхако и Абрау-Дюрсо есть места для горничных, поваров, официантов, посудомоек и уборщиков; к летнему сезону ожидается увеличение числа предложений.'",42.0
71,71,"'На текущей неделе город Астрахань оказался в плену множества проблем, от которых его жители не могут избавиться. Олег Князев, глава регионального кабинета министров и ответственный за решение этих трудностей, решил ненадолго покинуть городские сумерки и отправился в уютное место, где ему удалось найти заслуженный приют от напрасных тревог. Это событие привлекло внимание Александра Алымова, местного журналиста, который уже давно наблюдает за жизнью города с непредвзятой наблюдательностью.\n\nАлександр заметил, что в Астрахани накопилось множество вопросов без ответа. Сейчас эти проблемы обострились до такой степени, что стали причиной серьезных трудностей для местного населения. В своем Telegram-канале он отметил, что фермеры столкнулись с большими сложностями, но министр сельского хозяйства Пашаев предпочитает не замечать голоса тех, кто живет на земле. Жители Астрахани восприняли проведенный эксперимент с выделенными полосами для общественного транспорта как удар по их привычному образу жизни и высказывают недовольство изменениями, вызвавшими у них раздражение. Чиновники остаются глухи к протестам горожан.\n\nВ селе Володарского района люди испытывают нехватку воды особенно в период летнего зноя. Эти трудности лишь малая часть проблемы, которая требует немедленного внимания и действий.\n\nРешение указанных вопросов лежит на плечах главы регионального правительства, которому подчинены соответствующие министры. Однако сам руководитель кабинета министров отсутствует: куда именно он отправился, остается загадкой. Александр Алымов подчеркивает, что местное руководство фактически игнорирует насущные вопросы и создалось впечатление, будто председатель сознательно решил отложить решение важных проблем и спокойно отправился на отдых.\n\n«Кажется очевидным, что сейчас необходимо проявить активность и найти способы решения ситуации, предложить населению конструктивные меры. Что делает наш председатель правительства Князев? Сегодня он находится в отпуске. Ушел в отпуск с начала недели. Такое поведение в условиях, когда требуется немедленная реакция для улучшения обстановки, является весьма показательным», — подчеркнул Александр Алымов.'",42.0
72,72,"'Цены на астраханский золотой дар продолжают взлетать в небеса. Неделю назад они поднялись еще на два процента, сообщили из местного казначейства статистических данных. Средняя цена десятка яиц теперь составляет семьдесят девять рублей пятидесяти пяти копеек, а в некоторых лавках даже выше — словно золотые монеты. Причина подобного взлета остается тайной для многих, несмотря на то, что город сокрыт от взоров множеством птицеферм. Такая ситуация напоминает ноябрь 2013 года: тогда оптовые цены на яйца взмыли до небес на сто шестнадцать процентов, а розничные — на сто двадцать пять, по данным министерства региональной экономики. Тогда губернатор Астраханской области Александр Жилкин требовал от производителей и продавцов умерить аппетиты своих ценников под страхом административного наказания. Им пришлось прислушаться к его звонким словам, чтобы сохранить свои места в местном панtheonе бизнеса. Для достижения желаемого эффекта были использованы методы воздействия. В деталях этого эпизода ранее рассказывал портал Astrakhanpost.ru. Между тем, обратимся к текущему положению дел: за прошедшую неделю также подорожали некоторые другие продукты питания — помидоры (на три с половиной процента), бананы (на три с двумя). В то же время лук, капуста, морковь, яблоки и картофель стали чуть доступнее по цене.'",45.0
73,73,"""Диагностика редких болезней — это сущий ад для врачей, требующий неимоверных усилий и времени. По свидетельству специалистов из Стэнфордского университета, постановка точного диагноза на основании совокупности симптомов и генетического портрета пациента занимает не менее 20–40 часов работы опытных медиков. Врачам приходится изучать сотни подозрительных генетических вариаций, выискивать причины болезни среди научных трактатов и отказываться от предположений, если они не сбываются. Это настоящий квест на територии медицины, где каждая ошибка дорого обходится пациентам и врачам одинаково.\n\nВот и появился Frank — герой нашего времени, созданный Джилл Бежерано. Сокращает он затраты времени до уровня крошки от шоколадного пироженого, оставляя основную работу профессионалам, но уже без лишнего напряжения. Эта программа сравнивает клинические данные и генетические метки пациента с обширной базой медицинских трудов, выдавая врачам перечень редких наследственных заболеваний в виде упорядоченной карты приключений. Благодаря этому специалисты получают конкретную информацию и могут приступать к дальнейшему исследованию с уверенностью.\n\nКлючевая особенность Frank — это использование реальных клинических данных, что значительно повышает его эффективность. В ходе тестирования новый алгоритм нашел предполагаемую патологию на четвертом месте списка, тогда как устаревший метод вывел ее лишь на тридцать третьем. Это разительное преимущество подчеркивает значимость инновационных подходов в диагностике.\n\nКроме того, Frank способен раскрывать новые заболевания, неизвестные ранее в человеческой практике, но имевшиеся в публикациях по экспериментам на животных. По словам Джилл Бежерано, некоторые болезни могли пройти мимо внимания врачей, так как их не было документально зафиксировано у людей, однако они известны из опытов с лабораторными животными.\n\nНесмотря на все преимущества и потенциал Frank'а, Джилл подчеркнул, что ни одна технология не сможет полностью заменить опыт и профессионализм врача. Однако инновационные решения существенно повышают продуктивность их труда, делая медицинскую помощь более доступной и эффективной.""",45.0
74,74,"'Неповторимая форма странного небесного путника, его стремительное каруселирование и химическая природа вызывают у учёных острый интерес: ведь это первый случай исследования вещества, которое прибыло из бескрайних просторов космоса. Среди всех астероидов, известных человечеству, именно Оумуамуа притягивает внимание умы астрономов с неизбывной силой. Исследование этого объекта откроет дверь в познание его происхождения и свойств космического пространства, через которое он скользил миллионы лет перед тем, как появиться у нас на пороге Солнечной системы. И хотя люди уже отправляли аппараты к кометам и астероидам, с Оумуамуа задача становится ещё более дерзкой: ведь догнать его будет под силу лишь самым смелым проектам человечества. Именно такой целью стояла перед собой группа ученых и инженеров, предложивших проект «Лира» — чудо техники, способное преодолеть невиданные трудности.\n\nТолько что завершилась сложнейшая экспедиция к комете Чурюмова-Герасименко. Учёные сумели рассчитать траекторию полета и точку встречи, несмотря на то, что объект двигался в окружении Солнца. Но Оумуамуа требует новых решений: догнать его будет столь же сложно, как поймать ускользнувшую из рук бабочку. Видимая скорость астероида достигает невероятных 26 километров в секунду — это гораздо быстрее того, что когда-либо смогли достичь искусственные аппараты.\n\nМиссия Rosetta длилась около десяти лет до встречи с кометой Чурюмова-Герасименко, а Juno отправилась к Юпитеру пять лет назад. «Вояджер-1», самый быстрый из созданных человеком аппаратов, движется всего лишь со скоростью 16,6 километра в секунду — и даже это несравнимо с Оумуамуа.'",42.0
75,75,"'В апрельские первые десять дней две тысячи двадцать шестого года Россия бросила в кузов своих экспортных грузовиков горы зерна, несмотря на то, что число стран-закупщиков уменьшилось. По данным Российского зернового союза, прежде в этот период зерно отправляли четырнадцати государствам, а теперь лишь одиннадцати. Однако объемы вывоза возросли: с первых по десятые апреля текущего года было отпущено свыше одного миллиона одной сотни тысяч тонн пшеницы — это на целый четверти больше показателя аналогичного периода прошлого года. Общий объем экспорта всех ключевых зерновых культур увеличился в полтора раза и составил примерно один миллион двухсот тысяч тонн, как сказали бы у рыбаков — это был настоящий лосось на сковородке для нашего рынка экспортного зерна. Эксперты отметили заметное усиление поставок в ключевых партнерах: поставка пшеницы в Египет выросла более чем в четыре раза до 172 тысяч тонн, а в Турцию — почти в полтора раза до 146,5 тысяч тонн. В Кению также наблюдался скачок отгрузки зерна примерно в четыре раза. Как передает информационное агентство «Интерфакс», Индия наметила продолжать покупку российской нефти независимо от решений Соединенных Штатов по продлению санкционных мер, ибо 11 апреля заканчивается тридцатидневный период ослабления американских ограничительных мер для российской нефти. Пора считать каждый грузовик, ведь зерно и нефть — это сердце экономики.'",45.0
76,76,"'Сигнал о конфликте проклюнулся за пару дней до рейса в Милан. В бурной дискуссии комментаторы стали размахивать флагами заговора против нашего соотечественника («ведь раньше он тоже отбивался под ту же мелодию, и ни один из предшествующих случаев не вызвал резонанс»). Однако чтобы оценить происходящее без лишней пены на поверхности, требуется обратиться к букве закона в сфере спорта и управления его деятельностью — без устали переступать порог эмоций и сохранять холодный расчет при рассмотрении ситуации с точки зрения действующих нормативов и регламентов в области авторского права и интеллектуальной собственности, а не поддаваться на попытки рационализировать происходящее как проявление какой-то скрытой силы или внешнего давления. Это все равно что прыгать в озеро с закрытыми глазами и надеяться, что морские звезды помогут тебе добраться до другого берега без ушибов — опасная игра на поле неопределенности и риск изрядного числа головокружительных пертурбаций. Вопрос использования музыки в спортивных выступлениях, особенно под международной лупой видеотрансляций, требует тщательной юридической проработки и согласования с правообладателями — это не просто условие, а строгое правило игры. Спортсмены высшего класса учатся на примерах прошлых поколений: если кто-то игнорирует процедуру получения лицензии или оптимистически рассчитывает на то, что правообладатели не заметят их незаконное использование произведений искусства, это может привести к внезапному прорыву в панцире юридических норм и последующим тяжелым санкциями со стороны спортивных федераций или международных арбитражей. В данном случае анализ показывает, что источник проблемы не следует искать за пределами команды — это внутренние просчеты в организации подготовки и недостаток профессионального подхода к разрешению юридических вопросов на уровне самого коллектива. Команда спортсмена такого уровня состоит из специалистов во всех областях, включая юристов, которые отслеживают соблюдение правовых норм и обеспечивают должный уровень подготовки к соревнованиям — без их участия риск возникновения подобных конфликтов неизбежен. Игнорировать этот факт или строить надежды на случайное благоприятное стечение обстоятельств значит идти по пути наименьшего сопротивления, который ведет к непредвиденным осложнениям. Надеяться на милость правообладателей или рассчитывать на удачу — это рискованная стратегия, которая может обернуться для спортсмена необходимостью экстренно адаптировать программу под новые условия в самые напряженные моменты подготовки. В этом ключе, решение вопросов авторского права должно быть предусмотренным и тщательно спланированным этапом подготовки к соревнованиям — без него успех может оказаться миражем на горизонте.'",50.0
77,77,"'В дебрях биологической лаборатории скрыта история о двойнике древнейших обитателей земли. Наша героиня, изящная мышь с косматыми гривами, на фоне своих молочных собратьев выглядит как будто сошедшая с палеонтологической страницы истории. Сверкающая рыжими бликами шерсть и вихри нежных волос словно переносят нас в эпоху ледникового периода, когда исполинские мамонты ступали по земле с величественной грацией. Но эта необычная мышь — плод современных научных изысканий и инновационных технологий, а не простой перенос генов предков в наше время, как можно было бы подумать. Профессор Шапиро с уверенностью утверждает: «Мы нашли ключевые гены мамонтов, которые совпадают по структуре и функции с мышиными, что позволило нам достичь желаемого образа животного». Идеальный эксперимент для проверки метода множественного редактирования — десять целевых генов были изменены в одночасье, открывая новые горизонты в области биологии. Отрицательных последствий не наблюдалось; напротив, результаты вызвали улыбку на лицах исследователей. Особенно заметны изменения в мышах с семью модифицированными участками генома — их шерсть стала невероятно густой и пушистой. Один из этих экспериментов превратил обычную лабораторную мышь в королеву звериного мира, с волосами длиной до трёх раз длиннее своих собратьев. Это стало возможным благодаря изменению цикла роста волос через подавление активности гена фактора роста фибробластов 5 (FGF5), а также благодаря модификациям в функциях генов FAM83G, FZD6 или TGM3. Эти изменения привели к образованию плотной структуры шерсти и появлению завитков на усиках мышей — настоящий пример мастерства современной биотехнологии. Эксперимент был не просто попыткой воспроизвести давно исчезнувший вид, а скорее стремлением создать организм с признаками их предков. Воссоздание полностью идентичного существа по генетическому коду и поведению было недостижимой целью изначально. Но всё же ученые добились того, что животные обрели внешний вид древних предшественников без вреда для здоровья. Генеральный директор компании Colossal Бен Ламм радостно сообщил: «Эксперимент не только прошел успешно, но и привёл к удивительным результатам — животные стали невероятно красивыми».'",42.0
78,78,"'Научные светила открыли новый путь для исследования глубинных тайн Земли, применив сейсмические колебания как ключ к верхним слоям мантии. С их помощью были обнаружены следы природного богатства в виде гигантского океана алмазов, затаившегося под земной корой на глубинах свыше 160 километров, с весовой массой, которая переваливает за рубежину квадриллиона тонн — цифра, от которой дух захватывает и мозг начинает вертеться в раздумьях о бескрайних возможностях планеты под нашими ногами.\n\nСейсмометры — глаза ученых на земной коре — фиксируют танец колебаний внутри нашей планеты, будто слушая её сердце и следя за каждым его биением. В зависимости от свойств среды, эти волны несут свои скоростные секреты, раскрывая перед нами карту внутренних потайных комнат Земли.\n\nВ процессе своего исследовательского пути учёные заметили странности, которые заставляют задуматься о том, что есть на самом деле внутри нас. Они столкнулись с областями, где скорость сейсмических волн резко возрастает, будто прорвав плотину непонятных причин — такие места названы «корнями древних платформ». Эти структуры, словно старые мудрецы среди горных пород, уходят вглубь на расстояние до 320 километров.\n\nЧтобы объяснить эти загадочные явления, исследователи предположили состав этих древних структур. Они считают, что если содержание алмазов составляет от одного до двух процентов в этих мантийных районах, скорость сейсмических волн становится понятной как ключ к погребённым тайнам.\n\nХотя такое количество может казаться каплей в океане по сравнению с общей массой земли, его размеры относительно общепринятых оценок делают его гигантской горой незримого богатства — примерно в тысячу раз больше того, что мы раньше считали возможным.\n'",43.0
79,79,"'Великое кино обрело крылья благодаря волшебному устройству, способному зафиксировать и оживить движение предметов перед камерой. Братья Люмьер дали жизнь этому чуду техники, нарекая его «кинематографом». Их изобретение открыло новую эру кинопроизводства и породило первые киносеансы, где зрители могли утонуть в красках экрана и превратить этот феномен в искусство, развлечение и прибыльный бизнес. \n\nОднако стоит сказать, что Люмьеры не были единственные мечтатели, трудившиеся над созданием подобных чудес техники. Иные изобретатели тоже пробовали свои силы, но именно аппарат братьев Люмьер обрел широкую известность и завоевал сердца зрителей после своих первых демонстраций.\n\nПервый платный сеанс состоялся 28 декабря 1895 года в Париже, став датой перелома в истории киноиндустрии. Однако стоит отметить, что демонстрации подобных устройств уже случались раньше на территории Соединенных Штатов и Германии. Но парижская премьера вызвала бурю эмоций среди публики: вместо рекламы они увидели короткие истории из обыденной жизни, такие как «Рабочие выходят с фабрики Люмьер», «Верховая езда», «Рыбалка» и другие. Эти ранние ленты были скорее ожившими фотографиями, созданными братьями Луи и Огюстом Люмьер. А знаменитый сегодня фильм «Прибытие поезда» был показан несколько позже, в начале весны 1896 года.'",40.0
80,80,"'В середине мая доллар потеряет свои позиции и обменится примерно на семьдесят-семьдесят четыре рубля, евро утвердятся в коридоре между восемьюдесятью тремя и восемьюдесятью шестью, а юань будет держаться на отметке десять пятьдесят – одиннадцать. Такие предсказания высказал аналитик Андрей Лобода в издании «Известия» — словно тенор оперы, выдающий свои прогнозы миру финансовых инструментов и валютных рынков России. Статус официального курса Центрального банка на шестнадцатое мая подтвердил эти слова: доллар равен семидесяти трём сорока рублям, евро — восемьдесят пять сорок, юань — десять семьдесят. А Московская биржа сообщила, что китайский юань стоит примерно десять шесть рублей на восемнадцатое мая — словно нота в музыкальной пьесе, завершающая фразу о текущей стоимости валюты и её тенденциях. Ключевой причиной стабильности рубля служит доход от продажи нефти на внешних рынках: по данным Центробанка, в апреле российские компании-экспортеры получили сверх обычного уровня более четырнадцати миллиардов долларов — это как укрепление стен древнего замка перед лицом неизвестных врагов. Благодаря строгим денежно-кредитным мерам, дополнительный приток капитала остаётся внутри страны, поддерживая интерес инвесторов к российским финансовым инструментам — словно природная защита леса от пожаров. Однако есть и те, кто мешает этому укреплению: увеличение валютных закупок предприятиями, рост импортных поставок летом и усиленный спрос на иностранную валюту, когда доллар снижается ниже семидесяти трёх рублей — словно ветер, который может сломать стены, даже если они крепки. В ближайшие дни курс доллара может снизиться до семидесяти рублей за единицу, но это возможно лишь при сохранении высоких цен на нефть и стабильности внешнеэкономической обстановки — словно небо, которое остаётся ясным, если нет туч. Но у эксперта есть предчувствие: потенциал укрепления рубля ограничен. Скорость глобальной инфляции и увеличивающийся спрос на надёжные финансовые инструменты указывают на возможное ослабление позиций рубля во втором полугодии — словно предчувствие осени в конце лета. Ранее стало известно, что курс доллара упал ниже семидесяти трёх рублей до семидесяти двух девяносто семь пять, достигнув минимума с девятнадцатого февраля две тысячи двадцать третьего года — словно отметка, которую можно видеть на горизонте, предупреждающая о приближении ночи.'",42.0
81,81,"'Россияне с осени принялись подстегивать свою мечту о солнечных берегах Турции. В феврале 2018 года порталы путеводителей уже предвещали, что ранние бронирования в сторону турецких золотых песков переплюнули внутренние маршруты. Май того же года ознаменовался словом от Российского союза туриндустрии: летом около трети российских путников направят свои стопы к пляжным городкам Анатолии, где каждый день поется песнь весны под звездами Млечного пути.\n\nЭксперты утверждают, что ключевую роль играют воздушные мосты. Короткие перелеты и близость аэропортов к райским уголкам — вот основа успеха: в каждом гнезде туристических заведений рядом с птицами воздуха уже готовы принять каждого путника.\n\nПо мнению специалистов, цена на утеху летом останется примерно такой же, как и год назад. Однако из-за высокого спроса качество услуг туристам должно заметно повыситься — это их обязательство перед пришедшими гостями.\n\nВ мае Роспотребнадзор преподнес миру донесение о проверке отелей на юге страны, где солнце играет с морем. Результаты оказались неутешительными: прошлогодние инфекционные вспышки среди отдыхающих — темный лебедь над миром курортов. Но после тщательного рассмотрения специалисты заявили, что отели Сиде, Белек и Антальи готовы встретить своих гостей: внедрены дополнительные меры безопасности, повышена квалификация персонала.\n\n«Введено строгое регулирование для обеспечения чистоты воды и продуктов питания. Поверхность бассейнов теперь под контролем, диагностика инфекций улучшена, проведена дополнительная работа эпидемиологического характера», — отметили представители Роспотребнадзора.\n\nХотя курорт предлагает всемирно признанную инфраструктуру и доступные цены, некоторые путники сетуют на то, что шум и гам могут помешать тем, кто предпочитает тишину и уединение. Но избегать главных достопримечательностей страны — это все равно что отказаться от винограда с ветки под луной.\n\nТакова природа этого летнего романа между Россией и Турцией: бесконечные песни о море, горы и звездное небо. Каждый из нас лишь гость на этих берегах, где солнце всегда улыбается.'",45.0
82,82,"'С июня 2024 года неприятный звон карманного счетчика грозит тем, кто не поменяет зимние шины на летние перед приходом тепла. С тех пор как серый дождливый сентябрь внес свои правила игры, светло-зелёные месяцы лета и начало осени становятся запретной зоной для обутых в зимнюю резину автомобилей весом до 3,5 тонн. Нарушившему устав дороги грозит строгий окрик со стороны закона по статье 12.5 КоАП РФ, который превратится в денежный штраф размером полтысячи рублей. Однако ловкий ход через портал госуслуг позволит сократить эту сумму наполовину, если расплачиваться в течение первых двух недель после нарушения. Исключение составляют лишь те, кто упрямо остаются верными шипованной зимней резине — без них остались бы невиновными. А вот нежные и липкие «липучки» все еще позволены, хотя их короткий жизненный цикл и скорая потрепанность говорят о том, что они уступают летним шинам в долголетии и прочности.\n\nНе менее неприятные новости для иностранцев и наших соотечественников с зарубежными правами: с июня следующего года им придется обменять свои документы на российские через год после прибытия в страну, или же рискнуть попасть под увесистый штраф в пятнадцать тысяч рублей. Для граждан нашей страны, чьи права истекают до конца 2024 или 2025 года, предусмотрен дополнительный срок использования их документов — целых три года. Водителям же с запятой за пьянство добавляется ещё один год без возможности получить новые права.\n\nСдача экзамена на права становится менее строга: теперь допустимое число ошибок увеличилось до семи, вместо прежних пяти. Каждому кандидату в водители теперь дарят компанию своего инструктора, который будет сидеть рядом и наблюдать за каждым их движением на заднем сидении автомобиля.'",42.0
83,83,"'Суть дела заключается в следующем: границы безопасного кофепития определяются концентрацией кофеина внутри зёрнышек, а не просто количеством пригубленных чашечек. В одном крохотном эспрессо таится около восьмидесяти-сто миллиграммов этого стимулирующего соединения, тогда как в капучино его содержание сходит на нет до семидесяти миллимг. Для любителей сверхкрепкого напитка советуют ограничиваться мерой не больше полстакана – это поможет остаться неповреждённым здоровьем.'",39.0
